{
  "mean_min": -0.03748655319213867,
  "mean_max": -0.002009881194680929,
  "std_mean": 0.015735706314444542,
  "std_max": 0.02828127332031727,
  "T": 10,
  "dropout_p": 0.2
}