step,time_s,instance,u_mag_max_mm,u_x_max_mm,u_y_max_mm,u_z_max_mm,v_mag_max_mm_s,s_mises_max_MPa
Step-Preload,0.0,ADAPTER,0.0,0.0,0.0,0.0,0.0,0.0
Step-Preload,0.0,Q1-CORE,0.0,0.0,0.0,0.0,0.0,0.0
Step-Preload,0.0,Q1-INNERSKIN,0.0,0.0,0.0,0.0,0.0,0.0
Step-Preload,0.0,Q1-OUTERSKIN,0.0,0.0,0.0,0.0,0.0,0.0
Step-Preload,0.0,Q2-CORE,0.0,0.0,0.0,0.0,0.0,0.0
Step-Preload,0.0,Q2-INNERSKIN,0.0,0.0,0.0,0.0,0.0,0.0
Step-Preload,0.0,Q2-OUTERSKIN,0.0,0.0,0.0,0.0,0.0,0.0
Step-Preload,0.00029999989783391356,ADAPTER,0.0,0.0,0.0,0.0,0.0,0.0
Step-Preload,0.00029999989783391356,Q1-CORE,2.939386831712909e-06,1.0387278e-12,-2.9393868e-06,8.220422e-13,0.0194991547614336,1.16064529720461e-05
Step-Preload,0.00029999989783391356,Q1-INNERSKIN,2.940099875559099e-06,3.0154646e-11,-2.9400999e-06,1.6683658e-11,0.01952395774424076,0.00016251546912826598
Step-Preload,0.00029999989783391356,Q1-OUTERSKIN,2.9394670946203405e-06,-5.4763534e-13,-2.939467e-06,5.944986e-13,0.01949223503470421,3.953145096602384e-06
Step-Preload,0.00029999989783391356,Q2-CORE,2.942738092315267e-06,8.8949365e-10,-2.942736e-06,-3.3158263e-09,0.01964416541159153,1.4695922345708823e-06
Step-Preload,0.00029999989783391356,Q2-INNERSKIN,2.944251036751666e-06,8.894742e-10,-2.944249e-06,-3.3101726e-09,0.01967102847993374,2.916455559898168e-05
Step-Preload,0.00029999989783391356,Q2-OUTERSKIN,2.9394695957307704e-06,-2.860332e-13,-2.9394696e-06,3.5176197e-13,0.019492246210575104,2.83224676422833e-06
Step-Preload,0.0005999997374601662,ADAPTER,0.0,0.0,0.0,0.0,0.0,0.0
Step-Preload,0.0005999997374601662,Q1-CORE,1.1647000974335242e-05,2.4255888e-09,-1.16469955e-05,1.1638935e-08,0.038854483515024185,2.4377062800340354e-05
Step-Preload,0.0005999997374601662,Q1-INNERSKIN,1.165215508081019e-05,2.4233324e-09,-1.1652149e-05,1.1650386e-08,0.03886594995856285,0.00035343956551514566
Step-Preload,0.0005999997374601662,Q1-OUTERSKIN,1.164320383395534e-05,3.4302972e-13,-1.1643204e-05,7.800297e-14,0.03841520473361015,7.808799273334444e-05
Step-Preload,0.0005999997374601662,Q2-CORE,1.1643008292594459e-05,-5.3987484e-13,-1.1643008e-05,4.5868566e-13,0.03879348188638687,9.060794354809332e-07
Step-Preload,0.0005999997374601662,Q2-INNERSKIN,1.1647925020952243e-05,5.366518e-10,-1.1647925e-05,-1.3124071e-10,0.03880712389945984,1.6314725144184195e-05
Step-Preload,0.0005999997374601662,Q2-OUTERSKIN,1.1643211109912954e-05,7.0734553e-13,-1.1643211e-05,4.5268956e-13,0.03841523081064224,1.0451191883475985e-05
Step-Preload,0.0007999996305443347,ADAPTER,0.0,0.0,0.0,0.0,0.0,0.0
Step-Preload,0.0007999996305443347,Q1-CORE,2.0566259991028346e-05,1.8909619e-08,-2.0566222e-05,3.440126e-08,0.05118238553404808,2.8085520170861855e-05
Step-Preload,0.0007999996305443347,Q1-INNERSKIN,2.0574052541633137e-05,1.8905224e-08,-2.0574014e-05,3.443298e-08,0.05164239928126335,0.00042874188511632383
Step-Preload,0.0007999996305443347,Q1-OUTERSKIN,2.0562441932270303e-05,-4.3471865e-14,-2.0562442e-05,3.315876e-14,0.05072474852204323,0.00017850147560238838
Step-Preload,0.0007999996305443347,Q2-CORE,2.056461016763933e-05,-2.7478766e-09,-2.056454e-05,5.381147e-08,0.05099444463849068,7.767436613903556e-07
Step-Preload,0.0007999996305443347,Q2-INNERSKIN,2.058025711448863e-05,4.4750433e-08,-2.0580197e-05,2.1293316e-08,0.05097522586584091,1.4475921489065513e-05
Step-Preload,0.0007999996305443347,Q2-OUTERSKIN,2.0562456484185532e-05,5.1650313e-13,-2.0562456e-05,1.1202841e-12,0.05071567744016647,1.4787158761464525e-05
Step-Preload,0.0010999994119629264,ADAPTER,0.0,0.0,0.0,0.0,0.0,0.0
Step-Preload,0.0010999994119629264,Q1-CORE,3.851326255244203e-05,-1.2529631e-07,-3.851306e-05,-5.882753e-09,0.06897415220737457,3.064287011511624e-05
Step-Preload,0.0010999994119629264,Q1-INNERSKIN,3.852288136840798e-05,-1.2529705e-07,-3.8522678e-05,-5.8771943e-09,0.06887070834636688,0.0005339299677871168
Step-Preload,0.0010999994119629264,Q1-OUTERSKIN,3.8492966268677264e-05,9.206538e-14,-3.8492966e-05,-4.3707895e-13,0.06876809895038605,0.0003326243022456765
Step-Preload,0.0010999994119629264,Q2-CORE,3.851426299661398e-05,1.2511488e-07,-3.851406e-05,9.216742e-09,0.0688706487417221,9.61945715971524e-07
Step-Preload,0.0010999994119629264,Q2-INNERSKIN,3.852385270874947e-05,1.2511308e-07,-3.852365e-05,9.216641e-09,0.06887853890657425,1.2801609045709483e-05
Step-Preload,0.0010999994119629264,Q2-OUTERSKIN,3.8492991734528914e-05,6.564783e-15,-3.849299e-05,3.5248963e-13,0.06878352910280228,1.5762876500957645e-05
Step-Preload,0.0013046989915892482,ADAPTER,0.0,0.0,0.0,0.0,0.0,0.0
Step-Preload,0.0013046989915892482,Q1-CORE,5.383064126363024e-05,-1.8308992e-07,-5.383033e-05,-8.964716e-09,0.08079543709754944,3.273906258982606e-05
Step-Preload,0.0013046989915892482,Q1-INNERSKIN,5.3840307373320684e-05,-1.8309153e-07,-5.3839995e-05,-8.945575e-09,0.0807928666472435,0.0005514029180631042
Step-Preload,0.0013046989915892482,Q1-OUTERSKIN,5.3790383390150964e-05,4.0247656e-11,-5.3790383e-05,6.590631e-11,0.08077608793973923,0.0004485342651605606
Step-Preload,0.0013046989915892482,Q2-CORE,5.38347740075551e-05,1.8242974e-07,-5.3834465e-05,5.513802e-10,0.0808119848370552,1.1981544503214536e-06
Step-Preload,0.0013046989915892482,Q2-INNERSKIN,5.384437463362701e-05,1.8242706e-07,-5.3844065e-05,5.34596e-10,0.08081258088350296,1.2895241525257006e-05
Step-Preload,0.0013046989915892482,Q2-OUTERSKIN,5.379039066610858e-05,5.1487408e-11,-5.379039e-05,-6.021469e-11,0.0807243213057518,1.4907490367477294e-05
Step-Preload,0.0015046987682580948,ADAPTER,0.0,0.0,0.0,0.0,0.0,0.0
Step-Preload,0.0015046987682580948,Q1-CORE,7.114256004570052e-05,-2.433684e-07,-7.1142145e-05,-1.7131823e-08,0.09236051142215729,4.414401701069437e-05
Step-Preload,0.0015046987682580948,Q1-INNERSKIN,7.115121115930378e-05,-2.4337723e-07,-7.115079e-05,-1.7120712e-08,0.09233010560274124,0.0006623456138186157
Step-Preload,0.0015046987682580948,Q1-OUTERSKIN,7.108046702342108e-05,2.1543127e-10,-7.108047e-05,1.6342451e-10,0.09220870584249496,0.0005356608889997005
Step-Preload,0.0015046987682580948,Q2-CORE,7.114771869964898e-05,2.421552e-07,-7.114731e-05,-1.09981215e-08,0.09237900376319885,1.03791114725027e-06
Step-Preload,0.0015046987682580948,Q2-INNERSKIN,7.115636253729463e-05,2.4215174e-07,-7.115595e-05,-1.0985058e-08,0.09237915277481079,1.7343731087748893e-05
Step-Preload,0.0015046987682580948,Q2-OUTERSKIN,7.108048885129392e-05,-1.6798841e-10,-7.108049e-05,2.172785e-10,0.09219815582036972,1.7947982996702194e-05
Step-Preload,0.001804698258638382,ADAPTER,0.0,0.0,0.0,0.0,0.0,0.0
Step-Preload,0.001804698258638382,Q1-CORE,0.00010134760668734089,-3.391012e-07,-0.00010134704,-2.5366985e-08,0.10937227308750153,5.8606350648915395e-05
Step-Preload,0.001804698258638382,Q1-INNERSKIN,0.00010135393677046522,-3.391072e-07,-0.00010135337,-2.5358029e-08,0.1091325432062149,0.0008093758951872587
Step-Preload,0.001804698258638382,Q1-OUTERSKIN,0.00010125751578016207,7.4637013e-10,-0.000101257516,5.619488e-10,0.10899481177330017,0.000647060398478061
Step-Preload,0.001804698258638382,Q2-CORE,0.0001013499204418622,3.3329738e-07,-0.00010134937,-2.8936844e-08,0.10905390977859497,9.812748658077908e-07
Step-Preload,0.001804698258638382,Q2-INNERSKIN,0.00010135626507690176,3.3329928e-07,-0.00010135571,-2.8911224e-08,0.10904427617788315,2.705049882933963e-05
Step-Preload,0.001804698258638382,Q2-OUTERSKIN,0.00010125754488399252,5.617375e-10,-0.000101257545,-7.494529e-10,0.10894258320331573,2.538543412811123e-05
Step-Preload,0.0020046979188919067,ADAPTER,0.0,0.0,0.0,0.0,0.0,0.0
Step-Preload,0.0020046979188919067,Q1-CORE,0.00012423917360138148,-4.0238555e-07,-0.00012423852,-3.185582e-08,0.12005592882633209,6.718502845615149e-05
Step-Preload,0.0020046979188919067,Q1-INNERSKIN,0.0001242442085640505,-4.023887e-07,-0.00012424355,-3.1861372e-08,0.12076666206121445,0.0008867246215231717
Step-Preload,0.0020046979188919067,Q1-OUTERSKIN,0.00012413732474669814,7.589121e-10,-0.00012413732,1.5483471e-09,0.1200522780418396,0.0007560966769233346
Step-Preload,0.0020046979188919067,Q2-CORE,0.0001242395956069231,3.8870272e-07,-0.00012423898,-4.239748e-08,0.11991015821695328,1.0083265351568116e-06
Step-Preload,0.0020046979188919067,Q2-INNERSKIN,0.00012424460146576166,3.8870527e-07,-0.00012424399,-4.2382887e-08,0.11991013586521149,3.277231371612288e-05
Step-Preload,0.0020046979188919067,Q2-OUTERSKIN,0.00012413733929861337,-9.931129e-10,-0.00012413734,1.322183e-09,0.11987688392400742,2.934938129328657e-05
Step-Preload,0.002304697409272194,ADAPTER,0.0,0.0,0.0,0.0,0.0,0.0
Step-Preload,0.002304697409272194,Q1-CORE,0.0001626000739634037,-4.8408043e-07,-0.00016259935,-4.7499014e-08,0.13610967993736267,7.647208985872567e-05
Step-Preload,0.002304697409272194,Q1-INNERSKIN,0.00016260473057627678,-4.840891e-07,-0.000162604,-4.740344e-08,0.13587996363639832,0.0014514066278934479
Step-Preload,0.002304697409272194,Q1-OUTERSKIN,0.00016252259956672788,1.8043643e-07,-0.0001625224,1.8591112e-07,0.13609139621257782,0.0010158607037737966
Step-Preload,0.002304697409272194,Q2-CORE,0.00016260005941148847,-4.840994e-07,-0.00016259933,4.7491987e-08,0.13584348559379578,1.0067089988297084e-06
Step-Preload,0.002304697409272194,Q2-INNERSKIN,0.00016260471602436155,-4.841081e-07,-0.00016260399,4.739647e-08,0.13583320379257202,3.8621721614617854e-05
Step-Preload,0.002304697409272194,Q2-OUTERSKIN,0.00016249042528215796,4.2008956e-09,-0.00016249043,-1.2145659e-09,0.1358293890953064,3.320712858112529e-05
Step-Preload,0.0025046970695257187,ADAPTER,0.0,0.0,0.0,0.0,0.0,0.0
Step-Preload,0.0025046970695257187,Q1-CORE,0.00019079710182268173,-5.4252683e-07,-0.00019079632,-5.497895e-08,0.14651153981685638,7.834409188944846e-05
Step-Preload,0.0025046970695257187,Q1-INNERSKIN,0.0001908026752062142,-5.425391e-07,-0.00019080189,-5.4847153e-08,0.1462099403142929,0.0011687586084008217
Step-Preload,0.0025046970695257187,Q1-OUTERSKIN,0.00019074755255132914,1.8626976e-07,-0.00019074732,2.340205e-07,0.14642153680324554,0.001210452988743782
Step-Preload,0.0025046970695257187,Q2-CORE,0.0001907970872707665,-5.42555e-07,-0.0001907963,5.496434e-08,0.14619579911231995,1.020552872432745e-06
Step-Preload,0.0025046970695257187,Q2-INNERSKIN,0.00019080266065429896,-5.425673e-07,-0.00019080187,5.4832583e-08,0.14619247615337372,4.0646842535352334e-05
Step-Preload,0.0025046970695257187,Q2-OUTERSKIN,0.00019068621622864157,7.881008e-09,-0.00019068622,-2.1150213e-09,0.14614883065223694,3.301501055830158e-05
Step-Preload,0.002804696559906006,ADAPTER,0.0,0.0,0.0,0.0,0.0,0.0
Step-Preload,0.002804696559906006,Q1-CORE,0.00023693000548519194,-6.238504e-07,-0.00023692916,-7.4468694e-08,0.1616329699754715,8.893178164726123e-05
Step-Preload,0.002804696559906006,Q1-INNERSKIN,0.000236938038142398,-6.238603e-07,-0.0002369372,-7.439322e-08,0.16248102486133575,0.0027535236440598965
Step-Preload,0.002804696559906006,Q1-OUTERSKIN,0.00023684489133302122,2.0534179e-07,-0.00023684469,2.392487e-07,0.16138246655464172,0.0014026733115315437
Step-Preload,0.002804696559906006,Q2-CORE,0.00023693147522863,6.2191776e-07,-0.00023693065,-6.9431195e-08,0.1613920032978058,8.859207696332305e-07
Step-Preload,0.002804696559906006,Q2-INNERSKIN,0.0002369394787820056,6.219272e-07,-0.00023693865,-6.935802e-08,0.16140080988407135,4.14091809943784e-05
Step-Preload,0.002804696559906006,Q2-OUTERSKIN,0.00023681657330598682,-1.8347084e-08,-0.00023681657,3.9557873e-09,0.16132894158363342,3.5220145946368575e-05
Step-Preload,0.0030046964529901743,ADAPTER,0.0,0.0,0.0,0.0,0.0,0.0
Step-Preload,0.0030046964529901743,Q1-CORE,0.0002701868361327797,-6.771692e-07,-0.00027018596,-9.326322e-08,0.17136570811271667,9.662680531619117e-05
Step-Preload,0.0030046964529901743,Q1-INNERSKIN,0.00027019664412364364,-6.7718395e-07,-0.00027019577,-9.314687e-08,0.17135637998580933,0.002505124546587467
Step-Preload,0.0030046964529901743,Q1-OUTERSKIN,0.00027007030439563096,2.2361156e-07,-0.00027007004,3.0914686e-07,0.1713189333677292,0.0015326619613915682
Step-Preload,0.0030046964529901743,Q2-CORE,0.0002701900084502995,6.7643396e-07,-0.00027018916,-8.919164e-08,0.17125968635082245,9.165554502033046e-07
Step-Preload,0.0030046964529901743,Q2-INNERSKIN,0.0002701998455449939,6.7644834e-07,-0.000270199,-8.907892e-08,0.17126452922821045,4.058860577060841e-05
Step-Preload,0.0030046964529901743,Q2-OUTERSKIN,0.0002700677141547203,-2.7975872e-08,-0.0002700677,6.7927197e-09,0.1711938977241516,3.80591991415713e-05
Step-Preload,0.003304696176201105,ADAPTER,0.0,0.0,0.0,0.0,0.0,0.0
Step-Preload,0.003304696176201105,Q1-CORE,0.0003237287746742368,-7.862014e-07,-0.0003237278,-1.1076523e-07,0.18661725521087646,0.00010817569273058325
Step-Preload,0.003304696176201105,Q1-INNERSKIN,0.0003237402706872672,-7.8621963e-07,-0.00032373928,-1.10621265e-07,0.18763338029384613,0.0025594334583729506
Step-Preload,0.003304696176201105,Q1-OUTERSKIN,0.0003235900367144495,9.7906065e-09,-0.00032359004,2.6669493e-09,0.18613767623901367,0.0018289362778887153
Step-Preload,0.003304696176201105,Q2-CORE,0.0003237301134504378,7.710539e-07,-0.00032372918,-1.1920168e-07,0.1856803148984909,1.1464925364634837e-06
Step-Preload,0.003304696176201105,Q2-INNERSKIN,0.00032374149304814637,7.710692e-07,-0.00032374056,-1.1909607e-07,0.18568123877048492,3.935649510822259e-05
Step-Preload,0.003304696176201105,Q2-OUTERSKIN,0.0003235908516217023,-9.800936e-09,-0.00032359085,2.112167e-09,0.18560588359832764,4.27511113230139e-05
Step-Preload,0.00350469583645463,ADAPTER,0.0,0.0,0.0,0.0,0.0,0.0
Step-Preload,0.00350469583645463,Q1-CORE,0.0003618021437432617,-1.0915393e-07,-0.00036180113,-8.6350684e-07,0.1962701380252838,0.00011611012450885028
Step-Preload,0.00350469583645463,Q1-INNERSKIN,0.0003618135815486312,-1.0901257e-07,-0.00036181253,-8.635251e-07,0.19732731580734253,0.005328078754246235
Step-Preload,0.00350469583645463,Q1-OUTERSKIN,0.0003616483591031283,1.645697e-08,-0.00036164836,3.9620973e-09,0.19504021108150482,0.002032917458564043
Step-Preload,0.00350469583645463,Q2-CORE,0.0003618022601585835,8.3470934e-07,-0.00036180127,-1.4584006e-07,0.19505244493484497,1.1751139936677646e-06
Step-Preload,0.00350469583645463,Q2-INNERSKIN,0.00036181361065246165,-1.090422e-07,-0.00036181256,8.636415e-07,0.1950550377368927,4.330481169745326e-05
Step-Preload,0.00350469583645463,Q2-OUTERSKIN,0.00036164961056783795,-1.6027919e-08,-0.0003616496,4.405698e-09,0.19498130679130554,4.6139310143189505e-05
Step-Preload,0.003804695326834917,ADAPTER,0.0,0.0,0.0,0.0,0.0,0.0
Step-Preload,0.003804695326834917,Q1-CORE,0.0004223781288601458,-1.3976849e-07,-0.00042237702,-9.639991e-07,0.20943501591682434,0.00012250509462319314
Step-Preload,0.003804695326834917,Q1-INNERSKIN,0.0004223879368510097,-1.39658e-07,-0.00042238683,-9.640246e-07,0.20954644680023193,0.012005219236016273
Step-Preload,0.003804695326834917,Q1-OUTERSKIN,0.0004222039133310318,7.4695174e-09,-0.0004222039,3.052846e-08,0.208744078874588,0.002064840402454138
Step-Preload,0.003804695326834917,Q2-CORE,0.0004223781288601458,-1.3976802e-07,-0.00042237702,9.640474e-07,0.20875827968120575,1.0048460126199643e-06
Step-Preload,0.003804695326834917,Q2-INNERSKIN,0.0004223879368510097,-1.3965578e-07,-0.00042238683,9.64073e-07,0.20875249803066254,5.045954094384797e-05
Step-Preload,0.003804695326834917,Q2-OUTERSKIN,0.0004222049319650978,-2.9634569e-08,-0.00042220493,8.583038e-09,0.20869770646095276,5.167492781765759e-05
Step-Preload,0.004004694987088442,ADAPTER,0.0,0.0,0.0,0.0,0.0,0.0
Step-Preload,0.004004694987088442,Q1-CORE,0.00046501486212946475,-1.6651158e-07,-0.00046501373,-1.0163335e-06,0.21801002323627472,0.0001277652772841975
Step-Preload,0.004004694987088442,Q1-INNERSKIN,0.00046502301120199263,-1.4905301e-07,-0.00046502185,-1.0333584e-06,0.21871677041053772,0.014472614973783493
Step-Preload,0.004004694987088442,Q1-OUTERSKIN,0.00046483290498144925,9.972691e-09,-0.0004648329,4.0714575e-08,0.2176932543516159,0.002106970641762018
Step-Preload,0.004004694987088442,Q2-CORE,0.0004650148330256343,-1.6651246e-07,-0.0004650137,1.0164357e-06,0.21765324473381042,8.290045343528618e-07
Step-Preload,0.004004694987088442,Q2-INNERSKIN,0.0004650230403058231,-1.6640152e-07,-0.0004650219,1.0164566e-06,0.21764013171195984,5.512870484380983e-05
Step-Preload,0.004004694987088442,Q2-OUTERSKIN,0.00046483351616188884,-3.979479e-08,-0.00046483352,1.0976459e-08,0.21761856973171234,5.527268149307929e-05
Step-Preload,0.004304182715713978,ADAPTER,0.0,0.0,0.0,0.0,0.0,0.0
Step-Preload,0.004304182715713978,Q1-CORE,0.0005321395001374185,-1.98242e-07,-0.0005321384,-1.0840423e-06,0.23408007621765137,0.00013662371202372015
Step-Preload,0.004304182715713978,Q1-INNERSKIN,0.0005321456119418144,-1.9812451e-07,-0.0005321445,-1.0840669e-06,0.23517633974552155,0.009767772629857063
Step-Preload,0.004304182715713978,Q1-OUTERSKIN,0.0005319564952515066,1.3266776e-08,-0.0005319565,5.3781616e-08,0.23077206313610077,0.0023107430897653103
Step-Preload,0.004304182715713978,Q2-CORE,0.0005321395583450794,1.9822072e-07,-0.00053213845,-1.0840602e-06,0.23067763447761536,6.847607778581732e-07
Step-Preload,0.004304182715713978,Q2-INNERSKIN,0.0005321457283571362,1.9810372e-07,-0.0005321446,-1.0840846e-06,0.23067039251327515,6.142436905065551e-05
Step-Preload,0.004304182715713978,Q2-OUTERSKIN,0.0005319564952515066,-1.327826e-08,-0.0005319565,5.378333e-08,0.23066116869449615,5.994850289425813e-05
Step-Preload,0.004503414500504732,ADAPTER,0.0,0.0,0.0,0.0,0.0,0.0
Step-Preload,0.004503414500504732,Q1-CORE,0.0005789225688204169,-2.0578165e-07,-0.00057892146,-1.1300981e-06,0.2424868941307068,0.00013993044558446854
Step-Preload,0.004503414500504732,Q1-INNERSKIN,0.0005789281567558646,-2.0564534e-07,-0.00057892705,-1.1301265e-06,0.2436058223247528,0.01109309121966362
Step-Preload,0.004503414500504732,Q1-OUTERSKIN,0.000578744278755039,4.345054e-09,-0.0005787443,1.6809718e-08,0.2392674684524536,0.0024329342413693666
Step-Preload,0.004503414500504732,Q2-CORE,0.0005789226270280778,2.0575065e-07,-0.0005789215,-1.1301273e-06,0.23914222419261932,7.092899636518268e-07
Step-Preload,0.004503414500504732,Q2-INNERSKIN,0.0005789282731711864,2.056146e-07,-0.00057892717,-1.1301556e-06,0.23915010690689087,6.449564534705132e-05
Step-Preload,0.004503414500504732,Q2-OUTERSKIN,0.0005787446862086654,-1.6136903e-08,-0.0005787447,4.9054925e-09,0.23909667134284973,6.303052941802889e-05
Step-Preload,0.004801621660590172,ADAPTER,0.0,0.0,0.0,0.0,0.0,0.0
Step-Preload,0.004801621660590172,Q1-CORE,0.0006520469323731959,-2.1617907e-07,-0.0006520458,-1.1946616e-06,0.2538886070251465,0.00015640734636690468
Step-Preload,0.004801621660590172,Q1-INNERSKIN,0.0006520532188005745,-2.160166e-07,-0.0006520521,-1.1946954e-06,0.2549469470977783,0.015700718387961388
Step-Preload,0.004801621660590172,Q1-OUTERSKIN,0.0006518803420476615,8.532093e-09,-0.00065188034,2.8792572e-08,0.2514886260032654,0.002292949939146638
Step-Preload,0.004801621660590172,Q2-CORE,0.0006520473980344832,1.172665e-06,-0.0006520463,-2.5760994e-07,0.2514716386795044,7.687259540034574e-07
Step-Preload,0.004801621660590172,Q2-INNERSKIN,0.00065205356804654,1.1726988e-06,-0.00065205246,-2.5745905e-07,0.2514823079109192,6.69235159875825e-05
Step-Preload,0.004801621660590172,Q2-OUTERSKIN,0.0006518802838400006,-8.534262e-09,-0.0006518803,2.8771233e-08,0.2514088749885559,6.70151857775636e-05
Step-Preload,0.004999999888241291,ADAPTER,0.0,0.0,0.0,0.0,0.0,0.0
Step-Preload,0.004999999888241291,Q1-CORE,0.0007027082610875368,-2.4526784e-07,-0.00070270716,-1.2214944e-06,0.2635669410228729,0.00016607297584414482
Step-Preload,0.004999999888241291,Q1-INNERSKIN,0.0007027155952528119,-2.4510575e-07,-0.0007027145,-1.2215309e-06,0.264714777469635,0.015897775068879128
Step-Preload,0.004999999888241291,Q1-OUTERSKIN,0.0007025455124676228,1.07485585e-08,-0.0007025455,3.6230123e-08,0.2595192790031433,0.0023910286836326122
Step-Preload,0.004999999888241291,Q2-CORE,0.0007027115789242089,6.0355296e-07,-0.00070271135,-1.3889255e-07,0.2594428062438965,7.360525273725216e-07
Step-Preload,0.004999999888241291,Q2-INNERSKIN,0.0007027156534604728,2.4506966e-07,-0.00070271455,-1.2215997e-06,0.2594539523124695,6.763643614249304e-05
Step-Preload,0.004999999888241291,Q2-OUTERSKIN,0.0007025454542599618,-1.0746288e-08,-0.00070254545,3.6200994e-08,0.2594051659107208,6.925362686160952e-05
Step-Separation,0.004999999888241291,ADAPTER,0.0,0.0,0.0,0.0,0.0,0.0
Step-Separation,0.004999999888241291,Q1-CORE,0.0007027082610875368,-2.4526784e-07,-0.00070270716,-1.2214944e-06,0.2635669410228729,0.00016607297584414482
Step-Separation,0.004999999888241291,Q1-INNERSKIN,0.0007027155952528119,-2.4510575e-07,-0.0007027145,-1.2215309e-06,0.264714777469635,0.015897775068879128
Step-Separation,0.004999999888241291,Q1-OUTERSKIN,0.0007025455124676228,1.07485585e-08,-0.0007025455,3.6230123e-08,0.2595192790031433,0.0023910286836326122
Step-Separation,0.004999999888241291,Q2-CORE,0.0007027115789242089,6.0355296e-07,-0.00070271135,-1.3889255e-07,0.2594428062438965,7.360525273725216e-07
Step-Separation,0.004999999888241291,Q2-INNERSKIN,0.0007027156534604728,2.4506966e-07,-0.00070271455,-1.2215997e-06,0.2594539523124695,6.763643614249304e-05
Step-Separation,0.004999999888241291,Q2-OUTERSKIN,0.0007025454542599618,-1.0746288e-08,-0.00070254545,3.6200994e-08,0.2594051659107208,6.925362686160952e-05
Step-Separation,0.0070042957086116076,ADAPTER,0.0,0.0,0.0,0.0,0.0,0.0
Step-Separation,0.0070042957086116076,Q1-CORE,0.7709143161773682,0.20473064,-0.11831211,0.7337551,409.8350524902344,2.5493438243865967
Step-Separation,0.0070042957086116076,Q1-INNERSKIN,0.773273766040802,0.20432247,-0.13082087,0.73422784,411.7376403808594,119.90328216552734
Step-Separation,0.0070042957086116076,Q1-OUTERSKIN,0.49682533740997314,0.14674573,0.12758647,0.45719013,364.2259521484375,78.65190887451172
Step-Separation,0.0070042957086116076,Q2-CORE,0.7800755500793457,0.18285786,-0.11966571,-0.7488398,417.5982971191406,2.590794324874878
Step-Separation,0.0070042957086116076,Q2-INNERSKIN,0.7822399735450745,0.18241982,-0.1323608,-0.7490681,419.4150085449219,98.22918701171875
Step-Separation,0.0070042957086116076,Q2-OUTERSKIN,0.5042861700057983,0.13297898,0.13026805,-0.46866977,375.5421142578125,78.41423797607422
Step-Separation,0.009003809187561274,ADAPTER,0.0,0.0,0.0,0.0,0.0,0.0
Step-Separation,0.009003809187561274,Q1-CORE,1.246435523033142,0.32678005,-0.15785931,1.1924331,222.93060302734375,2.5393152236938477
Step-Separation,0.009003809187561274,Q1-INNERSKIN,1.2490696907043457,0.32611838,-0.17241769,1.1933541,222.8363494873047,124.65055847167969
Step-Separation,0.009003809187561274,Q1-OUTERSKIN,0.9806429147720337,0.28234693,0.19722496,0.9181738,192.71031188964844,104.08073425292969
Step-Separation,0.009003809187561274,Q2-CORE,1.2489606142044067,0.31353912,-0.16361038,-1.1978428,273.83184814453125,2.1650547981262207
Step-Separation,0.009003809187561274,Q2-INNERSKIN,1.2511765956878662,0.31288174,-0.1784399,-1.1982099,273.8618469238281,99.3901138305664
Step-Separation,0.009003809187561274,Q2-OUTERSKIN,0.9826667904853821,0.26813197,0.19718032,-0.92458594,252.76918029785156,92.02427673339844
Step-Separation,0.011003037448972464,ADAPTER,0.0,0.0,0.0,0.0,0.0,0.0
Step-Separation,0.011003037448972464,Q1-CORE,1.5121686458587646,0.38025424,-0.16015711,1.4547888,108.50457000732422,2.8637752532958984
Step-Separation,0.011003037448972464,Q1-INNERSKIN,1.5152255296707153,0.37616542,-0.1753464,1.4572788,107.22579193115234,153.15985107421875
Step-Separation,0.011003037448972464,Q1-OUTERSKIN,1.2519949674606323,0.337035,0.22262369,1.1850475,93.94100189208984,134.3367462158203
Step-Separation,0.011003037448972464,Q2-CORE,1.7075012922286987,0.44728187,-0.19603544,-1.6361753,232.46533203125,2.5990231037139893
Step-Separation,0.011003037448972464,Q2-INNERSKIN,1.7096647024154663,0.44650546,-0.21228431,-1.636619,232.6760711669922,108.97744750976562
Step-Separation,0.011003037448972464,Q2-OUTERSKIN,1.4451477527618408,0.40110528,0.26111406,-1.363593,197.68109130859375,127.2495346069336
Step-Separation,0.013002238236367702,ADAPTER,0.0,0.0,0.0,0.0,0.0,0.0
Step-Separation,0.013002238236367702,Q1-CORE,1.4334980249404907,0.34206685,-0.12162162,1.3867643,128.69631958007812,2.9737157821655273
Step-Separation,0.013002238236367702,Q1-INNERSKIN,1.4365826845169067,0.3369179,-0.13553905,1.3899227,128.6723175048828,139.3927459716797
Step-Separation,0.013002238236367702,Q1-OUTERSKIN,1.1568528413772583,0.28577325,0.19515362,1.1038828,102.46118927001953,120.43650817871094
Step-Separation,0.013002238236367702,Q2-CORE,2.052532196044922,0.54824644,-0.21204998,-1.9665576,249.07435607910156,2.298926591873169
Step-Separation,0.013002238236367702,Q2-INNERSKIN,2.054514169692993,0.54726976,-0.22839321,-1.9670691,249.12857055664062,105.50733947753906
Step-Separation,0.013002238236367702,Q2-OUTERSKIN,1.789541482925415,0.5017331,0.30346274,-1.6907492,193.0819091796875,142.2103271484375
Step-Separation,0.015001415275037289,ADAPTER,0.0,0.0,0.0,0.0,0.0,0.0
Step-Separation,0.015001415275037289,Q1-CORE,1.2898454666137695,0.29187447,-0.094660304,1.2528168,111.72348022460938,2.561558246612549
Step-Separation,0.015001415275037289,Q1-INNERSKIN,1.2932325601577759,0.28563714,-0.10810629,1.2566522,95.25709533691406,132.8306884765625
Step-Separation,0.015001415275037289,Q1-OUTERSKIN,1.0360233783721924,0.24851303,0.17913169,0.98969567,97.58122253417969,100.38870239257812
Step-Separation,0.015001415275037289,Q2-CORE,2.3029420375823975,0.6256599,-0.2187404,-2.2055032,199.7849578857422,2.6452901363372803
Step-Separation,0.015001415275037289,Q2-INNERSKIN,2.3048958778381348,0.6241589,-0.23584299,-2.2062068,195.65469360351562,93.18407440185547
Step-Separation,0.015001415275037289,Q2-OUTERSKIN,2.054534912109375,0.59252644,0.3289405,-1.9395424,186.4729766845703,153.27743530273438
Step-Separation,0.017000721767544746,ADAPTER,0.0,0.0,0.0,0.0,0.0,0.0
Step-Separation,0.017000721767544746,Q1-CORE,1.189254879951477,0.2574963,-0.083531216,1.1580352,60.82355499267578,2.493595600128174
Step-Separation,0.017000721767544746,Q1-INNERSKIN,1.1926380395889282,0.25300673,-0.09660961,1.1614817,60.47484588623047,106.625
Step-Separation,0.017000721767544746,Q1-OUTERSKIN,0.9250670075416565,0.2016731,0.17165378,0.88634753,60.823707580566406,85.88529968261719
Step-Separation,0.017000721767544746,Q2-CORE,2.464874744415283,0.6862082,-0.21612899,-2.3575442,199.03387451171875,2.4224982261657715
Step-Separation,0.017000721767544746,Q2-INNERSKIN,2.4667210578918457,0.684534,-0.2333775,-2.3583174,199.06439208984375,93.17334747314453
Step-Separation,0.017000721767544746,Q2-OUTERSKIN,2.2073707580566406,0.6404968,0.34164152,-2.0845938,177.62294006347656,145.4288330078125
Step-Separation,0.019000018015503883,ADAPTER,0.0,0.0,0.0,0.0,0.0,0.0
Step-Separation,0.019000018015503883,Q1-CORE,1.2184547185897827,0.26162106,-0.079304695,1.1873909,61.09016036987305,2.529651165008545
Step-Separation,0.019000018015503883,Q1-INNERSKIN,1.2219198942184448,0.2577233,-0.09211398,1.1908745,52.13994216918945,116.35249328613281
Step-Separation,0.019000018015503883,Q1-OUTERSKIN,0.9608304500579834,0.20886451,0.18062745,0.9202959,58.07809066772461,91.75314331054688
Step-Separation,0.019000018015503883,Q2-CORE,2.6630454063415527,0.75671005,-0.2152594,-2.5441825,161.31253051757812,2.4974420070648193
Step-Separation,0.019000018015503883,Q2-INNERSKIN,2.6647706031799316,0.75542253,-0.23265755,-2.5448399,161.32369995117188,91.39569091796875
Step-Separation,0.019000018015503883,Q2-OUTERSKIN,2.4059412479400635,0.69733435,0.36161494,-2.274096,149.06332397460938,159.06080627441406
Step-Separation,0.021099249832332134,ADAPTER,0.0,0.0,0.0,0.0,0.0,0.0
Step-Separation,0.021099249832332134,Q1-CORE,1.2710566520690918,0.2662374,-0.07748925,1.2404428,62.66458511352539,2.4287631511688232
Step-Separation,0.021099249832332134,Q1-INNERSKIN,1.274591326713562,0.26364756,-0.09055874,1.2437332,58.94007110595703,115.74005126953125
Step-Separation,0.021099249832332134,Q1-OUTERSKIN,1.0151042938232422,0.21716684,0.19274561,0.9726892,58.4071159362793,92.90676879882812
Step-Separation,0.021099249832332134,Q2-CORE,2.818166732788086,0.8124541,-0.20975743,-2.6903503,120.03327941894531,2.437699794769287
Step-Separation,0.021099249832332134,Q2-INNERSKIN,2.819817066192627,0.81134003,-0.22757326,-2.6909676,116.85325622558594,95.74220275878906
Step-Separation,0.021099249832332134,Q2-OUTERSKIN,2.560004949569702,0.7431809,0.37777168,-2.4204538,115.56932830810547,158.2703399658203
Step-Separation,0.023098531179130077,ADAPTER,0.0,0.0,0.0,0.0,0.0,0.0
Step-Separation,0.023098531179130077,Q1-CORE,1.3481088876724243,0.28231257,-0.074388586,1.3161168,42.80021667480469,2.638305425643921
Step-Separation,0.023098531179130077,Q1-INNERSKIN,1.3518093824386597,0.27995962,-0.08757971,1.3195988,39.228675842285156,127.19023895263672
Step-Separation,0.023098531179130077,Q1-OUTERSKIN,1.0872576236724854,0.22932371,0.20253229,1.0433217,38.53322219848633,104.38090515136719
Step-Separation,0.023098531179130077,Q2-CORE,2.9744462966918945,0.8689963,-0.20781346,-2.837074,117.15076446533203,2.447477102279663
Step-Separation,0.023098531179130077,Q2-INNERSKIN,2.97602915763855,0.868207,-0.22586183,-2.8375962,117.1402587890625,99.92000579833984
Step-Separation,0.023098531179130077,Q2-OUTERSKIN,2.712561845779419,0.79025584,0.38825455,-2.5656862,104.47107696533203,164.64564514160156
Step-Separation,0.025097708217799664,ADAPTER,0.0,0.0,0.0,0.0,0.0,0.0
Step-Separation,0.025097708217799664,Q1-CORE,1.348294734954834,0.2716369,-0.06277426,1.3191556,38.83627700805664,2.485299587249756
Step-Separation,0.025097708217799664,Q1-INNERSKIN,1.352191686630249,0.2690758,-0.07564776,1.3229883,37.62742233276367,126.2814712524414
Step-Separation,0.025097708217799664,Q1-OUTERSKIN,1.0925257205963135,0.2229948,0.2010224,1.0504645,37.28927993774414,99.4549331665039
Step-Separation,0.025097708217799664,Q2-CORE,3.148658514022827,0.9295783,-0.20329848,-3.0014338,89.4127197265625,2.5078797340393066
Step-Separation,0.025097708217799664,Q2-INNERSKIN,3.1501612663269043,0.9288343,-0.22157136,-3.0019474,89.4081802368164,97.47711181640625
Step-Separation,0.025097708217799664,Q2-OUTERSKIN,2.885931968688965,0.8427275,0.4048376,-2.7302969,75.79117584228516,180.38406372070312
Step-Separation,0.027096803300082684,ADAPTER,0.0,0.0,0.0,0.0,0.0,0.0
Step-Separation,0.027096803300082684,Q1-CORE,1.3564845323562622,0.26489794,-0.05197174,1.3293526,34.859901428222656,2.547276496887207
Step-Separation,0.027096803300082684,Q1-INNERSKIN,1.3605955839157104,0.2621787,-0.06479768,1.3335232,34.86335754394531,128.678955078125
Step-Separation,0.027096803300082684,Q1-OUTERSKIN,1.098188042640686,0.21458498,0.20716268,1.0569078,34.749908447265625,99.09205627441406
Step-Separation,0.027096803300082684,Q2-CORE,3.2246809005737305,0.96347755,-0.19070171,-3.0714672,71.80284118652344,2.5829527378082275
Step-Separation,0.027096803300082684,Q2-INNERSKIN,3.226072072982788,0.963083,-0.20890671,-3.0718675,67.84473419189453,104.40802764892578
Step-Separation,0.027096803300082684,Q2-OUTERSKIN,2.956653356552124,0.8645931,0.4098852,-2.7975473,66.95829010009766,184.43606567382812
Step-Separation,0.029095913283526897,ADAPTER,0.0,0.0,0.0,0.0,0.0,0.0
Step-Separation,0.029095913283526897,Q1-CORE,1.3466943502426147,0.2574688,-0.03959888,1.3212597,37.44252395629883,2.526035785675049
Step-Separation,0.029095913283526897,Q1-INNERSKIN,1.3509374856948853,0.25485593,-0.051972855,1.3256619,32.92658996582031,125.55108642578125
Step-Separation,0.029095913283526897,Q1-OUTERSKIN,1.0881212949752808,0.20385744,0.21019404,1.047983,37.44253921508789,95.82673645019531
Step-Separation,0.029095913283526897,Q2-CORE,3.2304940223693848,0.9742792,-0.17655554,-3.0750122,63.524051666259766,2.503525733947754
Step-Separation,0.029095913283526897,Q2-INNERSKIN,3.2317819595336914,0.9738954,-0.19453402,-3.0754023,57.19504165649414,104.99237060546875
Step-Separation,0.029095913283526897,Q2-OUTERSKIN,2.964233875274658,0.9249095,0.38944355,-2.789186,58.98961639404297,178.09292602539062
Step-Separation,0.031095021404325962,ADAPTER,0.0,0.0,0.0,0.0,0.0,0.0
Step-Separation,0.031095021404325962,Q1-CORE,1.3562407493591309,0.25393525,-0.034473035,1.3318098,32.88059997558594,2.497079372406006
Step-Separation,0.031095021404325962,Q1-INNERSKIN,1.3607196807861328,0.2512902,-0.046726152,1.3364984,32.874168395996094,127.17549896240234
Step-Separation,0.031095021404325962,Q1-OUTERSKIN,1.099656105041504,0.20172082,0.21807534,1.0587708,30.940399169921875,94.90946197509766
Step-Separation,0.031095021404325962,Q2-CORE,3.247551918029785,0.98666275,-0.16973388,-3.089382,50.55975341796875,2.631776809692383
Step-Separation,0.031095021404325962,Q2-INNERSKIN,3.248795509338379,0.98640734,-0.18771753,-3.0897305,48.855228424072266,94.8640365600586
Step-Separation,0.031095021404325962,Q2-OUTERSKIN,2.984043836593628,0.93093354,0.39490065,-2.8074782,50.40276336669922,182.05050659179688
Step-Separation,0.033094155602157116,ADAPTER,0.0,0.0,0.0,0.0,0.0,0.0
Step-Separation,0.033094155602157116,Q1-CORE,1.3705774545669556,0.25171414,-0.02781085,1.3469778,29.050273895263672,2.533167600631714
Step-Separation,0.033094155602157116,Q1-INNERSKIN,1.3752025365829468,0.24944296,-0.039878283,1.3518025,29.05721092224121,126.04383850097656
Step-Separation,0.033094155602157116,Q1-OUTERSKIN,1.112169861793518,0.19637272,0.22318383,1.0717036,26.677265167236328,95.97705841064453
Step-Separation,0.033094155602157116,Q2-CORE,3.1960651874542236,0.97722,-0.15580653,-3.0390127,60.350494384765625,2.553572416305542
Step-Separation,0.033094155602157116,Q2-INNERSKIN,3.1972239017486572,0.9770583,-0.17350885,-3.0393243,60.3807258605957,90.49564361572266
Step-Separation,0.033094155602157116,Q2-OUTERSKIN,2.950084686279297,0.9179737,0.3943344,-2.7757564,58.3881950378418,172.16746520996094
Step-Separation,0.03509335499256849,ADAPTER,0.0,0.0,0.0,0.0,0.0,0.0
Step-Separation,0.03509335499256849,Q1-CORE,1.388241171836853,0.2475333,-0.022877678,1.3658029,22.558765411376953,2.5457420349121094
Step-Separation,0.03509335499256849,Q1-INNERSKIN,1.3930925130844116,0.24534129,-0.03487554,1.370875,21.960161209106445,128.2156219482422
Step-Separation,0.03509335499256849,Q1-OUTERSKIN,1.1314061880111694,0.19278046,0.23107858,1.0906504,21.340639114379883,95.25045013427734
Step-Separation,0.03509335499256849,Q2-CORE,3.1667885780334473,0.9714958,-0.14320719,-3.010687,51.375545501708984,2.537102222442627
Step-Separation,0.03509335499256849,Q2-INNERSKIN,3.167877197265625,0.97139424,-0.16081513,-3.010976,51.394775390625,88.10942077636719
Step-Separation,0.03509335499256849,Q2-OUTERSKIN,2.924133777618408,0.90828574,0.39886987,-2.7507231,48.833919525146484,166.64146423339844
Step-Separation,0.037092567421495914,ADAPTER,0.0,0.0,0.0,0.0,0.0,0.0
Step-Separation,0.037092567421495914,Q1-CORE,1.4008280038833618,0.24114558,-0.013504135,1.3798498,19.75541114807129,2.530536651611328
Step-Separation,0.037092567421495914,Q1-INNERSKIN,1.4058527946472168,0.23912318,-0.025348268,1.3851352,19.75598907470703,127.72575378417969
Step-Separation,0.037092567421495914,Q1-OUTERSKIN,1.1452397108078003,0.18708655,0.2381661,1.104468,19.400697708129883,94.70075988769531
Step-Separation,0.037092567421495914,Q2-CORE,3.171670913696289,0.9753269,-0.13395314,-3.0150108,41.79800796508789,2.544889450073242
Step-Separation,0.037092567421495914,Q2-INNERSKIN,3.1727070808410645,0.97521305,-0.15157773,-3.0153034,39.03849792480469,88.02735900878906
Step-Separation,0.037092567421495914,Q2-OUTERSKIN,2.9276795387268066,0.9095103,0.40745875,-2.7528305,38.87432098388672,167.3168182373047
Step-Separation,0.039091781713068485,ADAPTER,0.0,0.0,0.0,0.0,0.0,0.0
Step-Separation,0.039091781713068485,Q1-CORE,1.4190397262573242,0.23773336,-0.007244801,1.3989654,19.774198532104492,2.5885210037231445
Step-Separation,0.039091781713068485,Q1-INNERSKIN,1.42427396774292,0.23583299,-0.019034872,1.4044845,19.77532958984375,129.67904663085938
Step-Separation,0.039091781713068485,Q1-OUTERSKIN,1.1619569063186646,0.18261969,0.2447142,1.1211195,18.865243911743164,93.78569030761719
Step-Separation,0.039091781713068485,Q2-CORE,3.16668701171875,0.97658,-0.12182933,-3.0098765,38.51055145263672,2.553225517272949
Step-Separation,0.039091781713068485,Q2-INNERSKIN,3.167649745941162,0.97657824,-0.13935123,-3.0101297,37.052833557128906,91.03079223632812
Step-Separation,0.039091781713068485,Q2-OUTERSKIN,2.931138277053833,0.90983486,0.4147456,-2.7553146,36.79924392700195,165.03646850585938
Step-Separation,0.041090996004641056,ADAPTER,0.0,0.0,0.0,0.0,0.0,0.0
Step-Separation,0.041090996004641056,Q1-CORE,1.4303332567214966,0.232843,-0.0012737196,1.4112532,18.20460319519043,2.5352091789245605
Step-Separation,0.041090996004641056,Q1-INNERSKIN,1.435776710510254,0.2310725,-0.012912467,1.4170016,18.00701904296875,128.8671875
Step-Separation,0.041090996004641056,Q1-OUTERSKIN,1.1745789051055908,0.1776951,0.24789271,1.134288,18.20458984375,93.3365249633789
Step-Separation,0.041090996004641056,Q2-CORE,3.177805185317993,0.98176044,-0.112920724,-3.0202386,40.164886474609375,2.52091908454895
Step-Separation,0.041090996004641056,Q2-INNERSKIN,3.1787168979644775,0.98171407,-0.13044856,-3.0205069,40.167755126953125,88.5125503540039
Step-Separation,0.041090996004641056,Q2-OUTERSKIN,2.9419033527374268,0.9124218,0.42187706,-2.764833,36.033756256103516,164.85971069335938
Step-Separation,0.04309021029621363,ADAPTER,0.0,0.0,0.0,0.0,0.0,0.0
Step-Separation,0.04309021029621363,Q1-CORE,1.444429636001587,0.22794864,0.0031227022,1.4263263,16.979536056518555,2.5563952922821045
Step-Separation,0.04309021029621363,Q1-INNERSKIN,1.4501118659973145,0.2262373,-0.008391087,1.4323305,15.899824142456055,129.65171813964844
Step-Separation,0.04309021029621363,Q1-OUTERSKIN,1.1882380247116089,0.17215428,0.2512702,1.1485364,16.979461669921875,92.83975982666016
Step-Separation,0.04309021029621363,Q2-CORE,3.1971139907836914,0.99041086,-0.10400561,-3.03806,36.41546630859375,2.542088031768799
Step-Separation,0.04309021029621363,Q2-INNERSKIN,3.1979706287384033,0.99043393,-0.121489085,-3.038305,35.7423210144043,88.01583862304688
Step-Separation,0.04309021029621363,Q2-OUTERSKIN,2.9666543006896973,0.91859525,0.43049034,-2.7878125,34.43504333496094,165.85311889648438
Step-Separation,0.0450894245877862,ADAPTER,0.0,0.0,0.0,0.0,0.0,0.0
Step-Separation,0.0450894245877862,Q1-CORE,1.4594014883041382,0.22523017,0.00832852,1.4418927,15.698768615722656,2.5525994300842285
Step-Separation,0.0450894245877862,Q1-INNERSKIN,1.4653236865997314,0.22353505,-0.003075785,1.44817,14.871318817138672,130.59446716308594
Step-Separation,0.0450894245877862,Q1-OUTERSKIN,1.2031118869781494,0.16855061,0.25497526,1.1636393,15.698786735534668,93.02104949951172
Step-Separation,0.0450894245877862,Q2-CORE,3.2089498043060303,0.9969424,-0.096673235,-3.048626,40.9826774597168,2.5739378929138184
Step-Separation,0.0450894245877862,Q2-INNERSKIN,3.209766149520874,0.99706125,-0.11416679,-3.0488412,38.37357711791992,86.26000213623047
Step-Separation,0.0450894245877862,Q2-OUTERSKIN,2.985628604888916,0.92246497,0.43682843,-2.8057473,38.966773986816406,165.3723602294922
Step-Separation,0.04708863887935877,ADAPTER,0.0,0.0,0.0,0.0,0.0,0.0
Step-Separation,0.04708863887935877,Q1-CORE,1.4722106456756592,0.22126967,0.012657981,1.4554325,13.577543258666992,2.5638890266418457
Step-Separation,0.04708863887935877,Q1-INNERSKIN,1.4783742427825928,0.21962054,0.001429202,1.4619696,13.577560424804688,131.3637237548828
Step-Separation,0.04708863887935877,Q1-OUTERSKIN,1.2168638706207275,0.16470158,0.25841463,1.1776472,13.362387657165527,92.3346176147461
Step-Separation,0.04708863887935877,Q2-CORE,3.221534490585327,1.001869,-0.08918896,-3.0604882,39.5835075378418,2.546640396118164
Step-Separation,0.04708863887935877,Q2-INNERSKIN,3.2223033905029297,1.00201,-0.1065983,-3.0606947,37.379798889160156,83.7429428100586
Step-Separation,0.04708863887935877,Q2-OUTERSKIN,3.0020105838775635,0.9250564,0.4428808,-2.8213816,37.10178756713867,163.6703643798828
Step-Separation,0.04908785317093134,ADAPTER,0.0,0.0,0.0,0.0,0.0,0.0
Step-Separation,0.04908785317093134,Q1-CORE,1.4860934019088745,0.2175827,0.016894856,1.4699816,14.130899429321289,2.586533784866333
Step-Separation,0.04908785317093134,Q1-INNERSKIN,1.4924882650375366,0.21603401,0.0058106557,1.4767588,14.137845039367676,132.21417236328125
Step-Separation,0.04908785317093134,Q1-OUTERSKIN,1.2300127744674683,0.16069865,0.26124293,1.1911589,13.684016227722168,92.49542999267578
Step-Separation,0.04908785317093134,Q2-CORE,3.2458510398864746,1.0099319,-0.08393289,-3.0835924,36.37439727783203,2.572218656539917
Step-Separation,0.04908785317093134,Q2-INNERSKIN,3.2465908527374268,1.0101126,-0.10138522,-3.0837877,35.355960845947266,82.80238342285156
Step-Separation,0.04908785317093134,Q2-OUTERSKIN,3.0284974575042725,0.93111855,0.45058098,-2.8463647,35.13850021362305,164.61776733398438
Step-Separation,0.05108706746250391,ADAPTER,0.0,0.0,0.0,0.0,0.0,0.0
Step-Separation,0.05108706746250391,Q1-CORE,1.4978907108306885,0.2138689,0.021398945,1.4823896,13.050447463989258,2.580820322036743
Step-Separation,0.05108706746250391,Q1-INNERSKIN,1.5045092105865479,0.21244645,0.01048442,1.4893974,12.927593231201172,132.57571411132812
Step-Separation,0.05108706746250391,Q1-OUTERSKIN,1.2422338724136353,0.15679976,0.26432458,1.2036159,13.018142700195312,92.18125915527344
Step-Separation,0.05108706746250391,Q2-CORE,3.265305280685425,1.0163928,-0.07713577,-3.1021307,34.968849182128906,2.572786331176758
Step-Separation,0.05108706746250391,Q2-INNERSKIN,3.2660040855407715,1.0166053,-0.0945491,-3.1023147,34.97368240356445,83.95343780517578
Step-Separation,0.05108706746250391,Q2-OUTERSKIN,3.0535340309143066,0.9364733,0.4571466,-2.87021,34.009891510009766,163.48072814941406
Step-Separation,0.05308628175407648,ADAPTER,0.0,0.0,0.0,0.0,0.0,0.0
Step-Separation,0.05308628175407648,Q1-CORE,1.508484959602356,0.21017714,0.0269002,1.493529,13.5584716796875,2.577413558959961
Step-Separation,0.05308628175407648,Q1-INNERSKIN,1.5153124332427979,0.20891525,0.016123326,1.5007553,13.562007904052734,132.76409912109375
Step-Separation,0.05308628175407648,Q1-OUTERSKIN,1.2530157566070557,0.15273523,0.26830867,1.214385,13.444990158081055,91.34800720214844
Step-Separation,0.05308628175407648,Q2-CORE,3.2971115112304688,1.0255309,-0.07223716,-3.1327326,37.348018646240234,2.5655341148376465
Step-Separation,0.05308628175407648,Q2-INNERSKIN,3.2977826595306396,1.025728,-0.089690946,-3.1329231,36.326416015625,84.00450897216797
Step-Separation,0.05308628175407648,Q2-OUTERSKIN,3.0842905044555664,0.94424,0.46449542,-2.8992245,37.14344787597656,164.1649932861328
Step-Separation,0.05508549604564905,ADAPTER,0.0,0.0,0.0,0.0,0.0,0.0
Step-Separation,0.05508549604564905,Q1-CORE,1.5195398330688477,0.20712814,0.032267526,1.505011,13.042823791503906,2.586310863494873
Step-Separation,0.05508549604564905,Q1-INNERSKIN,1.5265822410583496,0.20600618,0.021632245,1.5124638,12.76838207244873,133.41763305664062
Step-Separation,0.05508549604564905,Q1-OUTERSKIN,1.2643635272979736,0.14958829,0.27203432,1.2256573,13.014089584350586,91.17344665527344
Step-Separation,0.05508549604564905,Q2-CORE,3.3285205364227295,1.0346099,-0.06694013,-3.1629338,35.041648864746094,2.562973976135254
Step-Separation,0.05508549604564905,Q2-INNERSKIN,3.3291590213775635,1.0348345,-0.084386155,-3.163115,32.76804733276367,85.04462432861328
Step-Separation,0.05508549604564905,Q2-OUTERSKIN,3.117981433868408,0.9525092,0.47162262,-2.9312296,32.87609100341797,164.72071838378906
Step-Separation,0.05708471033722162,ADAPTER,0.0,0.0,0.0,0.0,0.0,0.0
Step-Separation,0.05708471033722162,Q1-CORE,1.5292778015136719,0.20359837,0.037064694,1.5152111,12.91414737701416,2.5824167728424072
Step-Separation,0.05708471033722162,Q1-INNERSKIN,1.5365432500839233,0.20260365,0.02655506,1.5228959,12.459417343139648,133.6368865966797
Step-Separation,0.05708471033722162,Q1-OUTERSKIN,1.273963212966919,0.14581692,0.27454913,1.2354524,12.8489990234375,90.59508514404297
Step-Separation,0.05708471033722162,Q2-CORE,3.3596863746643066,1.0436513,-0.0624898,-3.192864,33.541412353515625,2.572924852371216
Step-Separation,0.05708471033722162,Q2-INNERSKIN,3.3603017330169678,1.0439066,-0.079980955,-3.1930377,32.66391372680664,86.14295959472656
Step-Separation,0.05708471033722162,Q2-OUTERSKIN,3.1515018939971924,0.9601112,0.4777657,-2.9634254,31.664888381958008,165.1668243408203
Step-Separation,0.05908392462879419,ADAPTER,0.0,0.0,0.0,0.0,0.0,0.0
Step-Separation,0.05908392462879419,Q1-CORE,1.5400887727737427,0.20067361,0.04074484,1.5264152,12.529678344726562,2.590930461883545
Step-Separation,0.05908392462879419,Q1-INNERSKIN,1.547592043876648,0.19977623,0.03033339,1.5343436,12.529012680053711,134.06716918945312
Step-Separation,0.05908392462879419,Q1-OUTERSKIN,1.2846558094024658,0.14262412,0.27660322,1.2463906,12.371227264404297,90.46592712402344
Step-Separation,0.05908392462879419,Q2-CORE,3.389413833618164,1.0519985,-0.058518223,-3.2214904,33.438133239746094,2.5656089782714844
Step-Separation,0.05908392462879419,Q2-INNERSKIN,3.3900060653686523,1.0522698,-0.07601728,-3.2216597,31.913551330566406,86.2500991821289
Step-Separation,0.05908392462879419,Q2-OUTERSKIN,3.1841044425964355,0.9672386,0.48312736,-2.9949222,31.754228591918945,165.43202209472656
Step-Separation,0.061083138920366764,ADAPTER,0.0,0.0,0.0,0.0,0.0,0.0
Step-Separation,0.061083138920366764,Q1-CORE,1.5505520105361938,0.19733848,0.04462626,1.5372955,12.299813270568848,2.5972182750701904
Step-Separation,0.061083138920366764,Q1-INNERSKIN,1.5582904815673828,0.19654459,0.03433924,1.5454644,12.302316665649414,134.58047485351562
Step-Separation,0.061083138920366764,Q1-OUTERSKIN,1.2949334383010864,0.13889666,0.2786044,1.2569567,12.055572509765625,90.29401397705078
Step-Separation,0.061083138920366764,Q2-CORE,3.436511278152466,1.4560673,-0.023958022,-3.1127005,33.314727783203125,2.5733425617218018
Step-Separation,0.061083138920366764,Q2-INNERSKIN,3.437208414077759,1.4543259,-0.03921897,-3.114129,33.31980514526367,85.37490844726562
Step-Separation,0.061083138920366764,Q2-OUTERSKIN,3.2359719276428223,1.405629,0.47714168,-2.875423,32.321693420410156,166.1255645751953
Step-Separation,0.06308235321193933,ADAPTER,0.0,0.0,0.0,0.0,0.0,0.0
Step-Separation,0.06308235321193933,Q1-CORE,1.561108112335205,0.1942122,0.047818102,1.5482421,12.614314079284668,2.59481143951416
Step-Separation,0.06308235321193933,Q1-INNERSKIN,1.5690898895263672,0.19350938,0.03762509,1.5566572,12.613363265991211,135.1141815185547
Step-Separation,0.06308235321193933,Q1-OUTERSKIN,1.3055331707000732,0.13581328,0.28073844,1.2677372,12.521098136901855,89.92073059082031
Step-Separation,0.06308235321193933,Q2-CORE,3.4873929023742676,1.4741004,-0.01944144,-3.1604683,31.440858840942383,2.570960521697998
Step-Separation,0.06308235321193933,Q2-INNERSKIN,3.488065004348755,1.4723843,-0.034709916,-3.1618788,30.59796142578125,85.4671630859375
Step-Separation,0.06308235321193933,Q2-OUTERSKIN,3.286607027053833,1.4223055,0.48245013,-2.923367,30.818086624145508,165.6946258544922
Step-Separation,0.0650815675035119,ADAPTER,0.0,0.0,0.0,0.0,0.0,0.0
Step-Separation,0.0650815675035119,Q1-CORE,1.5710759162902832,0.19082499,0.05085231,1.5586146,11.790186882019043,2.599409818649292
Step-Separation,0.0650815675035119,Q1-INNERSKIN,1.5793025493621826,0.19021434,0.040780257,1.5672754,11.79052734375,135.55316162109375
Step-Separation,0.0650815675035119,Q1-OUTERSKIN,1.3151508569717407,0.13209884,0.2822317,1.2776998,11.684645652770996,89.57074737548828
Step-Separation,0.0650815675035119,Q2-CORE,3.5446553230285645,1.4958403,-0.015513118,-3.2135344,28.60947608947754,2.5923657417297363
Step-Separation,0.0650815675035119,Q2-INNERSKIN,3.545309066772461,1.49414,-0.03081641,-3.2149358,28.251272201538086,85.08565521240234
Step-Separation,0.0650815675035119,Q2-OUTERSKIN,3.3433797359466553,1.4426695,0.48852247,-2.9762793,27.97920799255371,166.9945068359375
Step-Separation,0.06708078179508448,ADAPTER,0.0,0.0,0.0,0.0,0.0,0.0
Step-Separation,0.06708078179508448,Q1-CORE,1.5813636779785156,0.1877235,0.053524826,1.5692693,11.209274291992188,2.602780818939209
Step-Separation,0.06708078179508448,Q1-INNERSKIN,1.5898367166519165,0.18720728,0.043552104,1.5781753,11.14638900756836,135.96617126464844
Step-Separation,0.06708078179508448,Q1-OUTERSKIN,1.3253748416900635,0.12884355,0.28391248,1.2881814,11.209259986877441,89.32756805419922
Step-Separation,0.06708078179508448,Q2-CORE,3.596771240234375,1.514099,-0.01153693,-3.262535,27.68040657043457,2.581773042678833
Step-Separation,0.06708078179508448,Q2-INNERSKIN,3.597409963607788,1.5123982,-0.026852945,-3.2639375,27.674997329711914,85.03203582763672
Step-Separation,0.06708078179508448,Q2-OUTERSKIN,3.395906925201416,1.4610679,0.4939704,-3.0254683,26.821744918823242,167.03189086914062
Step-Separation,0.06907994020730257,ADAPTER,0.0,0.0,0.0,0.0,0.0,0.0
Step-Separation,0.06907994020730257,Q1-CORE,1.5911377668380737,0.18429069,0.05682693,1.5794071,10.670534133911133,2.6031718254089355
Step-Separation,0.06907994020730257,Q1-INNERSKIN,1.599853277206421,0.18386921,0.046974283,1.5885578,10.673720359802246,136.3696746826172
Step-Separation,0.06907994020730257,Q1-OUTERSKIN,1.3350520133972168,0.1251963,0.28586283,1.2980648,10.594136238098145,88.84162139892578
Step-Separation,0.06907994020730257,Q2-CORE,3.6455798149108887,1.5305581,-0.0070678946,-3.3087149,25.856809616088867,2.586432933807373
Step-Separation,0.06907994020730257,Q2-INNERSKIN,3.6461989879608154,1.5288687,-0.022387771,-3.3101099,25.854839324951172,85.54772186279297
Step-Separation,0.06907994020730257,Q2-OUTERSKIN,3.4445765018463135,1.4771347,0.4989252,-3.071523,25.408706665039062,167.2849884033203
Step-Separation,0.07107907999306917,ADAPTER,0.0,0.0,0.0,0.0,0.0,0.0
Step-Separation,0.07107907999306917,Q1-CORE,1.601883888244629,0.18157133,0.060141046,1.5904236,10.498737335205078,2.6127336025238037
Step-Separation,0.07107907999306917,Q1-INNERSKIN,1.6108390092849731,0.18125564,0.05038226,1.5998157,10.507899284362793,136.94046020507812
Step-Separation,0.07107907999306917,Q1-OUTERSKIN,1.3457001447677612,0.12220922,0.28825268,1.308772,10.470000267028809,88.69126892089844
Step-Separation,0.07107907999306917,Q2-CORE,3.69490647315979,1.5473559,-0.002785802,-3.3552966,25.546979904174805,2.59035325050354
Step-Separation,0.07107907999306917,Q2-INNERSKIN,3.6955111026763916,1.5456594,-0.018124862,-3.3566964,25.53949546813965,86.00257110595703
Step-Separation,0.07107907999306917,Q2-OUTERSKIN,3.4938530921936035,1.4936235,0.5042205,-3.1179898,25.16301727294922,167.7326202392578
Step-Separation,0.07307821977883577,ADAPTER,0.0,0.0,0.0,0.0,0.0,0.0
Step-Separation,0.07307821977883577,Q1-CORE,1.6117119789123535,0.17828399,0.06351693,1.6005611,10.262916564941406,2.610668897628784
Step-Separation,0.07307821977883577,Q1-INNERSKIN,1.6209080219268799,0.17806946,0.053868424,1.6101964,10.268007278442383,137.33045959472656
Step-Separation,0.07307821977883577,Q1-OUTERSKIN,1.3554350137710571,0.11877564,0.2904133,1.3186191,10.08426570892334,88.24227905273438
Step-Separation,0.07307821977883577,Q2-CORE,3.738887310028076,1.5609521,0.0016162843,-3.3974555,24.663822174072266,2.5859596729278564
Step-Separation,0.07307821977883577,Q2-INNERSKIN,3.7394800186157227,1.559242,-0.013731254,-3.3988655,24.555498123168945,85.36296081542969
Step-Separation,0.07307821977883577,Q2-OUTERSKIN,3.538472890853882,1.5076638,0.509058,-3.1604748,24.05152130126953,167.38414001464844
Step-Separation,0.07507735956460238,ADAPTER,0.0,0.0,0.0,0.0,0.0,0.0
Step-Separation,0.07507735956460238,Q1-CORE,1.6221730709075928,0.17530712,0.06667876,1.6112936,10.218100547790527,2.61606502532959
Step-Separation,0.07507735956460238,Q1-INNERSKIN,1.6316078901290894,0.1752068,0.05712906,1.6211672,9.952865600585938,137.7825164794922
Step-Separation,0.07507735956460238,Q1-OUTERSKIN,1.365806221961975,0.11564328,0.29254034,1.3290875,10.218085289001465,88.00338745117188
Step-Separation,0.07507735956460238,Q2-CORE,3.780297040939331,1.5735769,0.0058948994,-3.437218,24.063566207885742,2.584972381591797
Step-Separation,0.07507735956460238,Q2-INNERSKIN,3.7808713912963867,1.5718818,-0.009445922,-3.438617,23.314897537231445,85.42143249511719
Step-Separation,0.07507735956460238,Q2-OUTERSKIN,3.579706907272339,1.5195365,0.513142,-3.200312,23.2363338470459,166.86195373535156
Step-Separation,0.07707649935036898,ADAPTER,0.0,0.0,0.0,0.0,0.0,0.0
Step-Separation,0.07707649935036898,Q1-CORE,1.6319876909255981,0.17222412,0.069958135,1.6213663,10.18606185913086,2.617826461791992
Step-Separation,0.07707649935036898,Q1-INNERSKIN,1.6416627168655396,0.1722308,0.060511407,1.6314813,10.189494132995605,138.13900756835938
Step-Separation,0.07707649935036898,Q1-OUTERSKIN,1.375600814819336,0.11231352,0.29447585,1.3390098,9.972719192504883,87.64582061767578
Step-Separation,0.07707649935036898,Q2-CORE,3.824506998062134,1.5881827,0.009689234,-3.479143,23.412105560302734,2.591094732284546
Step-Separation,0.07707649935036898,Q2-INNERSKIN,3.8250651359558105,1.5865022,-0.0056687687,-3.480532,23.413042068481445,85.0925521850586
Step-Separation,0.07707649935036898,Q2-OUTERSKIN,3.623534679412842,1.5330144,0.5179441,-3.2421603,23.02860450744629,166.99391174316406
Step-Separation,0.07907563913613558,ADAPTER,0.0,0.0,0.0,0.0,0.0,0.0
Step-Separation,0.07907563913613558,Q1-CORE,1.6420141458511353,0.16940887,0.073073044,1.6316162,9.906060218811035,2.6220431327819824
Step-Separation,0.07907563913613558,Q1-INNERSKIN,1.651934027671814,0.16950645,0.063729525,1.641978,9.897971153259277,138.63507080078125
Step-Separation,0.07907563913613558,Q1-OUTERSKIN,1.3854336738586426,0.1092001,0.29626107,1.3489741,9.793957710266113,87.37234497070312
Step-Separation,0.07907563913613558,Q2-CORE,3.866220712661743,1.6011648,0.013688896,-3.519055,23.40860939025879,2.586977481842041
Step-Separation,0.07907563913613558,Q2-INNERSKIN,3.8667635917663574,1.5994908,-0.001667764,-3.5204384,23.1638126373291,84.7204818725586
Step-Separation,0.07907563913613558,Q2-OUTERSKIN,3.6653189659118652,1.5455459,0.5221532,-3.2822564,23.12136459350586,166.54920959472656
Step-Separation,0.08107477892190218,ADAPTER,0.0,0.0,0.0,0.0,0.0,0.0
Step-Separation,0.08107477892190218,Q1-CORE,1.6516971588134766,0.16643892,0.07602292,1.6415304,9.810704231262207,2.627002000808716
Step-Separation,0.08107477892190218,Q1-INNERSKIN,1.6618618965148926,0.16663201,0.066781014,1.6521378,9.735175132751465,139.06434631347656
Step-Separation,0.08107477892190218,Q1-OUTERSKIN,1.3950674533843994,0.10616163,0.2979463,1.3587388,9.81069564819336,87.11194610595703
Step-Separation,0.08107477892190218,Q2-CORE,3.9081575870513916,1.6143235,0.017359186,-3.5591226,22.62299346923828,2.5905160903930664
Step-Separation,0.08107477892190218,Q2-INNERSKIN,3.9086880683898926,1.6126547,0.0019946024,-3.5605032,22.549381256103516,84.52418518066406
Step-Separation,0.08107477892190218,Q2-OUTERSKIN,3.7069809436798096,1.5580118,0.52633995,-3.3222392,22.586877822875977,166.34228515625
Step-Separation,0.08307391870766878,ADAPTER,0.0,0.0,0.0,0.0,0.0,0.0
Step-Separation,0.08307391870766878,Q1-CORE,1.6615331172943115,0.16369475,0.078844264,1.6515689,9.8234224319458,2.6287360191345215
Step-Separation,0.08307391870766878,Q1-INNERSKIN,1.6719449758529663,0.16397935,0.069706485,1.6624235,9.61125659942627,139.51455688476562
Step-Separation,0.08307391870766878,Q1-OUTERSKIN,1.4047242403030396,0.1031256,0.29952198,1.36854,9.823409080505371,86.89430236816406
Step-Separation,0.08307391870766878,Q2-CORE,3.9507291316986084,1.6279337,0.020877123,-3.5996745,22.70441246032715,2.5943844318389893
Step-Separation,0.08307391870766878,Q2-INNERSKIN,3.951246738433838,1.6262746,0.005505398,-3.6010487,22.175189971923828,84.29749298095703
Step-Separation,0.08307391870766878,Q2-OUTERSKIN,3.7494571208953857,1.5708407,0.5306082,-3.3629367,22.075937271118164,166.84898376464844
Step-Separation,0.08507305849343538,ADAPTER,0.0,0.0,0.0,0.0,0.0,0.0
Step-Separation,0.08507305849343538,Q1-CORE,1.6708745956420898,0.16081527,0.08178671,1.6611054,9.591819763183594,2.631035327911377
Step-Separation,0.08507305849343538,Q1-INNERSKIN,1.6815296411514282,0.16120215,0.07274997,1.6722032,9.56047534942627,139.90237426757812
Step-Separation,0.08507305849343538,Q1-OUTERSKIN,1.414108395576477,0.10006576,0.30125922,1.3780175,9.587011337280273,86.55504608154297
Step-Separation,0.08507305849343538,Q2-CORE,3.9920663833618164,1.6407548,0.024467647,-3.6392195,22.524171829223633,2.5905277729034424
Step-Separation,0.08507305849343538,Q2-INNERSKIN,3.9925718307495117,1.6391013,0.0090899505,-3.64059,22.17322540283203,84.15975952148438
Step-Separation,0.08507305849343538,Q2-OUTERSKIN,3.790667772293091,1.5830504,0.53470737,-3.4025288,22.255142211914062,166.6952362060547
Step-Separation,0.08707219827920198,ADAPTER,0.0,0.0,0.0,0.0,0.0,0.0
Step-Separation,0.08707219827920198,Q1-CORE,1.6802444458007812,0.1581124,0.08449291,1.6706533,9.441182136535645,2.633643388748169
Step-Separation,0.08707219827920198,Q1-INNERSKIN,1.6911450624465942,0.15859956,0.07555805,1.6819955,9.38809871673584,140.3092498779297
Step-Separation,0.08707219827920198,Q1-OUTERSKIN,1.423229694366455,0.097078234,0.3027738,1.3872586,9.436203002929688,86.30026245117188
Step-Separation,0.08707219827920198,Q2-CORE,4.033405303955078,1.6536714,0.027905691,-3.678716,21.924701690673828,2.591219186782837
Step-Separation,0.08707219827920198,Q2-INNERSKIN,4.033897399902344,1.6520303,0.012522876,-3.6800773,21.924386978149414,84.1479721069336
Step-Separation,0.08707219827920198,Q2-OUTERSKIN,3.831735610961914,1.5952154,0.5387791,-3.4419765,21.694093704223633,166.450927734375
Step-Separation,0.08907133806496859,ADAPTER,0.0,0.0,0.0,0.0,0.0,0.0
Step-Separation,0.08907133806496859,Q1-CORE,1.6892054080963135,0.15535079,0.0872864,1.6797804,9.329660415649414,2.636707067489624
Step-Separation,0.08907133806496859,Q1-INNERSKIN,1.7003512382507324,0.15593751,0.07845107,1.6913673,9.297834396362305,140.68557739257812
Step-Separation,0.08907133806496859,Q1-OUTERSKIN,1.4321155548095703,0.09423482,0.30427092,1.3962429,9.327312469482422,85.97837829589844
Step-Separation,0.08907133806496859,Q2-CORE,4.074775218963623,1.6666393,0.031168591,-3.7182164,21.813791275024414,2.5957212448120117
Step-Separation,0.08907133806496859,Q2-INNERSKIN,4.075257301330566,1.6650003,0.015776407,-3.7195764,21.812833786010742,84.03882598876953
Step-Separation,0.08907133806496859,Q2-OUTERSKIN,3.872915744781494,1.6075338,0.5428222,-3.481473,21.697269439697266,166.62937927246094
Step-Separation,0.09107047785073519,ADAPTER,0.0,0.0,0.0,0.0,0.0,0.0
Step-Separation,0.09107047785073519,Q1-CORE,1.698220133781433,0.15263857,0.08997396,1.6889516,9.334020614624023,2.6404688358306885
Step-Separation,0.09107047785073519,Q1-INNERSKIN,1.709610939025879,0.15332629,0.08123617,1.7007825,9.333662033081055,141.05845642089844
Step-Separation,0.09107047785073519,Q1-OUTERSKIN,1.441001057624817,0.09123976,0.3056812,1.4052467,9.320976257324219,85.72879028320312
Step-Separation,0.09107047785073519,Q2-CORE,4.113792896270752,1.6781583,0.03443924,-3.755781,21.809505462646484,2.5963568687438965
Step-Separation,0.09107047785073519,Q2-INNERSKIN,4.114264965057373,1.676524,0.019041762,-3.7571375,21.597230911254883,83.83068084716797
Step-Separation,0.09107047785073519,Q2-OUTERSKIN,3.911989688873291,1.6187074,0.5465435,-3.519196,21.586021423339844,166.36582946777344
Step-Separation,0.09306961763650179,ADAPTER,0.0,0.0,0.0,0.0,0.0,0.0
Step-Separation,0.09306961763650179,Q1-CORE,1.7072300910949707,0.14992613,0.092479035,1.6981179,9.178988456726074,2.6436808109283447
Step-Separation,0.09306961763650179,Q1-INNERSKIN,1.7188665866851807,0.15071534,0.0838393,1.7101924,9.178955078125,141.42434692382812
Step-Separation,0.09306961763650179,Q1-OUTERSKIN,1.4498802423477173,0.08829971,0.3069418,1.4142641,9.168766975402832,85.45187377929688
Step-Separation,0.09306961763650179,Q2-CORE,4.153311729431152,1.6900465,0.037749346,-3.7937207,21.961231231689453,2.5940334796905518
Step-Separation,0.09306961763650179,Q2-INNERSKIN,4.153774738311768,1.688415,0.022343598,-3.7950757,21.654775619506836,83.67950439453125
Step-Separation,0.09306961763650179,Q2-OUTERSKIN,3.9512832164764404,1.6299152,0.55043143,-3.5571113,21.497560501098633,166.12774658203125
Step-Separation,0.09506875742226839,ADAPTER,0.0,0.0,0.0,0.0,0.0,0.0
Step-Separation,0.09506875742226839,Q1-CORE,1.7161725759506226,0.14719851,0.094908394,1.7072121,9.275150299072266,2.645885705947876
Step-Separation,0.09506875742226839,Q1-INNERSKIN,1.7280561923980713,0.14808674,0.08636344,1.7195319,9.273740768432617,141.78269958496094
Step-Separation,0.09506875742226839,Q1-OUTERSKIN,1.4587068557739258,0.08545861,0.3082194,1.4232088,9.185185432434082,85.17707824707031
Step-Separation,0.09506875742226839,Q2-CORE,4.1936516761779785,1.7023804,0.040976666,-3.832354,21.683345794677734,2.5959579944610596
Step-Separation,0.09506875742226839,Q2-INNERSKIN,4.194104194641113,1.7007554,0.025558792,-3.833704,21.437353134155273,83.5762710571289
Step-Separation,0.09506875742226839,Q2-OUTERSKIN,3.9915943145751953,1.6416613,0.5544845,-3.5958755,21.274545669555664,166.24742126464844
Step-Separation,0.09706789720803499,ADAPTER,0.0,0.0,0.0,0.0,0.0,0.0
Step-Separation,0.09706789720803499,Q1-CORE,1.7251225709915161,0.14447723,0.09754557,1.7162923,9.117656707763672,2.6479804515838623
Step-Separation,0.09706789720803499,Q1-INNERSKIN,1.737253189086914,0.1454617,0.08909569,1.7288585,9.117474555969238,142.19052124023438
Step-Separation,0.09706789720803499,Q1-OUTERSKIN,1.4675284624099731,0.08257998,0.30971953,1.4320943,9.071783065795898,84.9233627319336
Step-Separation,0.09706789720803499,Q2-CORE,4.233079433441162,1.7140265,0.044299453,-3.870286,21.361299514770508,2.595107078552246
Step-Separation,0.09706789720803499,Q2-INNERSKIN,4.233522415161133,1.712406,0.028875671,-3.871633,21.23395347595215,83.44026184082031
Step-Separation,0.09706789720803499,Q2-OUTERSKIN,4.030935287475586,1.6528906,0.558393,-3.633812,21.15471649169922,166.0170440673828
Step-Separation,0.0990670369938016,ADAPTER,0.0,0.0,0.0,0.0,0.0,0.0
Step-Separation,0.0990670369938016,Q1-CORE,1.7340086698532104,0.14171866,0.10018738,1.7253011,9.126507759094238,2.650763750076294
Step-Separation,0.0990670369938016,Q1-INNERSKIN,1.746387004852295,0.14279696,0.09183333,1.7381148,9.124099731445312,142.5999298095703
Step-Separation,0.0990670369938016,Q1-OUTERSKIN,1.4763553142547607,0.07962485,0.3112382,1.4409773,9.055554389953613,84.6214370727539
Step-Separation,0.0990670369938016,Q2-CORE,4.272913455963135,1.7258718,0.047482684,-3.9085677,21.320598602294922,2.596177816390991
Step-Separation,0.0990670369938016,Q2-INNERSKIN,4.2733473777771,1.7242564,0.032047518,-3.9099119,20.881532669067383,83.38273620605469
Step-Separation,0.0990670369938016,Q2-OUTERSKIN,4.070751190185547,1.6641841,0.5622721,-3.6722414,20.939584732055664,166.08383178710938
Step-Separation,0.1010661767795682,ADAPTER,0.0,0.0,0.0,0.0,0.0,0.0
Step-Separation,0.1010661767795682,Q1-CORE,1.7430328130722046,0.13899149,0.10286868,1.7344345,9.134236335754395,2.6537270545959473
Step-Separation,0.1010661767795682,Q1-INNERSKIN,1.75565767288208,0.14016768,0.09460863,1.7474942,9.132412910461426,142.99461364746094
Step-Separation,0.1010661767795682,Q1-OUTERSKIN,1.4852508306503296,0.07673203,0.31283233,1.4499028,9.042485237121582,84.3328857421875
Step-Separation,0.1010661767795682,Q2-CORE,4.313401222229004,1.7381337,0.05064051,-3.9473734,21.13077735900879,2.596992015838623
Step-Separation,0.1010661767795682,Q2-INNERSKIN,4.313826560974121,1.7365226,0.03519503,-3.9487152,21.12969970703125,83.44357299804688
Step-Separation,0.1010661767795682,Q2-OUTERSKIN,4.111060619354248,1.6757759,0.5662143,-3.7110639,20.917560577392578,166.29891967773438
Step-Separation,0.1030653165653348,ADAPTER,0.0,0.0,0.0,0.0,0.0,0.0
Step-Separation,0.1030653165653348,Q1-CORE,1.752158761024475,0.13626282,0.10550635,1.7436632,9.010906219482422,2.6571412086486816
Step-Separation,0.1030653165653348,Q1-INNERSKIN,1.7650299072265625,0.13753857,0.09734032,1.7569685,9.01094913482666,143.38265991210938
Step-Separation,0.1030653165653348,Q1-OUTERSKIN,1.4942498207092285,0.07389029,0.31439173,1.4589313,8.939644813537598,84.03197479248047
Step-Separation,0.1030653165653348,Q2-CORE,4.352333068847656,1.7493821,0.053850785,-3.9849174,21.183631896972656,2.597951889038086
Step-Separation,0.1030653165653348,Q2-INNERSKIN,4.352748870849609,1.7477759,0.038396396,-3.9862552,21.01141929626465,83.333984375
Step-Separation,0.1030653165653348,Q2-OUTERSKIN,4.149937629699707,1.686601,0.57003015,-3.748656,20.94158935546875,166.23802185058594
Step-Separation,0.1050644563511014,ADAPTER,0.0,0.0,0.0,0.0,0.0,0.0
Step-Separation,0.1050644563511014,Q1-CORE,1.7612725496292114,0.13371554,0.10806102,1.7528616,8.894536018371582,2.659677028656006
Step-Separation,0.1050644563511014,Q1-INNERSKIN,1.7743902206420898,0.13509066,0.09998991,1.7664126,8.892422676086426,143.74635314941406
Step-Separation,0.1050644563511014,Q1-OUTERSKIN,1.5032302141189575,0.07112967,0.31588933,1.4679426,8.861379623413086,83.77303314208984
Step-Separation,0.1050644563511014,Q2-CORE,4.390732765197754,1.7605208,0.05701974,-4.021921,21.248403549194336,2.5982935428619385
Step-Separation,0.1050644563511014,Q2-INNERSKIN,4.391140460968018,1.7589188,0.041559413,-4.0232563,21.021451950073242,83.26341247558594
Step-Separation,0.1050644563511014,Q2-OUTERSKIN,4.188267707824707,1.6971916,0.57376087,-3.7857533,21.02642250061035,166.1940460205078
Step-Separation,0.107063596136868,ADAPTER,0.0,0.0,0.0,0.0,0.0,0.0
Step-Separation,0.107063596136868,Q1-CORE,1.7702780961990356,0.13118953,0.11053211,1.7619468,8.758906364440918,2.66202974319458
Step-Separation,0.107063596136868,Q1-INNERSKIN,1.783644437789917,0.13265972,0.10255564,1.7757453,8.762632369995117,144.14735412597656
Step-Separation,0.107063596136868,Q1-OUTERSKIN,1.5121536254882812,0.06832284,0.31726876,1.4769162,8.694162368774414,83.54773712158203
Step-Separation,0.107063596136868,Q2-CORE,4.429544925689697,1.7717981,0.060093775,-4.059309,20.91824722290039,2.600057601928711
Step-Separation,0.107063596136868,Q2-INNERSKIN,4.4299445152282715,1.7702026,0.044621892,-4.0606403,20.82024383544922,83.18018341064453
Step-Separation,0.107063596136868,Q2-OUTERSKIN,4.226866245269775,1.7077607,0.57761514,-3.8231285,20.813121795654297,166.28790283203125
Step-Separation,0.1090627359226346,ADAPTER,0.0,0.0,0.0,0.0,0.0,0.0
Step-Separation,0.1090627359226346,Q1-CORE,1.7791060209274292,0.12858789,0.113048635,1.7708483,8.804593086242676,2.663849115371704
Step-Separation,0.1090627359226346,Q1-INNERSKIN,1.7927204370498657,0.13015367,0.10516722,1.784894,8.802424430847168,144.50405883789062
Step-Separation,0.1090627359226346,Q1-OUTERSKIN,1.520826816558838,0.06552466,0.31865722,1.4856238,8.773880958557129,83.25897216796875
Step-Separation,0.1090627359226346,Q2-CORE,4.466982841491699,1.7821488,0.063270055,-4.0955925,20.821407318115234,2.5989506244659424
Step-Separation,0.1090627359226346,Q2-INNERSKIN,4.467375755310059,1.7805594,0.047793105,-4.096922,20.821535110473633,83.02618408203125
Step-Separation,0.1090627359226346,Q2-OUTERSKIN,4.264252662658691,1.7176383,0.581293,-3.8594904,20.64568519592285,166.14088439941406
Step-Separation,0.1110618757084012,ADAPTER,0.0,0.0,0.0,0.0,0.0,0.0
Step-Separation,0.1110618757084012,Q1-CORE,1.7878751754760742,0.12599866,0.11558475,1.7796803,8.826797485351562,2.6669809818267822
Step-Separation,0.1110618757084012,Q1-INNERSKIN,1.8017370700836182,0.12766129,0.1077983,1.7939728,8.82568073272705,144.87559509277344
Step-Separation,0.1110618757084012,Q1-OUTERSKIN,1.5295016765594482,0.06281379,0.32006288,1.4943192,8.754281044006348,83.01437377929688
Step-Separation,0.1110618757084012,Q2-CORE,4.504741668701172,1.7927558,0.06636037,-4.1321087,20.627004623413086,2.598832607269287
Step-Separation,0.1110618757084012,Q2-INNERSKIN,4.505124568939209,1.7911713,0.05087649,-4.1334324,20.59458351135254,82.9100112915039
Step-Separation,0.1110618757084012,Q2-OUTERSKIN,4.301891326904297,1.7276074,0.58496356,-3.8960824,20.568552017211914,166.11363220214844
Step-Separation,0.1130610154941678,ADAPTER,0.0,0.0,0.0,0.0,0.0,0.0
Step-Separation,0.1130610154941678,Q1-CORE,1.7965747117996216,0.123425476,0.118188135,1.788429,8.829035758972168,2.6701393127441406
Step-Separation,0.1130610154941678,Q1-INNERSKIN,1.8106837272644043,0.12518637,0.11049596,1.8029683,8.827616691589355,145.22946166992188
Step-Separation,0.1130610154941678,Q1-OUTERSKIN,1.538077712059021,0.060068898,0.32152152,1.5028968,8.733329772949219,82.72294616699219
Step-Separation,0.1130610154941678,Q2-CORE,4.543118000030518,1.8036511,0.0693659,-4.1691666,20.509756088256836,2.6008636951446533
Step-Separation,0.1130610154941678,Q2-INNERSKIN,4.543493747711182,1.8020717,0.053872272,-4.1704884,20.216373443603516,82.85909271240234
Step-Separation,0.1130610154941678,Q2-OUTERSKIN,4.340121746063232,1.7378951,0.5887132,-3.9331658,20.183612823486328,166.16903686523438
Step-Separation,0.1150601552799344,ADAPTER,0.0,0.0,0.0,0.0,0.0,0.0
Step-Separation,0.1150601552799344,Q1-CORE,1.8053234815597534,0.12087757,0.12072422,1.797222,8.769739151000977,2.672715425491333
Step-Separation,0.1150601552799344,Q1-INNERSKIN,1.8196799755096436,0.122735836,0.11312585,1.8120083,8.767111778259277,145.60702514648438
Step-Separation,0.1150601552799344,Q1-OUTERSKIN,1.5466967821121216,0.057356194,0.32293314,1.5115209,8.668821334838867,82.4754409790039
Step-Separation,0.1150601552799344,Q2-CORE,4.580573081970215,1.813948,0.07250831,-4.205471,20.188928604125977,2.6008641719818115
Step-Separation,0.1150601552799344,Q2-INNERSKIN,4.580945014953613,1.8123745,0.05700876,-4.206793,20.18864631652832,82.78726959228516
Step-Separation,0.1150601552799344,Q2-OUTERSKIN,4.3775153160095215,1.7476708,0.59235924,-3.9695587,20.055561065673828,166.10609436035156
Step-Separation,0.11705929506570101,ADAPTER,0.0,0.0,0.0,0.0,0.0,0.0
Step-Separation,0.11705929506570101,Q1-CORE,1.8139848709106445,0.118305765,0.12321017,1.8059248,8.70814323425293,2.6747679710388184
Step-Separation,0.11705929506570101,Q1-INNERSKIN,1.828589916229248,0.1202602,0.115705065,1.8209589,8.707304954528809,145.9600067138672
Step-Separation,0.11705929506570101,Q1-OUTERSKIN,1.5552310943603516,0.05460931,0.32431257,1.5200602,8.649483680725098,82.20194244384766
Step-Separation,0.11705929506570101,Q2-CORE,4.618067264556885,1.8242545,0.07558725,-4.241807,20.32166290283203,2.600450038909912
Step-Separation,0.11705929506570101,Q2-INNERSKIN,4.618431568145752,1.8226874,0.06008037,-4.243125,20.063310623168945,82.68274688720703
Step-Separation,0.11705929506570101,Q2-OUTERSKIN,4.414909839630127,1.757388,0.5960302,-4.005966,20.07381820678711,166.0911407470703
Step-Separation,0.11905843485146761,ADAPTER,0.0,0.0,0.0,0.0,0.0,0.0
Step-Separation,0.11905843485146761,Q1-CORE,1.8226954936981201,0.11583903,0.12566918,1.8146645,8.628482818603516,2.6774487495422363
Step-Separation,0.11905843485146761,Q1-INNERSKIN,1.8375484943389893,0.11789007,0.118256845,1.8299458,8.627028465270996,146.32032775878906
Step-Separation,0.11905843485146761,Q1-OUTERSKIN,1.5638315677642822,0.05188657,0.32571763,1.5286547,8.587326049804688,81.98084259033203
Step-Separation,0.11905843485146761,Q2-CORE,4.655601978302002,1.8345046,0.07863923,-4.278205,20.06021499633789,2.60129714012146
Step-Separation,0.11905843485146761,Q2-INNERSKIN,4.655958652496338,1.8329414,0.063124925,-4.27952,19.950990676879883,82.58396911621094
Step-Separation,0.11905843485146761,Q2-OUTERSKIN,4.452279090881348,1.7670608,0.5996916,-4.0423574,19.944801330566406,166.15435791015625
Step-Separation,0.12105757463723421,ADAPTER,0.0,0.0,0.0,0.0,0.0,0.0
Step-Separation,0.12105757463723421,Q1-CORE,1.8313828706741333,0.1132847,0.128165,1.823377,8.623540878295898,2.680598020553589
Step-Separation,0.12105757463723421,Q1-INNERSKIN,1.8464841842651367,0.11543254,0.12084525,1.838906,8.622106552124023,146.7376251220703
Step-Separation,0.12105757463723421,Q1-OUTERSKIN,1.5724127292633057,0.04921502,0.32710516,1.5372255,8.562407493591309,81.65406036376953
Step-Separation,0.12105757463723421,Q2-CORE,4.692418575286865,1.8443029,0.08170644,-4.3140078,19.940937042236328,2.6008429527282715
Step-Separation,0.12105757463723421,Q2-INNERSKIN,4.692767143249512,1.8427452,0.0661862,-4.315318,19.802791595458984,82.48826599121094
Step-Separation,0.12105757463723421,Q2-OUTERSKIN,4.488962650299072,1.7763022,0.60324305,-4.07819,19.778247833251953,166.05625915527344
Step-Separation,0.12305671442300081,ADAPTER,0.0,0.0,0.0,0.0,0.0,0.0
Step-Separation,0.12305671442300081,Q1-CORE,1.8401191234588623,0.11079992,0.13062513,1.8321296,8.5958833694458,2.6828224658966064
Step-Separation,0.12305671442300081,Q1-INNERSKIN,1.8554688692092896,0.1130446,0.123398595,1.8479065,8.594488143920898,147.057861328125
Step-Separation,0.12305671442300081,Q1-OUTERSKIN,1.5810272693634033,0.046512906,0.32856733,1.5458096,8.540002822875977,81.46695709228516
Step-Separation,0.12305671442300081,Q2-CORE,4.729244709014893,1.8541226,0.084743656,-4.349805,20.1636962890625,2.602128744125366
Step-Separation,0.12305671442300081,Q2-INNERSKIN,4.729584217071533,1.8525705,0.069216356,-4.3511105,19.854984283447266,82.37409973144531
Step-Separation,0.12305671442300081,Q2-OUTERSKIN,4.52567195892334,1.7854953,0.6068362,-4.1140566,19.834468841552734,166.02854919433594
Step-Separation,0.12505585420876741,ADAPTER,0.0,0.0,0.0,0.0,0.0,0.0
Step-Separation,0.12505585420876741,Q1-CORE,1.8488633632659912,0.10831007,0.13304561,1.8408866,8.620706558227539,2.6837687492370605
Step-Separation,0.12505585420876741,Q1-INNERSKIN,1.864461064338684,0.110652834,0.12591234,1.8569106,8.61911678314209,147.42953491210938
Step-Separation,0.12505585420876741,Q1-OUTERSKIN,1.589571475982666,0.043958347,0.3298956,1.5543404,8.527941703796387,81.25662994384766
Step-Separation,0.12505585420876741,Q2-CORE,4.765786170959473,1.8637111,0.087777145,-4.385384,19.8719425201416,2.6027114391326904
Step-Separation,0.12505585420876741,Q2-INNERSKIN,4.766117572784424,1.8621655,0.07224261,-4.386684,19.809099197387695,82.29169464111328
Step-Separation,0.12505585420876741,Q2-OUTERSKIN,4.562127113342285,1.7945147,0.6104028,-4.149714,19.694448471069336,166.01416015625
Step-Separation,0.12705499399453402,ADAPTER,0.0,0.0,0.0,0.0,0.0,0.0
Step-Separation,0.12705499399453402,Q1-CORE,1.8573503494262695,0.10579684,0.13547385,1.8493794,8.618792533874512,2.687441825866699
Step-Separation,0.12705499399453402,Q1-INNERSKIN,1.8731964826583862,0.10823691,0.12843421,1.8656512,8.617228507995605,147.763671875
Step-Separation,0.12705499399453402,Q1-OUTERSKIN,1.5979362726211548,0.041207153,0.33124906,1.5626824,8.521078109741211,80.93205261230469
Step-Separation,0.12705499399453402,Q2-CORE,4.80198335647583,1.873034,0.090805076,-4.420695,19.710525512695312,2.6021575927734375
Step-Separation,0.12705499399453402,Q2-INNERSKIN,4.80230712890625,1.8714935,0.07526449,-4.421991,19.691980361938477,82.16944122314453
Step-Separation,0.12705499399453402,Q2-OUTERSKIN,4.5982346534729,1.8033395,0.61392057,-4.1850724,19.574321746826172,165.90505981445312
Step-Separation,0.12905413378030062,ADAPTER,0.0,0.0,0.0,0.0,0.0,0.0
Step-Separation,0.12905413378030062,Q1-CORE,1.8659294843673706,0.1032994,0.13792023,1.8579559,8.51186466217041,2.6882667541503906
Step-Separation,0.12905413378030062,Q1-INNERSKIN,1.8820245265960693,0.10583481,0.13097137,1.8744764,8.510448455810547,148.14219665527344
Step-Separation,0.12905413378030062,Q1-OUTERSKIN,1.6063555479049683,0.038620856,0.332642,1.5710621,8.423083305358887,80.71345520019531
Step-Separation,0.12905413378030062,Q2-CORE,4.838212490081787,1.882362,0.093795426,-4.4560313,19.637819290161133,2.6027069091796875
Step-Separation,0.12905413378030062,Q2-INNERSKIN,4.838531017303467,1.8808262,0.07824809,-4.4573255,19.562366485595703,82.07718658447266
Step-Separation,0.12905413378030062,Q2-OUTERSKIN,4.6344218254089355,1.8121502,0.6174417,-4.220515,19.543420791625977,165.87615966796875
Step-Separation,0.13105327356606722,ADAPTER,0.0,0.0,0.0,0.0,0.0,0.0
Step-Separation,0.13105327356606722,Q1-CORE,1.8743494749069214,0.10084584,0.14033413,1.866366,8.49002742767334,2.692582368850708
Step-Separation,0.13105327356606722,Q1-INNERSKIN,1.89069402217865,0.10347575,0.13347635,1.8831358,8.488078117370605,148.51927185058594
Step-Separation,0.13105327356606722,Q1-OUTERSKIN,1.614759922027588,0.03594289,0.3340285,1.5794249,8.419055938720703,80.41970825195312
Step-Separation,0.13105327356606722,Q2-CORE,4.874471187591553,1.8916394,0.09678955,-4.491414,19.455766677856445,2.60314679145813
Step-Separation,0.13105327356606722,Q2-INNERSKIN,4.874783039093018,1.8901088,0.081235744,-4.4927053,19.397201538085938,82.00899505615234
Step-Separation,0.13105327356606722,Q2-OUTERSKIN,4.670523643493652,1.8208858,0.6209792,-4.255884,19.408443450927734,165.870849609375
Step-Separation,0.13305241335183382,ADAPTER,0.0,0.0,0.0,0.0,0.0,0.0
Step-Separation,0.13305241335183382,Q1-CORE,1.8829450607299805,0.09842022,0.14271608,1.8749474,8.444506645202637,2.69520902633667
Step-Separation,0.13305241335183382,Q1-INNERSKIN,1.8995393514633179,0.101145126,0.13594988,1.8919665,8.442889213562012,148.86463928222656
Step-Separation,0.13305241335183382,Q1-OUTERSKIN,1.6231940984725952,0.033340387,0.33536714,1.5878212,8.3965425491333,80.20849609375
Step-Separation,0.13305241335183382,Q2-CORE,4.910416603088379,1.9007121,0.099786036,-4.526536,19.427703857421875,2.603444814682007
Step-Separation,0.13305241335183382,Q2-INNERSKIN,4.910722732543945,1.8991865,0.08422575,-4.527825,19.365028381347656,81.92855072021484
Step-Separation,0.13305241335183382,Q2-OUTERSKIN,4.7064104080200195,1.8294568,0.6244912,-4.2910833,19.32966423034668,165.82379150390625
Step-Separation,0.13505155313760042,ADAPTER,0.0,0.0,0.0,0.0,0.0,0.0
Step-Separation,0.13505155313760042,Q1-CORE,1.8914477825164795,0.09599986,0.14507642,1.8834307,8.442647933959961,2.697420120239258
Step-Separation,0.13505155313760042,Q1-INNERSKIN,1.908291220664978,0.098820716,0.13840076,1.9006985,8.441407203674316,149.1976318359375
Step-Separation,0.13505155313760042,Q1-OUTERSKIN,1.6315674781799316,0.030773204,0.33671543,1.5961479,8.442651748657227,79.94257354736328
Step-Separation,0.13505155313760042,Q2-CORE,4.946365833282471,1.9097794,0.102768265,-4.561657,19.34186553955078,2.603732109069824
Step-Separation,0.13505155313760042,Q2-INNERSKIN,4.946664333343506,1.9082584,0.08720166,-4.5629416,19.34236717224121,81.83424377441406
Step-Separation,0.13505155313760042,Q2-OUTERSKIN,4.742264747619629,1.8379607,0.62801343,-4.326266,19.28148651123047,165.796875
Step-Separation,0.13705069292336702,ADAPTER,0.0,0.0,0.0,0.0,0.0,0.0
Step-Separation,0.13705069292336702,Q1-CORE,1.8999189138412476,0.09359868,0.14744279,1.8918753,8.431737899780273,2.699563503265381
Step-Separation,0.13705069292336702,Q1-INNERSKIN,1.917012095451355,0.09651452,0.14085758,1.9093925,8.430879592895508,149.55697631835938
Step-Separation,0.13705069292336702,Q1-OUTERSKIN,1.639906644821167,0.02822119,0.33808228,1.6044307,8.396456718444824,79.70143127441406
Step-Separation,0.13705069292336702,Q2-CORE,4.9821248054504395,1.9186836,0.10573084,-4.5966334,19.349496841430664,2.604260206222534
Step-Separation,0.13705069292336702,Q2-INNERSKIN,4.98241662979126,1.9171677,0.090157665,-4.597914,19.202672958374023,81.74700164794922
Step-Separation,0.13705069292336702,Q2-OUTERSKIN,4.7779388427734375,1.8463364,0.631509,-4.3613,19.19025421142578,165.78079223632812
Step-Separation,0.13904983270913363,ADAPTER,0.0,0.0,0.0,0.0,0.0,0.0
Step-Separation,0.13904983270913363,Q1-CORE,1.908290147781372,0.09116855,0.14983052,1.9002132,8.385322570800781,2.7022440433502197
Step-Separation,0.13904983270913363,Q1-INNERSKIN,1.925632357597351,0.094180815,0.14333504,1.9179794,8.384282112121582,149.89125061035156
Step-Separation,0.13904983270913363,Q1-OUTERSKIN,1.6481285095214844,0.025668293,0.33937863,1.6126038,8.319639205932617,80.27108764648438
Step-Separation,0.13904983270913363,Q2-CORE,5.017688274383545,1.927422,0.10869514,-4.63146,19.238462448120117,2.604489326477051
Step-Separation,0.13904983270913363,Q2-INNERSKIN,5.01797342300415,1.9259113,0.09311619,-4.632737,19.1821231842041,81.6658935546875
Step-Separation,0.13904983270913363,Q2-OUTERSKIN,4.813387870788574,1.8545505,0.6349768,-4.3961515,19.161741256713867,165.73536682128906
Step-Separation,0.14104897249490023,ADAPTER,0.0,0.0,0.0,0.0,0.0,0.0
Step-Separation,0.14104897249490023,Q1-CORE,1.916642427444458,0.08882523,0.15215313,1.9085276,8.305276870727539,2.7049272060394287
Step-Separation,0.14104897249490023,Q1-INNERSKIN,1.9342339038848877,0.091933064,0.14574742,1.9265428,8.303763389587402,150.24156188964844
Step-Separation,0.14104897249490023,Q1-OUTERSKIN,1.6563712358474731,0.023061853,0.34068224,1.6207929,8.259870529174805,81.06785583496094
Step-Separation,0.14104897249490023,Q2-CORE,5.053225994110107,1.9361179,0.11162912,-4.6662703,19.27471923828125,2.6044204235076904
Step-Separation,0.14104897249490023,Q2-INNERSKIN,5.053506374359131,1.9346114,0.09604367,-4.6675453,19.174846649169922,81.57093811035156
Step-Separation,0.14104897249490023,Q2-OUTERSKIN,4.848845958709717,1.8627388,0.6384479,-4.431015,19.139362335205078,165.69821166992188
Step-Separation,0.14304811228066683,ADAPTER,0.0,0.0,0.0,0.0,0.0,0.0
Step-Separation,0.14304811228066683,Q1-CORE,1.9249757528305054,0.086430155,0.15445557,1.9168216,8.309174537658691,2.7076542377471924
Step-Separation,0.14304811228066683,Q1-INNERSKIN,1.942816138267517,0.08963406,0.14813942,1.9350853,8.30781078338623,150.56690979003906
Step-Separation,0.14304811228066683,Q1-OUTERSKIN,1.6645452976226807,0.020557813,0.34199166,1.6289046,8.241833686828613,81.85800170898438
Step-Separation,0.14304811228066683,Q2-CORE,5.0886149406433105,1.944695,0.114567585,-4.7009616,19.18914031982422,2.605239152908325
Step-Separation,0.14304811228066683,Q2-INNERSKIN,5.088888645172119,1.9431936,0.098975964,-4.7022324,19.026195526123047,81.50788116455078
Step-Separation,0.14304811228066683,Q2-OUTERSKIN,4.884151458740234,1.8708105,0.641896,-4.4657555,19.033781051635742,165.68185424804688
Step-Separation,0.14504725206643343,ADAPTER,0.0,0.0,0.0,0.0,0.0,0.0
Step-Separation,0.14504725206643343,Q1-CORE,1.9333226680755615,0.08405802,0.15676498,1.9251223,8.276907920837402,2.710127115249634
Step-Separation,0.14504725206643343,Q1-INNERSKIN,1.9514120817184448,0.08735832,0.1505372,1.9436347,8.275547981262207,150.91136169433594
Step-Separation,0.14504725206643343,Q1-OUTERSKIN,1.6727395057678223,0.01805764,0.34329027,1.6370349,8.214632034301758,82.6492919921875
Step-Separation,0.14504725206643343,Q2-CORE,5.123842239379883,1.9531527,0.11749915,-4.73552,18.979307174682617,2.60545015335083
Step-Separation,0.14504725206643343,Q2-INNERSKIN,5.124109745025635,1.9516562,0.10190118,-4.7367873,18.96348762512207,81.43289947509766
Step-Separation,0.14504725206643343,Q2-OUTERSKIN,4.919302463531494,1.8787634,0.6453395,-4.500369,18.969934463500977,165.63699340820312
Step-Separation,0.14704639185220003,ADAPTER,0.0,0.0,0.0,0.0,0.0,0.0
Step-Separation,0.14704639185220003,Q1-CORE,1.9415687322616577,0.081750944,0.15904436,1.933316,8.260309219360352,2.7120442390441895
Step-Separation,0.14704639185220003,Q1-INNERSKIN,1.95990788936615,0.085146576,0.15290496,1.9520781,8.258886337280273,151.2305145263672
Step-Separation,0.14704639185220003,Q1-OUTERSKIN,1.6808884143829346,0.015520058,0.34458,1.6451169,8.22170352935791,83.43553161621094
Step-Separation,0.14704639185220003,Q2-CORE,5.158985614776611,1.9615221,0.1204207,-4.770017,19.001018524169922,2.605454683303833
Step-Separation,0.14704639185220003,Q2-INNERSKIN,5.159247875213623,1.9600301,0.10481649,-4.771282,18.945741653442383,81.35481262207031
Step-Separation,0.14704639185220003,Q2-OUTERSKIN,4.9543867111206055,1.8866584,0.6487662,-4.534928,18.925785064697266,165.6184844970703
Step-Separation,0.14904553163796663,ADAPTER,0.0,0.0,0.0,0.0,0.0,0.0
Step-Separation,0.14904553163796663,Q1-CORE,1.9498319625854492,0.079409815,0.16132078,1.9415238,8.214950561523438,2.7148959636688232
Step-Separation,0.14904553163796663,Q1-INNERSKIN,1.9684218168258667,0.082900316,0.15526938,1.9605365,8.213295936584473,151.5653533935547
Step-Separation,0.14904553163796663,Q1-OUTERSKIN,1.6889853477478027,0.013060278,0.34585434,1.6531441,8.155473709106445,84.2141342163086
Step-Separation,0.14904553163796663,Q2-CORE,5.194073677062988,1.9698169,0.12331671,-4.8044786,18.960710525512695,2.6058151721954346
Step-Separation,0.14904553163796663,Q2-INNERSKIN,5.194329738616943,1.9683294,0.10770623,-4.8057404,18.87484359741211,81.28414916992188
Step-Separation,0.14904553163796663,Q2-OUTERSKIN,4.989372253417969,1.8944619,0.6521912,-4.569409,18.857702255249023,165.6080780029297
Step-Separation,0.15104467142373323,ADAPTER,0.0,0.0,0.0,0.0,0.0,0.0
Step-Separation,0.15104467142373323,Q1-CORE,1.9580321311950684,0.07709917,0.16357332,1.9496639,8.182389259338379,2.717844247817993
Step-Separation,0.15104467142373323,Q1-INNERSKIN,1.9768723249435425,0.08068433,0.15760985,1.9689269,8.180684089660645,151.89134216308594
Step-Separation,0.15104467142373323,Q1-OUTERSKIN,1.6970524787902832,0.010571341,0.34711403,1.6611403,8.123372077941895,84.98733520507812
Step-Separation,0.15104467142373323,Q2-CORE,5.228947162628174,1.9779894,0.12621158,-4.8387513,18.89427947998047,2.6061975955963135
Step-Separation,0.15104467142373323,Q2-INNERSKIN,5.229197978973389,1.976507,0.11059485,-4.84001,18.814922332763672,81.21778869628906
Step-Separation,0.15104467142373323,Q2-OUTERSKIN,5.024165153503418,1.9021126,0.6555854,-4.603739,18.80371856689453,165.575439453125
Step-Separation,0.15304381120949984,ADAPTER,0.0,0.0,0.0,0.0,0.0,0.0
Step-Separation,0.15304381120949984,Q1-CORE,1.9662104845046997,0.074798465,0.16580176,1.9577789,8.156184196472168,2.7201650142669678
Step-Separation,0.15304381120949984,Q1-INNERSKIN,1.9853001832962036,0.07847828,0.15992558,1.9772916,8.155019760131836,152.22067260742188
Step-Separation,0.15304381120949984,Q1-OUTERSKIN,1.705095648765564,0.008120646,0.34837082,1.6691084,8.092052459716797,85.76667785644531
Step-Separation,0.15304381120949984,Q2-CORE,5.263710975646973,1.9860746,0.12910423,-4.872935,18.849491119384766,2.6065711975097656
Step-Separation,0.15304381120949984,Q2-INNERSKIN,5.263956069946289,1.9845971,0.113482304,-4.8741903,18.741243362426758,81.13448333740234
Step-Separation,0.15304381120949984,Q2-OUTERSKIN,5.058866500854492,1.9096881,0.6589587,-4.637995,18.765409469604492,165.55638122558594
Step-Separation,0.15504295099526644,ADAPTER,0.0,0.0,0.0,0.0,0.0,0.0
Step-Separation,0.15504295099526644,Q1-CORE,1.9743783473968506,0.07250327,0.16802931,1.9658787,8.127666473388672,2.7219109535217285
Step-Separation,0.15504295099526644,Q1-INNERSKIN,1.9937185049057007,0.07627819,0.1622405,1.9856417,8.126523971557617,152.54925537109375
Step-Separation,0.15504295099526644,Q1-OUTERSKIN,1.7130883932113647,0.005699952,0.34960404,1.677026,8.07140827178955,86.52894592285156
Step-Separation,0.15504295099526644,Q2-CORE,5.298360347747803,1.9940388,0.13198045,-4.907037,18.78733253479004,2.6069223880767822
Step-Separation,0.15504295099526644,Q2-INNERSKIN,5.2986016273498535,1.9925654,0.11635203,-4.9082913,18.733551025390625,81.0604476928711
Step-Separation,0.15504295099526644,Q2-OUTERSKIN,5.093438148498535,1.9171814,0.6623386,-4.672134,18.70319366455078,165.53089904785156
Step-Separation,0.15704209078103304,ADAPTER,0.0,0.0,0.0,0.0,0.0,0.0
Step-Separation,0.15704209078103304,Q1-CORE,1.9825233221054077,0.07025549,0.17022952,1.9739516,8.089949607849121,2.7240259647369385
Step-Separation,0.15704209078103304,Q1-INNERSKIN,2.002112865447998,0.07412497,0.16452706,1.993964,8.088811874389648,152.8765869140625
Step-Separation,0.15704209078103304,Q1-OUTERSKIN,1.7261215448379517,-0.2285265,-0.9070716,1.4506868,8.027965545654297,87.2999267578125
Step-Separation,0.15704209078103304,Q2-CORE,5.332858562469482,2.001887,0.13486251,-4.941016,18.71061897277832,2.606968879699707
Step-Separation,0.15704209078103304,Q2-INNERSKIN,5.333095550537109,2.000419,0.11922897,-4.9422684,18.630952835083008,80.99317932128906
Step-Separation,0.15704209078103304,Q2-OUTERSKIN,5.127845764160156,1.9245518,0.6656939,-4.70614,18.6353759765625,165.50599670410156
Step-Separation,0.15904123056679964,ADAPTER,0.0,0.0,0.0,0.0,0.0,0.0
Step-Separation,0.15904123056679964,Q1-CORE,1.9905813932418823,0.06798988,0.17242736,1.9819336,8.06142520904541,2.7264866828918457
Step-Separation,0.15904123056679964,Q1-INNERSKIN,2.010422706604004,0.07195242,0.16681111,2.0021977,8.060046195983887,153.18817138671875
Step-Separation,0.15904123056679964,Q1-OUTERSKIN,1.7418822050094604,-0.22793205,-0.914643,1.4647965,8.006587028503418,88.05193328857422
Step-Separation,0.15904123056679964,Q2-CORE,5.367300987243652,2.0097058,0.13771245,-4.9749413,18.618247985839844,2.6073412895202637
Step-Separation,0.15904123056679964,Q2-INNERSKIN,5.367533206939697,2.0082428,0.122071646,-4.9761906,18.599937438964844,80.9239273071289
Step-Separation,0.15904123056679964,Q2-OUTERSKIN,5.162237167358398,1.9318752,0.66905284,-4.740139,18.60051918029785,165.48849487304688
Step-Separation,0.16104037035256624,ADAPTER,0.0,0.0,0.0,0.0,0.0,0.0
Step-Separation,0.16104037035256624,Q1-CORE,1.9986156225204468,0.065745406,0.17459494,1.9898891,8.014555931091309,2.7292842864990234
Step-Separation,0.16104037035256624,Q1-INNERSKIN,2.0187065601348877,0.06980294,0.16906506,2.0104032,8.012928009033203,153.50633239746094
Step-Separation,0.16104037035256624,Q1-OUTERSKIN,1.7575784921646118,-0.22731324,-0.9221849,1.4788461,7.962718486785889,88.811767578125
Step-Separation,0.16104037035256624,Q2-CORE,5.401616096496582,2.0174172,0.1405656,-5.0087647,18.60051918029785,2.6075518131256104
Step-Separation,0.16104037035256624,Q2-INNERSKIN,5.401843070983887,2.0159583,0.124919556,-5.0100117,18.537109375,80.8580322265625
Step-Separation,0.16104037035256624,Q2-OUTERSKIN,5.196479797363281,1.9390882,0.67239296,-4.774016,18.53433609008789,165.46327209472656
Step-Separation,0.16303951013833284,ADAPTER,0.0,0.0,0.0,0.0,0.0,0.0
Step-Separation,0.16303951013833284,Q1-CORE,2.0066003799438477,0.0634986,0.17675781,1.9977913,7.992275714874268,2.731720447540283
Step-Separation,0.16303951013833284,Q1-INNERSKIN,2.0269417762756348,0.06765122,0.17131543,2.0185559,7.99079704284668,153.82318115234375
Step-Separation,0.16303951013833284,Q1-OUTERSKIN,1.7732164859771729,-0.22667998,-0.92970324,1.4928379,7.941418170928955,89.56156158447266
Step-Separation,0.16303951013833284,Q2-CORE,5.435791492462158,2.024991,0.14342058,-5.0424867,18.607637405395508,2.6080758571624756
Step-Separation,0.16303951013833284,Q2-INNERSKIN,5.436014175415039,2.0235367,0.12776893,-5.043731,18.517757415771484,80.79207611083984
Step-Separation,0.16303951013833284,Q2-OUTERSKIN,5.23058557510376,1.9462246,0.67571884,-4.807769,18.50592803955078,165.44261169433594
Step-Separation,0.16503864992409945,ADAPTER,0.0,0.0,0.0,0.0,0.0,0.0
Step-Separation,0.16503864992409945,Q1-CORE,2.014586925506592,0.061264973,0.17891389,2.005691,7.969768047332764,2.733827829360962
Step-Separation,0.16503864992409945,Q1-INNERSKIN,2.0351788997650146,0.065512605,0.1735565,2.0267065,7.9686665534973145,154.11981201171875
Step-Separation,0.16503864992409945,Q1-OUTERSKIN,1.788800835609436,-0.22599773,-0.93719465,1.5067846,7.919289588928223,90.31334686279297
Step-Separation,0.16503864992409945,Q2-CORE,5.469888687133789,2.0325043,0.14626452,-5.0761414,18.469575881958008,2.6083199977874756
Step-Separation,0.16503864992409945,Q2-INNERSKIN,5.470104217529297,2.0310547,0.13060743,-5.077381,18.4407901763916,80.71916961669922
Step-Separation,0.16503864992409945,Q2-OUTERSKIN,5.264617919921875,1.9532907,0.6790459,-4.841462,18.433940887451172,165.41893005371094
Step-Separation,0.16703778970986605,ADAPTER,0.0,0.0,0.0,0.0,0.0,0.0
Step-Separation,0.16703778970986605,Q1-CORE,2.0225183963775635,0.059079554,0.18104038,2.0135329,7.939441204071045,2.7359395027160645
Step-Separation,0.16703778970986605,Q1-INNERSKIN,2.043360948562622,0.06342127,0.1757679,2.034799,7.93822717666626,154.43809509277344
Step-Separation,0.16703778970986605,Q1-OUTERSKIN,1.8043153285980225,-0.22529317,-0.9446519,1.5206674,7.883385181427002,91.05592346191406
Step-Separation,0.16703778970986605,Q2-CORE,5.503840446472168,2.039929,0.14909708,-5.109669,18.41448211669922,2.6085305213928223
Step-Separation,0.16703778970986605,Q2-INNERSKIN,5.5040507316589355,2.0384836,0.13343441,-5.1109056,18.400264739990234,80.65254974365234
Step-Separation,0.16703778970986605,Q2-OUTERSKIN,5.298511981964111,1.9602312,0.68235886,-4.8750496,18.388286590576172,165.392822265625
Step-Separation,0.16903692949563265,ADAPTER,0.0,0.0,0.0,0.0,0.0,0.0
Step-Separation,0.16903692949563265,Q1-CORE,2.03044056892395,0.056885112,0.18315718,2.0213625,7.901317119598389,2.738323450088501
Step-Separation,0.16903692949563265,Q1-INNERSKIN,2.0515341758728027,0.061320838,0.17796916,2.04288,7.900010108947754,154.74769592285156
Step-Separation,0.16903692949563265,Q1-OUTERSKIN,1.8197673559188843,-0.224549,-0.95207256,1.5344995,7.838085174560547,91.78956604003906
Step-Separation,0.16903692949563265,Q2-CORE,5.537703514099121,2.0472744,0.15192536,-5.143126,18.36802864074707,2.608665704727173
Step-Separation,0.16903692949563265,Q2-INNERSKIN,5.537909030914307,2.0458343,0.13625741,-5.144359,18.332780838012695,80.58952331542969
Step-Separation,0.16903692949563265,Q2-OUTERSKIN,5.33229923248291,1.9670808,0.68565017,-4.908553,18.343896865844727,165.3635711669922
Step-Separation,0.17103606928139925,ADAPTER,0.0,0.0,0.0,0.0,0.0,0.0
Step-Separation,0.17103606928139925,Q1-CORE,2.0383176803588867,0.05471203,0.18526217,2.0291436,7.86304235458374,2.740988254547119
Step-Separation,0.17103606928139925,Q1-INNERSKIN,2.0596625804901123,0.059241485,0.18015859,2.0509129,7.861495018005371,155.0626220703125
Step-Separation,0.17103606928139925,Q1-OUTERSKIN,1.83515465259552,-0.22378683,-0.9594662,1.5482689,7.801548480987549,92.52193450927734
Step-Separation,0.17103606928139925,Q2-CORE,5.571492671966553,2.054535,0.15474662,-5.176531,18.333934783935547,2.6089398860931396
Step-Separation,0.17103606928139925,Q2-INNERSKIN,5.571691989898682,2.0530992,0.13907301,-5.1777596,18.31336784362793,80.52530670166016
Step-Separation,0.17103606928139925,Q2-OUTERSKIN,5.366024494171143,1.973898,0.6889335,-4.941995,18.281391143798828,165.34390258789062
Step-Separation,0.17303520906716585,ADAPTER,0.0,0.0,0.0,0.0,0.0,0.0
Step-Separation,0.17303520906716585,Q1-CORE,2.0461645126342773,0.05254293,0.18734658,2.0368922,7.836555004119873,2.7431187629699707
Step-Separation,0.17303520906716585,Q1-INNERSKIN,2.067760944366455,0.057165947,0.182327,2.0589135,7.835341453552246,155.38165283203125
Step-Separation,0.17303520906716585,Q1-OUTERSKIN,1.850485920906067,-0.22298451,-0.9668325,1.5619894,7.779566287994385,93.25062561035156
Step-Separation,0.17303520906716585,Q2-CORE,5.605190753936768,2.0617292,0.1575546,-5.2098575,18.272184371948242,2.6091365814208984
Step-Separation,0.17303520906716585,Q2-INNERSKIN,5.605386257171631,2.060298,0.14187548,-5.211084,18.252365112304688,80.45760345458984
Step-Separation,0.17303520906716585,Q2-OUTERSKIN,5.399656295776367,1.980638,0.6922201,-4.9753585,18.237668991088867,165.317626953125
Step-Separation,0.17503434885293245,ADAPTER,0.0,0.0,0.0,0.0,0.0,0.0
Step-Separation,0.17503434885293245,Q1-CORE,2.05397891998291,0.050387863,0.18941844,2.0446053,7.801015377044678,2.745358467102051
Step-Separation,0.17503434885293245,Q1-INNERSKIN,2.07582688331604,0.05510446,0.18448299,2.0668786,7.799822807312012,155.69049072265625
Step-Separation,0.17503434885293245,Q1-OUTERSKIN,1.86575186252594,-0.22215895,-0.97416866,1.5756494,7.749003887176514,93.9777603149414
Step-Separation,0.17503434885293245,Q2-CORE,5.6387739181518555,2.068847,0.16036195,-5.243084,18.25665855407715,2.609414577484131
Step-Separation,0.17503434885293245,Q2-INNERSKIN,5.63896369934082,2.067421,0.14467621,-5.2443066,18.19626235961914,80.39777374267578
Step-Separation,0.17503434885293245,Q2-OUTERSKIN,5.433193206787109,1.987288,0.6954935,-5.008649,18.19854164123535,165.2974395751953
Step-Separation,0.17703348863869905,ADAPTER,0.0,0.0,0.0,0.0,0.0,0.0
Step-Separation,0.17703348863869905,Q1-CORE,2.0617499351501465,0.0482474,0.19147259,2.0522728,7.770956039428711,2.7472574710845947
Step-Separation,0.17703348863869905,Q1-INNERSKIN,2.0838499069213867,0.05305733,0.18662044,2.0747983,7.769779205322266,155.99290466308594
Step-Separation,0.17703348863869905,Q1-OUTERSKIN,1.880953073501587,-0.22130546,-0.9814716,1.589252,7.725366592407227,94.70341491699219
Step-Separation,0.17703348863869905,Q2-CORE,5.672296524047852,2.075887,0.163162,-5.2762694,18.152786254882812,2.609694242477417
Step-Separation,0.17703348863869905,Q2-INNERSKIN,5.672481060028076,2.0744653,0.14747089,-5.2774887,18.14790916442871,80.33126068115234
Step-Separation,0.17703348863869905,Q2-OUTERSKIN,5.466651916503906,1.9938824,0.6987606,-5.0418696,18.151206970214844,165.27662658691406
Step-Separation,0.17903262842446566,ADAPTER,0.0,0.0,0.0,0.0,0.0,0.0
Step-Separation,0.17903262842446566,Q1-CORE,2.0694761276245117,0.046110585,0.19351086,2.059893,7.7352614402771,2.7497870922088623
Step-Separation,0.17903262842446566,Q1-INNERSKIN,2.091827869415283,0.051013894,0.18874213,2.0826707,7.7339935302734375,156.2867889404297
Step-Separation,0.17903262842446566,Q1-OUTERSKIN,1.8960975408554077,-0.22043344,-0.988752,1.6027989,7.682806968688965,95.42008972167969
Step-Separation,0.17903262842446566,Q2-CORE,5.705725193023682,2.0828447,0.16595793,-5.3093796,18.156370162963867,2.6098382472991943
Step-Separation,0.17903262842446566,Q2-INNERSKIN,5.705904960632324,2.0814269,0.15026155,-5.3105965,18.107433319091797,80.27130126953125
Step-Separation,0.17903262842446566,Q2-OUTERSKIN,5.5000104904174805,2.0004013,0.7020114,-5.0750065,18.111473083496094,165.2477264404297
Step-Separation,0.18103176821023226,ADAPTER,0.0,0.0,0.0,0.0,0.0,0.0
Step-Separation,0.18103176821023226,Q1-CORE,2.077185869216919,0.043997742,0.19552925,2.0674946,7.7167134284973145,2.7521634101867676
Step-Separation,0.18103176821023226,Q1-INNERSKIN,2.0997884273529053,0.048994645,0.19084352,2.0905237,7.715367317199707,156.58837890625
Step-Separation,0.18103176821023226,Q1-OUTERSKIN,1.9111733436584473,-0.21952088,-0.9959936,1.6162893,7.660913467407227,96.1382064819336
Step-Separation,0.18103176821023226,Q2-CORE,5.7390666007995605,2.089756,0.16874331,-5.3424087,18.088729858398438,2.6101880073547363
Step-Separation,0.18103176821023226,Q2-INNERSKIN,5.7392425537109375,2.0883424,0.15304148,-5.343623,18.087553024291992,80.21601867675781
Step-Separation,0.18103176821023226,Q2-OUTERSKIN,5.53330659866333,2.006849,0.7052624,-5.108096,18.067110061645508,165.22796630859375
Step-Separation,0.18303090799599886,ADAPTER,0.0,0.0,0.0,0.0,0.0,0.0
Step-Separation,0.18303090799599886,Q1-CORE,2.084855079650879,0.04189767,0.19754988,2.0750515,7.684407711029053,2.7541725635528564
Step-Separation,0.18303090799599886,Q1-INNERSKIN,2.10770845413208,0.04698778,0.19294715,2.0983324,7.683080196380615,156.89047241210938
Step-Separation,0.18303090799599886,Q1-OUTERSKIN,1.9261925220489502,-0.21858616,-1.0032103,1.6297259,7.629464626312256,96.84425354003906
Step-Separation,0.18303090799599886,Q2-CORE,5.772313117980957,2.096587,0.17152631,-5.3753605,18.0629940032959,2.6105153560638428
Step-Separation,0.18303090799599886,Q2-INNERSKIN,5.77248477935791,2.0951772,0.15581894,-5.3765726,18.05235481262207,80.15709686279297
Step-Separation,0.18303090799599886,Q2-OUTERSKIN,5.566507339477539,2.0132198,0.7085012,-5.141106,18.028623580932617,165.20773315429688
Step-Separation,0.18503004778176546,ADAPTER,0.0,0.0,0.0,0.0,0.0,0.0
Step-Separation,0.18503004778176546,Q1-CORE,2.092496156692505,0.039803512,0.19955058,2.0825791,7.6525702476501465,2.756279706954956
Step-Separation,0.18503004778176546,Q1-INNERSKIN,2.1156015396118164,0.04498688,0.19503014,2.1061122,7.651245594024658,157.18399047851562
Step-Separation,0.18503004778176546,Q1-OUTERSKIN,1.9411537647247314,-0.21762319,-1.010398,1.643111,7.60300874710083,97.55237579345703
Step-Separation,0.18503004778176546,Q2-CORE,5.805448055267334,2.1033013,0.17430545,-5.4082317,18.083711624145508,2.6106650829315186
Step-Separation,0.18503004778176546,Q2-INNERSKIN,5.805615425109863,2.101896,0.15859337,-5.409441,18.0424861907959,80.09143829345703
Step-Separation,0.18503004778176546,Q2-OUTERSKIN,5.599587440490723,2.0195234,0.71172285,-5.174008,17.996469497680664,165.1827392578125
Step-Separation,0.18702918756753206,ADAPTER,0.0,0.0,0.0,0.0,0.0,0.0
Step-Separation,0.18702918756753206,Q1-CORE,2.100098133087158,0.03773622,0.20153032,2.0900655,7.62105655670166,2.758495807647705
Step-Separation,0.18702918756753206,Q1-INNERSKIN,2.123455286026001,0.043012634,0.19709174,2.1138513,7.619719982147217,157.47926330566406
Step-Separation,0.18702918756753206,Q1-OUTERSKIN,1.956056833267212,-0.21662854,-1.017558,1.6564438,7.576833248138428,98.25756072998047
Step-Separation,0.18702918756753206,Q2-CORE,5.838551998138428,2.109995,0.17707084,-5.4410715,17.966182708740234,2.6108174324035645
Step-Separation,0.18702918756753206,Q2-INNERSKIN,5.83871603012085,2.1085937,0.16135333,-5.4422793,17.966163635253906,80.02776336669922
Step-Separation,0.18702918756753206,Q2-OUTERSKIN,5.632631778717041,2.0257733,0.71495193,-5.206883,17.956466674804688,165.15798950195312
Step-Separation,0.18902832735329866,ADAPTER,0.0,0.0,0.0,0.0,0.0,0.0
Step-Separation,0.18902832735329866,Q1-CORE,2.1076748371124268,0.035657857,0.20350508,2.0975242,7.590291976928711,2.760787010192871
Step-Separation,0.18902832735329866,Q1-INNERSKIN,2.131283760070801,0.04102725,0.19914822,2.1215625,7.589056015014648,157.77308654785156
Step-Separation,0.18902832735329866,Q1-OUTERSKIN,1.9708985090255737,-0.2156134,-1.0246876,1.6697206,7.5344462394714355,98.95329284667969
Step-Separation,0.18902832735329866,Q2-CORE,5.871558666229248,2.1166258,0.17983393,-5.4738245,17.963844299316406,2.61086368560791
Step-Separation,0.18902832735329866,Q2-INNERSKIN,5.871718883514404,2.1152282,0.1641116,-5.4750304,17.951263427734375,79.97315216064453
Step-Separation,0.18902832735329866,Q2-OUTERSKIN,5.665599822998047,2.031951,0.71816236,-5.2396984,17.90959358215332,165.13690185546875
Step-Separation,0.19102746713906527,ADAPTER,0.0,0.0,0.0,0.0,0.0,0.0
Step-Separation,0.19102746713906527,Q1-CORE,2.11521577835083,0.03361613,0.2054583,2.1049454,7.553227424621582,2.7631309032440186
Step-Separation,0.19102746713906527,Q1-INNERSKIN,2.1390769481658936,0.039078224,0.20118271,2.1292365,7.551783084869385,158.0631561279297
Step-Separation,0.19102746713906527,Q1-OUTERSKIN,1.9856711626052856,-0.214569,-1.0317829,1.6829362,7.495030403137207,99.6426010131836
Step-Separation,0.19102746713906527,Q2-CORE,5.904509544372559,2.1231794,0.18259244,-5.506542,17.944849014282227,2.6112165451049805
Step-Separation,0.19102746713906527,Q2-INNERSKIN,5.904665946960449,2.1217856,0.16686417,-5.5077457,17.87087631225586,79.91851043701172
Step-Separation,0.19102746713906527,Q2-OUTERSKIN,5.698494911193848,2.0380824,0.7213709,-5.272446,17.879369735717773,165.11561584472656
Step-Separation,0.19302660692483187,ADAPTER,0.0,0.0,0.0,0.0,0.0,0.0
Step-Separation,0.19302660692483187,Q1-CORE,2.122755765914917,0.031582598,0.2074038,2.112363,7.5269083976745605,2.765260934829712
Step-Separation,0.19302660692483187,Q1-INNERSKIN,2.1468682289123535,0.037137795,0.20320953,2.1369066,7.525683403015137,158.3582000732422
Step-Separation,0.19302660692483187,Q1-OUTERSKIN,2.000389575958252,-0.2135018,-1.0388492,1.6961038,7.47537899017334,100.33419799804688
Step-Separation,0.19302660692483187,Q2-CORE,5.937383651733398,2.1296709,0.18534513,-5.5391946,17.885469436645508,2.611433982849121
Step-Separation,0.19302660692483187,Q2-INNERSKIN,5.937536239624023,2.128281,0.16961168,-5.540396,17.843692779541016,79.85955047607422
Step-Separation,0.19302660692483187,Q2-OUTERSKIN,5.731326580047607,2.0441551,0.72457343,-5.3051414,17.84344482421875,165.09268188476562
Step-Separation,0.19502574671059847,ADAPTER,0.0,0.0,0.0,0.0,0.0,0.0
Step-Separation,0.19502574671059847,Q1-CORE,2.1302618980407715,0.029556174,0.20932154,2.1197467,7.479374408721924,2.767254590988159
Step-Separation,0.19502574671059847,Q1-INNERSKIN,2.1546263694763184,0.035203494,0.20520757,2.1445432,7.478203296661377,158.6415252685547
Step-Separation,0.19502574671059847,Q1-OUTERSKIN,2.0150504112243652,-0.21241228,-1.0458903,1.7092171,7.43817138671875,101.02215576171875
Step-Separation,0.19502574671059847,Q2-CORE,5.970186710357666,2.1361136,0.18808918,-5.571783,17.861263275146484,2.6117939949035645
Step-Separation,0.19502574671059847,Q2-INNERSKIN,5.970334053039551,2.1347287,0.17235033,-5.572981,17.830568313598633,79.80448150634766
Step-Separation,0.19502574671059847,Q2-OUTERSKIN,5.764089107513428,2.0501578,0.727767,-5.3377833,17.801488876342773,165.0751190185547
Step-Separation,0.19702488649636507,ADAPTER,0.0,0.0,0.0,0.0,0.0,0.0
Step-Separation,0.19702488649636507,Q1-CORE,2.1377112865448,0.027547546,0.21123017,2.1270714,7.4697489738464355,2.7692792415618896
Step-Separation,0.19702488649636507,Q1-INNERSKIN,2.1623294353485107,0.03328587,0.20719619,2.1521223,7.468527793884277,158.9268798828125
Step-Separation,0.19702488649636507,Q1-OUTERSKIN,2.0296435356140137,-0.21129209,-1.0528947,1.7222719,7.430782794952393,101.70577239990234
Step-Separation,0.19702488649636507,Q2-CORE,6.002915859222412,2.1424809,0.19082804,-5.6043158,17.777164459228516,2.6118435859680176
Step-Separation,0.19702488649636507,Q2-INNERSKIN,6.003057479858398,2.1410997,0.17508428,-5.6055098,17.771831512451172,79.86170959472656
Step-Separation,0.19702488649636507,Q2-OUTERSKIN,5.79676628112793,2.0561025,0.7309498,-5.3703494,17.770503997802734,165.052978515625
Step-Separation,0.19902402628213167,ADAPTER,0.0,0.0,0.0,0.0,0.0,0.0
Step-Separation,0.19902402628213167,Q1-CORE,2.1450862884521484,0.025538858,0.2131313,2.134319,7.449638843536377,2.7714896202087402
Step-Separation,0.19902402628213167,Q1-INNERSKIN,2.1699562072753906,0.03137071,0.20917849,2.1596227,7.448232650756836,159.19468688964844
Step-Separation,0.19902402628213167,Q1-OUTERSKIN,2.044185161590576,-0.21011394,-1.0598783,1.7352817,7.408268451690674,102.38574981689453
Step-Separation,0.19902402628213167,Q2-CORE,6.035583972930908,2.1487951,0.19355996,-5.636798,17.762847900390625,2.612020254135132
Step-Separation,0.19902402628213167,Q2-INNERSKIN,6.0357208251953125,2.1474183,0.17781095,-5.6379876,17.725282669067383,79.93158721923828
Step-Separation,0.19902402628213167,Q2-OUTERSKIN,5.829384803771973,2.0619946,0.734126,-5.4028664,17.732200622558594,165.0280303955078
Step-Separation,0.20102316606789827,ADAPTER,0.0,0.0,0.0,0.0,0.0,0.0
Step-Separation,0.20102316606789827,Q1-CORE,2.152445077896118,0.023536697,0.21501501,2.1415496,7.425368785858154,2.773871898651123
Step-Separation,0.20102316606789827,Q1-INNERSKIN,2.17756724357605,0.029461335,0.21114339,2.1671062,7.424415588378906,159.4802703857422
Step-Separation,0.20102316606789827,Q1-OUTERSKIN,2.058659791946411,-0.20886879,-1.0668228,1.74824,7.389859676361084,103.06243133544922
Step-Separation,0.20102316606789827,Q2-CORE,6.068175315856934,2.1550562,0.19628884,-5.669211,17.718595504760742,2.612140417098999
Step-Separation,0.20102316606789827,Q2-INNERSKIN,6.068307399749756,2.1536841,0.18053468,-5.6703973,17.7142333984375,80.0011215209961
Step-Separation,0.20102316606789827,Q2-OUTERSKIN,5.861942291259766,2.0678272,0.73729604,-5.4353337,17.700607299804688,165.00245666503906
Step-Separation,0.20302230585366488,ADAPTER,0.0,0.0,0.0,0.0,0.0,0.0
Step-Separation,0.20302230585366488,Q1-CORE,2.159785270690918,0.021553017,0.21689008,2.1487594,7.389795780181885,2.7757859230041504
Step-Separation,0.20302230585366488,Q1-INNERSKIN,2.185159206390381,0.027570918,0.21309741,2.174569,7.388456344604492,159.75779724121094
Step-Separation,0.20302230585366488,Q1-OUTERSKIN,2.0730881690979004,-0.20764329,-1.073749,1.7611477,7.3448004722595215,103.7357177734375
Step-Separation,0.20302230585366488,Q2-CORE,6.1006669998168945,2.1613493,0.19899209,-5.7015004,17.67228889465332,2.6124401092529297
Step-Separation,0.20302230585366488,Q2-INNERSKIN,6.100795269012451,2.1599805,0.18323313,-5.702685,17.666942596435547,80.06988525390625
Step-Separation,0.20302230585366488,Q2-OUTERSKIN,5.894447326660156,2.0735545,0.74048376,-5.467775,17.6700439453125,164.9822998046875
Step-Separation,0.20500000286847353,ADAPTER,0.0,0.0,0.0,0.0,0.0,0.0
Step-Separation,0.20500000286847353,Q1-CORE,2.1670303344726562,0.019604076,0.21872611,2.1558745,7.3500471115112305,2.7778983116149902
Step-Separation,0.20500000286847353,Q1-INNERSKIN,2.1926565170288086,0.025713563,0.21501215,2.1819375,7.348627090454102,160.07150268554688
Step-Separation,0.20500000286847353,Q1-OUTERSKIN,2.0873000621795654,-0.20646928,-1.0805732,1.7738526,7.305543422698975,104.38052368164062
Step-Separation,0.20500000286847353,Q2-CORE,6.132856845855713,2.1673307,0.20169659,-5.733579,17.649593353271484,2.6127593517303467
Step-Separation,0.20500000286847353,Q2-INNERSKIN,6.132981777191162,2.1659644,0.18593358,-5.734762,17.62805938720703,80.13726043701172
Step-Separation,0.20500000286847353,Q2-OUTERSKIN,5.9265666007995605,2.0793335,0.7436067,-5.499783,17.64629364013672,164.97113037109375
