step,time_s,instance,u_mag_max_mm,u_x_max_mm,u_y_max_mm,u_z_max_mm,v_mag_max_mm_s,s_mises_max_MPa
Step-Preload,0.0,ADAPTER,0.0,0.0,0.0,0.0,0.0,0.0
Step-Preload,0.0,Q1-CORE,0.0,0.0,0.0,0.0,0.0,0.0
Step-Preload,0.0,Q1-INNERSKIN,0.0,0.0,0.0,0.0,0.0,0.0
Step-Preload,0.0,Q1-OUTERSKIN,0.0,0.0,0.0,0.0,0.0,0.0
Step-Preload,0.0,Q2-CORE,0.0,0.0,0.0,0.0,0.0,0.0
Step-Preload,0.0,Q2-INNERSKIN,0.0,0.0,0.0,0.0,0.0,0.0
Step-Preload,0.0,Q2-OUTERSKIN,0.0,0.0,0.0,0.0,0.0,0.0
Step-Preload,0.00029999989783391356,ADAPTER,0.0,0.0,0.0,0.0,0.0,0.0
Step-Preload,0.00029999989783391356,Q1-CORE,2.939386831712909e-06,1.0387278e-12,-2.9393868e-06,8.220422e-13,0.019498441368341446,1.1419003385526594e-05
Step-Preload,0.00029999989783391356,Q1-INNERSKIN,2.94013375423674e-06,3.7500995e-11,-2.9401338e-06,7.422954e-13,0.01952395774424076,0.00015984984929673374
Step-Preload,0.00029999989783391356,Q1-OUTERSKIN,2.9394670946203405e-06,-5.4763534e-13,-2.939467e-06,5.944986e-13,0.01949223503470421,3.917534741049167e-06
Step-Preload,0.00029999989783391356,Q2-CORE,2.942738092315267e-06,8.8949365e-10,-2.942736e-06,-3.3158263e-09,0.01964416541159153,1.4695922345708823e-06
Step-Preload,0.00029999989783391356,Q2-INNERSKIN,2.944251036751666e-06,8.894742e-10,-2.944249e-06,-3.3101726e-09,0.01967102847993374,2.916455559898168e-05
Step-Preload,0.00029999989783391356,Q2-OUTERSKIN,2.9394695957307704e-06,-2.860332e-13,-2.9394696e-06,3.5176197e-13,0.019492246210575104,2.83224676422833e-06
Step-Preload,0.0005999997374601662,ADAPTER,0.0,0.0,0.0,0.0,0.0,0.0
Step-Preload,0.0005999997374601662,Q1-CORE,1.1646818165900186e-05,9.6748805e-09,-1.1646812e-05,-6.0392162e-09,0.03885455057024956,2.3793218133505434e-05
Step-Preload,0.0005999997374601662,Q1-INNERSKIN,1.165198591479566e-05,9.679144e-09,-1.165198e-05,-6.0487646e-09,0.038866009563207626,0.00034510629484429955
Step-Preload,0.0005999997374601662,Q1-OUTERSKIN,1.164320383395534e-05,3.4302972e-13,-1.1643204e-05,7.800297e-14,0.03841520473361015,7.673405343666673e-05
Step-Preload,0.0005999997374601662,Q2-CORE,1.1643008292594459e-05,-5.3987484e-13,-1.1643008e-05,4.5868566e-13,0.03879348188638687,9.060794354809332e-07
Step-Preload,0.0005999997374601662,Q2-INNERSKIN,1.1647925020952243e-05,5.366518e-10,-1.1647925e-05,-1.3124071e-10,0.03880712389945984,1.6314725144184195e-05
Step-Preload,0.0005999997374601662,Q2-OUTERSKIN,1.1643211109912954e-05,7.0734553e-13,-1.1643211e-05,4.5268956e-13,0.03841523081064224,1.0451191883475985e-05
Step-Preload,0.0007999996305443347,ADAPTER,0.0,0.0,0.0,0.0,0.0,0.0
Step-Preload,0.0007999996305443347,Q1-CORE,2.056564153463114e-05,1.67655e-08,-2.0565605e-05,3.473936e-08,0.051209431141614914,2.7194781068828888e-05
Step-Preload,0.0007999996305443347,Q1-INNERSKIN,2.0573486835928634e-05,1.6752496e-08,-2.057345e-05,3.4762557e-08,0.051653843373060226,0.0004208688624203205
Step-Preload,0.0007999996305443347,Q1-OUTERSKIN,2.0562441932270303e-05,-4.3471865e-14,-2.0562442e-05,3.315876e-14,0.0507248230278492,0.00017390368157066405
Step-Preload,0.0007999996305443347,Q2-CORE,2.056461016763933e-05,-2.7478766e-09,-2.056454e-05,5.381147e-08,0.05099444463849068,7.767436613903556e-07
Step-Preload,0.0007999996305443347,Q2-INNERSKIN,2.058025711448863e-05,4.4750433e-08,-2.0580197e-05,2.1293316e-08,0.05097522586584091,1.4475921489065513e-05
Step-Preload,0.0007999996305443347,Q2-OUTERSKIN,2.0562456484185532e-05,5.1650313e-13,-2.0562456e-05,1.1202841e-12,0.05071567744016647,1.4787158761464525e-05
Step-Preload,0.0010999994119629264,ADAPTER,0.0,0.0,0.0,0.0,0.0,0.0
Step-Preload,0.0010999994119629264,Q1-CORE,3.851326255244203e-05,-1.2529631e-07,-3.851306e-05,-5.882753e-09,0.06899412721395493,2.9674687539227307e-05
Step-Preload,0.0010999994119629264,Q1-INNERSKIN,3.852288136840798e-05,-1.2529705e-07,-3.8522678e-05,-5.8771943e-09,0.06889414042234421,0.0005034614587202668
Step-Preload,0.0010999994119629264,Q1-OUTERSKIN,3.8492966268677264e-05,9.206538e-14,-3.8492966e-05,-4.3707895e-13,0.06877356022596359,0.0003137008170597255
Step-Preload,0.0010999994119629264,Q2-CORE,3.851426299661398e-05,1.2511488e-07,-3.851406e-05,9.216742e-09,0.0688706487417221,9.61945715971524e-07
Step-Preload,0.0010999994119629264,Q2-INNERSKIN,3.852385270874947e-05,1.2511308e-07,-3.852365e-05,9.216641e-09,0.06887853890657425,1.2801609045709483e-05
Step-Preload,0.0010999994119629264,Q2-OUTERSKIN,3.8492991734528914e-05,6.564783e-15,-3.849299e-05,3.5248963e-13,0.06878352910280228,1.5762876500957645e-05
Step-Preload,0.0013046989915892482,ADAPTER,0.0,0.0,0.0,0.0,0.0,0.0
Step-Preload,0.0013046989915892482,Q1-CORE,5.383064126363024e-05,-1.8308992e-07,-5.383033e-05,-8.964716e-09,0.08079543709754944,3.192535587004386e-05
Step-Preload,0.0013046989915892482,Q1-INNERSKIN,5.3840307373320684e-05,-1.8309153e-07,-5.3839995e-05,-8.945575e-09,0.0807928666472435,0.0005189218791201711
Step-Preload,0.0013046989915892482,Q1-OUTERSKIN,5.3790383390150964e-05,4.0247656e-11,-5.3790383e-05,6.590631e-11,0.08077608793973923,0.00039996823761612177
Step-Preload,0.0013046989915892482,Q2-CORE,5.38347740075551e-05,1.8242974e-07,-5.3834465e-05,5.513802e-10,0.0808119848370552,1.1981544503214536e-06
Step-Preload,0.0013046989915892482,Q2-INNERSKIN,5.384437463362701e-05,1.8242706e-07,-5.3844065e-05,5.34596e-10,0.08081258088350296,1.2895241525257006e-05
Step-Preload,0.0013046989915892482,Q2-OUTERSKIN,5.379039066610858e-05,5.1487408e-11,-5.379039e-05,-6.021469e-11,0.0807243213057518,1.4907490367477294e-05
Step-Preload,0.0015046987682580948,ADAPTER,0.0,0.0,0.0,0.0,0.0,0.0
Step-Preload,0.0015046987682580948,Q1-CORE,7.114256004570052e-05,-2.433684e-07,-7.1142145e-05,-1.7131823e-08,0.09237726032733917,4.325429108575918e-05
Step-Preload,0.0015046987682580948,Q1-INNERSKIN,7.115121115930378e-05,-2.4337723e-07,-7.115079e-05,-1.7120712e-08,0.0923500657081604,0.0006318978266790509
Step-Preload,0.0015046987682580948,Q1-OUTERSKIN,7.108046702342108e-05,2.1543127e-10,-7.108047e-05,1.6342451e-10,0.09220870584249496,0.0004618824750650674
Step-Preload,0.0015046987682580948,Q2-CORE,7.114771869964898e-05,2.421552e-07,-7.114731e-05,-1.09981215e-08,0.09237900376319885,1.03791114725027e-06
Step-Preload,0.0015046987682580948,Q2-INNERSKIN,7.115636253729463e-05,2.4215174e-07,-7.115595e-05,-1.0985058e-08,0.09237915277481079,1.7343731087748893e-05
Step-Preload,0.0015046987682580948,Q2-OUTERSKIN,7.108048885129392e-05,-1.6798841e-10,-7.108049e-05,2.172785e-10,0.09219815582036972,1.7947982996702194e-05
Step-Preload,0.001804698258638382,ADAPTER,0.0,0.0,0.0,0.0,0.0,0.0
Step-Preload,0.001804698258638382,Q1-CORE,0.00010134760668734089,-3.391012e-07,-0.00010134704,-2.5366985e-08,0.10924578458070755,5.7060085964621976e-05
Step-Preload,0.001804698258638382,Q1-INNERSKIN,0.00010135393677046522,-3.391072e-07,-0.00010135337,-2.5358029e-08,0.10901446640491486,0.0007723068702034652
Step-Preload,0.001804698258638382,Q1-OUTERSKIN,0.00010125751578016207,7.4637013e-10,-0.000101257516,5.619488e-10,0.1089927926659584,0.0005625311168842018
Step-Preload,0.001804698258638382,Q2-CORE,0.0001013499204418622,3.3329738e-07,-0.00010134937,-2.8936844e-08,0.10905390977859497,9.812748658077908e-07
Step-Preload,0.001804698258638382,Q2-INNERSKIN,0.00010135626507690176,3.3329928e-07,-0.00010135571,-2.8911224e-08,0.10904427617788315,2.705049882933963e-05
Step-Preload,0.001804698258638382,Q2-OUTERSKIN,0.00010125754488399252,5.617375e-10,-0.000101257545,-7.494529e-10,0.10894258320331573,2.538543412811123e-05
Step-Preload,0.0020046979188919067,ADAPTER,0.0,0.0,0.0,0.0,0.0,0.0
Step-Preload,0.0020046979188919067,Q1-CORE,0.00012423917360138148,-4.0238555e-07,-0.00012423852,-3.185582e-08,0.12005115300416946,6.49707653792575e-05
Step-Preload,0.0020046979188919067,Q1-INNERSKIN,0.0001242442085640505,-4.023887e-07,-0.00012424355,-3.1861372e-08,0.12071862816810608,0.0008438630029559135
Step-Preload,0.0020046979188919067,Q1-OUTERSKIN,0.00012413732474669814,7.589121e-10,-0.00012413732,1.5483471e-09,0.12004759162664413,0.0006383769796229899
Step-Preload,0.0020046979188919067,Q2-CORE,0.0001242395956069231,3.8870272e-07,-0.00012423898,-4.239748e-08,0.11991015821695328,1.0083265351568116e-06
Step-Preload,0.0020046979188919067,Q2-INNERSKIN,0.00012424460146576166,3.8870527e-07,-0.00012424399,-4.2382887e-08,0.11991013586521149,3.277231371612288e-05
Step-Preload,0.0020046979188919067,Q2-OUTERSKIN,0.00012413733929861337,-9.931129e-10,-0.00012413734,1.322183e-09,0.11987688392400742,2.934938129328657e-05
Step-Preload,0.002304697409272194,ADAPTER,0.0,0.0,0.0,0.0,0.0,0.0
Step-Preload,0.002304697409272194,Q1-CORE,0.0001626000739634037,-4.8408043e-07,-0.00016259935,-4.7499014e-08,0.13602189719676971,7.331443339353427e-05
Step-Preload,0.002304697409272194,Q1-INNERSKIN,0.00016260473057627678,-4.840891e-07,-0.000162604,-4.740344e-08,0.1358843892812729,0.000918709090910852
Step-Preload,0.002304697409272194,Q1-OUTERSKIN,0.0001625229197088629,1.518359e-07,-0.00016252272,2.0658935e-07,0.13602018356323242,0.0008261848124675453
Step-Preload,0.002304697409272194,Q2-CORE,0.00016260005941148847,-4.840994e-07,-0.00016259933,4.7491987e-08,0.13584348559379578,1.0067089988297084e-06
Step-Preload,0.002304697409272194,Q2-INNERSKIN,0.00016260471602436155,-4.841081e-07,-0.00016260399,4.739647e-08,0.13583320379257202,3.8621721614617854e-05
Step-Preload,0.002304697409272194,Q2-OUTERSKIN,0.00016249042528215796,4.2008956e-09,-0.00016249043,-1.2145659e-09,0.1358293890953064,3.320712858112529e-05
Step-Preload,0.0025046970695257187,ADAPTER,0.0,0.0,0.0,0.0,0.0,0.0
Step-Preload,0.0025046970695257187,Q1-CORE,0.00019079710182268173,-5.4252683e-07,-0.00019079632,-5.497895e-08,0.14640545845031738,7.44773424230516e-05
Step-Preload,0.0025046970695257187,Q1-INNERSKIN,0.0001908026752062142,-5.425391e-07,-0.00019080189,-5.4847153e-08,0.14621371030807495,0.0009162051137536764
Step-Preload,0.0025046970695257187,Q1-OUTERSKIN,0.0001907496334752068,1.5031647e-07,-0.0001907494,2.617422e-07,0.14638961851596832,0.0009903997415676713
Step-Preload,0.0025046970695257187,Q2-CORE,0.0001907970872707665,-5.42555e-07,-0.0001907963,5.496434e-08,0.14619579911231995,1.020552872432745e-06
Step-Preload,0.0025046970695257187,Q2-INNERSKIN,0.00019080266065429896,-5.425673e-07,-0.00019080187,5.4832583e-08,0.14619247615337372,4.0646842535352334e-05
Step-Preload,0.0025046970695257187,Q2-OUTERSKIN,0.00019068621622864157,7.881008e-09,-0.00019068622,-2.1150213e-09,0.14614883065223694,3.301501055830158e-05
Step-Preload,0.002804696559906006,ADAPTER,0.0,0.0,0.0,0.0,0.0,0.0
Step-Preload,0.002804696559906006,Q1-CORE,0.00023693000548519194,-6.238504e-07,-0.00023692916,-7.4468694e-08,0.1615249067544937,8.396168414037675e-05
Step-Preload,0.002804696559906006,Q1-INNERSKIN,0.000236938038142398,-6.238603e-07,-0.0002369372,-7.439322e-08,0.1615259200334549,0.0010965804103761911
Step-Preload,0.002804696559906006,Q1-OUTERSKIN,0.00023685043561272323,1.3422877e-07,-0.0002368501,3.7745713e-07,0.1613481640815735,0.001163321896456182
Step-Preload,0.002804696559906006,Q2-CORE,0.00023693147522863,6.2191776e-07,-0.00023693065,-6.9431195e-08,0.1613920032978058,8.859207696332305e-07
Step-Preload,0.002804696559906006,Q2-INNERSKIN,0.0002369394787820056,6.219272e-07,-0.00023693865,-6.935802e-08,0.16140080988407135,4.14091809943784e-05
Step-Preload,0.002804696559906006,Q2-OUTERSKIN,0.00023681657330598682,-1.8347084e-08,-0.00023681657,3.9557873e-09,0.16132894158363342,3.5220145946368575e-05
Step-Preload,0.0030046964529901743,ADAPTER,0.0,0.0,0.0,0.0,0.0,0.0
Step-Preload,0.0030046964529901743,Q1-CORE,0.0002701868361327797,-6.771692e-07,-0.00027018596,-9.326322e-08,0.17137065529823303,9.080027666641399e-05
Step-Preload,0.0030046964529901743,Q1-INNERSKIN,0.00027019664412364364,-6.7718395e-07,-0.00027019577,-9.314687e-08,0.1713612675666809,0.0049528637900948524
Step-Preload,0.0030046964529901743,Q1-OUTERSKIN,0.00027007856988348067,1.7530091e-07,-0.00027007828,3.4625714e-07,0.17120058834552765,0.0012661481741815805
Step-Preload,0.0030046964529901743,Q2-CORE,0.0002701900084502995,6.7643396e-07,-0.00027018916,-8.919164e-08,0.17125968635082245,9.165554502033046e-07
Step-Preload,0.0030046964529901743,Q2-INNERSKIN,0.0002701998455449939,6.7644834e-07,-0.000270199,-8.907892e-08,0.17126452922821045,4.058860577060841e-05
Step-Preload,0.0030046964529901743,Q2-OUTERSKIN,0.0002700677141547203,-2.7975872e-08,-0.0002700677,6.7927197e-09,0.1711938977241516,3.80591991415713e-05
Step-Preload,0.003304696176201105,ADAPTER,0.0,0.0,0.0,0.0,0.0,0.0
Step-Preload,0.003304696176201105,Q1-CORE,0.0003237287746742368,-7.862014e-07,-0.0003237278,-1.1076523e-07,0.18642158806324005,0.00010127644054591656
Step-Preload,0.003304696176201105,Q1-INNERSKIN,0.0003237402706872672,-7.8621963e-07,-0.00032373928,-1.10621265e-07,0.18739628791809082,0.0053665912710130215
Step-Preload,0.003304696176201105,Q1-OUTERSKIN,0.00032359344186261296,2.3885266e-07,-0.000323593,4.7175104e-07,0.185674250125885,0.001486223074607551
Step-Preload,0.003304696176201105,Q2-CORE,0.0003237301134504378,7.710539e-07,-0.00032372918,-1.1920168e-07,0.1856803148984909,1.1464925364634837e-06
Step-Preload,0.003304696176201105,Q2-INNERSKIN,0.00032374149304814637,7.710692e-07,-0.00032374056,-1.1909607e-07,0.18568123877048492,3.935649510822259e-05
Step-Preload,0.003304696176201105,Q2-OUTERSKIN,0.0003235908516217023,-9.800936e-09,-0.00032359085,2.112167e-09,0.18560588359832764,4.27511113230139e-05
Step-Preload,0.00350469583645463,ADAPTER,0.0,0.0,0.0,0.0,0.0,0.0
Step-Preload,0.00350469583645463,Q1-CORE,0.0003618021437432617,-1.0915393e-07,-0.00036180113,-8.6350684e-07,0.1969619244337082,0.00010977299098158255
Step-Preload,0.00350469583645463,Q1-INNERSKIN,0.0003618135815486312,-1.0901257e-07,-0.00036181253,-8.635251e-07,0.1974806785583496,0.0064720334485173225
Step-Preload,0.00350469583645463,Q1-OUTERSKIN,0.000361655285814777,3.3268333e-07,-0.00036165485,4.4404604e-07,0.19503942131996155,0.0017256052233278751
Step-Preload,0.00350469583645463,Q2-CORE,0.0003618022601585835,8.3470934e-07,-0.00036180127,-1.4584006e-07,0.19505244493484497,1.1751139936677646e-06
Step-Preload,0.00350469583645463,Q2-INNERSKIN,0.00036181361065246165,-1.090422e-07,-0.00036181256,8.636415e-07,0.1950550377368927,4.330481169745326e-05
Step-Preload,0.00350469583645463,Q2-OUTERSKIN,0.00036164961056783795,-1.6027919e-08,-0.0003616496,4.405698e-09,0.19498130679130554,4.6139310143189505e-05
Step-Preload,0.003804695326834917,ADAPTER,0.0,0.0,0.0,0.0,0.0,0.0
Step-Preload,0.003804695326834917,Q1-CORE,0.0004223781288601458,-1.3976849e-07,-0.00042237702,-9.639991e-07,0.21058519184589386,0.00011669367813738063
Step-Preload,0.003804695326834917,Q1-INNERSKIN,0.0004223879368510097,-1.39658e-07,-0.00042238683,-9.640246e-07,0.21166814863681793,0.012667134404182434
Step-Preload,0.003804695326834917,Q1-OUTERSKIN,0.0004222039133310318,7.4695174e-09,-0.0004222039,3.052846e-08,0.20874843001365662,0.001693365746177733
Step-Preload,0.003804695326834917,Q2-CORE,0.0004223781288601458,-1.3976802e-07,-0.00042237702,9.640474e-07,0.20875827968120575,1.0048460126199643e-06
Step-Preload,0.003804695326834917,Q2-INNERSKIN,0.0004223879368510097,-1.3965578e-07,-0.00042238683,9.64073e-07,0.20875249803066254,5.045954094384797e-05
Step-Preload,0.003804695326834917,Q2-OUTERSKIN,0.0004222049319650978,-2.9634569e-08,-0.00042220493,8.583038e-09,0.20869770646095276,5.167492781765759e-05
Step-Preload,0.004004694987088442,ADAPTER,0.0,0.0,0.0,0.0,0.0,0.0
Step-Preload,0.004004694987088442,Q1-CORE,0.00046501486212946475,-1.6651158e-07,-0.00046501373,-1.0163335e-06,0.22014714777469635,0.00012144532956881449
Step-Preload,0.004004694987088442,Q1-INNERSKIN,0.00046502301120199263,-1.4905301e-07,-0.00046502185,-1.0333584e-06,0.22102877497673035,0.015712274238467216
Step-Preload,0.004004694987088442,Q1-OUTERSKIN,0.00046483290498144925,9.972691e-09,-0.0004648329,4.0714575e-08,0.21765559911727905,0.0016553200548514724
Step-Preload,0.004004694987088442,Q2-CORE,0.0004650148330256343,-1.6651246e-07,-0.0004650137,1.0164357e-06,0.21765324473381042,8.290045343528618e-07
Step-Preload,0.004004694987088442,Q2-INNERSKIN,0.0004650230403058231,-1.6640152e-07,-0.0004650219,1.0164566e-06,0.21764013171195984,5.512870484380983e-05
Step-Preload,0.004004694987088442,Q2-OUTERSKIN,0.00046483351616188884,-3.979479e-08,-0.00046483352,1.0976459e-08,0.21761856973171234,5.527268149307929e-05
Step-Preload,0.004304182715713978,ADAPTER,0.0,0.0,0.0,0.0,0.0,0.0
Step-Preload,0.004304182715713978,Q1-CORE,0.0005321395001374185,-1.98242e-07,-0.0005321384,-1.0840423e-06,0.23344631493091583,0.0001300318690482527
Step-Preload,0.004304182715713978,Q1-INNERSKIN,0.0005321456119418144,-1.9812451e-07,-0.0005321445,-1.0840669e-06,0.23437805473804474,0.010776820592582226
Step-Preload,0.004304182715713978,Q1-OUTERSKIN,0.0005319564952515066,1.3266776e-08,-0.0005319565,5.3781616e-08,0.23133304715156555,0.0018711906159296632
Step-Preload,0.004304182715713978,Q2-CORE,0.0005321395583450794,1.9822072e-07,-0.00053213845,-1.0840602e-06,0.23067763447761536,6.847607778581732e-07
Step-Preload,0.004304182715713978,Q2-INNERSKIN,0.0005321457283571362,1.9810372e-07,-0.0005321446,-1.0840846e-06,0.23067039251327515,6.142436905065551e-05
Step-Preload,0.004304182715713978,Q2-OUTERSKIN,0.0005319564952515066,-1.327826e-08,-0.0005319565,5.378333e-08,0.23066116869449615,5.994850289425813e-05
Step-Preload,0.004503414500504732,ADAPTER,0.0,0.0,0.0,0.0,0.0,0.0
Step-Preload,0.004503414500504732,Q1-CORE,0.0005789225688204169,-2.0578165e-07,-0.00057892146,-1.1300981e-06,0.24386470019817352,0.00013136617781128734
Step-Preload,0.004503414500504732,Q1-INNERSKIN,0.0005789281567558646,-2.0564534e-07,-0.00057892705,-1.1301265e-06,0.24360297620296478,0.012169078923761845
Step-Preload,0.004503414500504732,Q1-OUTERSKIN,0.000578750332351774,5.736429e-07,-0.00057874975,5.9777904e-07,0.23919571936130524,0.0020537972450256348
Step-Preload,0.004503414500504732,Q2-CORE,0.0005789226270280778,2.0575065e-07,-0.0005789215,-1.1301273e-06,0.23914222419261932,7.092899636518268e-07
Step-Preload,0.004503414500504732,Q2-INNERSKIN,0.0005789282731711864,2.056146e-07,-0.00057892717,-1.1301556e-06,0.23915010690689087,6.449564534705132e-05
Step-Preload,0.004503414500504732,Q2-OUTERSKIN,0.0005787446862086654,-1.6136903e-08,-0.0005787447,4.9054925e-09,0.23909667134284973,6.303052941802889e-05
Step-Preload,0.004801621660590172,ADAPTER,0.0,0.0,0.0,0.0,0.0,0.0
Step-Preload,0.004801621660590172,Q1-CORE,0.0006520469323731959,-2.1617907e-07,-0.0006520458,-1.1946616e-06,0.2533251643180847,0.00014539399126078933
Step-Preload,0.004801621660590172,Q1-INNERSKIN,0.0006520532188005745,-2.160166e-07,-0.0006520521,-1.1946954e-06,0.25442373752593994,0.019641142338514328
Step-Preload,0.004801621660590172,Q1-OUTERSKIN,0.0006519010639749467,5.988865e-07,-0.0006519004,6.9536316e-07,0.25147077441215515,0.0018617905443534255
Step-Preload,0.004801621660590172,Q2-CORE,0.0006520473980344832,1.172665e-06,-0.0006520463,-2.5760994e-07,0.2514716386795044,7.687259540034574e-07
Step-Preload,0.004801621660590172,Q2-INNERSKIN,0.00065205356804654,1.1726988e-06,-0.00065205246,-2.5745905e-07,0.2514823079109192,6.69235159875825e-05
Step-Preload,0.004801621660590172,Q2-OUTERSKIN,0.0006518802838400006,-8.534262e-09,-0.0006518803,2.8771233e-08,0.2514088749885559,6.70151857775636e-05
Step-Preload,0.004999999888241291,ADAPTER,0.0,0.0,0.0,0.0,0.0,0.0
Step-Preload,0.004999999888241291,Q1-CORE,0.0007027180981822312,5.9942175e-07,-0.0007027176,6.132306e-07,0.2602761387825012,0.000156407302711159
Step-Preload,0.004999999888241291,Q1-INNERSKIN,0.0007027271785773337,4.854849e-07,-0.00070272683,5.2447075e-07,0.26015982031822205,0.019099503755569458
Step-Preload,0.004999999888241291,Q1-OUTERSKIN,0.0007025548839010298,6.3485885e-07,-0.0007025543,6.3752344e-07,0.25949740409851074,0.0018555163405835629
Step-Preload,0.004999999888241291,Q2-CORE,0.0007027115789242089,6.0355296e-07,-0.00070271135,-1.3889255e-07,0.2594428062438965,7.360525273725216e-07
Step-Preload,0.004999999888241291,Q2-INNERSKIN,0.0007027156534604728,2.4506966e-07,-0.00070271455,-1.2215997e-06,0.2594539523124695,6.763643614249304e-05
Step-Preload,0.004999999888241291,Q2-OUTERSKIN,0.0007025454542599618,-1.0746288e-08,-0.00070254545,3.6200994e-08,0.2594051659107208,6.925362686160952e-05
Step-Separation,0.004999999888241291,ADAPTER,0.0,0.0,0.0,0.0,0.0,0.0
Step-Separation,0.004999999888241291,Q1-CORE,0.0007027180981822312,5.9942175e-07,-0.0007027176,6.132306e-07,0.2602761387825012,0.000156407302711159
Step-Separation,0.004999999888241291,Q1-INNERSKIN,0.0007027271785773337,4.854849e-07,-0.00070272683,5.2447075e-07,0.26015982031822205,0.019099503755569458
Step-Separation,0.004999999888241291,Q1-OUTERSKIN,0.0007025548839010298,6.3485885e-07,-0.0007025543,6.3752344e-07,0.25949740409851074,0.0018555163405835629
Step-Separation,0.004999999888241291,Q2-CORE,0.0007027115789242089,6.0355296e-07,-0.00070271135,-1.3889255e-07,0.2594428062438965,7.360525273725216e-07
Step-Separation,0.004999999888241291,Q2-INNERSKIN,0.0007027156534604728,2.4506966e-07,-0.00070271455,-1.2215997e-06,0.2594539523124695,6.763643614249304e-05
Step-Separation,0.004999999888241291,Q2-OUTERSKIN,0.0007025454542599618,-1.0746288e-08,-0.00070254545,3.6200994e-08,0.2594051659107208,6.925362686160952e-05
Step-Separation,0.007004289189353585,ADAPTER,0.0,0.0,0.0,0.0,0.0,0.0
Step-Separation,0.007004289189353585,Q1-CORE,0.7676552534103394,0.19612534,-0.1151076,0.7331983,398.9994812011719,2.5955915451049805
Step-Separation,0.007004289189353585,Q1-INNERSKIN,0.7699981927871704,0.19556867,-0.12764835,0.73372746,398.1001892089844,120.39833068847656
Step-Separation,0.007004289189353585,Q1-OUTERSKIN,0.5003733038902283,0.14587569,0.12785333,0.46124533,363.2505187988281,80.98900604248047
Step-Separation,0.007004289189353585,Q2-CORE,0.7800726890563965,0.18285677,-0.11966409,-0.7488373,417.5955810546875,2.590786933898926
Step-Separation,0.007004289189353585,Q2-INNERSKIN,0.7822369337081909,0.18241872,-0.13235912,-0.74906546,419.4122619628906,98.22886657714844
Step-Separation,0.007004289189353585,Q2-OUTERSKIN,0.5042834281921387,0.13297868,0.13026667,-0.46866733,375.5384826660156,78.41390228271484
Step-Separation,0.009003776591271162,ADAPTER,0.0,0.0,0.0,0.0,0.0,0.0
Step-Separation,0.009003776591271162,Q1-CORE,1.0833745002746582,0.24298148,-0.13016312,1.0477203,144.5516357421875,3.1961050033569336
Step-Separation,0.009003776591271162,Q1-INNERSKIN,1.0859178304672241,0.24207567,-0.14424719,1.0487181,144.48097229003906,123.83760070800781
Step-Separation,0.009003776591271162,Q1-OUTERSKIN,0.8451557755470276,0.22245145,0.16625348,0.79822516,111.63067626953125,102.24034118652344
Step-Separation,0.009003776591271162,Q2-CORE,1.2489533424377441,0.31353945,-0.1635958,-1.1978371,273.828857421875,2.1650633811950684
Step-Separation,0.009003776591271162,Q2-INNERSKIN,1.251168966293335,0.31288218,-0.17842537,-1.198204,273.8588562011719,99.38976287841797
Step-Separation,0.009003776591271162,Q2-OUTERSKIN,0.9826576113700867,0.2681271,0.19716913,-0.92458,252.7657012939453,92.11258697509766
Step-Separation,0.01100290147587657,ADAPTER,0.0,0.0,0.0,0.0,0.0,0.0
Step-Separation,0.01100290147587657,Q1-CORE,0.9863858222961426,0.18488583,-0.085542776,0.96512,134.9563751220703,2.736771583557129
Step-Separation,0.01100290147587657,Q1-INNERSKIN,0.9879648089408875,0.18776488,-0.098270975,0.9649672,135.07522583007812,135.2012176513672
Step-Separation,0.01100290147587657,Q1-OUTERSKIN,0.7488435506820679,0.16321103,0.12671915,0.71977156,125.29723358154297,89.94406127929688
Step-Separation,0.01100290147587657,Q2-CORE,1.7077289819717407,0.44765368,-0.19606297,-1.6363081,231.6019744873047,2.6009976863861084
Step-Separation,0.01100290147587657,Q2-INNERSKIN,1.709894061088562,0.44687292,-0.21231961,-1.6367537,231.8164825439453,109.03187561035156
Step-Separation,0.01100290147587657,Q2-OUTERSKIN,1.4452922344207764,0.40089172,0.2610095,-1.363829,197.6907501220703,127.42109680175781
Step-Separation,0.013002191670238972,ADAPTER,0.0,0.0,0.0,0.0,0.0,0.0
Step-Separation,0.013002191670238972,Q1-CORE,0.9041555523872375,0.14941773,-0.07518277,0.8885489,104.01756286621094,2.2824273109436035
Step-Separation,0.013002191670238972,Q1-INNERSKIN,0.9062557816505432,0.15090182,-0.0886643,0.8891945,102.816650390625,103.6275405883789
Step-Separation,0.013002191670238972,Q1-OUTERSKIN,0.6657595634460449,0.12398064,0.12621897,0.6418204,66.29949188232422,69.7882080078125
Step-Separation,0.013002191670238972,Q2-CORE,2.052076816558838,0.5462716,-0.2124149,-1.9665926,249.36102294921875,2.305731773376465
Step-Separation,0.013002191670238972,Q2-INNERSKIN,2.0540645122528076,0.54528636,-0.22876278,-1.9671074,249.416015625,105.74947357177734
Step-Separation,0.013002191670238972,Q2-OUTERSKIN,1.789151906967163,0.50335616,0.30371228,-1.6898094,193.31607055664062,142.06207275390625
Step-Separation,0.01500138733536005,ADAPTER,0.0,0.0,0.0,0.0,0.0,0.0
Step-Separation,0.01500138733536005,Q1-CORE,0.9459495544433594,0.1702119,-0.07590592,0.92740864,90.04241943359375,2.3704702854156494
Step-Separation,0.01500138733536005,Q1-INNERSKIN,0.9486557841300964,0.17037858,-0.090415925,0.9288401,88.66297149658203,107.90095520019531
Step-Separation,0.01500138733536005,Q1-OUTERSKIN,0.7112158536911011,0.1395381,0.14410281,0.68234265,64.40596771240234,74.23173522949219
Step-Separation,0.01500138733536005,Q2-CORE,2.3033318519592285,0.62484556,-0.21746163,-2.2062674,199.9650115966797,2.6445422172546387
Step-Separation,0.01500138733536005,Q2-INNERSKIN,2.305278778076172,0.6233281,-0.23457578,-2.2069767,195.63401794433594,93.08811950683594
Step-Separation,0.01500138733536005,Q2-OUTERSKIN,2.0550825595855713,0.5937505,0.32813248,-1.9398848,186.13255310058594,153.747314453125
Step-Separation,0.017000692896544933,ADAPTER,0.0,0.0,0.0,0.0,0.0,0.0
Step-Separation,0.017000692896544933,Q1-CORE,1.006243109703064,0.18162738,-0.07192084,0.98709875,91.51274108886719,2.511601209640503
Step-Separation,0.017000692896544933,Q1-INNERSKIN,1.0091606378555298,0.18204507,-0.08747142,0.98874336,90.16749572753906,105.94432830810547
Step-Separation,0.017000692896544933,Q1-OUTERSKIN,0.7663990259170532,0.15211159,0.15643372,0.73468226,57.74148941040039,81.27366638183594
Step-Separation,0.017000692896544933,Q2-CORE,2.467471122741699,0.68556863,-0.21693757,-2.3603702,197.16885375976562,2.428645610809326
Step-Separation,0.017000692896544933,Q2-INNERSKIN,2.4693262577056885,0.6838122,-0.2341899,-2.361171,197.20263671875,92.53803253173828
Step-Separation,0.017000692896544933,Q2-OUTERSKIN,2.2103805541992188,0.64255786,0.34147748,-2.087174,176.04396057128906,145.38377380371094
Step-Separation,0.01909994799643755,ADAPTER,0.0,0.0,0.0,0.0,0.0,0.0
Step-Separation,0.01909994799643755,Q1-CORE,0.983266294002533,0.16519046,-0.05596263,0.96767396,42.3016471862793,2.413278341293335
Step-Separation,0.01909994799643755,Q1-INNERSKIN,0.9861895442008972,0.16554105,-0.070824414,0.96961325,42.40738296508789,112.04364776611328
Step-Separation,0.01909994799643755,Q1-OUTERSKIN,0.7484678030014038,0.1355719,0.14833283,0.7209866,40.02522277832031,75.79772186279297
Step-Separation,0.01909994799643755,Q2-CORE,2.6771509647369385,0.7625745,-0.21597782,-2.5571413,160.29771423339844,2.505899429321289
Step-Separation,0.01909994799643755,Q2-INNERSKIN,2.678866147994995,0.7612129,-0.23331712,-2.5578198,160.3112030029297,91.0177230834961
Step-Separation,0.01909994799643755,Q2-OUTERSKIN,2.4183473587036133,0.7006165,0.36469838,-2.2857242,147.59861755371094,159.60684204101562
Step-Separation,0.021099229343235493,ADAPTER,0.0,0.0,0.0,0.0,0.0,0.0
Step-Separation,0.021099229343235493,Q1-CORE,0.9993520379066467,0.15927769,-0.052706175,0.98516864,44.687255859375,2.4144458770751953
Step-Separation,0.021099229343235493,Q1-INNERSKIN,1.0024782419204712,0.1598273,-0.06798244,0.98731774,44.002323150634766,110.03805541992188
Step-Separation,0.021099229343235493,Q1-OUTERSKIN,0.7625941634178162,0.12815627,0.15593731,0.7353974,44.174617767333984,76.52714538574219
Step-Separation,0.021099229343235493,Q2-CORE,2.821977138519287,0.8135892,-0.21196368,-2.6938262,121.50605773925781,2.4503235816955566
Step-Separation,0.021099229343235493,Q2-INNERSKIN,2.8236379623413086,0.81237715,-0.22975653,-2.6944733,115.99618530273438,96.31742095947266
Step-Separation,0.021099229343235493,Q2-OUTERSKIN,2.5638387203216553,0.7441904,0.37969553,-2.423898,116.68990325927734,158.77392578125
Step-Separation,0.023098516277968884,ADAPTER,0.0,0.0,0.0,0.0,0.0,0.0
Step-Separation,0.023098516277968884,Q1-CORE,1.0179067850112915,0.1541207,-0.043427866,1.0052338,38.25448989868164,2.4098615646362305
Step-Separation,0.023098516277968884,Q1-INNERSKIN,1.0211944580078125,0.15444686,-0.05870605,1.0077391,38.412296295166016,109.48101806640625
Step-Separation,0.023098516277968884,Q1-OUTERSKIN,0.7858728766441345,0.12497315,0.15934038,0.75933427,35.11027908325195,76.9521255493164
Step-Separation,0.023098516277968884,Q2-CORE,2.979825258255005,0.8712076,-0.20872961,-2.8419693,117.26644897460938,2.4667155742645264
Step-Separation,0.023098516277968884,Q2-INNERSKIN,2.981415033340454,0.870304,-0.22680159,-2.8425283,117.25759887695312,100.42493438720703
Step-Separation,0.023098516277968884,Q2-OUTERSKIN,2.717616081237793,0.7912529,0.39010605,-2.5704422,104.88362121582031,165.3870849609375
Step-Separation,0.025097698904573917,ADAPTER,0.0,0.0,0.0,0.0,0.0,0.0
Step-Separation,0.025097698904573917,Q1-CORE,1.0386559963226318,0.15051565,-0.0354586,1.0270803,37.286067962646484,2.4099087715148926
Step-Separation,0.025097698904573917,Q1-INNERSKIN,1.0420646667480469,0.15095584,-0.05083337,1.029819,35.35062026977539,112.25194549560547
Step-Separation,0.025097698904573917,Q1-OUTERSKIN,0.807373583316803,0.12078313,0.1667727,0.7806731,37.138309478759766,76.71633911132812
Step-Separation,0.025097698904573917,Q2-CORE,3.1527493000030518,0.9314715,-0.2058209,-3.004967,84.88214111328125,2.5129668712615967
Step-Separation,0.025097698904573917,Q2-INNERSKIN,3.1542673110961914,0.9306293,-0.2241003,-3.0055132,84.87480163574219,97.64053344726562
Step-Separation,0.025097698904573917,Q2-OUTERSKIN,2.891084671020508,0.8438109,0.40701818,-2.735085,78.49738311767578,181.0887451171875
Step-Separation,0.02709681075066328,ADAPTER,0.0,0.0,0.0,0.0,0.0,0.0
Step-Separation,0.02709681075066328,Q1-CORE,1.0476971864700317,0.14787383,-0.025854811,1.0368868,29.484947204589844,2.4333205223083496
Step-Separation,0.02709681075066328,Q1-INNERSKIN,1.0512385368347168,0.14822291,-0.041057944,1.0399263,29.176471710205078,111.45433807373047
Step-Separation,0.02709681075066328,Q1-OUTERSKIN,0.8167491555213928,0.11834063,0.16830231,0.7904107,29.434722900390625,76.21504211425781
Step-Separation,0.02709681075066328,Q2-CORE,3.229863166809082,0.9654002,-0.19256479,-3.0761886,74.24246978759766,2.59151554107666
Step-Separation,0.02709681075066328,Q2-INNERSKIN,3.231265068054199,0.9649025,-0.21078056,-3.0766227,67.96481323242188,104.43270874023438
Step-Separation,0.02709681075066328,Q2-OUTERSKIN,2.962402582168579,0.86599624,0.41203946,-2.802874,68.82637786865234,184.99342346191406
Step-Separation,0.02909592818468809,ADAPTER,0.0,0.0,0.0,0.0,0.0,0.0
Step-Separation,0.02909592818468809,Q1-CORE,1.0515046119689941,0.14319445,-0.017536057,1.0415612,32.85435104370117,2.3735177516937256
Step-Separation,0.02909592818468809,Q1-INNERSKIN,1.0551085472106934,0.14391004,-0.032677677,1.0447373,32.728538513183594,113.37374114990234
Step-Separation,0.02909592818468809,Q1-OUTERSKIN,0.8214110732078552,0.11248961,0.17125353,0.79544604,27.71837043762207,75.72968292236328
Step-Separation,0.02909592818468809,Q2-CORE,3.23513126373291,0.97530097,-0.1778921,-3.0794833,60.43693542480469,2.526268720626831
Step-Separation,0.02909592818468809,Q2-INNERSKIN,3.2364261150360107,0.9748201,-0.19586247,-3.0799055,54.10110855102539,104.8795394897461
Step-Separation,0.02909592818468809,Q2-OUTERSKIN,2.968406915664673,0.8694961,0.4114903,-2.8082187,58.03168869018555,178.51380920410156
Step-Separation,0.031095058657228947,ADAPTER,0.0,0.0,0.0,0.0,0.0,0.0
Step-Separation,0.031095058657228947,Q1-CORE,1.0598386526107788,0.14051108,-0.010399661,1.0504315,33.01436233520508,2.4077720642089844
Step-Separation,0.031095058657228947,Q1-INNERSKIN,1.0635987520217896,0.14125246,-0.025517374,1.0538685,32.86936950683594,111.416748046875
Step-Separation,0.031095058657228947,Q1-OUTERSKIN,0.8316462635993958,0.5793163,0.008976607,0.5966134,25.364299774169922,74.92078399658203
Step-Separation,0.031095058657228947,Q2-CORE,3.2512824535369873,0.98784333,-0.17144206,-3.092832,50.363685607910156,2.634449005126953
Step-Separation,0.031095058657228947,Q2-INNERSKIN,3.2525370121002197,0.98748565,-0.18944177,-3.0932155,49.927555084228516,95.0300521850586
Step-Separation,0.031095058657228947,Q2-OUTERSKIN,2.9868204593658447,0.93097734,0.3954493,-2.8103375,50.212890625,182.55857849121094
Step-Separation,0.0330942003056407,ADAPTER,0.0,0.0,0.0,0.0,0.0,0.0
Step-Separation,0.0330942003056407,Q1-CORE,1.0674173831939697,0.13558923,-0.0016524299,1.0587695,32.85597610473633,2.388434648513794
Step-Separation,0.0330942003056407,Q1-INNERSKIN,1.0713238716125488,0.13631086,-0.016720206,1.0624851,32.64812088012695,112.86021423339844
Step-Separation,0.0330942003056407,Q1-OUTERSKIN,0.8629213571548462,0.59520197,0.0031808957,0.6247862,21.24179458618164,74.9291763305664
Step-Separation,0.0330942003056407,Q2-CORE,3.1993346214294434,0.9784023,-0.15666133,-3.042027,60.22682571411133,2.5605990886688232
Step-Separation,0.0330942003056407,Q2-INNERSKIN,3.200500011444092,0.9781304,-0.17438124,-3.042376,60.25606155395508,90.5899887084961
Step-Separation,0.0330942003056407,Q2-OUTERSKIN,2.952418327331543,0.91831475,0.39506495,-2.7780201,58.71733093261719,172.8151397705078
Step-Separation,0.035093401558697224,ADAPTER,0.0,0.0,0.0,0.0,0.0,0.0
Step-Separation,0.035093401558697224,Q1-CORE,1.0768418312072754,0.12971877,0.004003592,1.0689926,33.344322204589844,2.3807928562164307
Step-Separation,0.035093401558697224,Q1-INNERSKIN,1.0809599161148071,0.13035044,-0.011073774,1.0730146,33.139625549316406,111.93190002441406
Step-Separation,0.035093401558697224,Q1-OUTERSKIN,0.8821321129798889,0.5973312,-0.005005575,0.64909744,18.853017807006836,73.15330505371094
Step-Separation,0.035093401558697224,Q2-CORE,3.170186996459961,0.97255224,-0.14456433,-3.0138562,50.27979278564453,2.5404350757598877
Step-Separation,0.035093401558697224,Q2-INNERSKIN,3.17128586769104,0.9723412,-0.16220117,-3.0141826,50.30323028564453,88.32270812988281
Step-Separation,0.035093401558697224,Q2-OUTERSKIN,2.9270193576812744,0.90861547,0.39977816,-2.75355,47.76264572143555,167.09732055664062
Step-Separation,0.037092615850269794,ADAPTER,0.0,0.0,0.0,0.0,0.0,0.0
Step-Separation,0.037092615850269794,Q1-CORE,1.0919137001037598,0.12587743,0.012570797,1.0845609,33.66823196411133,2.383843421936035
Step-Separation,0.037092615850269794,Q1-INNERSKIN,1.096174716949463,0.12653294,-0.0024882536,1.0888444,33.642906188964844,112.7625503540039
Step-Separation,0.037092615850269794,Q1-OUTERSKIN,0.9012488722801208,0.59890133,-0.014781246,0.6733114,18.65448570251465,72.95397186279297
Step-Separation,0.037092615850269794,Q2-CORE,3.1751620769500732,0.97656,-0.13495356,-3.01824,42.286014556884766,2.5622715950012207
Step-Separation,0.037092615850269794,Q2-INNERSKIN,3.176206588745117,0.9763421,-0.15260589,-3.0185685,40.56657791137695,88.31201934814453
Step-Separation,0.037092615850269794,Q2-OUTERSKIN,2.930412769317627,0.909996,0.4083261,-2.7554486,39.20489501953125,167.91766357421875
Step-Separation,0.039091830141842365,ADAPTER,0.0,0.0,0.0,0.0,0.0,0.0
Step-Separation,0.039091830141842365,Q1-CORE,1.1065763235092163,0.122234665,0.018385274,1.0996509,36.70194625854492,2.377856969833374
Step-Separation,0.039091830141842365,Q1-INNERSKIN,1.1110211610794067,0.12291354,0.0033577438,1.1041961,36.633026123046875,112.912109375
Step-Separation,0.039091830141842365,Q1-OUTERSKIN,0.9189257025718689,0.5973121,-0.022029757,0.69796664,19.161413192749023,72.26947784423828
Step-Separation,0.039091830141842365,Q2-CORE,3.169832706451416,0.9777912,-0.12321861,-3.0127366,37.40906524658203,2.5640335083007812
Step-Separation,0.039091830141842365,Q2-INNERSKIN,3.1708061695098877,0.9776942,-0.14076436,-3.0130236,37.404056549072266,91.06546020507812
Step-Separation,0.039091830141842365,Q2-OUTERSKIN,2.933788537979126,0.9100493,0.4156134,-2.7579324,35.60032272338867,165.6121063232422
Step-Separation,0.041091044433414936,ADAPTER,0.0,0.0,0.0,0.0,0.0,0.0
Step-Separation,0.041091044433414936,Q1-CORE,1.1204193830490112,0.118626565,0.024262248,1.1138575,37.853729248046875,2.3985605239868164
Step-Separation,0.041091044433414936,Q1-INNERSKIN,1.1250572204589844,0.11929782,0.009265719,1.118676,37.8029899597168,112.89796447753906
Step-Separation,0.041091044433414936,Q1-OUTERSKIN,0.9326855540275574,0.59160715,-0.03075729,0.720387,16.74662971496582,72.29466247558594
Step-Separation,0.041091044433414936,Q2-CORE,3.1815145015716553,0.98324734,-0.11437055,-3.0236037,39.2818603515625,2.533567428588867
Step-Separation,0.041091044433414936,Q2-INNERSKIN,3.182435989379883,0.98310083,-0.13191529,-3.0239065,38.34176254272461,88.59532165527344
Step-Separation,0.041091044433414936,Q2-OUTERSKIN,2.944535970687866,0.9128663,0.42232102,-2.7674198,36.29475021362305,165.47027587890625
Step-Separation,0.04309025872498751,ADAPTER,0.0,0.0,0.0,0.0,0.0,0.0
Step-Separation,0.04309025872498751,Q1-CORE,1.130395770072937,0.11380681,0.028331386,1.1242954,40.083011627197266,2.377657890319824
Step-Separation,0.04309025872498751,Q1-INNERSKIN,1.1352304220199585,0.11455214,0.013347074,1.1293572,40.016300201416016,112.99170684814453
Step-Separation,0.04309025872498751,Q1-OUTERSKIN,0.9513567686080933,0.59135216,-0.037943337,0.74427325,16.65850067138672,71.77619171142578
Step-Separation,0.04309025872498751,Q2-CORE,3.2006356716156006,0.99179393,-0.1054079,-3.0412664,36.938926696777344,2.5528976917266846
Step-Separation,0.04309025872498751,Q2-INNERSKIN,3.2015011310577393,0.9917205,-0.12290956,-3.0415447,36.96042251586914,88.15420532226562
Step-Separation,0.04309025872498751,Q2-OUTERSKIN,2.9690821170806885,0.9189942,0.43120667,-2.790154,34.6004753112793,166.48423767089844
Step-Separation,0.04508947301656008,ADAPTER,0.0,0.0,0.0,0.0,0.0,0.0
Step-Separation,0.04508947301656008,Q1-CORE,1.141677975654602,0.11047814,0.0330128,1.1358403,42.01940155029297,2.385070562362671
Step-Separation,0.04508947301656008,Q1-INNERSKIN,1.146714448928833,0.1112526,0.018041054,1.1411623,41.941890716552734,113.35344696044922
Step-Separation,0.04508947301656008,Q1-OUTERSKIN,0.9697669148445129,0.59151393,-0.04587002,0.76710826,15.460344314575195,71.15693664550781
Step-Separation,0.04508947301656008,Q2-CORE,3.2123866081237793,0.99814403,-0.09839395,-3.0517955,40.78538131713867,2.5828843116760254
Step-Separation,0.04508947301656008,Q2-INNERSKIN,3.2132139205932617,0.9981723,-0.115909696,-3.0520422,39.553497314453125,86.38191223144531
Step-Separation,0.04508947301656008,Q2-OUTERSKIN,2.988250732421875,0.9229659,0.43745962,-2.8082745,38.93570327758789,165.96253967285156
Step-Separation,0.04708868730813265,ADAPTER,0.0,0.0,0.0,0.0,0.0,0.0
Step-Separation,0.04708868730813265,Q1-CORE,1.1528005599975586,0.106517,0.03675945,1.1472803,43.26641082763672,2.392925977706909
Step-Separation,0.04708868730813265,Q1-INNERSKIN,1.1580588817596436,0.10729544,0.021800147,1.1528716,43.1960334777832,113.25331115722656
Step-Separation,0.04708868730813265,Q1-OUTERSKIN,0.9887887239456177,0.5933911,-0.051961705,0.78923386,13.690731048583984,70.95779418945312
Step-Separation,0.04708868730813265,Q2-CORE,3.225619077682495,1.003258,-0.090697706,-3.0642889,38.24009323120117,2.557588577270508
Step-Separation,0.04708868730813265,Q2-INNERSKIN,3.226397752761841,1.0033035,-0.10813168,-3.064528,37.47148895263672,83.85417175292969
Step-Separation,0.04708868730813265,Q2-OUTERSKIN,3.0047056674957275,0.9256446,0.44369593,-2.8239286,36.97869110107422,164.2479705810547
Step-Separation,0.04908790159970522,ADAPTER,0.0,0.0,0.0,0.0,0.0,0.0
Step-Separation,0.04908790159970522,Q1-CORE,1.1633822917938232,0.10293587,0.040920593,1.1580967,44.461952209472656,2.382194995880127
Step-Separation,0.04908790159970522,Q1-INNERSKIN,1.1688693761825562,0.103677936,0.02594355,1.1639731,44.40122604370117,113.76801300048828
Step-Separation,0.04908790159970522,Q1-OUTERSKIN,1.0062055587768555,0.5948226,-0.058417782,0.8094586,14.393073081970215,70.29922485351562
Step-Separation,0.04908790159970522,Q2-CORE,3.2494359016418457,1.0113446,-0.08556679,-3.0868583,35.7260856628418,2.579965114593506
Step-Separation,0.04908790159970522,Q2-INNERSKIN,3.250185489654541,1.0114243,-0.10302782,-3.0870879,35.351356506347656,82.95840454101562
Step-Separation,0.04908790159970522,Q2-OUTERSKIN,3.0311505794525146,0.931643,0.45127332,-2.8489063,34.47041702270508,165.2113800048828
Step-Separation,0.05108711589127779,ADAPTER,0.0,0.0,0.0,0.0,0.0,0.0
Step-Separation,0.05108711589127779,Q1-CORE,1.174426794052124,0.099806875,0.044996686,1.1693127,45.61500930786133,2.388943910598755
Step-Separation,0.05108711589127779,Q1-INNERSKIN,1.1801341772079468,0.10054852,0.03005484,1.1754588,45.562522888183594,113.79299926757812
Step-Separation,0.05108711589127779,Q1-OUTERSKIN,1.0239179134368896,0.5966991,-0.06506608,0.82953256,13.711328506469727,70.48336029052734
Step-Separation,0.05108711589127779,Q2-CORE,3.269195318222046,1.0178522,-0.07864659,-3.105709,34.52315902709961,2.584886312484741
Step-Separation,0.05108711589127779,Q2-INNERSKIN,3.2699027061462402,1.017962,-0.09607638,-3.1059277,34.52865219116211,84.10979461669922
Step-Separation,0.05108711589127779,Q2-OUTERSKIN,3.0563254356384277,0.9369499,0.45796525,-2.8728936,34.25283432006836,164.00946044921875
Step-Separation,0.05308633018285036,ADAPTER,0.0,0.0,0.0,0.0,0.0,0.0
Step-Separation,0.05308633018285036,Q1-CORE,1.1898374557495117,0.6728544,-0.243406,0.95064896,47.45733642578125,2.3886966705322266
Step-Separation,0.05308633018285036,Q1-INNERSKIN,1.1956425905227661,0.67224634,-0.24730487,0.95733285,47.38750076293945,113.80008697509766
Step-Separation,0.05308633018285036,Q1-OUTERSKIN,1.0417397022247314,0.59877205,-0.07107702,0.849495,12.245570182800293,69.74642181396484
Step-Separation,0.05308633018285036,Q2-CORE,3.3006439208984375,1.0268619,-0.07380307,-3.135978,37.05790710449219,2.572791576385498
Step-Separation,0.05308633018285036,Q2-INNERSKIN,3.301323413848877,1.0269591,-0.09126836,-3.1362016,36.57254409790039,84.08488464355469
Step-Separation,0.05308633018285036,Q2-OUTERSKIN,3.0871195793151855,0.9446085,0.46524903,-2.9019933,36.78102111816406,164.67530822753906
Step-Separation,0.05508554447442293,ADAPTER,0.0,0.0,0.0,0.0,0.0,0.0
Step-Separation,0.05508554447442293,Q1-CORE,1.2071993350982666,0.67493826,-0.24951778,0.9692933,48.87287521362305,2.3950421810150146
Step-Separation,0.05508554447442293,Q1-INNERSKIN,1.213164210319519,0.6743463,-0.2533641,0.97613066,48.79511260986328,113.95125579833984
Step-Separation,0.05508554447442293,Q1-OUTERSKIN,1.0587215423583984,0.6005105,-0.07708686,0.8685252,12.724825859069824,69.53240966796875
Step-Separation,0.05508554447442293,Q2-CORE,3.332322835922241,1.0361073,-0.06846987,-3.1664126,34.695560455322266,2.571152925491333
Step-Separation,0.05508554447442293,Q2-INNERSKIN,3.3329694271087646,1.0362322,-0.085925646,-3.1666267,33.027774810791016,85.14957427978516
Step-Separation,0.05508554447442293,Q2-OUTERSKIN,3.1208884716033936,0.95300174,0.47238457,-2.934039,32.89670181274414,165.33255004882812
Step-Separation,0.0570847587659955,ADAPTER,0.0,0.0,0.0,0.0,0.0,0.0
Step-Separation,0.0570847587659955,Q1-CORE,1.2259995937347412,0.6789913,-0.25607428,0.9881659,50.186370849609375,2.388547658920288
Step-Separation,0.0570847587659955,Q1-INNERSKIN,1.2321091890335083,0.67842185,-0.25988454,0.99513656,50.10358428955078,113.85498809814453
Step-Separation,0.0570847587659955,Q1-OUTERSKIN,1.0764448642730713,0.6032179,-0.08322003,0.8876577,12.393912315368652,69.01944732666016
Step-Separation,0.0570847587659955,Q2-CORE,3.3636438846588135,1.0451121,-0.06396792,-3.1965213,33.049652099609375,2.5862152576446533
Step-Separation,0.0570847587659955,Q2-INNERSKIN,3.3642663955688477,1.0452672,-0.08146371,-3.1967278,32.743404388427734,86.27410125732422
Step-Separation,0.0570847587659955,Q2-OUTERSKIN,3.154372453689575,0.960657,0.47862497,-2.9661627,31.38771629333496,165.7363739013672
Step-Separation,0.05908397305756807,ADAPTER,0.0,0.0,0.0,0.0,0.0,0.0
Step-Separation,0.05908397305756807,Q1-CORE,1.2437610626220703,0.6821695,-0.26194263,1.0064653,51.241641998291016,2.3964037895202637
Step-Separation,0.05908397305756807,Q1-INNERSKIN,1.2500300407409668,0.68161535,-0.2657154,1.0135931,51.15604019165039,114.15750885009766
Step-Separation,0.05908397305756807,Q1-OUTERSKIN,1.0939345359802246,0.60631436,-0.088533945,0.90622145,11.934549331665039,68.69994354248047
Step-Separation,0.05908397305756807,Q2-CORE,3.393510580062866,1.0534983,-0.060058862,-3.2252827,32.91313171386719,2.5800328254699707
Step-Separation,0.05908397305756807,Q2-INNERSKIN,3.394110679626465,1.0536664,-0.0775624,-3.2254858,31.882877349853516,86.33415985107422
Step-Separation,0.05908397305756807,Q2-OUTERSKIN,3.1869688034057617,0.9678584,0.48389396,-2.9976435,31.79320526123047,166.03976440429688
Step-Separation,0.061083187349140644,ADAPTER,0.0,0.0,0.0,0.0,0.0,0.0
Step-Separation,0.061083187349140644,Q1-CORE,1.2606877088546753,0.68483657,-0.2673971,1.0241246,53.02460861206055,2.394070863723755
Step-Separation,0.061083187349140644,Q1-INNERSKIN,1.2670962810516357,0.684306,-0.27112588,1.0313821,52.911231994628906,114.11332702636719
Step-Separation,0.061083187349140644,Q1-OUTERSKIN,1.1105073690414429,0.60836184,-0.09403059,0.924273,11.246007919311523,68.44651794433594
Step-Separation,0.061083187349140644,Q2-CORE,3.4402313232421875,1.4583775,-0.025531616,-3.115714,32.83445358276367,2.5880463123321533
Step-Separation,0.061083187349140644,Q2-INNERSKIN,3.4409353733062744,1.4566613,-0.04085821,-3.1171308,32.620296478271484,85.50376892089844
Step-Separation,0.061083187349140644,Q2-OUTERSKIN,3.2387287616729736,1.4071463,0.4782755,-2.8775954,32.608821868896484,166.76400756835938
Step-Separation,0.06308240164071321,ADAPTER,0.0,0.0,0.0,0.0,0.0,0.0
Step-Separation,0.06308240164071321,Q1-CORE,1.2778491973876953,0.6879785,-0.27268726,1.0417417,54.18137741088867,2.4002254009246826
Step-Separation,0.06308240164071321,Q1-INNERSKIN,1.284391164779663,0.6874751,-0.27638733,1.049118,54.056514739990234,114.49964904785156
Step-Separation,0.06308240164071321,Q1-OUTERSKIN,1.1271241903305054,0.61071897,-0.09890013,0.9421518,11.489689826965332,68.01207733154297
Step-Separation,0.06308240164071321,Q2-CORE,3.490929126739502,1.476391,-0.021069014,-3.1632915,31.339303970336914,2.583136796951294
Step-Separation,0.06308240164071321,Q2-INNERSKIN,3.4916086196899414,1.4746991,-0.03640245,-3.1646907,30.847679138183594,85.59166717529297
Step-Separation,0.06308240164071321,Q2-OUTERSKIN,3.289381504058838,1.423661,0.48343304,-2.9256644,31.03224754333496,166.28057861328125
Step-Separation,0.06508161593228579,ADAPTER,0.0,0.0,0.0,0.0,0.0,0.0
Step-Separation,0.06508161593228579,Q1-CORE,1.2950503826141357,0.6910237,-0.27784795,1.0594537,54.70045471191406,2.395724058151245
Step-Separation,0.06508161593228579,Q1-INNERSKIN,1.30172860622406,0.69054574,-0.28151613,1.0669549,54.580753326416016,114.53289794921875
Step-Separation,0.06508161593228579,Q1-OUTERSKIN,1.1438466310501099,0.61305606,-0.103745475,0.96009594,11.428231239318848,67.79136657714844
Step-Separation,0.06508161593228579,Q2-CORE,3.548076868057251,1.4980221,-0.017105008,-3.2162845,28.818599700927734,2.605325222015381
Step-Separation,0.06508161593228579,Q2-INNERSKIN,3.5487358570098877,1.4963461,-0.03247773,-3.217673,28.494638442993164,85.17964935302734
Step-Separation,0.06508161593228579,Q2-OUTERSKIN,3.3460958003997803,1.4441228,0.48955786,-2.978456,28.343196868896484,167.5951690673828
Step-Separation,0.06708083022385836,ADAPTER,0.0,0.0,0.0,0.0,0.0,0.0
Step-Separation,0.06708083022385836,Q1-CORE,1.3118152618408203,0.69363314,-0.2828582,1.0769047,55.75918960571289,2.401721477508545
Step-Separation,0.06708083022385836,Q1-INNERSKIN,1.3186231851577759,0.6931829,-0.2864889,1.0845224,55.62531661987305,114.66987609863281
Step-Separation,0.06708083022385836,Q1-OUTERSKIN,1.1601499319076538,0.61493474,-0.10847126,0.9777714,11.108336448669434,67.53557586669922
Step-Separation,0.06708083022385836,Q2-CORE,3.5999972820281982,1.5162544,-0.013074929,-3.2650855,27.676067352294922,2.594876527786255
Step-Separation,0.06708083022385836,Q2-INNERSKIN,3.6006412506103516,1.5145816,-0.028457005,-3.2664735,27.670684814453125,85.12191009521484
Step-Separation,0.06708083022385836,Q2-OUTERSKIN,3.398465871810913,1.4623976,0.4949054,-3.0275457,26.721683502197266,167.6107940673828
Step-Separation,0.06907998491078615,ADAPTER,0.0,0.0,0.0,0.0,0.0,0.0
Step-Separation,0.06907998491078615,Q1-CORE,1.3288655281066895,0.69675297,-0.28783447,1.0943354,56.90411376953125,2.4053494930267334
Step-Separation,0.06907998491078615,Q1-INNERSKIN,1.3358057737350464,0.6963295,-0.291434,1.1020747,56.75014877319336,114.83087921142578
Step-Separation,0.06907998491078615,Q1-OUTERSKIN,1.1769014596939087,0.6176189,-0.11307507,0.9954184,11.130655288696289,67.11746215820312
Step-Separation,0.06907998491078615,Q2-CORE,3.648855447769165,1.5327305,-0.008575475,-3.3113153,26.230825424194336,2.5998964309692383
Step-Separation,0.06907998491078615,Q2-INNERSKIN,3.6494791507720947,1.5310693,-0.02395804,-3.3126955,25.76156997680664,85.6139907836914
Step-Separation,0.06907998491078615,Q2-OUTERSKIN,3.4471683502197266,1.4785284,0.4998861,-3.0736034,25.298799514770508,167.8530731201172
Step-Separation,0.07107912469655275,ADAPTER,0.0,0.0,0.0,0.0,0.0,0.0
Step-Separation,0.07107912469655275,Q1-CORE,1.3458654880523682,0.69982314,-0.29297137,1.1116517,57.73724365234375,2.406601905822754
Step-Separation,0.07107912469655275,Q1-INNERSKIN,1.3529404401779175,0.69942534,-0.29653978,1.119516,57.5667610168457,114.85942840576172
Step-Separation,0.07107912469655275,Q1-OUTERSKIN,1.1935672760009766,0.62008005,-0.11781701,1.0130265,11.142799377441406,66.8125
Step-Separation,0.07107912469655275,Q2-CORE,3.698214292526245,1.5495191,-0.0043276697,-3.35794,25.235599517822266,2.602653741836548
Step-Separation,0.07107912469655275,Q2-INNERSKIN,3.6988236904144287,1.5478523,-0.019729253,-3.3593245,24.99398422241211,86.1071548461914
Step-Separation,0.07107912469655275,Q2-OUTERSKIN,3.4965109825134277,1.4950447,0.50518936,-3.1201305,24.917343139648438,168.31216430664062
Step-Separation,0.07307826448231936,ADAPTER,0.0,0.0,0.0,0.0,0.0,0.0
Step-Separation,0.07307826448231936,Q1-CORE,1.3626792430877686,0.70275015,-0.29812962,1.128785,58.235862731933594,2.4099488258361816
Step-Separation,0.07307826448231936,Q1-INNERSKIN,1.3698861598968506,0.7023785,-0.30166447,1.1367722,58.05912780761719,114.98068237304688
Step-Separation,0.07307826448231936,Q1-OUTERSKIN,1.210018277168274,0.62246764,-0.12259714,1.0303631,10.804012298583984,66.39828491210938
Step-Separation,0.07307826448231936,Q2-CORE,3.7422711849212646,1.5631855,9.286776e-05,-3.4001536,24.97230339050293,2.5970001220703125
Step-Separation,0.07307826448231936,Q2-INNERSKIN,3.7428674697875977,1.5615052,-0.0153173115,-3.4015472,24.69528579711914,85.45704650878906
Step-Separation,0.07307826448231936,Q2-OUTERSKIN,3.5411536693573,1.5090617,0.5100839,-3.162644,24.205400466918945,167.95155334472656
Step-Separation,0.07507740426808596,ADAPTER,0.0,0.0,0.0,0.0,0.0,0.0
Step-Separation,0.07507740426808596,Q1-CORE,1.3791282176971436,0.70565104,-0.3028735,1.1455649,59.02881622314453,2.4112017154693604
Step-Separation,0.07507740426808596,Q1-INNERSKIN,1.3864610195159912,0.70530814,-0.30637592,1.1536673,58.83292007446289,115.05474090576172
Step-Separation,0.07507740426808596,Q1-OUTERSKIN,1.226217269897461,0.6247304,-0.1270248,1.0474662,10.831363677978516,66.19893646240234
Step-Separation,0.07507740426808596,Q2-CORE,3.7838447093963623,1.5758646,0.004332263,-3.4400744,24.59310531616211,2.595531463623047
Step-Separation,0.07507740426808596,Q2-INNERSKIN,3.7844226360321045,1.5741974,-0.011072477,-3.4414582,23.30255126953125,85.50857543945312
Step-Separation,0.07507740426808596,Q2-OUTERSKIN,3.582443952560425,1.5210339,0.5142188,-3.2024896,23.44435691833496,167.41897583007812
Step-Separation,0.07707654405385256,ADAPTER,0.0,0.0,0.0,0.0,0.0,0.0
Step-Separation,0.07707654405385256,Q1-CORE,1.39561927318573,0.7088002,-0.30779648,1.1621604,59.7281379699707,2.4157490730285645
Step-Separation,0.07707654405385256,Q1-INNERSKIN,1.4030827283859253,0.7084836,-0.31126744,1.1703866,59.512943267822266,115.28231811523438
Step-Separation,0.07707654405385256,Q1-OUTERSKIN,1.24234139919281,0.62716955,-0.13162498,1.0643052,10.979329109191895,65.78119659423828
Step-Separation,0.07707654405385256,Q2-CORE,3.8281543254852295,1.5905405,0.008082703,-3.48208,23.20604705810547,2.6016499996185303
Step-Separation,0.07707654405385256,Q2-INNERSKIN,3.828716516494751,1.5888864,-0.007339468,-3.4834547,23.1864070892334,85.18372344970703
Step-Separation,0.07707654405385256,Q2-OUTERSKIN,3.6263818740844727,1.5345227,0.51902986,-3.244456,23.038484573364258,167.5573272705078
Step-Separation,0.07907568383961916,ADAPTER,0.0,0.0,0.0,0.0,0.0,0.0
Step-Separation,0.07907568383961916,Q1-CORE,1.4118633270263672,0.71182287,-0.31264007,1.1785254,60.1747932434082,2.417865753173828
Step-Separation,0.07907568383961916,Q1-INNERSKIN,1.4194538593292236,0.711533,-0.31607443,1.1868728,59.94411087036133,115.4048080444336
Step-Separation,0.07907568383961916,Q1-OUTERSKIN,1.2583673000335693,0.62962854,-0.13618934,1.0809758,10.586804389953613,65.51275634765625
Step-Separation,0.07907568383961916,Q2-CORE,3.8698079586029053,1.6035042,0.012124628,-3.5219371,23.412731170654297,2.5992164611816406
Step-Separation,0.07907568383961916,Q2-INNERSKIN,3.870354652404785,1.6018564,-0.003296703,-3.5233066,23.28611183166504,84.83827209472656
Step-Separation,0.07907568383961916,Q2-OUTERSKIN,3.6681137084960938,1.5470366,0.52326006,-3.2844992,23.20411491394043,167.11813354492188
Step-Separation,0.08107482362538576,ADAPTER,0.0,0.0,0.0,0.0,0.0,0.0
Step-Separation,0.08107482362538576,Q1-CORE,1.4280909299850464,0.71500903,-0.31745738,1.1947496,60.76753616333008,2.420437812805176
Step-Separation,0.08107482362538576,Q1-INNERSKIN,1.4358068704605103,0.7147475,-0.32086158,1.2032145,60.51446533203125,115.495361328125
Step-Separation,0.08107482362538576,Q1-OUTERSKIN,1.2742822170257568,0.63220155,-0.1406956,1.0974157,10.406661033630371,65.19153594970703
Step-Separation,0.08107482362538576,Q2-CORE,3.9117074012756348,1.6166509,0.015770163,-3.5619721,23.18607521057129,2.6026086807250977
Step-Separation,0.08107482362538576,Q2-INNERSKIN,3.912240982055664,1.6150066,0.00034033507,-3.5633388,22.523990631103516,84.6239242553711
Step-Separation,0.08107482362538576,Q2-OUTERSKIN,3.709782838821411,1.5595156,0.527457,-3.3244834,22.666589736938477,166.9266815185547
Step-Separation,0.08307396341115236,ADAPTER,0.0,0.0,0.0,0.0,0.0,0.0
Step-Separation,0.08307396341115236,Q1-CORE,1.444202184677124,0.7181605,-0.32224792,1.2108352,61.09455108642578,2.424569845199585
Step-Separation,0.08307396341115236,Q1-INNERSKIN,1.4520457983016968,0.7179255,-0.3256194,1.2194229,60.8237190246582,115.60907745361328
Step-Separation,0.08307396341115236,Q1-OUTERSKIN,1.2901020050048828,0.63477015,-0.14522398,1.1137055,10.103825569152832,64.91509246826172
Step-Separation,0.08307396341115236,Q2-CORE,3.9542524814605713,1.6302465,0.019306738,-3.6025043,22.784719467163086,2.605767011642456
Step-Separation,0.08307396341115236,Q2-INNERSKIN,3.954773426055908,1.6286116,0.003869772,-3.603865,22.506113052368164,84.39900970458984
Step-Separation,0.08307396341115236,Q2-OUTERSKIN,3.7521703243255615,1.5722849,0.5316739,-3.365119,22.180051803588867,167.42538452148438
Step-Separation,0.08507310319691896,ADAPTER,0.0,0.0,0.0,0.0,0.0,0.0
Step-Separation,0.08507310319691896,Q1-CORE,1.4598863124847412,0.72126085,-0.32697952,1.2264318,61.13591384887695,2.4256582260131836
Step-Separation,0.08507310319691896,Q1-INNERSKIN,1.4678559303283691,0.72105265,-0.3303175,1.2351414,60.85179901123047,115.70664978027344
Step-Separation,0.08507310319691896,Q1-OUTERSKIN,1.3054852485656738,0.6371598,-0.14974761,1.1295551,9.940526008605957,64.62629699707031
Step-Separation,0.08507310319691896,Q2-CORE,3.995605945587158,1.6430675,0.02289705,-3.6420698,22.68787956237793,2.6016669273376465
Step-Separation,0.08507310319691896,Q2-INNERSKIN,3.996114492416382,1.641438,0.0074529126,-3.6434264,22.175443649291992,84.24827575683594
Step-Separation,0.08507310319691896,Q2-OUTERSKIN,3.7933990955352783,1.5845159,0.53578687,-3.40472,22.331823348999023,167.2704620361328
Step-Separation,0.08707224298268557,ADAPTER,0.0,0.0,0.0,0.0,0.0,0.0
Step-Separation,0.08707224298268557,Q1-CORE,1.4752202033996582,0.7241749,-0.33151352,1.2417505,61.421051025390625,2.429593086242676
Step-Separation,0.08707224298268557,Q1-INNERSKIN,1.4833143949508667,0.7239941,-0.33481795,1.2505803,61.11250686645508,115.82794189453125
Step-Separation,0.08707224298268557,Q1-OUTERSKIN,1.3205596208572388,0.6394905,-0.15405577,1.1450748,9.888932228088379,64.34168243408203
Step-Separation,0.08707224298268557,Q2-CORE,4.036921977996826,1.6559682,0.026371755,-3.6815505,21.910377502441406,2.6025748252868652
Step-Separation,0.08707224298268557,Q2-INNERSKIN,4.037416458129883,1.6543529,0.010921501,-3.682897,21.910423278808594,84.2513198852539
Step-Separation,0.08707224298268557,Q2-OUTERSKIN,3.834505558013916,1.5967113,0.5398362,-3.4442012,21.71329116821289,167.0212860107422
Step-Separation,0.08907138276845217,ADAPTER,0.0,0.0,0.0,0.0,0.0,0.0
Step-Separation,0.08907138276845217,Q1-CORE,1.4904282093048096,0.7272574,-0.33592367,1.2568327,61.62137985229492,2.431551933288574
Step-Separation,0.08907138276845217,Q1-INNERSKIN,1.498647689819336,0.72710353,-0.33919686,1.2657846,61.28797912597656,115.935791015625
Step-Separation,0.08907138276845217,Q1-OUTERSKIN,1.3354730606079102,0.64180523,-0.1582339,1.1604035,9.817075729370117,64.07672119140625
Step-Separation,0.08907138276845217,Q2-CORE,4.078207969665527,1.6688997,0.029627673,-3.720978,22.155689239501953,2.6061174869537354
Step-Separation,0.08907138276845217,Q2-INNERSKIN,4.07869291305542,1.667287,0.014167909,-3.7223232,21.755800247192383,84.14363861083984
Step-Separation,0.08907138276845217,Q2-OUTERSKIN,3.875692129135132,1.6090037,0.5438749,-3.4837189,21.706239700317383,167.2195587158203
Step-Separation,0.09107052255421877,ADAPTER,0.0,0.0,0.0,0.0,0.0,0.0
Step-Separation,0.09107052255421877,Q1-CORE,1.5053629875183105,0.7300481,-0.34022433,1.2717685,61.78340148925781,2.434512138366699
Step-Separation,0.09107052255421877,Q1-INNERSKIN,1.513704538345337,0.7299225,-0.3434639,1.2808384,61.42060852050781,116.03044891357422
Step-Separation,0.09107052255421877,Q1-OUTERSKIN,1.3505027294158936,0.6669706,-0.1859293,1.159499,9.677877426147461,63.798343658447266
Step-Separation,0.09107052255421877,Q2-CORE,4.117187023162842,1.6803952,0.032905653,-3.7585127,21.950695037841797,2.606523275375366
Step-Separation,0.09107052255421877,Q2-INNERSKIN,4.117661476135254,1.6787884,0.017442543,-3.759854,21.952455520629883,83.92853546142578
Step-Separation,0.09107052255421877,Q2-OUTERSKIN,3.9147465229034424,1.6201904,0.5475764,-3.5214179,21.636791229248047,166.9606475830078
Step-Separation,0.09306966233998537,ADAPTER,0.0,0.0,0.0,0.0,0.0,0.0
Step-Separation,0.09306966233998537,Q1-CORE,1.5203447341918945,0.73292387,-0.3445931,1.2866726,61.8718376159668,2.437849283218384
Step-Separation,0.09306966233998537,Q1-INNERSKIN,1.5288071632385254,0.73282707,-0.34780216,1.2958586,61.48181915283203,116.13724517822266
Step-Separation,0.09306966233998537,Q1-OUTERSKIN,1.3655880689620972,0.66966844,-0.19020554,1.1748178,9.737775802612305,63.50313186645508
Step-Separation,0.09306966233998537,Q2-CORE,4.15671968460083,1.6922944,0.036199994,-3.7964652,21.723974227905273,2.604306221008301
Step-Separation,0.09306966233998537,Q2-INNERSKIN,4.157185077667236,1.6906902,0.02072858,-3.7978053,21.49384307861328,83.77821350097656
Step-Separation,0.09306966233998537,Q2-OUTERSKIN,3.954035758972168,1.6313866,0.5514911,-3.5593307,21.444589614868164,166.7273406982422
Step-Separation,0.09506880212575197,ADAPTER,0.0,0.0,0.0,0.0,0.0,0.0
Step-Separation,0.09506880212575197,Q1-CORE,1.535366177558899,0.73572946,-0.34909162,1.3016092,61.73837661743164,2.4405107498168945
Step-Separation,0.09506880212575197,Q1-INNERSKIN,1.5439472198486328,0.7356625,-0.35226908,1.3109081,61.32328414916992,116.23312377929688
Step-Separation,0.09506880212575197,Q1-OUTERSKIN,1.3807330131530762,0.6723484,-0.19459006,1.1901706,9.713037490844727,63.25530242919922
Step-Separation,0.09506880212575197,Q2-CORE,4.197072505950928,1.7046386,0.039414525,-3.8351104,21.73920249938965,2.6062138080596924
Step-Separation,0.09506880212575197,Q2-INNERSKIN,4.197529315948486,1.7030404,0.023930281,-3.836448,21.419919967651367,83.668701171875
Step-Separation,0.09506880212575197,Q2-OUTERSKIN,3.994351625442505,1.6431394,0.5555512,-3.5980968,21.376001358032227,166.8259735107422
Step-Separation,0.09706794191151857,ADAPTER,0.0,0.0,0.0,0.0,0.0,0.0
Step-Separation,0.09706794191151857,Q1-CORE,1.5503149032592773,0.738455,-0.35361367,1.3164793,61.745697021484375,2.4422664642333984
Step-Separation,0.09706794191151857,Q1-INNERSKIN,1.5590168237686157,0.7384172,-0.35676134,1.325894,61.29824447631836,116.35314178466797
Step-Separation,0.09706794191151857,Q1-OUTERSKIN,1.3958182334899902,0.6749824,-0.19900647,1.2054474,9.63461685180664,62.949676513671875
Step-Separation,0.09706794191151857,Q2-CORE,4.2365336418151855,1.7163155,0.04275699,-3.8730674,21.205493927001953,2.6054186820983887
Step-Separation,0.09706794191151857,Q2-INNERSKIN,4.236980438232422,1.7147211,0.027265854,-3.8744018,21.20509147644043,83.54268646240234
Step-Separation,0.09706794191151857,Q2-OUTERSKIN,4.033675670623779,1.6543492,0.5594554,-3.6360252,21.159006118774414,166.59339904785156
Step-Separation,0.09906708169728518,ADAPTER,0.0,0.0,0.0,0.0,0.0,0.0
Step-Separation,0.09906708169728518,Q1-CORE,1.565243124961853,0.74117327,-0.3579452,1.3313615,61.746768951416016,2.442915916442871
Step-Separation,0.09906708169728518,Q1-INNERSKIN,1.57406485080719,0.74116486,-0.36106253,1.340891,61.2637825012207,116.44021606445312
Step-Separation,0.09906708169728518,Q1-OUTERSKIN,1.4108903408050537,0.67759126,-0.20325342,1.220725,9.670380592346191,62.648162841796875
Step-Separation,0.09906708169728518,Q2-CORE,4.276402950286865,1.7281811,0.045913205,-3.9113812,21.304235458374023,2.606614589691162
Step-Separation,0.09906708169728518,Q2-INNERSKIN,4.2768402099609375,1.7265917,0.03041055,-3.9127123,21.042354583740234,83.480712890625
Step-Separation,0.09906708169728518,Q2-OUTERSKIN,4.07349967956543,1.6656622,0.5633377,-3.6744552,20.9492244720459,166.66481018066406
Step-Separation,0.10106622148305178,ADAPTER,0.0,0.0,0.0,0.0,0.0,0.0
Step-Separation,0.10106622148305178,Q1-CORE,1.580121636390686,0.7439229,-0.36215326,1.3461827,61.4783935546875,2.4459996223449707
Step-Separation,0.10106622148305178,Q1-INNERSKIN,1.5890637636184692,0.74394363,-0.36524084,1.3558284,60.96572494506836,116.52967071533203
Step-Separation,0.10106622148305178,Q1-OUTERSKIN,1.425921082496643,0.6802395,-0.20733973,1.235935,9.671277046203613,62.35202407836914
Step-Separation,0.10106622148305178,Q2-CORE,4.316905975341797,1.7404487,0.049101345,-3.9502032,20.983964920043945,2.6074140071868896
Step-Separation,0.10106622148305178,Q2-INNERSKIN,4.3173346519470215,1.7388632,0.033588566,-3.9515321,20.95195770263672,83.54918670654297
Step-Separation,0.10106622148305178,Q2-OUTERSKIN,4.113811492919922,1.6772597,0.5672826,-3.7132785,20.948413848876953,166.86888122558594
Step-Separation,0.10306536871939898,ADAPTER,0.0,0.0,0.0,0.0,0.0,0.0
Step-Separation,0.10306536871939898,Q1-CORE,1.5948617458343506,0.74670625,-0.36646396,1.3607785,61.2709846496582,2.4500858783721924
Step-Separation,0.10306536871939898,Q1-INNERSKIN,1.6039234399795532,0.74675614,-0.369522,1.3705398,60.72479248046875,116.62853240966797
Step-Separation,0.10306536871939898,Q1-OUTERSKIN,1.4408040046691895,0.68289614,-0.21153367,1.2509286,9.454703330993652,62.068031311035156
Step-Separation,0.10306536871939898,Q2-CORE,4.355788230895996,1.7516814,0.052280553,-3.9877024,21.268321990966797,2.6077380180358887
Step-Separation,0.10306536871939898,Q2-INNERSKIN,4.356208324432373,1.750101,0.036759213,-3.989028,21.041034698486328,83.43965911865234
Step-Separation,0.10306536871939898,Q2-OUTERSKIN,4.152660369873047,1.6880608,0.5710862,-3.7508533,20.96139144897461,166.8027801513672
Step-Separation,0.10506450850516558,ADAPTER,0.0,0.0,0.0,0.0,0.0,0.0
Step-Separation,0.10506450850516558,Q1-CORE,1.6095024347305298,0.74951845,-0.37077355,1.3752261,61.1143798828125,2.453112840652466
Step-Separation,0.10506450850516558,Q1-INNERSKIN,1.6186834573745728,0.74959755,-0.3738015,1.3851037,60.530818939208984,116.71971893310547
Step-Separation,0.10506450850516558,Q1-OUTERSKIN,1.4556080102920532,0.68563426,-0.21574813,1.2657619,9.367178916931152,61.8083610534668
Step-Separation,0.10506450850516558,Q2-CORE,4.394222736358643,1.7628337,0.055469528,-4.02474,21.20822525024414,2.6078526973724365
Step-Separation,0.10506450850516558,Q2-INNERSKIN,4.394633769989014,1.7612574,0.03994193,-4.026063,21.009809494018555,83.36449432373047
Step-Separation,0.10506450850516558,Q2-OUTERSKIN,4.191025733947754,1.6986915,0.57482004,-3.787971,21.07052993774414,166.76666259765625
Step-Separation,0.10706364829093218,ADAPTER,0.0,0.0,0.0,0.0,0.0,0.0
Step-Separation,0.10706364829093218,Q1-CORE,1.6240341663360596,0.7522872,-0.37507236,1.3895581,60.81735610961914,2.4553565979003906
Step-Separation,0.10706364829093218,Q1-INNERSKIN,1.6333330869674683,0.7523963,-0.3780708,1.3995497,60.19679260253906,116.82388305664062
Step-Separation,0.10706364829093218,Q1-OUTERSKIN,1.4703209400177002,0.6882921,-0.21992716,1.2805194,9.282262802124023,61.56326675415039
Step-Separation,0.10706364829093218,Q2-CORE,4.432985782623291,1.774103,0.05852951,-4.06208,21.199731826782227,2.6097235679626465
Step-Separation,0.10706364829093218,Q2-INNERSKIN,4.433387756347656,1.7725339,0.04299023,-4.063398,20.874038696289062,83.28343200683594
Step-Separation,0.10706364829093218,Q2-OUTERSKIN,4.229605674743652,1.7092344,0.5786814,-3.8253376,20.872692108154297,166.8660888671875
Step-Separation,0.10906278807669878,ADAPTER,0.0,0.0,0.0,0.0,0.0,0.0
Step-Separation,0.10906278807669878,Q1-CORE,1.6384847164154053,0.7550296,-0.3793806,1.4037924,60.49041748046875,2.4559402465820312
Step-Separation,0.10906278807669878,Q1-INNERSKIN,1.6479007005691528,0.75516874,-0.38234758,1.4138979,59.83230209350586,116.92028045654297
Step-Separation,0.10906278807669878,Q1-OUTERSKIN,1.4849103689193726,0.69090897,-0.22417372,1.2951254,9.282537460327148,61.3900032043457
Step-Separation,0.10906278807669878,Q2-CORE,4.47044038772583,1.7844462,0.061724536,-4.0983872,20.944608688354492,2.6088972091674805
Step-Separation,0.10906278807669878,Q2-INNERSKIN,4.4708356857299805,1.7828829,0.046180323,-4.0997033,20.88852310180664,83.12564849853516
Step-Separation,0.10906278807669878,Q2-OUTERSKIN,4.266998767852783,1.719127,0.58235633,-3.861702,20.67427635192871,166.7236785888672
Step-Separation,0.11106192786246538,ADAPTER,0.0,0.0,0.0,0.0,0.0,0.0
Step-Separation,0.11106192786246538,Q1-CORE,1.6528558731079102,0.7578019,-0.38370386,1.4179,59.9758186340332,2.4585835933685303
Step-Separation,0.11106192786246538,Q1-INNERSKIN,1.6623884439468384,0.7579712,-0.38664123,1.4281188,59.28097152709961,117.41056823730469
Step-Separation,0.11106192786246538,Q1-OUTERSKIN,1.4994677305221558,0.6935744,-0.22838569,1.3096557,9.329883575439453,62.10639190673828
Step-Separation,0.11106192786246538,Q2-CORE,4.508169651031494,1.7950414,0.064809866,-4.1348786,20.662782669067383,2.6088695526123047
Step-Separation,0.11106192786246538,Q2-INNERSKIN,4.508555889129639,1.7934836,0.049258374,-4.13619,20.66265869140625,83.01324462890625
Step-Separation,0.11106192786246538,Q2-OUTERSKIN,4.3046183586120605,1.729087,0.5860285,-3.8982773,20.584060668945312,166.70123291015625
Step-Separation,0.11306106764823198,ADAPTER,0.0,0.0,0.0,0.0,0.0,0.0
Step-Separation,0.11306106764823198,Q1-CORE,1.6671580076217651,0.76045305,-0.38799578,1.4319868,59.61276626586914,2.462062358856201
Step-Separation,0.11306106764823198,Q1-INNERSKIN,1.6768056154251099,0.76065296,-0.39090157,1.4423177,58.87763977050781,118.07002258300781
Step-Separation,0.11306106764823198,Q1-OUTERSKIN,1.5139495134353638,0.696132,-0.23259518,1.3241385,9.283049583435059,62.80695724487305
Step-Separation,0.11306106764823198,Q2-CORE,4.546543121337891,1.805934,0.06781783,-4.171937,20.615882873535156,2.610835313796997
Step-Separation,0.11306106764823198,Q2-INNERSKIN,4.546920299530029,1.8043817,0.052256435,-4.173243,20.302383422851562,82.9638671875
Step-Separation,0.11306106764823198,Q2-OUTERSKIN,4.342837333679199,1.7393727,0.5897795,-3.9353497,20.22380828857422,166.75160217285156
Step-Separation,0.11506020743399858,ADAPTER,0.0,0.0,0.0,0.0,0.0,0.0
Step-Separation,0.11506020743399858,Q1-CORE,1.6814619302749634,0.76323086,-0.39224634,1.4460068,59.30226135253906,2.464815616607666
Step-Separation,0.11506020743399858,Q1-INNERSKIN,1.6912270784378052,0.76346076,-0.39512524,1.4564521,58.52520751953125,118.6907730102539
Step-Separation,0.11506020743399858,Q1-OUTERSKIN,1.5283946990966797,0.69879633,-0.23675457,1.3385146,9.165596961975098,63.515953063964844
Step-Separation,0.11506020743399858,Q2-CORE,4.583982944488525,1.8162267,0.070953764,-4.208228,20.09076499938965,2.610773801803589
Step-Separation,0.11506020743399858,Q2-INNERSKIN,4.584352493286133,1.8146797,0.05538656,-4.209532,20.066152572631836,82.88717651367188
Step-Separation,0.11506020743399858,Q2-OUTERSKIN,4.380218029022217,1.749139,0.59341717,-3.9717348,20.035541534423828,166.68031311035156
Step-Separation,0.11705934721976519,ADAPTER,0.0,0.0,0.0,0.0,0.0,0.0
Step-Separation,0.11705934721976519,Q1-CORE,1.6957048177719116,0.76601875,-0.3964829,1.4599422,58.82429122924805,2.466722249984741
Step-Separation,0.11705934721976519,Q1-INNERSKIN,1.7055857181549072,0.76627886,-0.39933193,1.4705011,58.006526947021484,119.33761596679688
Step-Separation,0.11705934721976519,Q1-OUTERSKIN,1.5428533554077148,0.7014951,-0.24087897,1.3528777,9.11155891418457,64.20740509033203
Step-Separation,0.11705934721976519,Q2-CORE,4.621479034423828,1.8265401,0.07403716,-4.2445655,20.257625579833984,2.610677480697632
Step-Separation,0.11705934721976519,Q2-INNERSKIN,4.621840000152588,1.8249997,0.05846259,-4.2458644,20.133874893188477,82.7843017578125
Step-Separation,0.11705934721976519,Q2-OUTERSKIN,4.417607307434082,1.7588527,0.5970839,-4.0081396,20.08780860900879,166.67135620117188
Step-Separation,0.11905849445611238,ADAPTER,0.0,0.0,0.0,0.0,0.0,0.0
Step-Separation,0.11905849445611238,Q1-CORE,1.7097729444503784,0.7686377,-0.40067545,1.4737635,58.491580963134766,2.4682252407073975
Step-Separation,0.11905849445611238,Q1-INNERSKIN,1.719767689704895,0.76892906,-0.40349504,1.4844328,57.631038665771484,120.00738525390625
Step-Separation,0.11905849445611238,Q1-OUTERSKIN,1.5571539402008057,0.70405436,-0.24501503,1.367115,9.07564926147461,64.90725708007812
Step-Separation,0.11905849445611238,Q2-CORE,4.659027099609375,1.8368042,0.077082105,-4.2809744,20.100065231323242,2.611499071121216
Step-Separation,0.11905849445611238,Q2-INNERSKIN,4.6593804359436035,1.8352674,0.061500505,-4.2822704,20.03713035583496,82.68408966064453
Step-Separation,0.11905849445611238,Q2-OUTERSKIN,4.454975605010986,1.7685167,0.60075253,-4.0445337,19.94611167907715,166.73451232910156
Step-Separation,0.12105763424187899,ADAPTER,0.0,0.0,0.0,0.0,0.0,0.0
Step-Separation,0.12105763424187899,Q1-CORE,1.7238762378692627,0.771351,-0.40490997,1.4875534,58.07725143432617,2.4705588817596436
Step-Separation,0.12105763424187899,Q1-INNERSKIN,1.7339856624603271,0.77167296,-0.40770018,1.498335,57.17354202270508,120.58937072753906
Step-Separation,0.12105763424187899,Q1-OUTERSKIN,1.5714231729507446,0.7066573,-0.24912027,1.381284,9.071106910705566,65.59013366699219
Step-Separation,0.12105763424187899,Q2-CORE,4.695840835571289,1.8466021,0.08015197,-4.3167763,19.901159286499023,2.6109578609466553
Step-Separation,0.12105763424187899,Q2-INNERSKIN,4.6961870193481445,1.8450714,0.06456433,-4.3180685,19.901355743408203,82.58851623535156
Step-Separation,0.12105763424187899,Q2-OUTERSKIN,4.491653919219971,1.7777572,0.60430276,-4.080362,19.788835525512695,166.6346893310547
Step-Separation,0.12305678892880678,ADAPTER,0.0,0.0,0.0,0.0,0.0,0.0
Step-Separation,0.12305678892880678,Q1-CORE,1.737930417060852,0.7740768,-0.4091036,1.5012798,57.596824645996094,2.473679780960083
Step-Separation,0.12305678892880678,Q1-INNERSKIN,1.7481549978256226,0.7744291,-0.41186333,1.5121753,56.64755630493164,121.24913024902344
Step-Separation,0.12305678892880678,Q1-OUTERSKIN,1.5856596231460571,0.7092771,-0.25322834,1.3953917,8.996710777282715,66.27037811279297
Step-Separation,0.12305678892880678,Q2-CORE,4.732664585113525,1.856413,0.08319435,-4.3525767,20.147808074951172,2.6119370460510254
Step-Separation,0.12305678892880678,Q2-INNERSKIN,4.733003616333008,1.8548877,0.06759964,-4.3538656,19.862903594970703,82.4727554321289
Step-Separation,0.12305678892880678,Q2-OUTERSKIN,4.528360843658447,1.7869606,0.6078985,-4.116222,19.84898567199707,166.60263061523438
Step-Separation,0.12505593616515398,ADAPTER,0.0,0.0,0.0,0.0,0.0,0.0
Step-Separation,0.12505593616515398,Q1-CORE,1.7519354820251465,0.77680904,-0.41328642,1.5149388,57.17271041870117,2.476433753967285
Step-Separation,0.12505593616515398,Q1-INNERSKIN,1.7622735500335693,0.7771921,-0.41601732,1.5259457,56.18058776855469,121.83235168457031
Step-Separation,0.12505593616515398,Q1-OUTERSKIN,1.5998493432998657,0.7118834,-0.257304,1.4094447,8.96854019165039,66.95806884765625
Step-Separation,0.12505593616515398,Q2-CORE,4.769194602966309,1.8660027,0.08623028,-4.388145,19.902912139892578,2.6123805046081543
Step-Separation,0.12505593616515398,Q2-INNERSKIN,4.769526481628418,1.8644841,0.07062809,-4.3894296,19.861936569213867,82.39159393310547
Step-Separation,0.12505593616515398,Q2-OUTERSKIN,4.564809322357178,1.7959862,0.61146533,-4.1518703,19.71210479736328,166.5869598388672
Step-Separation,0.12705507595092058,ADAPTER,0.0,0.0,0.0,0.0,0.0,0.0
Step-Separation,0.12705507595092058,Q1-CORE,1.765866994857788,0.7795031,-0.41743973,1.5285304,56.81493377685547,2.4778389930725098
Step-Separation,0.12705507595092058,Q1-INNERSKIN,1.7763174772262573,0.77991754,-0.42014167,1.5396472,55.77946090698242,122.43106842041016
Step-Separation,0.12705507595092058,Q1-OUTERSKIN,1.6139870882034302,0.71451104,-0.26135975,1.4234182,8.944826126098633,67.63520812988281
Step-Separation,0.12705507595092058,Q2-CORE,4.805403232574463,1.8753365,0.08926085,-4.4234653,19.697420120239258,2.6118223667144775
Step-Separation,0.12705507595092058,Q2-INNERSKIN,4.805726051330566,1.873823,0.07365249,-4.4247446,19.682851791381836,82.26897430419922
Step-Separation,0.12705507595092058,Q2-OUTERSKIN,4.6009297370910645,1.8048084,0.614982,-4.1872444,19.55120277404785,166.4775848388672
Step-Separation,0.12905423808842897,ADAPTER,0.0,0.0,0.0,0.0,0.0,0.0
Step-Separation,0.12905423808842897,Q1-CORE,1.779747486114502,0.7822316,-0.4215687,1.5420423,56.49269485473633,2.4795823097229004
Step-Separation,0.12905423808842897,Q1-INNERSKIN,1.7903109788894653,0.7826773,-0.42424148,1.5532703,55.413002014160156,123.0511245727539
Step-Separation,0.12905423808842897,Q1-OUTERSKIN,1.6280463933944702,0.71712977,-0.26538292,1.4373002,8.91026782989502,68.30670166015625
Step-Separation,0.12905423808842897,Q2-CORE,4.841642379760742,1.8846664,0.092248544,-4.458814,19.708105087280273,2.612734794616699
Step-Separation,0.12905423808842897,Q2-INNERSKIN,4.841958999633789,1.8831577,0.07663329,-4.460091,19.535255432128906,82.18047332763672
Step-Separation,0.12905423808842897,Q2-OUTERSKIN,4.637124061584473,1.8136274,0.6185038,-4.222692,19.50318717956543,166.4563446044922
Step-Separation,0.13105339277535677,ADAPTER,0.0,0.0,0.0,0.0,0.0,0.0
Step-Separation,0.13105339277535677,Q1-CORE,1.7935492992401123,0.7849484,-0.42567855,1.5554656,56.114845275878906,2.481574296951294
Step-Separation,0.13105339277535677,Q1-INNERSKIN,1.804225206375122,0.7854253,-0.42832214,1.5668044,54.991085052490234,123.63607788085938
Step-Separation,0.13105339277535677,Q1-OUTERSKIN,1.642046332359314,0.71972305,-0.26939404,1.4511175,8.839637756347656,68.9760513305664
Step-Separation,0.13105339277535677,Q2-CORE,4.877902030944824,1.8939635,0.09523298,-4.494192,19.488550186157227,2.613477945327759
Step-Separation,0.13105339277535677,Q2-INNERSKIN,4.878211975097656,1.8924607,0.079610884,-4.4954653,19.48857307434082,82.11048126220703
Step-Separation,0.13105339277535677,Q2-OUTERSKIN,4.673216342926025,1.8223518,0.62205195,-4.2580557,19.419153213500977,166.4607696533203
Step-Separation,0.13305253256112337,ADAPTER,0.0,0.0,0.0,0.0,0.0,0.0
Step-Separation,0.13305253256112337,Q1-CORE,1.807294487953186,0.78764147,-0.42979574,1.5688243,55.80897521972656,2.48490571975708
Step-Separation,0.13305253256112337,Q1-INNERSKIN,1.8180824518203735,0.7881501,-0.43241206,1.580273,54.6435546875,124.19064331054688
Step-Separation,0.13305253256112337,Q1-OUTERSKIN,1.655992031097412,0.72230935,-0.27341086,1.4648635,8.812874794006348,69.63713836669922
Step-Separation,0.13305253256112337,Q2-CORE,4.913779258728027,1.9029858,0.09823944,-4.5292625,19.481962203979492,2.613455057144165
Step-Separation,0.13305253256112337,Q2-INNERSKIN,4.914083003997803,1.9014881,0.08261153,-4.530533,19.35935401916504,82.03306579589844
Step-Separation,0.13305253256112337,Q2-OUTERSKIN,4.709037780761719,1.8308952,0.6255486,-4.293198,19.339014053344727,166.4040069580078
Step-Separation,0.13505167234688997,ADAPTER,0.0,0.0,0.0,0.0,0.0,0.0
Step-Separation,0.13505167234688997,Q1-CORE,1.8209999799728394,0.79034805,-0.43388724,1.5821292,55.53414535522461,2.487332820892334
Step-Separation,0.13505167234688997,Q1-INNERSKIN,1.8318990468978882,0.7908883,-0.43647456,1.5936875,54.32846450805664,124.7291259765625
Step-Separation,0.13505167234688997,Q1-OUTERSKIN,1.6698863506317139,0.7249232,-0.27740854,1.47853,8.775786399841309,70.30384063720703
Step-Separation,0.13505167234688997,Q2-CORE,4.949707984924316,1.9120344,0.10122202,-4.5643716,19.403335571289062,2.6137521266937256
Step-Separation,0.13505167234688997,Q2-INNERSKIN,4.950005531311035,1.9105412,0.08558792,-4.565639,19.32631492614746,81.92085266113281
Step-Separation,0.13505167234688997,Q2-OUTERSKIN,4.744869709014893,1.8393878,0.6290693,-4.3283615,19.2939510345459,166.3828887939453
Step-Separation,0.13705081213265657,ADAPTER,0.0,0.0,0.0,0.0,0.0,0.0
Step-Separation,0.13705081213265657,Q1-CORE,1.8346143960952759,0.7930235,-0.43795002,1.5953443,55.29402542114258,2.489501476287842
Step-Separation,0.13705081213265657,Q1-INNERSKIN,1.8456246852874756,0.7935953,-0.44050917,1.6070124,54.049407958984375,125.27058410644531
Step-Separation,0.13705081213265657,Q1-OUTERSKIN,1.6837080717086792,0.7275238,-0.2813896,1.4921132,8.78277587890625,70.9595947265625
Step-Separation,0.13705081213265657,Q2-CORE,4.985453128814697,1.9209528,0.10418992,-4.599329,19.280975341796875,2.614269971847534
Step-Separation,0.13705081213265657,Q2-INNERSKIN,4.985744953155518,1.9194641,0.08854909,-4.6005945,19.21654510498047,81.8372802734375
Step-Separation,0.13705081213265657,Q2-OUTERSKIN,4.780522346496582,1.8477409,0.63256276,-4.3633833,19.18456268310547,166.3577880859375
Step-Separation,0.13904995191842318,ADAPTER,0.0,0.0,0.0,0.0,0.0,0.0
Step-Separation,0.13904995191842318,Q1-CORE,1.8481485843658447,0.7956927,-0.44200847,1.6084634,55.14455032348633,2.4908058643341064
Step-Separation,0.13904995191842318,Q1-INNERSKIN,1.8592703342437744,0.79629606,-0.44453895,1.6202419,53.86174774169922,125.80211639404297
Step-Separation,0.13904995191842318,Q1-OUTERSKIN,1.6974596977233887,0.73009056,-0.28537315,1.5056226,8.682466506958008,71.60201263427734
Step-Separation,0.13904995191842318,Q2-CORE,5.020965099334717,1.929651,0.107153654,-4.6341186,19.260377883911133,2.6148698329925537
Step-Separation,0.13904995191842318,Q2-INNERSKIN,5.021251678466797,1.9281678,0.09150696,-4.6353817,19.18972396850586,81.76734924316406
Step-Separation,0.13904995191842318,Q2-OUTERSKIN,4.815910339355469,1.8559284,0.63600194,-4.3981843,19.139802932739258,166.31777954101562
Step-Separation,0.14104909170418978,ADAPTER,0.0,0.0,0.0,0.0,0.0,0.0
Step-Separation,0.14104909170418978,Q1-CORE,1.8616409301757812,0.79839593,-0.44604853,1.6215152,55.07707214355469,2.493215322494507
Step-Separation,0.14104909170418978,Q1-INNERSKIN,1.8728729486465454,0.7990317,-0.4485505,1.6334026,53.760738372802734,126.33190155029297
Step-Separation,0.14104909170418978,Q1-OUTERSKIN,1.7111620903015137,0.73268825,-0.28933328,1.5190556,8.642544746398926,72.2514877319336
Step-Separation,0.14104909170418978,Q2-CORE,5.056474208831787,1.9383411,0.11009027,-4.668902,19.178091049194336,2.614414691925049
Step-Separation,0.14104909170418978,Q2-INNERSKIN,5.0567545890808105,1.9368623,0.09443669,-4.6701617,19.172088623046875,81.66455841064453
Step-Separation,0.14104909170418978,Q2-OUTERSKIN,4.851343631744385,1.864102,0.6394682,-4.433028,19.15630340576172,166.2841033935547
Step-Separation,0.14304823148995638,ADAPTER,0.0,0.0,0.0,0.0,0.0,0.0
Step-Separation,0.14304823148995638,Q1-CORE,1.8750978708267212,0.80113906,-0.4500641,1.6345062,55.03339385986328,2.4958388805389404
Step-Separation,0.14304823148995638,Q1-INNERSKIN,1.886440396308899,0.8018068,-0.4525382,1.6465031,53.68539047241211,126.8212661743164
Step-Separation,0.14304823148995638,Q1-OUTERSKIN,1.7248305082321167,0.7353326,-0.2932618,1.5324242,8.605792999267578,72.88458251953125
Step-Separation,0.14304823148995638,Q2-CORE,5.091839790344238,1.9468967,0.11302659,-4.7035785,19.146543502807617,2.6154675483703613
Step-Separation,0.14304823148995638,Q2-INNERSKIN,5.092114448547363,1.9454231,0.09736675,-4.7048354,19.02809715270996,81.60488891601562
Step-Separation,0.14304823148995638,Q2-OUTERSKIN,4.886632919311523,1.8721769,0.64292204,-4.4677496,19.019397735595703,166.26902770996094
Step-Separation,0.14504737127572298,ADAPTER,0.0,0.0,0.0,0.0,0.0,0.0
Step-Separation,0.14504737127572298,Q1-CORE,1.8884854316711426,0.8038467,-0.45406798,1.6474313,55.0064811706543,2.49859356880188
Step-Separation,0.14504737127572298,Q1-INNERSKIN,1.8999372720718384,0.8045467,-0.45651406,1.6595365,53.628963470458984,127.31379699707031
Step-Separation,0.14504737127572298,Q1-OUTERSKIN,1.7384203672409058,0.7379421,-0.29717278,1.5457151,8.577290534973145,73.52490997314453
Step-Separation,0.14504737127572298,Q2-CORE,5.127070903778076,1.9553623,0.115957364,-4.7381396,19.011110305786133,2.6155498027801514
Step-Separation,0.14504737127572298,Q2-INNERSKIN,5.127337455749512,1.9538931,0.1002911,-4.739392,19.011049270629883,81.52767944335938
Step-Separation,0.14504737127572298,Q2-OUTERSKIN,4.921789169311523,1.8801206,0.64637244,-4.5023727,18.977521896362305,166.22598266601562
Step-Separation,0.14704651106148958,ADAPTER,0.0,0.0,0.0,0.0,0.0,0.0
Step-Separation,0.14704651106148958,Q1-CORE,1.9018806219100952,0.80663073,-0.45805094,1.6603271,55.16386413574219,2.500230073928833
Step-Separation,0.14704651106148958,Q1-INNERSKIN,1.9134424924850464,0.80736226,-0.46046442,1.6725433,53.76139831542969,127.85685729980469
Step-Separation,0.14704651106148958,Q1-OUTERSKIN,1.7519527673721313,0.7405745,-0.30105293,1.5589275,8.584162712097168,74.1566162109375
Step-Separation,0.14704651106148958,Q2-CORE,5.16221809387207,1.9637272,0.11887604,-4.772645,19.02616310119629,2.615835189819336
Step-Separation,0.14704651106148958,Q2-INNERSKIN,5.162480354309082,1.9622627,0.10320364,-4.7738953,18.989797592163086,81.4522476196289
Step-Separation,0.14704651106148958,Q2-OUTERSKIN,4.956875324249268,1.8880174,0.64979756,-4.5369334,18.930984497070312,166.20481872558594
Step-Separation,0.14904565084725618,ADAPTER,0.0,0.0,0.0,0.0,0.0,0.0
Step-Separation,0.14904565084725618,Q1-CORE,1.9152568578720093,0.80947095,-0.46200332,1.6731762,55.12244415283203,2.501910924911499
Step-Separation,0.14904565084725618,Q1-INNERSKIN,1.9269253015518188,0.8102348,-0.46437895,1.6855007,53.694793701171875,128.32078552246094
Step-Separation,0.14904565084725618,Q1-OUTERSKIN,1.7654529809951782,0.74328274,-0.3049089,1.5720642,8.541386604309082,74.77686309814453
Step-Separation,0.14904565084725618,Q2-CORE,5.197284698486328,1.9720147,0.121777,-4.8070884,18.970046997070312,2.6159677505493164
Step-Separation,0.14904565084725618,Q2-INNERSKIN,5.197539806365967,1.9705545,0.1060984,-4.8083344,18.858535766601562,81.38333129882812
Step-Separation,0.14904565084725618,Q2-OUTERSKIN,4.991847991943359,1.8958213,0.6532142,-4.571402,18.862581253051758,166.1869659423828
Step-Separation,0.15104479063302279,ADAPTER,0.0,0.0,0.0,0.0,0.0,0.0
Step-Separation,0.15104479063302279,Q1-CORE,1.9284158945083618,0.8121623,-0.46592885,1.68585,55.359256744384766,2.503946542739868
Step-Separation,0.15104479063302279,Q1-INNERSKIN,1.940190076828003,0.81295943,-0.46827146,1.6982805,53.91300964355469,128.7480010986328
Step-Separation,0.15104479063302279,Q1-OUTERSKIN,1.778883934020996,0.74592304,-0.30873144,1.5851536,8.438406944274902,75.41619110107422
Step-Separation,0.15104479063302279,Q2-CORE,5.232158660888672,1.9801826,0.1246755,-4.8413653,18.95145606994629,2.6164679527282715
Step-Separation,0.15104479063302279,Q2-INNERSKIN,5.232408046722412,1.9787273,0.108990714,-4.842608,18.811891555786133,81.31754302978516
Step-Separation,0.15104479063302279,Q2-OUTERSKIN,5.026647090911865,1.9034816,0.6566093,-4.605736,18.798219680786133,166.1558837890625
Step-Separation,0.1530439304187894,ADAPTER,0.0,0.0,0.0,0.0,0.0,0.0
Step-Separation,0.1530439304187894,Q1-CORE,1.9415278434753418,0.81488997,-0.4698562,1.6984464,55.51482391357422,2.506711721420288
Step-Separation,0.1530439304187894,Q1-INNERSKIN,1.9534109830856323,0.8157196,-0.47217125,1.7109852,54.0509147644043,129.15093994140625
Step-Separation,0.1530439304187894,Q1-OUTERSKIN,1.792252779006958,0.74855655,-0.31256866,1.5981659,8.419563293457031,76.03408813476562
Step-Separation,0.1530439304187894,Q2-CORE,5.266970634460449,1.9882997,0.12756081,-4.8755894,18.887359619140625,2.6167376041412354
Step-Separation,0.1530439304187894,Q2-INNERSKIN,5.267213344573975,1.9868486,0.11186986,-4.876828,18.80373764038086,81.23544311523438
Step-Separation,0.1530439304187894,Q2-OUTERSKIN,5.061400413513184,1.9110765,0.65999925,-4.640039,18.744707107543945,166.13880920410156
Step-Separation,0.155043070204556,ADAPTER,0.0,0.0,0.0,0.0,0.0,0.0
Step-Separation,0.155043070204556,Q1-CORE,1.9545539617538452,0.8175599,-0.47374472,1.7109772,55.48948287963867,2.508788585662842
Step-Separation,0.155043070204556,Q1-INNERSKIN,1.9665446281433105,0.81842256,-0.47603175,1.7236229,54.00835037231445,129.57179260253906
Step-Separation,0.155043070204556,Q1-OUTERSKIN,1.805526614189148,0.75114805,-0.31641304,1.6110822,8.398141860961914,76.62507629394531
Step-Separation,0.155043070204556,Q2-CORE,5.301631927490234,1.9962645,0.13043696,-4.9097066,18.757869720458984,2.617093801498413
Step-Separation,0.155043070204556,Q2-INNERSKIN,5.301870822906494,1.9948186,0.11473988,-4.9109435,18.75795555114746,81.16793823242188
Step-Separation,0.155043070204556,Q2-OUTERSKIN,5.095974445343018,1.9185853,0.66337395,-4.6741757,18.698129653930664,166.11578369140625
Step-Separation,0.1570422099903226,ADAPTER,0.0,0.0,0.0,0.0,0.0,0.0
Step-Separation,0.1570422099903226,Q1-CORE,1.967576026916504,0.82030374,-0.47762728,1.7234644,56.03253936767578,2.5108368396759033
Step-Separation,0.1570422099903226,Q1-INNERSKIN,1.9796743392944336,0.82119954,-0.47988838,1.7362168,54.546302795410156,129.97792053222656
Step-Separation,0.1570422099903226,Q1-OUTERSKIN,1.8187421560287476,0.7537965,-0.3201778,1.6239151,8.330026626586914,77.22040557861328
Step-Separation,0.1570422099903226,Q2-CORE,5.336159706115723,2.0041296,0.13330992,-4.943712,18.711036682128906,2.6171884536743164
Step-Separation,0.1570422099903226,Q2-INNERSKIN,5.336391448974609,2.002688,0.1176071,-4.9449453,18.63804817199707,81.0938491821289
Step-Separation,0.1570422099903226,Q2-OUTERSKIN,5.13040018081665,1.9259696,0.6667386,-4.7081957,18.631784439086914,166.0914306640625
Step-Separation,0.1590413497760892,ADAPTER,0.0,0.0,0.0,0.0,0.0,0.0
Step-Separation,0.1590413497760892,Q1-CORE,1.9805039167404175,0.82302827,-0.4814755,1.7358576,56.55558395385742,2.512543201446533
Step-Separation,0.1590413497760892,Q1-INNERSKIN,1.9927098751068115,0.82395697,-0.48370942,1.7487174,55.06675720214844,130.39198303222656
Step-Separation,0.1590413497760892,Q1-OUTERSKIN,1.831897258758545,0.75642276,-0.32397458,1.6366773,8.290254592895508,77.82514953613281
Step-Separation,0.1590413497760892,Q2-CORE,5.37061882019043,2.0119596,0.13617006,-4.977652,18.635234832763672,2.617567539215088
Step-Separation,0.1590413497760892,Q2-INNERSKIN,5.370845317840576,2.0105221,0.12046079,-4.9788823,18.635229110717773,81.02423095703125
Step-Separation,0.1590413497760892,Q2-OUTERSKIN,5.164799213409424,1.9332904,0.6700948,-4.7422056,18.604021072387695,166.07015991210938
Step-Separation,0.1610404895618558,ADAPTER,0.0,0.0,0.0,0.0,0.0,0.0
Step-Separation,0.1610404895618558,Q1-CORE,1.9933668375015259,0.8257552,-0.48531988,1.7481717,56.757957458496094,2.5148062705993652
Step-Separation,0.1610404895618558,Q1-INNERSKIN,2.0056793689727783,0.8267175,-0.48752785,1.7611371,55.261383056640625,130.74761962890625
Step-Separation,0.1610404895618558,Q1-OUTERSKIN,1.8450138568878174,0.75906307,-0.32774365,1.6493888,8.23726749420166,78.43718719482422
Step-Separation,0.1610404895618558,Q2-CORE,5.404934406280518,2.0196824,0.13901956,-5.011474,18.586206436157227,2.6178345680236816
Step-Separation,0.1610404895618558,Q2-INNERSKIN,5.40515661239624,2.0182498,0.123304665,-5.012702,18.565275192260742,80.95987701416016
Step-Separation,0.1610404895618558,Q2-OUTERSKIN,5.199044227600098,1.9405022,0.67343605,-4.776086,18.52189826965332,166.04483032226562
Step-Separation,0.1630396293476224,ADAPTER,0.0,0.0,0.0,0.0,0.0,0.0
Step-Separation,0.1630396293476224,Q1-CORE,2.0061583518981934,0.8284559,-0.4891515,1.7604157,57.14325714111328,2.5173285007476807
Step-Separation,0.1630396293476224,Q1-INNERSKIN,2.0185770988464355,0.8294518,-0.49133137,1.7734871,55.64521026611328,131.09243774414062
Step-Separation,0.1630396293476224,Q1-OUTERSKIN,1.8580338954925537,0.76167595,-0.33148843,1.6620033,8.191810607910156,79.02973175048828
Step-Separation,0.1630396293476224,Q2-CORE,5.439100742340088,2.027253,0.14187811,-5.045189,18.64949607849121,2.6181159019470215
Step-Separation,0.1630396293476224,Q2-INNERSKIN,5.439317226409912,2.0258248,0.12615745,-5.0464134,18.48114585876465,80.89328002929688
Step-Separation,0.1630396293476224,Q2-OUTERSKIN,5.2331461906433105,1.9476326,0.6767614,-4.809838,18.503246307373047,166.0224151611328
Step-Separation,0.165038769133389,ADAPTER,0.0,0.0,0.0,0.0,0.0,0.0
Step-Separation,0.165038769133389,Q1-CORE,2.018833875656128,0.8311436,-0.49292397,1.7725452,57.714927673339844,2.5193440914154053
Step-Separation,0.165038769133389,Q1-INNERSKIN,2.0313589572906494,0.8321728,-0.49507618,1.7857231,56.222328186035156,131.44049072265625
Step-Separation,0.165038769133389,Q1-OUTERSKIN,1.8709999322891235,0.76427174,-0.33524746,1.6745563,8.201940536499023,79.62242126464844
Step-Separation,0.165038769133389,Q2-CORE,5.473187446594238,2.034758,0.14472368,-5.078838,18.491682052612305,2.618406295776367
Step-Separation,0.165038769133389,Q2-INNERSKIN,5.4733991622924805,2.0333343,0.12899727,-5.08006,18.478347778320312,80.81759643554688
Step-Separation,0.165038769133389,Q2-OUTERSKIN,5.267174243927002,1.9546984,0.6800844,-4.843528,18.425613403320312,165.9996337890625
Step-Separation,0.1670379089191556,ADAPTER,0.0,0.0,0.0,0.0,0.0,0.0
Step-Separation,0.1670379089191556,Q1-CORE,2.0315194129943848,0.8338402,-0.49672294,1.7846702,58.194950103759766,2.5207016468048096
Step-Separation,0.1670379089191556,Q1-INNERSKIN,2.0441503524780273,0.83490336,-0.4988502,1.797953,56.70847702026367,131.73153686523438
Step-Separation,0.1670379089191556,Q1-OUTERSKIN,1.8839118480682373,0.76689446,-0.3389597,1.6870397,8.165011405944824,80.21011352539062
Step-Separation,0.1670379089191556,Q2-CORE,5.507126808166504,2.0421748,0.14755929,-5.112357,18.417856216430664,2.618622303009033
Step-Separation,0.1670379089191556,Q2-INNERSKIN,5.507331848144531,2.0407553,0.13182718,-5.1135745,18.4041748046875,80.75202941894531
Step-Separation,0.1670379089191556,Q2-OUTERSKIN,5.3010640144348145,1.9616419,0.68339026,-4.877112,18.391084671020508,165.97335815429688
Step-Separation,0.1690370487049222,ADAPTER,0.0,0.0,0.0,0.0,0.0,0.0
Step-Separation,0.1690370487049222,Q1-CORE,2.044133424758911,0.83655405,-0.5004897,1.7967104,58.749168395996094,2.5227177143096924
Step-Separation,0.1690370487049222,Q1-INNERSKIN,2.0568673610687256,0.8376519,-0.50259036,1.8100955,57.272396087646484,132.00210571289062
Step-Separation,0.1690370487049222,Q1-OUTERSKIN,1.8967342376708984,0.76953447,-0.342655,1.6994132,8.131820678710938,80.7906265258789
Step-Separation,0.1690370487049222,Q2-CORE,5.540999412536621,2.0495322,0.15038645,-5.145821,18.341156005859375,2.618941068649292
Step-Separation,0.1690370487049222,Q2-INNERSKIN,5.541200160980225,2.0481172,0.13464913,-5.1470366,18.328176498413086,80.69011688232422
Step-Separation,0.1690370487049222,Q2-OUTERSKIN,5.334867000579834,1.9685036,0.6866854,-4.9106274,18.332956314086914,165.9486083984375
Step-Separation,0.1710361884906888,ADAPTER,0.0,0.0,0.0,0.0,0.0,0.0
Step-Separation,0.1710361884906888,Q1-CORE,2.0567095279693604,0.839258,-0.50424707,1.8087108,59.340152740478516,2.525146722793579
Step-Separation,0.1710361884906888,Q1-INNERSKIN,2.0695481300354004,0.8403899,-0.5063199,1.8222004,57.87544631958008,132.30453491210938
Step-Separation,0.1710361884906888,Q1-OUTERSKIN,1.9094822406768799,0.7721558,-0.34632352,1.7117119,8.072736740112305,81.37010192871094
Step-Separation,0.1710361884906888,Q2-CORE,5.5748090744018555,2.0568085,0.15320204,-5.1792436,18.344980239868164,2.6192216873168945
Step-Separation,0.1710361884906888,Q2-INNERSKIN,5.575003623962402,2.055398,0.13745913,-5.1804547,18.32408905029297,80.62847137451172
Step-Separation,0.1710361884906888,Q2-OUTERSKIN,5.368607997894287,1.975331,0.6899816,-4.944082,18.279008865356445,165.9269256591797
Step-Separation,0.1730353282764554,ADAPTER,0.0,0.0,0.0,0.0,0.0,0.0
Step-Separation,0.1730353282764554,Q1-CORE,2.069181203842163,0.8420168,-0.5079838,1.820569,59.912269592285156,2.527524709701538
Step-Separation,0.1730353282764554,Q1-INNERSKIN,2.0821244716644287,0.8431827,-0.510031,1.834163,58.46091842651367,132.56625366210938
Step-Separation,0.1730353282764554,Q1-OUTERSKIN,1.9222182035446167,0.7747845,-0.34997642,1.723992,8.038533210754395,81.93541717529297
Step-Separation,0.1730353282764554,Q2-CORE,5.608490943908691,2.0639968,0.15601906,-5.2125564,18.314125061035156,2.619488000869751
Step-Separation,0.1730353282764554,Q2-INNERSKIN,5.60867977142334,2.062591,0.1402709,-5.2137637,18.266332626342773,80.55912017822266
Step-Separation,0.1730353282764554,Q2-OUTERSKIN,5.4022297859191895,1.982061,0.69326544,-4.9774394,18.236881256103516,165.9027557373047
Step-Separation,0.175034468062222,ADAPTER,0.0,0.0,0.0,0.0,0.0,0.0
Step-Separation,0.175034468062222,Q1-CORE,2.0815794467926025,0.84466404,-0.5116863,1.8324007,60.537071228027344,2.5293071269989014
Step-Separation,0.175034468062222,Q1-INNERSKIN,2.0946271419525146,0.84586406,-0.5137068,1.8460991,59.1026725769043,132.81863403320312
Step-Separation,0.175034468062222,Q1-OUTERSKIN,1.9348396062850952,0.7773667,-0.3536458,1.7361566,8.031685829162598,82.5144271850586
Step-Separation,0.175034468062222,Q2-CORE,5.642078876495361,2.0711105,0.15882617,-5.2457914,18.215553283691406,2.619697093963623
Step-Separation,0.175034468062222,Q2-INNERSKIN,5.642263412475586,2.069709,0.14307244,-5.2469964,18.21502113342285,80.49543762207031
Step-Separation,0.175034468062222,Q2-OUTERSKIN,5.435768127441406,1.9887164,0.69654167,-5.01073,18.194883346557617,165.87863159179688
Step-Separation,0.1770336078479886,ADAPTER,0.0,0.0,0.0,0.0,0.0,0.0
Step-Separation,0.1770336078479886,Q1-CORE,2.0939223766326904,0.8473717,-0.5153909,1.8441379,61.3292236328125,2.530975580215454
Step-Separation,0.1770336078479886,Q1-INNERSKIN,2.107074499130249,0.8486058,-0.5173861,1.8579404,59.9162712097168,133.0661163330078
Step-Separation,0.1770336078479886,Q1-OUTERSKIN,1.9474101066589355,0.77998686,-0.35727575,1.7482507,7.971552848815918,83.06735229492188
Step-Separation,0.1770336078479886,Q2-CORE,5.675597667694092,2.0781531,0.16162497,-5.278974,18.169660568237305,2.6199562549591064
Step-Separation,0.1770336078479886,Q2-INNERSKIN,5.675778388977051,2.0767555,0.14586565,-5.280177,18.169614791870117,80.43055725097656
Step-Separation,0.1770336078479886,Q2-OUTERSKIN,5.469225883483887,1.995307,0.69980496,-5.0439525,18.14975357055664,165.8599853515625
Step-Separation,0.1790327476337552,ADAPTER,0.0,0.0,0.0,0.0,0.0,0.0
Step-Separation,0.1790327476337552,Q1-CORE,2.1062464714050293,0.8501364,-0.5190749,1.8558296,61.87406921386719,2.532832145690918
Step-Separation,0.1790327476337552,Q1-INNERSKIN,2.1195027828216553,0.8514047,-0.521042,1.8697371,60.47911834716797,133.31227111816406
Step-Separation,0.1790327476337552,Q1-OUTERSKIN,1.9599757194519043,0.78263205,-0.3608865,1.7603275,7.904591083526611,83.62923431396484
Step-Separation,0.1790327476337552,Q2-CORE,5.709023952484131,2.0851133,0.16441971,-5.312083,18.12870216369629,2.6200356483459473
Step-Separation,0.1790327476337552,Q2-INNERSKIN,5.709199905395508,2.0837197,0.14865516,-5.313283,18.11281967163086,80.36957550048828
Step-Separation,0.1790327476337552,Q2-OUTERSKIN,5.502583026885986,2.0018268,0.70305616,-5.077088,18.118450164794922,165.83116149902344
Step-Separation,0.1810318874195218,ADAPTER,0.0,0.0,0.0,0.0,0.0,0.0
Step-Separation,0.1810318874195218,Q1-CORE,2.118472099304199,0.85282147,-0.5227421,1.8674476,62.510108947753906,2.5351669788360596
Step-Separation,0.1810318874195218,Q1-INNERSKIN,2.1318306922912598,0.8541244,-0.524681,1.8814579,61.13623046875,133.48675537109375
Step-Separation,0.1810318874195218,Q1-OUTERSKIN,1.972425103187561,0.7852626,-0.36447442,1.7722816,7.927792072296143,84.19190979003906
Step-Separation,0.1810318874195218,Q2-CORE,5.742364883422852,2.0920253,0.16720754,-5.3451123,18.112499237060547,2.620310068130493
Step-Separation,0.1810318874195218,Q2-INNERSKIN,5.742534637451172,2.090636,0.15143743,-5.346308,18.07576560974121,80.31426239013672
Step-Separation,0.1810318874195218,Q2-OUTERSKIN,5.5358734130859375,2.0082724,0.70629966,-5.110174,18.073490142822266,165.80931091308594
Step-Separation,0.1830310272052884,ADAPTER,0.0,0.0,0.0,0.0,0.0,0.0
Step-Separation,0.1830310272052884,Q1-CORE,2.13067364692688,0.85555494,-0.5263823,1.8790203,63.07220458984375,2.537191152572632
Step-Separation,0.1830310272052884,Q1-INNERSKIN,2.144134998321533,0.8568924,-0.5282954,1.8931335,61.71937942504883,133.66659545898438
Step-Separation,0.1830310272052884,Q1-OUTERSKIN,1.9848116636276245,0.7879228,-0.36804974,1.784151,7.859446048736572,84.73884582519531
Step-Separation,0.1830310272052884,Q2-CORE,5.7756195068359375,2.098861,0.16999009,-5.3780727,18.085588455200195,2.6205947399139404
Step-Separation,0.1830310272052884,Q2-INNERSKIN,5.775784969329834,2.0974758,0.15421465,-5.3792663,18.023761749267578,80.2562026977539
Step-Separation,0.1830310272052884,Q2-OUTERSKIN,5.569088459014893,2.0146558,0.709542,-5.143195,18.03327178955078,165.78726196289062
Step-Separation,0.185030166991055,ADAPTER,0.0,0.0,0.0,0.0,0.0,0.0
Step-Separation,0.185030166991055,Q1-CORE,2.1428282260894775,0.8583717,-0.5300112,1.8905022,63.71905517578125,2.5388970375061035
Step-Separation,0.185030166991055,Q1-INNERSKIN,2.15639066696167,0.85974425,-0.53189623,1.904717,62.391109466552734,133.83560180664062
Step-Separation,0.185030166991055,Q1-OUTERSKIN,1.9972023963928223,0.7906111,-0.37160683,1.7960122,7.851447105407715,85.29103088378906
Step-Separation,0.185030166991055,Q2-CORE,5.808790683746338,2.1055992,0.17276503,-5.4109755,18.070877075195312,2.620903968811035
Step-Separation,0.185030166991055,Q2-INNERSKIN,5.8089518547058105,2.1042178,0.15698417,-5.412166,18.071020126342773,80.19164276123047
Step-Separation,0.185030166991055,Q2-OUTERSKIN,5.602206230163574,2.0209796,0.7127786,-5.176128,17.99922752380371,165.76351928710938
Step-Separation,0.1870293067768216,ADAPTER,0.0,0.0,0.0,0.0,0.0,0.0
Step-Separation,0.1870293067768216,Q1-CORE,2.154905319213867,0.8611161,-0.5336436,1.9019253,64.41593933105469,2.5404562950134277
Step-Separation,0.1870293067768216,Q1-INNERSKIN,2.168569564819336,0.8625234,-0.5355001,1.9162428,63.114715576171875,133.99224853515625
Step-Separation,0.1870293067768216,Q1-OUTERSKIN,2.009517192840576,0.7932811,-0.37514907,1.8077962,7.797360420227051,85.83297729492188
Step-Separation,0.1870293067768216,Q2-CORE,5.841884136199951,2.1122875,0.17553495,-5.443807,18.011125564575195,2.621100425720215
Step-Separation,0.1870293067768216,Q2-INNERSKIN,5.842039108276367,2.1109102,0.15974866,-5.444994,17.977876663208008,80.12982177734375
Step-Separation,0.1870293067768216,Q2-OUTERSKIN,5.635244369506836,2.0272286,0.71600085,-5.2089987,17.946956634521484,165.7394256591797
Step-Separation,0.18902844656258821,ADAPTER,0.0,0.0,0.0,0.0,0.0,0.0
Step-Separation,0.18902844656258821,Q1-CORE,2.1668879985809326,0.8638126,-0.5372506,1.9132676,65.02645111083984,2.542515516281128
Step-Separation,0.18902844656258821,Q1-INNERSKIN,2.1806554794311523,0.8652548,-0.53908384,1.9276881,63.75114822387695,134.14662170410156
Step-Separation,0.18902844656258821,Q1-OUTERSKIN,2.021742105484009,0.79591036,-0.37867367,1.8194984,7.74601936340332,86.37388610839844
Step-Separation,0.18902844656258821,Q2-CORE,5.874904632568359,2.1189232,0.17829876,-5.4765754,18.011632919311523,2.6213204860687256
Step-Separation,0.18902844656258821,Q2-INNERSKIN,5.875054836273193,2.1175501,0.16250725,-5.477759,17.940017700195312,80.07292175292969
Step-Separation,0.18902844656258821,Q2-OUTERSKIN,5.668212890625,2.0334096,0.71921414,-5.2418137,17.91697120666504,165.7174072265625
Step-Separation,0.19102758634835482,ADAPTER,0.0,0.0,0.0,0.0,0.0,0.0
Step-Separation,0.19102758634835482,Q1-CORE,2.178786516189575,0.8665054,-0.5408073,1.9245276,65.5746078491211,2.5446348190307617
Step-Separation,0.19102758634835482,Q1-INNERSKIN,2.192655563354492,0.8679829,-0.54261595,1.9390492,64.32469940185547,134.2315673828125
Step-Separation,0.19102758634835482,Q1-OUTERSKIN,2.0338919162750244,0.7985171,-0.38219678,1.8311232,7.742550849914551,86.91053009033203
Step-Separation,0.19102758634835482,Q2-CORE,5.907855987548828,2.125482,0.18105237,-5.509293,17.955059051513672,2.621520757675171
Step-Separation,0.19102758634835482,Q2-INNERSKIN,5.90800142288208,2.1241124,0.1652555,-5.5104733,17.8775691986084,80.01742553710938
Step-Separation,0.19102758634835482,Q2-OUTERSKIN,5.701107501983643,2.0395372,0.722422,-5.274564,17.881956100463867,165.69509887695312
Step-Separation,0.19302672613412142,ADAPTER,0.0,0.0,0.0,0.0,0.0,0.0
Step-Separation,0.19302672613412142,Q1-CORE,2.190634250640869,0.8691974,-0.5443555,1.9357302,66.28976440429688,2.546675443649292
Step-Separation,0.19302672613412142,Q1-INNERSKIN,2.204604148864746,0.87071055,-0.5461398,1.9503522,65.0711898803711,134.339111328125
Step-Separation,0.19302672613412142,Q1-OUTERSKIN,2.0459821224212646,0.80111927,-0.38570803,1.8426828,7.674683570861816,87.43760681152344
Step-Separation,0.19302672613412142,Q2-CORE,5.9407243728637695,2.1319697,0.18380935,-5.541942,17.91844940185547,2.6217780113220215
Step-Separation,0.19302672613412142,Q2-INNERSKIN,5.940863132476807,2.1306045,0.16800709,-5.543118,17.843063354492188,79.96255493164062
Step-Separation,0.19302672613412142,Q2-OUTERSKIN,5.7339348793029785,2.0456078,0.72562,-5.3072567,17.8436279296875,165.673828125
Step-Separation,0.19502586591988802,ADAPTER,0.0,0.0,0.0,0.0,0.0,0.0
Step-Separation,0.19502586591988802,Q1-CORE,2.2024495601654053,0.87193054,-0.5479055,1.9468746,66.95064544677734,2.548494815826416
Step-Separation,0.19502586591988802,Q1-INNERSKIN,2.2165210247039795,0.87347925,-0.5496651,1.9615984,65.7627182006836,134.37966918945312
Step-Separation,0.19502586591988802,Q1-OUTERSKIN,2.0580153465270996,0.8037502,-0.38917696,1.854172,7.649641990661621,87.97223663330078
Step-Separation,0.19502586591988802,Q2-CORE,5.973519802093506,2.1384146,0.18655197,-5.5745244,17.850229263305664,2.6220335960388184
Step-Separation,0.19502586591988802,Q2-INNERSKIN,5.973656177520752,2.137054,0.17074431,-5.575699,17.830318450927734,79.90483856201172
Step-Separation,0.19502586591988802,Q2-OUTERSKIN,5.766693592071533,2.051609,0.72881365,-5.3398957,17.80937385559082,165.65423583984375
Step-Separation,0.19702500570565462,ADAPTER,0.0,0.0,0.0,0.0,0.0,0.0
Step-Separation,0.19702500570565462,Q1-CORE,2.214183807373047,0.87462324,-0.55144054,1.9579473,67.37692260742188,2.549924612045288
Step-Separation,0.19702500570565462,Q1-INNERSKIN,2.2283570766448975,0.87620735,-0.55317444,1.9727731,66.21492767333984,134.31521606445312
Step-Separation,0.19702500570565462,Q1-OUTERSKIN,2.069973945617676,0.80636346,-0.39263105,1.865586,7.637200832366943,88.49618530273438
Step-Separation,0.19702500570565462,Q2-CORE,6.006254196166992,2.1447847,0.18929242,-5.607063,17.795839309692383,2.6222317218780518
Step-Separation,0.19702500570565462,Q2-INNERSKIN,6.006387710571289,2.1434288,0.17347984,-5.608236,17.77533721923828,79.84960174560547
Step-Separation,0.19702500570565462,Q2-OUTERSKIN,5.799371242523193,2.0575557,0.7319963,-5.3724623,17.774633407592773,165.63031005859375
Step-Separation,0.19902414549142122,ADAPTER,0.0,0.0,0.0,0.0,0.0,0.0
Step-Separation,0.19902414549142122,Q1-CORE,2.2258262634277344,0.8773018,-0.5549336,1.9689319,67.80184173583984,2.551877498626709
Step-Separation,0.19902414549142122,Q1-INNERSKIN,2.2400994300842285,0.8789216,-0.55664134,1.9838581,66.66726684570312,134.19027709960938
Step-Separation,0.19902414549142122,Q1-OUTERSKIN,2.081890344619751,0.8089777,-0.3960858,1.8769493,7.600541114807129,89.0233154296875
Step-Separation,0.19902414549142122,Q2-CORE,6.0389180183410645,2.151099,0.19202478,-5.6395416,17.744657516479492,2.6224000453948975
Step-Separation,0.19902414549142122,Q2-INNERSKIN,6.039045810699463,2.149747,0.17620729,-5.6407104,17.7447452545166,79.87347412109375
Step-Separation,0.19902414549142122,Q2-OUTERSKIN,5.831989288330078,2.06345,0.73517543,-5.4049783,17.733837127685547,165.60855102539062
Step-Separation,0.20102328527718782,ADAPTER,0.0,0.0,0.0,0.0,0.0,0.0
Step-Separation,0.20102328527718782,Q1-CORE,2.2374002933502197,0.8799469,-0.558429,1.9798512,68.5045394897461,2.5539186000823975
Step-Separation,0.20102328527718782,Q1-INNERSKIN,2.2517738342285156,0.88160264,-0.5601119,1.9948776,67.40562438964844,134.08119201660156
Step-Separation,0.20102328527718782,Q1-OUTERSKIN,2.0937092304229736,0.81154066,-0.399535,1.8882244,7.583986759185791,89.51514434814453
Step-Separation,0.20102328527718782,Q2-CORE,6.071500301361084,2.157355,0.19475551,-5.671949,17.718585968017578,2.6225907802581787
Step-Separation,0.20102328527718782,Q2-INNERSKIN,6.0716233253479,2.1560075,0.17893298,-5.6731143,17.71849250793457,79.94384002685547
Step-Separation,0.20102328527718782,Q2-OUTERSKIN,5.8645453453063965,2.0692792,0.73834836,-5.4374456,17.694231033325195,165.589599609375
Step-Separation,0.20302242506295443,ADAPTER,0.0,0.0,0.0,0.0,0.0,0.0
Step-Separation,0.20302242506295443,Q1-CORE,2.248908758163452,0.8825918,-0.56190056,1.990701,68.62425231933594,2.555755138397217
Step-Separation,0.20302242506295443,Q1-INNERSKIN,2.2633821964263916,0.88428354,-0.5635586,2.0058274,67.54415130615234,134.4251708984375
Step-Separation,0.20302242506295443,Q1-OUTERSKIN,2.105465888977051,0.81410885,-0.402987,1.8994248,7.515016555786133,90.04313659667969
Step-Separation,0.20302242506295443,Q2-CORE,6.104037284851074,2.1635554,0.19747569,-5.704323,17.70609474182129,2.622790575027466
Step-Separation,0.20302242506295443,Q2-INNERSKIN,6.104156017303467,2.1622121,0.18164773,-5.7054853,17.67656135559082,80.01042938232422
Step-Separation,0.20302242506295443,Q2-OUTERSKIN,5.897038459777832,2.0750654,0.74151284,-5.469856,17.676311492919922,165.56378173828125
Step-Separation,0.20500000286847353,ADAPTER,0.0,0.0,0.0,0.0,0.0,0.0
Step-Separation,0.20500000286847353,Q1-CORE,2.26042103767395,0.8852946,-0.56547654,2.0014977,72.55227661132812,2.557480812072754
Step-Separation,0.20500000286847353,Q1-INNERSKIN,2.274996280670166,0.88702214,-0.56711507,2.016725,71.48522186279297,133.65863037109375
Step-Separation,0.20500000286847353,Q1-OUTERSKIN,2.1170849800109863,0.8167373,-0.406294,1.9104748,7.581509590148926,90.54391479492188
Step-Separation,0.20500000286847353,Q2-CORE,6.136140823364258,2.169608,0.20015918,-5.7362847,17.654388427734375,2.6231203079223633
Step-Separation,0.20500000286847353,Q2-INNERSKIN,6.136254787445068,2.1682692,0.18432598,-5.7374434,17.646831512451172,80.07810974121094
Step-Separation,0.20500000286847353,Q2-OUTERSKIN,5.929098606109619,2.0807312,0.7446357,-5.501844,17.63933563232422,165.54847717285156
