step,time_s,instance,u_mag_max_mm,u_x_max_mm,u_y_max_mm,u_z_max_mm,v_mag_max_mm_s,s_mises_max_MPa
Step-Preload,0.0,ADAPTER,0.0,0.0,0.0,0.0,0.0,0.0
Step-Preload,0.0,Q1-CORE,0.0,0.0,0.0,0.0,0.0,0.0
Step-Preload,0.0,Q1-INNERSKIN,0.0,0.0,0.0,0.0,0.0,0.0
Step-Preload,0.0,Q1-OUTERSKIN,0.0,0.0,0.0,0.0,0.0,0.0
Step-Preload,0.0,Q2-CORE,0.0,0.0,0.0,0.0,0.0,0.0
Step-Preload,0.0,Q2-INNERSKIN,0.0,0.0,0.0,0.0,0.0,0.0
Step-Preload,0.0,Q2-OUTERSKIN,0.0,0.0,0.0,0.0,0.0,0.0
Step-Preload,0.00029999989783391356,ADAPTER,0.0,0.0,0.0,0.0,0.0,0.0
Step-Preload,0.00029999989783391356,Q1-CORE,2.939386831712909e-06,1.0387278e-12,-2.9393868e-06,8.220422e-13,0.019498206675052643,1.097087897505844e-05
Step-Preload,0.00029999989783391356,Q1-INNERSKIN,2.9398549941106467e-06,1.9540258e-11,-2.939855e-06,2.8574384e-11,0.01952395774424076,0.00015356038056779653
Step-Preload,0.00029999989783391356,Q1-OUTERSKIN,2.9394670946203405e-06,-5.4763534e-13,-2.939467e-06,5.944986e-13,0.01949223503470421,3.775342747758259e-06
Step-Preload,0.00029999989783391356,Q2-CORE,2.942738092315267e-06,8.8949365e-10,-2.942736e-06,-3.3158263e-09,0.01964416541159153,1.4695922345708823e-06
Step-Preload,0.00029999989783391356,Q2-INNERSKIN,2.944251036751666e-06,8.894742e-10,-2.944249e-06,-3.3101726e-09,0.01967102847993374,2.916455559898168e-05
Step-Preload,0.00029999989783391356,Q2-OUTERSKIN,2.9394695957307704e-06,-2.860332e-13,-2.9394696e-06,3.5176197e-13,0.019492246210575104,2.83224676422833e-06
Step-Preload,0.0005999997374601662,ADAPTER,0.0,0.0,0.0,0.0,0.0,0.0
Step-Preload,0.0005999997374601662,Q1-CORE,1.164593322755536e-05,5.515732e-10,-1.1645928e-05,1.1208831e-08,0.038854483515024185,2.2441612600232475e-05
Step-Preload,0.0005999997374601662,Q1-INNERSKIN,1.1651079148577992e-05,5.476756e-10,-1.1651074e-05,1.121898e-08,0.03886594995856285,0.0003262005920987576
Step-Preload,0.0005999997374601662,Q1-OUTERSKIN,1.164320383395534e-05,3.4302972e-13,-1.1643204e-05,7.800297e-14,0.03841520473361015,7.404824282275513e-05
Step-Preload,0.0005999997374601662,Q2-CORE,1.1643008292594459e-05,-5.3987484e-13,-1.1643008e-05,4.5868566e-13,0.03879348188638687,9.060794354809332e-07
Step-Preload,0.0005999997374601662,Q2-INNERSKIN,1.1647925020952243e-05,5.366518e-10,-1.1647925e-05,-1.3124071e-10,0.03880712389945984,1.6314725144184195e-05
Step-Preload,0.0005999997374601662,Q2-OUTERSKIN,1.1643211109912954e-05,7.0734553e-13,-1.1643211e-05,4.5268956e-13,0.03841523081064224,1.0451191883475985e-05
Step-Preload,0.0007999996305443347,ADAPTER,0.0,0.0,0.0,0.0,0.0,0.0
Step-Preload,0.0007999996305443347,Q1-CORE,2.0564606529660523e-05,-5.381386e-08,-2.0564536e-05,-2.6012306e-09,0.050978679209947586,2.5212355467374437e-05
Step-Preload,0.0007999996305443347,Q1-INNERSKIN,2.0572097128024325e-05,-2.749053e-09,-2.0572026e-05,-5.380698e-08,0.05153614655137062,0.0003897275310009718
Step-Preload,0.0007999996305443347,Q1-OUTERSKIN,2.0562441932270303e-05,-4.3471865e-14,-2.0562442e-05,3.315876e-14,0.050726477056741714,0.00017195934196934104
Step-Preload,0.0007999996305443347,Q2-CORE,2.056461016763933e-05,-2.7478766e-09,-2.056454e-05,5.381147e-08,0.05099444463849068,7.767436613903556e-07
Step-Preload,0.0007999996305443347,Q2-INNERSKIN,2.058025711448863e-05,4.4750433e-08,-2.0580197e-05,2.1293316e-08,0.05097522586584091,1.4475921489065513e-05
Step-Preload,0.0007999996305443347,Q2-OUTERSKIN,2.0562456484185532e-05,5.1650313e-13,-2.0562456e-05,1.1202841e-12,0.05071567744016647,1.4787158761464525e-05
Step-Preload,0.0010999994119629264,ADAPTER,0.0,0.0,0.0,0.0,0.0,0.0
Step-Preload,0.0010999994119629264,Q1-CORE,3.851326255244203e-05,-1.2529631e-07,-3.851306e-05,-5.882753e-09,0.06891065090894699,2.6819085178431123e-05
Step-Preload,0.0010999994119629264,Q1-INNERSKIN,3.852288136840798e-05,-1.2529705e-07,-3.8522678e-05,-5.8771943e-09,0.068842813372612,0.0004853177524637431
Step-Preload,0.0010999994119629264,Q1-OUTERSKIN,3.8492966268677264e-05,9.206538e-14,-3.8492966e-05,-4.3707895e-13,0.06876731663942337,0.0003253980539739132
Step-Preload,0.0010999994119629264,Q2-CORE,3.851426299661398e-05,1.2511488e-07,-3.851406e-05,9.216742e-09,0.0688706487417221,9.61945715971524e-07
Step-Preload,0.0010999994119629264,Q2-INNERSKIN,3.852385270874947e-05,1.2511308e-07,-3.852365e-05,9.216641e-09,0.06887853890657425,1.2801609045709483e-05
Step-Preload,0.0010999994119629264,Q2-OUTERSKIN,3.8492991734528914e-05,6.564783e-15,-3.849299e-05,3.5248963e-13,0.06878352910280228,1.5762876500957645e-05
Step-Preload,0.0013046989915892482,ADAPTER,0.0,0.0,0.0,0.0,0.0,0.0
Step-Preload,0.0013046989915892482,Q1-CORE,5.383064126363024e-05,-1.8308992e-07,-5.383033e-05,-8.964716e-09,0.08079543709754944,2.8484759241109714e-05
Step-Preload,0.0013046989915892482,Q1-INNERSKIN,5.3840307373320684e-05,-1.8309153e-07,-5.3839995e-05,-8.945575e-09,0.0807928666472435,0.0005232262774370611
Step-Preload,0.0013046989915892482,Q1-OUTERSKIN,5.3790383390150964e-05,4.0247656e-11,-5.3790383e-05,6.590631e-11,0.08077608793973923,0.00043657765490934253
Step-Preload,0.0013046989915892482,Q2-CORE,5.38347740075551e-05,1.8242974e-07,-5.3834465e-05,5.513802e-10,0.0808119848370552,1.1981544503214536e-06
Step-Preload,0.0013046989915892482,Q2-INNERSKIN,5.384437463362701e-05,1.8242706e-07,-5.3844065e-05,5.34596e-10,0.08081258088350296,1.2895241525257006e-05
Step-Preload,0.0013046989915892482,Q2-OUTERSKIN,5.379039066610858e-05,5.1487408e-11,-5.379039e-05,-6.021469e-11,0.0807243213057518,1.4907490367477294e-05
Step-Preload,0.0015046987682580948,ADAPTER,0.0,0.0,0.0,0.0,0.0,0.0
Step-Preload,0.0015046987682580948,Q1-CORE,7.114256004570052e-05,-2.433684e-07,-7.1142145e-05,-1.7131823e-08,0.0923394113779068,3.8916758057894185e-05
Step-Preload,0.0015046987682580948,Q1-INNERSKIN,7.115121115930378e-05,-2.4337723e-07,-7.115079e-05,-1.7120712e-08,0.09231030941009521,0.0006470318767242134
Step-Preload,0.0015046987682580948,Q1-OUTERSKIN,7.108046702342108e-05,2.1543127e-10,-7.108047e-05,1.6342451e-10,0.09220870584249496,0.0005222945474088192
Step-Preload,0.0015046987682580948,Q2-CORE,7.114771869964898e-05,2.421552e-07,-7.114731e-05,-1.09981215e-08,0.09237900376319885,1.03791114725027e-06
Step-Preload,0.0015046987682580948,Q2-INNERSKIN,7.115636253729463e-05,2.4215174e-07,-7.115595e-05,-1.0985058e-08,0.09237915277481079,1.7343731087748893e-05
Step-Preload,0.0015046987682580948,Q2-OUTERSKIN,7.108048885129392e-05,-1.6798841e-10,-7.108049e-05,2.172785e-10,0.09219815582036972,1.7947982996702194e-05
Step-Preload,0.001804698258638382,ADAPTER,0.0,0.0,0.0,0.0,0.0,0.0
Step-Preload,0.001804698258638382,Q1-CORE,0.00010134760668734089,-3.391012e-07,-0.00010134704,-2.5366985e-08,0.10932315140962601,5.135871106176637e-05
Step-Preload,0.001804698258638382,Q1-INNERSKIN,0.00010135393677046522,-3.391072e-07,-0.00010135337,-2.5358029e-08,0.1090342253446579,0.0008066814043559134
Step-Preload,0.001804698258638382,Q1-OUTERSKIN,0.00010125751578016207,7.4637013e-10,-0.000101257516,5.619488e-10,0.10899417847394943,0.0006466901395469904
Step-Preload,0.001804698258638382,Q2-CORE,0.0001013499204418622,3.3329738e-07,-0.00010134937,-2.8936844e-08,0.10905390977859497,9.812748658077908e-07
Step-Preload,0.001804698258638382,Q2-INNERSKIN,0.00010135626507690176,3.3329928e-07,-0.00010135571,-2.8911224e-08,0.10904427617788315,2.705049882933963e-05
Step-Preload,0.001804698258638382,Q2-OUTERSKIN,0.00010125754488399252,5.617375e-10,-0.000101257545,-7.494529e-10,0.10894258320331573,2.538543412811123e-05
Step-Preload,0.0020046979188919067,ADAPTER,0.0,0.0,0.0,0.0,0.0,0.0
Step-Preload,0.0020046979188919067,Q1-CORE,0.00012423917360138148,-4.0238555e-07,-0.00012423852,-3.185582e-08,0.12004468590021133,5.827200220664963e-05
Step-Preload,0.0020046979188919067,Q1-INNERSKIN,0.0001242442085640505,-4.023887e-07,-0.00012424355,-3.1861372e-08,0.12069310992956161,0.00087202392751351
Step-Preload,0.0020046979188919067,Q1-OUTERSKIN,0.00012413732474669814,7.589121e-10,-0.00012413732,1.5483471e-09,0.12004058808088303,0.0007516942569054663
Step-Preload,0.0020046979188919067,Q2-CORE,0.0001242395956069231,3.8870272e-07,-0.00012423898,-4.239748e-08,0.11991015821695328,1.0083265351568116e-06
Step-Preload,0.0020046979188919067,Q2-INNERSKIN,0.00012424460146576166,3.8870527e-07,-0.00012424399,-4.2382887e-08,0.11991013586521149,3.277231371612288e-05
Step-Preload,0.0020046979188919067,Q2-OUTERSKIN,0.00012413733929861337,-9.931129e-10,-0.00012413734,1.322183e-09,0.11987688392400742,2.934938129328657e-05
Step-Preload,0.002304697409272194,ADAPTER,0.0,0.0,0.0,0.0,0.0,0.0
Step-Preload,0.002304697409272194,Q1-CORE,0.0001626000739634037,-4.8408043e-07,-0.00016259935,-4.7499014e-08,0.1360221952199936,6.528213998535648e-05
Step-Preload,0.002304697409272194,Q1-INNERSKIN,0.00016260473057627678,-4.840891e-07,-0.000162604,-4.740344e-08,0.13587309420108795,0.0009207871626131237
Step-Preload,0.002304697409272194,Q1-OUTERSKIN,0.0001625239965505898,1.469806e-07,-0.00016252391,8.210333e-08,0.13601849973201752,0.0010173318441957235
Step-Preload,0.002304697409272194,Q2-CORE,0.00016260005941148847,-4.840994e-07,-0.00016259933,4.7491987e-08,0.13584348559379578,1.0067089988297084e-06
Step-Preload,0.002304697409272194,Q2-INNERSKIN,0.00016260471602436155,-4.841081e-07,-0.00016260399,4.739647e-08,0.13583320379257202,3.8621721614617854e-05
Step-Preload,0.002304697409272194,Q2-OUTERSKIN,0.00016249042528215796,4.2008956e-09,-0.00016249043,-1.2145659e-09,0.1358293890953064,3.320712858112529e-05
Step-Preload,0.0025046970695257187,ADAPTER,0.0,0.0,0.0,0.0,0.0,0.0
Step-Preload,0.0025046970695257187,Q1-CORE,0.00019079710182268173,-5.4252683e-07,-0.00019079632,-5.497895e-08,0.1464635133743286,6.584924267372116e-05
Step-Preload,0.0025046970695257187,Q1-INNERSKIN,0.0001908026752062142,-5.425391e-07,-0.00019080189,-5.4847153e-08,0.14620530605316162,0.0009749490418471396
Step-Preload,0.0025046970695257187,Q1-OUTERSKIN,0.0001907486148411408,1.0761413e-07,-0.00019074844,2.4082354e-07,0.14637769758701324,0.0012233994202688336
Step-Preload,0.0025046970695257187,Q2-CORE,0.0001907970872707665,-5.42555e-07,-0.0001907963,5.496434e-08,0.14619579911231995,1.020552872432745e-06
Step-Preload,0.0025046970695257187,Q2-INNERSKIN,0.00019080266065429896,-5.425673e-07,-0.00019080187,5.4832583e-08,0.14619247615337372,4.0646842535352334e-05
Step-Preload,0.0025046970695257187,Q2-OUTERSKIN,0.00019068621622864157,7.881008e-09,-0.00019068622,-2.1150213e-09,0.14614883065223694,3.301501055830158e-05
Step-Preload,0.002804696559906006,ADAPTER,0.0,0.0,0.0,0.0,0.0,0.0
Step-Preload,0.002804696559906006,Q1-CORE,0.00023693000548519194,-6.238504e-07,-0.00023692916,-7.4468694e-08,0.16154812276363373,7.397472654702142e-05
Step-Preload,0.002804696559906006,Q1-INNERSKIN,0.000236938038142398,-6.238603e-07,-0.0002369372,-7.439322e-08,0.1614990532398224,0.0009610809502191842
Step-Preload,0.002804696559906006,Q1-OUTERSKIN,0.00023686033091507852,1.5614292e-08,-0.00023686023,2.2688968e-07,0.16143080592155457,0.0014387182891368866
Step-Preload,0.002804696559906006,Q2-CORE,0.00023693147522863,6.2191776e-07,-0.00023693065,-6.9431195e-08,0.1613920032978058,8.859207696332305e-07
Step-Preload,0.002804696559906006,Q2-INNERSKIN,0.0002369394787820056,6.219272e-07,-0.00023693865,-6.935802e-08,0.16140080988407135,4.14091809943784e-05
Step-Preload,0.002804696559906006,Q2-OUTERSKIN,0.00023681657330598682,-1.8347084e-08,-0.00023681657,3.9557873e-09,0.16132894158363342,3.5220145946368575e-05
Step-Preload,0.0030046964529901743,ADAPTER,0.0,0.0,0.0,0.0,0.0,0.0
Step-Preload,0.0030046964529901743,Q1-CORE,0.0002701868361327797,-6.771692e-07,-0.00027018596,-9.326322e-08,0.1713465005159378,8.020974928513169e-05
Step-Preload,0.0030046964529901743,Q1-INNERSKIN,0.00027019664412364364,-6.7718395e-07,-0.00027019577,-9.314687e-08,0.17133723199367523,0.001201420440338552
Step-Preload,0.0030046964529901743,Q1-OUTERSKIN,0.0002700870390981436,-6.5796844e-09,-0.0002700869,2.8363954e-07,0.17126844823360443,0.0015451819635927677
Step-Preload,0.0030046964529901743,Q2-CORE,0.0002701900084502995,6.7643396e-07,-0.00027018916,-8.919164e-08,0.17125968635082245,9.165554502033046e-07
Step-Preload,0.0030046964529901743,Q2-INNERSKIN,0.0002701998455449939,6.7644834e-07,-0.000270199,-8.907892e-08,0.17126452922821045,4.058860577060841e-05
Step-Preload,0.0030046964529901743,Q2-OUTERSKIN,0.0002700677141547203,-2.7975872e-08,-0.0002700677,6.7927197e-09,0.1711938977241516,3.80591991415713e-05
Step-Preload,0.003304696176201105,ADAPTER,0.0,0.0,0.0,0.0,0.0,0.0
Step-Preload,0.003304696176201105,Q1-CORE,0.0003237287746742368,-7.862014e-07,-0.0003237278,-1.1076523e-07,0.18571901321411133,8.810676081338897e-05
Step-Preload,0.003304696176201105,Q1-INNERSKIN,0.0003237402706872672,-7.8621963e-07,-0.00032373928,-1.10621265e-07,0.18570499122142792,0.001341414637863636
Step-Preload,0.003304696176201105,Q1-OUTERSKIN,0.00032360031036660075,6.251772e-08,-0.00032360014,3.3823295e-07,0.18563400208950043,0.0017136845272034407
Step-Preload,0.003304696176201105,Q2-CORE,0.0003237301134504378,7.710539e-07,-0.00032372918,-1.1920168e-07,0.1856803148984909,1.1464925364634837e-06
Step-Preload,0.003304696176201105,Q2-INNERSKIN,0.00032374149304814637,7.710692e-07,-0.00032374056,-1.1909607e-07,0.18568123877048492,3.935649510822259e-05
Step-Preload,0.003304696176201105,Q2-OUTERSKIN,0.0003235908516217023,-9.800936e-09,-0.00032359085,2.112167e-09,0.18560588359832764,4.27511113230139e-05
Step-Preload,0.00350469583645463,ADAPTER,0.0,0.0,0.0,0.0,0.0,0.0
Step-Preload,0.00350469583645463,Q1-CORE,0.0003618021437432617,-1.0915393e-07,-0.00036180113,-8.6350684e-07,0.195439875125885,9.780682739801705e-05
Step-Preload,0.00350469583645463,Q1-INNERSKIN,0.0003618135815486312,-1.0901257e-07,-0.00036181253,-8.635251e-07,0.19513654708862305,0.002031146315857768
Step-Preload,0.00350469583645463,Q1-OUTERSKIN,0.0003616700414568186,1.0860361e-07,-0.0003616698,3.864901e-07,0.19502365589141846,0.0018192583229392767
Step-Preload,0.00350469583645463,Q2-CORE,0.0003618022601585835,8.3470934e-07,-0.00036180127,-1.4584006e-07,0.19505244493484497,1.1751139936677646e-06
Step-Preload,0.00350469583645463,Q2-INNERSKIN,0.00036181361065246165,-1.090422e-07,-0.00036181256,8.636415e-07,0.1950550377368927,4.330481169745326e-05
Step-Preload,0.00350469583645463,Q2-OUTERSKIN,0.00036164961056783795,-1.6027919e-08,-0.0003616496,4.405698e-09,0.19498130679130554,4.6139310143189505e-05
Step-Preload,0.003804695326834917,ADAPTER,0.0,0.0,0.0,0.0,0.0,0.0
Step-Preload,0.003804695326834917,Q1-CORE,0.0004223781288601458,-1.3976849e-07,-0.00042237702,-9.639991e-07,0.2093849927186966,0.00010022143396781757
Step-Preload,0.003804695326834917,Q1-INNERSKIN,0.0004223879368510097,-1.39658e-07,-0.00042238683,-9.640246e-07,0.2088426798582077,0.0033574134577065706
Step-Preload,0.003804695326834917,Q1-OUTERSKIN,0.00042221409967169166,1.717579e-07,-0.00042221384,4.4965057e-07,0.20871961116790771,0.002123157726600766
Step-Preload,0.003804695326834917,Q2-CORE,0.0004223781288601458,-1.3976802e-07,-0.00042237702,9.640474e-07,0.20875827968120575,1.0048460126199643e-06
Step-Preload,0.003804695326834917,Q2-INNERSKIN,0.0004223879368510097,-1.3965578e-07,-0.00042238683,9.64073e-07,0.20875249803066254,5.045954094384797e-05
Step-Preload,0.003804695326834917,Q2-OUTERSKIN,0.0004222049319650978,-2.9634569e-08,-0.00042220493,8.583038e-09,0.20869770646095276,5.167492781765759e-05
Step-Preload,0.004004694987088442,ADAPTER,0.0,0.0,0.0,0.0,0.0,0.0
Step-Preload,0.004004694987088442,Q1-CORE,0.00046501486212946475,-1.6651158e-07,-0.00046501373,-1.0163335e-06,0.21806930005550385,0.00010312381346011534
Step-Preload,0.004004694987088442,Q1-INNERSKIN,0.00046502301120199263,-1.4905301e-07,-0.00046502185,-1.0333584e-06,0.21836945414543152,0.0027843082789331675
Step-Preload,0.004004694987088442,Q1-OUTERSKIN,0.00046483290498144925,9.972691e-09,-0.0004648329,4.0714575e-08,0.21787571907043457,0.002126529114320874
Step-Preload,0.004004694987088442,Q2-CORE,0.0004650148330256343,-1.6651246e-07,-0.0004650137,1.0164357e-06,0.21765324473381042,8.290045343528618e-07
Step-Preload,0.004004694987088442,Q2-INNERSKIN,0.0004650230403058231,-1.6640152e-07,-0.0004650219,1.0164566e-06,0.21764013171195984,5.512870484380983e-05
Step-Preload,0.004004694987088442,Q2-OUTERSKIN,0.00046483351616188884,-3.979479e-08,-0.00046483352,1.0976459e-08,0.21761856973171234,5.527268149307929e-05
Step-Preload,0.004304182715713978,ADAPTER,0.0,0.0,0.0,0.0,0.0,0.0
Step-Preload,0.004304182715713978,Q1-CORE,0.0005321395001374185,-1.98242e-07,-0.0005321384,-1.0840423e-06,0.23147499561309814,0.00011040125536965206
Step-Preload,0.004304182715713978,Q1-INNERSKIN,0.0005321456119418144,-1.9812451e-07,-0.0005321445,-1.0840669e-06,0.23109954595565796,0.004012721590697765
Step-Preload,0.004304182715713978,Q1-OUTERSKIN,0.0005319564952515066,1.3266776e-08,-0.0005319565,5.3781616e-08,0.23082469403743744,0.002121209166944027
Step-Preload,0.004304182715713978,Q2-CORE,0.0005321395583450794,1.9822072e-07,-0.00053213845,-1.0840602e-06,0.23067763447761536,6.847607778581732e-07
Step-Preload,0.004304182715713978,Q2-INNERSKIN,0.0005321457283571362,1.9810372e-07,-0.0005321446,-1.0840846e-06,0.23067039251327515,6.142436905065551e-05
Step-Preload,0.004304182715713978,Q2-OUTERSKIN,0.0005319564952515066,-1.327826e-08,-0.0005319565,5.378333e-08,0.23066116869449615,5.994850289425813e-05
Step-Preload,0.004503414500504732,ADAPTER,0.0,0.0,0.0,0.0,0.0,0.0
Step-Preload,0.004503414500504732,Q1-CORE,0.0005789225688204169,-2.0578165e-07,-0.00057892146,-1.1300981e-06,0.23970061540603638,0.0001136220816988498
Step-Preload,0.004503414500504732,Q1-INNERSKIN,0.0005789281567558646,-2.0564534e-07,-0.00057892705,-1.1301265e-06,0.23994800448417664,0.006062926724553108
Step-Preload,0.004503414500504732,Q1-OUTERSKIN,0.000578744278755039,4.345054e-09,-0.0005787443,1.6809718e-08,0.23915642499923706,0.0021922606974840164
Step-Preload,0.004503414500504732,Q2-CORE,0.0005789226270280778,2.0575065e-07,-0.0005789215,-1.1301273e-06,0.23914222419261932,7.092899636518268e-07
Step-Preload,0.004503414500504732,Q2-INNERSKIN,0.0005789282731711864,2.056146e-07,-0.00057892717,-1.1301556e-06,0.23915010690689087,6.449564534705132e-05
Step-Preload,0.004503414500504732,Q2-OUTERSKIN,0.0005787446862086654,-1.6136903e-08,-0.0005787447,4.9054925e-09,0.23909667134284973,6.303052941802889e-05
Step-Preload,0.004801621660590172,ADAPTER,0.0,0.0,0.0,0.0,0.0,0.0
Step-Preload,0.004801621660590172,Q1-CORE,0.0006520469323731959,-2.1617907e-07,-0.0006520458,-1.1946616e-06,0.2523857355117798,0.00012244768731761724
Step-Preload,0.004801621660590172,Q1-INNERSKIN,0.0006520532188005745,-2.160166e-07,-0.0006520521,-1.1946954e-06,0.2529355585575104,0.005584700033068657
Step-Preload,0.004801621660590172,Q1-OUTERSKIN,0.0006518803420476615,8.532093e-09,-0.00065188034,2.8792572e-08,0.25158894062042236,0.002403124701231718
Step-Preload,0.004801621660590172,Q2-CORE,0.0006520473980344832,1.172665e-06,-0.0006520463,-2.5760994e-07,0.2514716386795044,7.687259540034574e-07
Step-Preload,0.004801621660590172,Q2-INNERSKIN,0.00065205356804654,1.1726988e-06,-0.00065205246,-2.5745905e-07,0.2514823079109192,6.69235159875825e-05
Step-Preload,0.004801621660590172,Q2-OUTERSKIN,0.0006518802838400006,-8.534262e-09,-0.0006518803,2.8771233e-08,0.2514088749885559,6.70151857775636e-05
Step-Preload,0.004999999888241291,ADAPTER,0.0,0.0,0.0,0.0,0.0,0.0
Step-Preload,0.004999999888241291,Q1-CORE,0.0007027082610875368,-2.4526784e-07,-0.00070270716,-1.2214944e-06,0.26056280732154846,0.0001298360148211941
Step-Preload,0.004999999888241291,Q1-INNERSKIN,0.0007027155952528119,-2.4510575e-07,-0.0007027145,-1.2215309e-06,0.2596432864665985,0.005701992195099592
Step-Preload,0.004999999888241291,Q1-OUTERSKIN,0.0007025455124676228,1.07485585e-08,-0.0007025455,3.6230123e-08,0.259662389755249,0.0023995658848434687
Step-Preload,0.004999999888241291,Q2-CORE,0.0007027115789242089,6.0355296e-07,-0.00070271135,-1.3889255e-07,0.2594428062438965,7.360525273725216e-07
Step-Preload,0.004999999888241291,Q2-INNERSKIN,0.0007027156534604728,2.4506966e-07,-0.00070271455,-1.2215997e-06,0.2594539523124695,6.763643614249304e-05
Step-Preload,0.004999999888241291,Q2-OUTERSKIN,0.0007025454542599618,-1.0746288e-08,-0.00070254545,3.6200994e-08,0.2594051659107208,6.925362686160952e-05
Step-Separation,0.004999999888241291,ADAPTER,0.0,0.0,0.0,0.0,0.0,0.0
Step-Separation,0.004999999888241291,Q1-CORE,0.0007027082610875368,-2.4526784e-07,-0.00070270716,-1.2214944e-06,0.26056280732154846,0.0001298360148211941
Step-Separation,0.004999999888241291,Q1-INNERSKIN,0.0007027155952528119,-2.4510575e-07,-0.0007027145,-1.2215309e-06,0.2596432864665985,0.005701992195099592
Step-Separation,0.004999999888241291,Q1-OUTERSKIN,0.0007025455124676228,1.07485585e-08,-0.0007025455,3.6230123e-08,0.259662389755249,0.0023995658848434687
Step-Separation,0.004999999888241291,Q2-CORE,0.0007027115789242089,6.0355296e-07,-0.00070271135,-1.3889255e-07,0.2594428062438965,7.360525273725216e-07
Step-Separation,0.004999999888241291,Q2-INNERSKIN,0.0007027156534604728,2.4506966e-07,-0.00070271455,-1.2215997e-06,0.2594539523124695,6.763643614249304e-05
Step-Separation,0.004999999888241291,Q2-OUTERSKIN,0.0007025454542599618,-1.0746288e-08,-0.00070254545,3.6200994e-08,0.2594051659107208,6.925362686160952e-05
Step-Separation,0.007004325743764639,ADAPTER,0.0,0.0,0.0,0.0,0.0,0.0
Step-Separation,0.007004325743764639,Q1-CORE,0.6651410460472107,0.3117209,-0.100095466,0.578985,328.09033203125,2.2948665618896484
Step-Separation,0.007004325743764639,Q1-INNERSKIN,0.6671919226646423,0.3109209,-0.110812455,0.57982224,329.8861083984375,103.06636810302734
Step-Separation,0.007004325743764639,Q1-OUTERSKIN,0.4293447732925415,0.22182988,0.1100052,0.35075247,276.669921875,75.73573303222656
Step-Separation,0.007004325743764639,Q2-CORE,0.7800881862640381,0.18286091,-0.11966881,-0.74885166,417.6058349609375,2.590815782546997
Step-Separation,0.007004325743764639,Q2-INNERSKIN,0.7822525501251221,0.18242285,-0.13236408,-0.7490799,419.4223937988281,98.22933197021484
Step-Separation,0.007004325743764639,Q2-OUTERSKIN,0.5042974352836609,0.13298187,0.13027115,-0.46868023,375.55206298828125,78.41477966308594
Step-Separation,0.0090039256028831,ADAPTER,0.0,0.0,0.0,0.0,0.0,0.0
Step-Separation,0.0090039256028831,Q1-CORE,0.9611489176750183,0.43115404,-0.11436385,0.85137206,235.17630004882812,2.2479631900787354
Step-Separation,0.0090039256028831,Q1-INNERSKIN,0.9635674953460693,0.4291164,-0.12646614,0.8534212,235.17779541015625,121.72650909423828
Step-Separation,0.0090039256028831,Q1-OUTERSKIN,0.7809057831764221,0.40145153,0.15579702,0.6514428,209.41758728027344,85.63738250732422
Step-Separation,0.0090039256028831,Q2-CORE,1.2489705085754395,0.31351513,-0.1635419,-1.1978688,273.8326110839844,2.1658740043640137
Step-Separation,0.0090039256028831,Q2-INNERSKIN,1.2511852979660034,0.31285754,-0.17837144,-1.1982355,273.862548828125,99.39264678955078
Step-Separation,0.0090039256028831,Q2-OUTERSKIN,0.9826736450195312,0.26816124,0.19712426,-0.92459667,252.7728729248047,92.2099609375
Step-Separation,0.011003219988197088,ADAPTER,0.0,0.0,0.0,0.0,0.0,0.0
Step-Separation,0.011003219988197088,Q1-CORE,1.0862740278244019,0.47494933,-0.110415325,0.97068167,171.8140106201172,2.613036870956421
Step-Separation,0.011003219988197088,Q1-INNERSKIN,1.0888301134109497,0.471916,-0.121721976,0.9736683,144.014404296875,123.22319030761719
Step-Separation,0.011003219988197088,Q1-OUTERSKIN,0.9171671867370605,0.47008544,0.1622388,0.77064514,152.44993591308594,95.0170669555664
Step-Separation,0.011003219988197088,Q2-CORE,1.7072619199752808,0.44631553,-0.19628587,-1.6361594,231.95556640625,2.6027002334594727
Step-Separation,0.011003219988197088,Q2-INNERSKIN,1.7094284296035767,0.44553706,-0.21253398,-1.6366036,232.1688232421875,109.12540435791016
Step-Separation,0.011003219988197088,Q2-OUTERSKIN,1.4448816776275635,0.40181074,0.26132464,-1.363063,197.65237426757812,127.23516845703125
Step-Separation,0.013002589344978333,ADAPTER,0.0,0.0,0.0,0.0,0.0,0.0
Step-Separation,0.013002589344978333,Q1-CORE,1.199483036994934,0.80570567,-0.12968864,0.8790783,145.13673400878906,2.7798402309417725
Step-Separation,0.013002589344978333,Q1-INNERSKIN,1.201886534690857,0.8038312,-0.13899234,0.88264817,145.15419006347656,125.49658203125
Step-Separation,0.013002589344978333,Q1-OUTERSKIN,1.0629974603652954,0.76522744,0.17375915,0.71707624,110.6383056640625,102.32707977294922
Step-Separation,0.013002589344978333,Q2-CORE,2.0526297092437744,0.5468464,-0.21182469,-1.9670736,249.3867950439453,2.3069536685943604
Step-Separation,0.013002589344978333,Q2-INNERSKIN,2.05461049079895,0.54586244,-0.22816406,-1.9675874,249.44134521484375,105.00003814697266
Step-Separation,0.013002589344978333,Q2-OUTERSKIN,1.7893167734146118,0.5030979,0.30304205,-1.6901811,193.28701782226562,142.78067016601562
Step-Separation,0.015001792460680008,ADAPTER,0.0,0.0,0.0,0.0,0.0,0.0
Step-Separation,0.015001792460680008,Q1-CORE,1.2462321519851685,0.82358915,-0.12976836,0.92625904,96.12985229492188,2.7669317722320557
Step-Separation,0.015001792460680008,Q1-INNERSKIN,1.248967170715332,0.82145023,-0.1393981,0.9304336,92.7526626586914,116.82982635498047
Step-Separation,0.015001792460680008,Q1-OUTERSKIN,1.0970218181610107,0.7774065,0.16920151,0.75529265,88.41935729980469,96.96642303466797
Step-Separation,0.015001792460680008,Q2-CORE,2.305379629135132,0.62477237,-0.21765909,-2.2084064,199.14492797851562,2.6546666622161865
Step-Separation,0.015001792460680008,Q2-INNERSKIN,2.3073251247406006,0.62327236,-0.23477587,-2.2091086,194.87042236328125,92.78453826904297
Step-Separation,0.015001792460680008,Q2-OUTERSKIN,2.0570473670959473,0.5949078,0.32845196,-1.9415582,185.43524169921875,153.33868408203125
Step-Separation,0.017001093365252018,ADAPTER,0.0,0.0,0.0,0.0,0.0,0.0
Step-Separation,0.017001093365252018,Q1-CORE,1.2453248500823975,0.79760426,-0.12263023,0.9484847,104.40836334228516,2.786735773086548
Step-Separation,0.017001093365252018,Q1-INNERSKIN,1.2484023571014404,0.7952195,-0.13228045,0.9532241,91.73262023925781,113.73695373535156
Step-Separation,0.017001093365252018,Q1-OUTERSKIN,1.109415054321289,0.7708913,0.170459,0.77940494,90.65437316894531,87.27922821044922
Step-Separation,0.017001093365252018,Q2-CORE,2.4629909992218018,0.68427736,-0.2168078,-2.3560736,197.97802734375,2.378249168395996
Step-Separation,0.017001093365252018,Q2-INNERSKIN,2.464841604232788,0.6825683,-0.2340348,-2.3568563,198.0113067626953,93.25179290771484
Step-Separation,0.017001093365252018,Q2-OUTERSKIN,2.2067902088165283,0.6415995,0.34210727,-2.083563,176.65672302246094,145.32093811035156
Step-Separation,0.01900038868188858,ADAPTER,0.0,0.0,0.0,0.0,0.0,0.0
Step-Separation,0.01900038868188858,Q1-CORE,1.255381464958191,0.78758395,-0.11490601,0.97081965,77.338134765625,2.7210755348205566
Step-Separation,0.01900038868188858,Q1-INNERSKIN,1.2587170600891113,0.78499496,-0.12434717,0.9760581,78.09111785888672,119.06681823730469
Step-Separation,0.01900038868188858,Q1-OUTERSKIN,1.111615777015686,0.7525348,0.16544287,0.8012551,71.17513275146484,90.29014587402344
Step-Separation,0.01900038868188858,Q2-CORE,2.666759729385376,0.7577491,-0.21682465,-2.5476284,161.5526885986328,2.522110939025879
Step-Separation,0.01900038868188858,Q2-INNERSKIN,2.6684935092926025,0.7564563,-0.23425382,-2.548285,161.56591796875,91.28450775146484
Step-Separation,0.01900038868188858,Q2-OUTERSKIN,2.409278154373169,0.69793653,0.36363927,-2.2771194,150.08314514160156,160.09829711914062
Step-Separation,0.02109962608665228,ADAPTER,0.0,0.0,0.0,0.0,0.0,0.0
Step-Separation,0.02109962608665228,Q1-CORE,1.2446098327636719,0.75428253,-0.10912064,0.9839737,47.979583740234375,2.7301347255706787
Step-Separation,0.02109962608665228,Q1-INNERSKIN,1.2481845617294312,0.7518117,-0.11874502,0.9892641,48.03293228149414,122.29754638671875
Step-Separation,0.02109962608665228,Q1-OUTERSKIN,1.098833441734314,0.7236504,0.1603544,0.81120366,46.55340576171875,82.73792266845703
Step-Separation,0.02109962608665228,Q2-CORE,2.8215603828430176,0.81222296,-0.21068399,-2.6939023,121.21047973632812,2.4596107006073
Step-Separation,0.02109962608665228,Q2-INNERSKIN,2.8232181072235107,0.81108475,-0.228544,-2.694526,116.4704360961914,96.1456527709961
Step-Separation,0.02109962608665228,Q2-OUTERSKIN,2.56318998336792,0.74466354,0.37956548,-2.4230866,116.75330352783203,158.42140197753906
Step-Separation,0.023098905570805073,ADAPTER,0.0,0.0,0.0,0.0,0.0,0.0
Step-Separation,0.023098905570805073,Q1-CORE,1.265503168106079,0.7509041,-0.10040581,1.0136864,40.588470458984375,2.642897844314575
Step-Separation,0.023098905570805073,Q1-INNERSKIN,1.2692052125930786,0.7485319,-0.11022931,1.0190345,40.59012222290039,120.73947143554688
Step-Separation,0.023098905570805073,Q1-OUTERSKIN,1.1204862594604492,0.72096807,0.16618975,0.84147227,38.72280502319336,85.77410125732422
Step-Separation,0.023098905570805073,Q2-CORE,2.977701187133789,0.8698739,-0.20857313,-2.8401623,120.39639282226562,2.4626266956329346
Step-Separation,0.023098905570805073,Q2-INNERSKIN,2.979287624359131,0.86907357,-0.22664657,-2.840686,120.38683319091797,100.40322875976562
Step-Separation,0.023098905570805073,Q2-OUTERSKIN,2.7154486179351807,0.7910249,0.38919285,-2.5683594,108.41676330566406,165.13983154296875
Step-Separation,0.025098088197410107,ADAPTER,0.0,0.0,0.0,0.0,0.0,0.0
Step-Separation,0.025098088197410107,Q1-CORE,1.2824708223342896,0.7441587,-0.09839506,1.0398451,55.703651428222656,2.5704753398895264
Step-Separation,0.025098088197410107,Q1-INNERSKIN,1.2863097190856934,0.74191976,-0.108191535,1.0451998,55.70208740234375,117.80597686767578
Step-Separation,0.025098088197410107,Q1-OUTERSKIN,1.141898274421692,0.7213728,0.1664936,0.86938643,54.774295806884766,82.67027282714844
Step-Separation,0.025098088197410107,Q2-CORE,3.150369167327881,0.92949396,-0.20539881,-3.0031114,88.48470306396484,2.513503313064575
Step-Separation,0.025098088197410107,Q2-INNERSKIN,3.151886224746704,0.9287292,-0.22371571,-3.003631,88.48048400878906,97.52190399169922
Step-Separation,0.025098088197410107,Q2-OUTERSKIN,2.8882133960723877,0.8441223,0.40654564,-2.732024,75.18841552734375,180.28872680664062
Step-Separation,0.027097203768789768,ADAPTER,0.0,0.0,0.0,0.0,0.0,0.0
Step-Separation,0.027097203768789768,Q1-CORE,1.3144524097442627,0.7566742,-0.09804691,1.0703346,42.4846076965332,2.647742986679077
Step-Separation,0.027097203768789768,Q1-INNERSKIN,1.3185229301452637,0.7543682,-0.10798526,1.0759975,42.47756576538086,116.46306610107422
Step-Separation,0.027097203768789768,Q1-OUTERSKIN,1.1629432439804077,0.72033054,0.16617382,0.89774555,41.75672149658203,84.28827667236328
Step-Separation,0.027097203768789768,Q2-CORE,3.226571559906006,0.96365917,-0.19133262,-3.073356,72.64313507080078,2.585212230682373
Step-Separation,0.027097203768789768,Q2-INNERSKIN,3.227966547012329,0.9632447,-0.2095601,-3.0737617,66.3291244506836,104.03424072265625
Step-Separation,0.027097203768789768,Q2-OUTERSKIN,2.9587419033050537,0.8657491,0.41075775,-2.7992694,67.9869155883789,184.6603546142578
Step-Separation,0.02909632120281458,ADAPTER,0.0,0.0,0.0,0.0,0.0,0.0
Step-Separation,0.02909632120281458,Q1-CORE,1.3386417627334595,0.759544,-0.10027909,1.0977243,39.43901824951172,2.6665563583374023
Step-Separation,0.02909632120281458,Q1-INNERSKIN,1.3430308103561401,0.75709134,-0.1102338,1.1038084,39.52849578857422,116.93368530273438
Step-Separation,0.02909632120281458,Q1-OUTERSKIN,1.1906548738479614,0.7278132,0.16492301,0.9277648,33.01203155517578,84.37117767333984
Step-Separation,0.02909632120281458,Q2-CORE,3.232959747314453,0.9747498,-0.17710358,-3.0774221,62.56714630126953,2.520573139190674
Step-Separation,0.02909632120281458,Q2-INNERSKIN,3.234252691268921,0.97431976,-0.19511698,-3.0778272,56.46660232543945,104.78240966796875
Step-Separation,0.02909632120281458,Q2-OUTERSKIN,2.9657251834869385,0.8686995,0.41078925,-2.8057332,59.306514739990234,178.1932830810547
Step-Separation,0.031095444224774837,ADAPTER,0.0,0.0,0.0,0.0,0.0,0.0
Step-Separation,0.031095444224774837,Q1-CORE,1.3578051328659058,0.75918025,-0.102096185,1.1210961,41.791236877441406,2.6627659797668457
Step-Separation,0.031095444224774837,Q1-INNERSKIN,1.362430453300476,0.7567138,-0.11204184,1.1274074,41.90248107910156,116.38690185546875
Step-Separation,0.031095444224774837,Q1-OUTERSKIN,1.2057597637176514,0.7229344,0.16110452,0.9514556,31.83633804321289,85.12479400634766
Step-Separation,0.031095444224774837,Q2-CORE,3.248798131942749,0.9874485,-0.17046846,-3.0904005,50.57656478881836,2.6273584365844727
Step-Separation,0.031095444224774837,Q2-INNERSKIN,3.2500462532043457,0.98714525,-0.18847787,-3.090764,50.15239715576172,95.1448974609375
Step-Separation,0.031095444224774837,Q2-OUTERSKIN,2.9855947494506836,0.9310408,0.3950605,-2.8090684,50.42036056518555,182.3278350830078
Step-Separation,0.03309458214789629,ADAPTER,0.0,0.0,0.0,0.0,0.0,0.0
Step-Separation,0.03309458214789629,Q1-CORE,1.370776653289795,0.75185317,-0.103091925,1.1415417,44.659812927246094,2.651731014251709
Step-Separation,0.03309458214789629,Q1-INNERSKIN,1.375647783279419,0.74937063,-0.11298838,1.1480784,44.78080749511719,116.18737030029297
Step-Separation,0.03309458214789629,Q1-OUTERSKIN,1.2207621335983276,0.7184115,0.1569523,0.9744286,27.02193832397461,84.99615478515625
Step-Separation,0.03309458214789629,Q2-CORE,3.1976590156555176,0.9778675,-0.15607086,-3.040467,61.02240753173828,2.5620479583740234
Step-Separation,0.03309458214789629,Q2-INNERSKIN,3.1988205909729004,0.9776502,-0.1738138,-3.0407963,61.05475616455078,90.69692993164062
Step-Separation,0.03309458214789629,Q2-OUTERSKIN,2.9511818885803223,0.9182145,0.3952298,-2.7767158,59.54585266113281,172.45863342285156
Step-Separation,0.035093783400952816,ADAPTER,0.0,0.0,0.0,0.0,0.0,0.0
Step-Separation,0.035093783400952816,Q1-CORE,1.3839733600616455,0.7447761,-0.10568601,1.161689,46.15032196044922,2.648325204849243
Step-Separation,0.035093783400952816,Q1-INNERSKIN,1.3891092538833618,0.74228704,-0.11565315,1.168443,46.32090377807617,116.75013732910156
Step-Separation,0.035093783400952816,Q1-OUTERSKIN,1.2318869829177856,0.7099411,0.15374066,0.9949336,22.331588745117188,85.02725219726562
Step-Separation,0.035093783400952816,Q2-CORE,3.1678895950317383,0.9717246,-0.14410487,-3.0117288,49.711509704589844,2.538235902786255
Step-Separation,0.035093783400952816,Q2-INNERSKIN,3.16898512840271,0.9715706,-0.16175294,-3.0120347,49.73196792602539,88.3969497680664
Step-Separation,0.035093783400952816,Q2-OUTERSKIN,2.9255826473236084,0.90860456,0.39943054,-2.7520769,46.98472213745117,166.76376342773438
Step-Separation,0.03709299582988024,ADAPTER,0.0,0.0,0.0,0.0,0.0,0.0
Step-Separation,0.03709299582988024,Q1-CORE,1.3861247301101685,0.72805905,-0.10561802,1.1747837,49.15743637084961,2.6620943546295166
Step-Separation,0.03709299582988024,Q1-INNERSKIN,1.3914848566055298,0.72561216,-0.11555213,1.1816788,49.31174087524414,116.86123657226562
Step-Separation,0.03709299582988024,Q1-OUTERSKIN,1.232094407081604,0.6920873,0.1490249,1.0083965,21.100093841552734,82.13040161132812
Step-Separation,0.03709299582988024,Q2-CORE,3.17336106300354,0.97577864,-0.13462979,-3.0166125,42.29759216308594,2.557840585708618
Step-Separation,0.03709299582988024,Q2-INNERSKIN,3.174403429031372,0.97561914,-0.1522988,-3.0169206,38.160377502441406,88.26634979248047
Step-Separation,0.03709299582988024,Q2-OUTERSKIN,2.929210662841797,0.9101952,0.40776086,-2.754188,38.94766616821289,167.63998413085938
Step-Separation,0.03909221012145281,ADAPTER,0.0,0.0,0.0,0.0,0.0,0.0
Step-Separation,0.03909221012145281,Q1-CORE,1.3995431661605835,0.71973574,-0.10739444,1.1954782,53.0947265625,2.650773525238037
Step-Separation,0.03909221012145281,Q1-INNERSKIN,1.4052109718322754,0.71722305,-0.11739158,1.2026755,53.21725082397461,118.37532043457031
Step-Separation,0.03909221012145281,Q1-OUTERSKIN,1.245866060256958,0.68666923,0.14759718,1.0290202,20.129180908203125,81.22815704345703
Step-Separation,0.03909221012145281,Q2-CORE,3.168848752975464,0.9773165,-0.12264711,-3.0118785,37.42451095581055,2.5662169456481934
Step-Separation,0.03909221012145281,Q2-INNERSKIN,3.1698179244995117,0.9772763,-0.14020857,-3.012145,37.00755310058594,91.15322875976562
Step-Separation,0.03909221012145281,Q2-OUTERSKIN,2.932610511779785,0.9101705,0.41504115,-2.7567253,35.92277145385742,165.37399291992188
Step-Separation,0.04109142441302538,ADAPTER,0.0,0.0,0.0,0.0,0.0,0.0
Step-Separation,0.04109142441302538,Q1-CORE,1.4143266677856445,0.7137342,-0.109827854,1.2160763,52.844688415527344,2.6508772373199463
Step-Separation,0.04109142441302538,Q1-INNERSKIN,1.4202585220336914,0.71120495,-0.119837366,1.2235035,53.08221435546875,119.24630737304688
Step-Separation,0.04109142441302538,Q1-OUTERSKIN,1.2583808898925781,0.67881006,0.14384529,1.0497847,20.662382125854492,80.88355255126953
Step-Separation,0.04109142441302538,Q2-CORE,3.1796841621398926,0.9825758,-0.11375272,-3.0219195,40.67001724243164,2.533592462539673
Step-Separation,0.04109142441302538,Q2-INNERSKIN,3.18060040473938,0.98249364,-0.1313104,-3.0221984,40.673316955566406,88.63348388671875
Step-Separation,0.04109142441302538,Q2-OUTERSKIN,2.9430294036865234,0.91285336,0.4219757,-2.7658737,35.86840057373047,165.15576171875
Step-Separation,0.04309063870459795,ADAPTER,0.0,0.0,0.0,0.0,0.0,0.0
Step-Separation,0.04309063870459795,Q1-CORE,1.4380872249603271,0.7147051,-0.11356907,1.2427363,55.49726104736328,2.630387544631958
Step-Separation,0.04309063870459795,Q1-INNERSKIN,1.444275975227356,0.7121614,-0.12363627,1.2503892,55.68913269042969,120.11575317382812
Step-Separation,0.04309063870459795,Q1-OUTERSKIN,1.2799991369247437,0.67912453,0.14053029,1.0758435,19.6887264251709,79.24119567871094
Step-Separation,0.04309063870459795,Q2-CORE,3.1987671852111816,0.9909531,-0.104804814,-3.0395954,36.32633972167969,2.5549750328063965
Step-Separation,0.04309063870459795,Q2-INNERSKIN,3.199626922607422,0.99093586,-0.12230456,-3.039852,36.18768310546875,88.30516052246094
Step-Separation,0.04309063870459795,Q2-OUTERSKIN,2.9674456119537354,0.9189562,0.43080875,-2.7884865,34.551029205322266,166.16305541992188
Step-Separation,0.04508985299617052,ADAPTER,0.0,0.0,0.0,0.0,0.0,0.0
Step-Separation,0.04508985299617052,Q1-CORE,1.4689043760299683,0.72175246,-0.11721099,1.2739761,56.287254333496094,2.645158529281616
Step-Separation,0.04508985299617052,Q1-INNERSKIN,1.4753403663635254,0.7191899,-0.1273664,1.2818631,56.54269790649414,121.96636199951172
Step-Separation,0.04508985299617052,Q1-OUTERSKIN,1.3105812072753906,0.6869888,0.13803384,1.1075271,18.672021865844727,80.99130249023438
Step-Separation,0.04508985299617052,Q2-CORE,3.210361957550049,0.9973809,-0.09773407,-3.0499349,41.45027160644531,2.5846025943756104
Step-Separation,0.04508985299617052,Q2-INNERSKIN,3.2111825942993164,0.9974708,-0.115244724,-3.050158,39.03189468383789,86.53346252441406
Step-Separation,0.04508985299617052,Q2-OUTERSKIN,2.9866440296173096,0.92279863,0.43696114,-2.8066974,39.1519889831543,165.5214080810547
Step-Separation,0.04708906728774309,ADAPTER,0.0,0.0,0.0,0.0,0.0,0.0
Step-Separation,0.04708906728774309,Q1-CORE,1.4968525171279907,0.72675335,-0.120205164,1.3030533,57.335514068603516,2.655829906463623
Step-Separation,0.04708906728774309,Q1-INNERSKIN,1.5035220384597778,0.7241794,-0.13038278,1.3111609,57.63215637207031,123.04118347167969
Step-Separation,0.04708906728774309,Q1-OUTERSKIN,1.3368648290634155,0.69096714,0.13568044,1.1363815,19.371864318847656,81.56466674804688
Step-Separation,0.04708906728774309,Q2-CORE,3.223226308822632,1.0025084,-0.09003913,-3.0620348,37.365234375,2.553255796432495
Step-Separation,0.04708906728774309,Q2-INNERSKIN,3.2239983081817627,1.0026177,-0.107469395,-3.0622497,37.016841888427734,83.90583038330078
Step-Separation,0.04708906728774309,Q2-OUTERSKIN,3.002958059310913,0.92540705,0.44328085,-2.822212,36.18179702758789,163.91311645507812
Step-Separation,0.04908828157931566,ADAPTER,0.0,0.0,0.0,0.0,0.0,0.0
Step-Separation,0.04908828157931566,Q1-CORE,1.524639368057251,0.7313883,-0.122539654,1.3321338,59.09830093383789,2.653960704803467
Step-Separation,0.04908828157931566,Q1-INNERSKIN,1.5315650701522827,0.72877586,-0.13276823,1.3405036,59.38658905029297,123.47441101074219
Step-Separation,0.04908828157931566,Q1-OUTERSKIN,1.36484694480896,0.6968254,0.13454542,1.1658212,18.486976623535156,81.3192367553711
Step-Separation,0.04908828157931566,Q2-CORE,3.2474443912506104,1.0107439,-0.08474729,-3.0849812,35.44084167480469,2.5801291465759277
Step-Separation,0.04908828157931566,Q2-INNERSKIN,3.24818754196167,1.010886,-0.10221913,-3.0851877,34.750553131103516,83.01615905761719
Step-Separation,0.04908828157931566,Q2-OUTERSKIN,3.02976393699646,0.93148625,0.45092115,-2.8475382,35.31563949584961,164.8954620361328
Step-Separation,0.05108749587088823,ADAPTER,0.0,0.0,0.0,0.0,0.0,0.0
Step-Separation,0.05108749587088823,Q1-CORE,1.5497905015945435,0.7346366,-0.12530032,1.3588449,59.95250701904297,2.67366099357605
Step-Separation,0.05108749587088823,Q1-INNERSKIN,1.5569945573806763,0.7319627,-0.13556194,1.3675107,60.29920959472656,124.87069702148438
Step-Separation,0.05108749587088823,Q1-OUTERSKIN,1.3905390501022339,0.7014479,0.13234833,1.1933371,20.07366180419922,82.07555389404297
Step-Separation,0.05108749587088823,Q2-CORE,3.2670106887817383,1.0171503,-0.07798539,-3.1036563,33.86330032348633,2.5839855670928955
Step-Separation,0.05108749587088823,Q2-INNERSKIN,3.2677135467529297,1.0173177,-0.09542068,-3.1038542,33.86275100708008,84.2568130493164
Step-Separation,0.05108749587088823,Q2-OUTERSKIN,3.0546209812164307,0.9367842,0.45751595,-2.871206,33.33049774169922,163.6316680908203
Step-Separation,0.053086710162460804,ADAPTER,0.0,0.0,0.0,0.0,0.0,0.0
Step-Separation,0.053086710162460804,Q1-CORE,1.5693587064743042,0.73393196,-0.12681273,1.3813578,60.934043884277344,2.6592698097229004
Step-Separation,0.053086710162460804,Q1-INNERSKIN,1.576816439628601,0.7312276,-0.13709153,1.3902742,61.32015609741211,125.65435791015625
Step-Separation,0.053086710162460804,Q1-OUTERSKIN,1.4087849855422974,0.69963795,0.12986726,1.2158604,20.269699096679688,81.25862121582031
Step-Separation,0.053086710162460804,Q2-CORE,3.2988712787628174,1.0263102,-0.07317193,-3.1343076,37.40364074707031,2.575472116470337
Step-Separation,0.053086710162460804,Q2-INNERSKIN,3.299546003341675,1.0264639,-0.090647765,-3.134511,37.400917053222656,84.19157409667969
Step-Separation,0.053086710162460804,Q2-OUTERSKIN,3.085615634918213,0.944488,0.46494412,-2.9004815,36.395668029785156,164.38609313964844
Step-Separation,0.055085924454033375,ADAPTER,0.0,0.0,0.0,0.0,0.0,0.0
Step-Separation,0.055085924454033375,Q1-CORE,1.5879936218261719,0.7312695,-0.12890282,1.4036926,62.02119827270508,2.652711868286133
Step-Separation,0.055085924454033375,Q1-INNERSKIN,1.5957324504852295,0.7285161,-0.1392071,1.4128863,62.42886734008789,126.73127746582031
Step-Separation,0.055085924454033375,Q1-OUTERSKIN,1.428071141242981,0.69903624,0.1277663,1.2387135,21.160457611083984,80.8082275390625
Step-Separation,0.055085924454033375,Q2-CORE,3.330270767211914,1.0353857,-0.06784315,-3.1645029,33.94920349121094,2.5704476833343506
Step-Separation,0.055085924454033375,Q2-INNERSKIN,3.330913782119751,1.0355685,-0.08530597,-3.164697,33.402618408203125,85.2672119140625
Step-Separation,0.055085924454033375,Q2-OUTERSKIN,3.119476795196533,0.95289886,0.47208074,-2.9326198,32.99672317504883,164.9521484375
Step-Separation,0.057085138745605946,ADAPTER,0.0,0.0,0.0,0.0,0.0,0.0
Step-Separation,0.057085138745605946,Q1-CORE,1.60784912109375,0.7307185,-0.12992968,1.4263057,63.509681701660156,2.665452718734741
Step-Separation,0.057085138745605946,Q1-INNERSKIN,1.615826964378357,0.727949,-0.14026418,1.4357272,63.894744873046875,128.26023864746094
Step-Separation,0.057085138745605946,Q1-OUTERSKIN,1.4473949670791626,0.698786,0.12573043,1.261286,19.334829330444336,80.83760833740234
Step-Separation,0.057085138745605946,Q2-CORE,3.3619046211242676,1.0446253,-0.06324911,-3.1948647,33.060020446777344,2.5860462188720703
Step-Separation,0.057085138745605946,Q2-INNERSKIN,3.3625218868255615,1.0448415,-0.080760695,-3.1950488,32.529991149902344,86.29705047607422
Step-Separation,0.057085138745605946,Q2-OUTERSKIN,3.153193473815918,0.9606085,0.4782472,-2.9649856,31.50508689880371,165.480712890625
Step-Separation,0.059084353037178516,ADAPTER,0.0,0.0,0.0,0.0,0.0,0.0
Step-Separation,0.059084353037178516,Q1-CORE,1.6261731386184692,0.72884834,-0.13125305,1.4477541,64.59732818603516,2.661285400390625
Step-Separation,0.059084353037178516,Q1-INNERSKIN,1.6343812942504883,0.72608036,-0.1416179,1.4573791,64.99275207519531,129.06272888183594
Step-Separation,0.059084353037178516,Q1-OUTERSKIN,1.4652538299560547,0.6969581,0.1234995,1.2829521,18.828981399536133,80.23368835449219
Step-Separation,0.059084353037178516,Q2-CORE,3.3915300369262695,1.0527729,-0.059364185,-3.2234488,32.53813171386719,2.578429698944092
Step-Separation,0.059084353037178516,Q2-INNERSKIN,3.3921244144439697,1.0530014,-0.07687866,-3.2236295,32.534278869628906,86.44808959960938
Step-Separation,0.059084353037178516,Q2-OUTERSKIN,3.1855554580688477,0.96779233,0.48349977,-2.9962258,31.384374618530273,165.66748046875
Step-Separation,0.06108356732875109,ADAPTER,0.0,0.0,0.0,0.0,0.0,0.0
Step-Separation,0.06108356732875109,Q1-CORE,1.6479917764663696,0.7301567,-0.13305865,1.4714087,65.43113708496094,2.666613817214966
Step-Separation,0.06108356732875109,Q1-INNERSKIN,1.6564348936080933,0.72737694,-0.14346614,1.4812552,65.84351348876953,129.83937072753906
Step-Separation,0.06108356732875109,Q1-OUTERSKIN,1.4866058826446533,0.69818765,0.12161602,1.3068055,17.671049118041992,80.610107421875
Step-Separation,0.06108356732875109,Q2-CORE,3.435772657394409,1.4560372,-0.024015034,-3.1118987,33.64095687866211,2.587444543838501
Step-Separation,0.06108356732875109,Q2-INNERSKIN,3.436457395553589,1.454384,-0.03937964,-3.113271,33.59077835083008,85.61662292480469
Step-Separation,0.06108356732875109,Q2-OUTERSKIN,3.2332637310028076,1.4035333,0.4763645,-2.8735285,32.761138916015625,166.4298095703125
Step-Separation,0.06308278162032366,ADAPTER,0.0,0.0,0.0,0.0,0.0,0.0
Step-Separation,0.06308278162032366,Q1-CORE,1.6690521240234375,0.73086554,-0.13480686,1.4944557,65.78852081298828,2.662825345993042
Step-Separation,0.06308278162032366,Q1-INNERSKIN,1.6777290105819702,0.72807497,-0.14524211,1.504522,66.24253845214844,130.80966186523438
Step-Separation,0.06308278162032366,Q1-OUTERSKIN,1.5071675777435303,0.6991236,0.119488776,1.3298506,17.6878719329834,80.77623748779297
Step-Separation,0.06308278162032366,Q2-CORE,3.4865543842315674,1.4740554,-0.019476354,-3.1595638,32.12847137451172,2.5816702842712402
Step-Separation,0.06308278162032366,Q2-INNERSKIN,3.4872145652770996,1.4724269,-0.034848627,-3.1609192,30.972309112548828,85.714111328125
Step-Separation,0.06308278162032366,Q2-OUTERSKIN,3.2839083671569824,1.4201664,0.48157367,-2.921518,30.94477653503418,165.95664978027344
Step-Separation,0.06508199591189623,ADAPTER,0.0,0.0,0.0,0.0,0.0,0.0
Step-Separation,0.06508199591189623,Q1-CORE,1.688624620437622,0.73095036,-0.13637096,1.5161028,66.38089752197266,2.65641450881958
Step-Separation,0.06508199591189623,Q1-INNERSKIN,1.697531819343567,0.72815436,-0.14684653,1.526382,66.85311889648438,131.3141632080078
Step-Separation,0.06508199591189623,Q1-OUTERSKIN,1.5263081789016724,0.6985198,0.117543615,1.3519875,17.271879196166992,80.52093505859375
Step-Separation,0.06508199591189623,Q2-CORE,3.543569564819336,1.495585,-0.015592564,-3.212455,28.681631088256836,2.6027238368988037
Step-Separation,0.06508199591189623,Q2-INNERSKIN,3.5442113876342773,1.4939678,-0.031007033,-3.2138035,28.326683044433594,85.26759338378906
Step-Separation,0.06508199591189623,Q2-OUTERSKIN,3.3405494689941406,1.4405487,0.4876521,-2.9742706,28.065242767333984,167.26016235351562
Step-Separation,0.0670812102034688,ADAPTER,0.0,0.0,0.0,0.0,0.0,0.0
Step-Separation,0.0670812102034688,Q1-CORE,1.7089617252349854,0.7309128,-0.13775447,1.5386164,67.38919067382812,2.6698813438415527
Step-Separation,0.0670812102034688,Q1-INNERSKIN,1.7181117534637451,0.72809696,-0.14826173,1.5491292,67.84318542480469,132.07351684570312
Step-Separation,0.0670812102034688,Q1-OUTERSKIN,1.546160340309143,0.698782,0.11615779,1.3743445,16.807668685913086,80.59042358398438
Step-Separation,0.0670812102034688,Q2-CORE,3.5956413745880127,1.5139055,-0.011538502,-3.2613792,27.955507278442383,2.5919229984283447
Step-Separation,0.0670812102034688,Q2-INNERSKIN,3.5962677001953125,1.5122886,-0.026963526,-3.2627285,27.520723342895508,85.2288589477539
Step-Separation,0.0670812102034688,Q2-OUTERSKIN,3.392911195755005,1.4587793,0.49303398,-3.0233636,26.9788875579834,167.29061889648438
Step-Separation,0.0690803648903966,ADAPTER,0.0,0.0,0.0,0.0,0.0,0.0
Step-Separation,0.0690803648903966,Q1-CORE,1.7272156476974487,0.72951245,-0.1393753,1.559378,67.671875,2.664447784423828
Step-Separation,0.0690803648903966,Q1-INNERSKIN,1.7366083860397339,0.7266818,-0.14991179,1.5701175,68.15071105957031,132.7890167236328
Step-Separation,0.0690803648903966,Q1-OUTERSKIN,1.5642435550689697,0.6975641,0.1142581,1.3954237,17.134185791015625,80.32171630859375
Step-Separation,0.0690803648903966,Q2-CORE,3.6445863246917725,1.5304611,-0.0070729777,-3.307665,26.332929611206055,2.596644878387451
Step-Separation,0.0690803648903966,Q2-INNERSKIN,3.645193338394165,1.5288558,-0.022500586,-3.3090072,25.80849838256836,85.72209167480469
Step-Separation,0.0690803648903966,Q2-OUTERSKIN,3.441598653793335,1.474933,0.49800423,-3.0693917,25.35810089111328,167.5236053466797
Step-Separation,0.0710795046761632,ADAPTER,0.0,0.0,0.0,0.0,0.0,0.0
Step-Separation,0.0710795046761632,Q1-CORE,1.745590090751648,0.7283,-0.14119747,1.5801035,67.98828887939453,2.6671981811523438
Step-Separation,0.0710795046761632,Q1-INNERSKIN,1.755232810974121,0.7254482,-0.15176998,1.5910791,68.48981475830078,133.51490783691406
Step-Separation,0.0710795046761632,Q1-OUTERSKIN,1.5823169946670532,0.69630563,0.11223412,1.4164354,15.98758316040039,80.1286849975586
Step-Separation,0.0710795046761632,Q2-CORE,3.693927764892578,1.5472257,-0.0028272197,-3.3542788,25.33146858215332,2.6010701656341553
Step-Separation,0.0710795046761632,Q2-INNERSKIN,3.694521427154541,1.5456163,-0.01827365,-3.3556259,25.32478904724121,86.20671081542969
Step-Separation,0.0710795046761632,Q2-OUTERSKIN,3.490899085998535,1.4914244,0.50333256,-3.1158764,25.145538330078125,168.00880432128906
Step-Separation,0.0730786444619298,ADAPTER,0.0,0.0,0.0,0.0,0.0,0.0
Step-Separation,0.0730786444619298,Q1-CORE,1.7644331455230713,0.72711855,-0.14314145,1.60126,68.35720825195312,2.6594882011413574
Step-Separation,0.0730786444619298,Q1-INNERSKIN,1.7743254899978638,0.7242472,-0.15375194,1.6124693,68.86713409423828,134.20216369628906
Step-Separation,0.0730786444619298,Q1-OUTERSKIN,1.6011313199996948,0.6956887,0.11038493,1.4378643,15.868409156799316,80.07609558105469
Step-Separation,0.0730786444619298,Q2-CORE,3.7379016876220703,1.5607963,0.0016096309,-3.3964424,24.866737365722656,2.595844030380249
Step-Separation,0.0730786444619298,Q2-INNERSKIN,3.738483428955078,1.5591733,-0.013844475,-3.3978,24.565326690673828,85.5725326538086
Step-Separation,0.0730786444619298,Q2-OUTERSKIN,3.5355162620544434,1.5054691,0.508181,-3.1583524,24.171873092651367,167.6376495361328
Step-Separation,0.0750777842476964,ADAPTER,0.0,0.0,0.0,0.0,0.0,0.0
Step-Separation,0.0750777842476964,Q1-CORE,1.782685399055481,0.7256251,-0.14540589,1.6218177,68.3768539428711,2.661240577697754
Step-Separation,0.0750777842476964,Q1-INNERSKIN,1.7928180694580078,0.7227448,-0.15604554,1.633244,68.90562438964844,135.03094482421875
Step-Separation,0.0750777842476964,Q1-OUTERSKIN,1.6189708709716797,0.69402146,0.10786805,1.4586862,15.610347747802734,79.81944274902344
Step-Separation,0.0750777842476964,Q2-CORE,3.779212474822998,1.573356,0.005845528,-3.4361262,23.979257583618164,2.5962769985198975
Step-Separation,0.0750777842476964,Q2-INNERSKIN,3.7797746658325195,1.5717478,-0.009601545,-3.437472,23.392127990722656,85.61890411376953
Step-Separation,0.0750777842476964,Q2-OUTERSKIN,3.576678991317749,1.5173023,0.51229143,-3.198122,23.49605369567871,167.16128540039062
Step-Separation,0.077076924033463,ADAPTER,0.0,0.0,0.0,0.0,0.0,0.0
Step-Separation,0.077076924033463,Q1-CORE,1.8015824556350708,0.7249775,-0.1476929,1.6426485,68.52997589111328,2.664025068283081
Step-Separation,0.077076924033463,Q1-INNERSKIN,1.8119577169418335,0.72208494,-0.15837404,1.654298,69.0641860961914,135.76400756835938
Step-Separation,0.077076924033463,Q1-OUTERSKIN,1.6375324726104736,0.6934084,0.10558329,1.4797126,15.669478416442871,79.83064270019531
Step-Separation,0.077076924033463,Q2-CORE,3.823486089706421,1.5880028,0.009634063,-3.478103,24.05725860595703,2.5995383262634277
Step-Separation,0.077076924033463,Q2-INNERSKIN,3.824033498764038,1.5864061,-0.005831206,-3.4794416,23.184606552124023,85.29032897949219
Step-Separation,0.077076924033463,Q2-OUTERSKIN,3.6205813884735107,1.5307877,0.51712334,-3.2400436,22.957897186279297,167.27239990234375
Step-Separation,0.0790760638192296,ADAPTER,0.0,0.0,0.0,0.0,0.0,0.0
Step-Separation,0.0790760638192296,Q1-CORE,1.8205845355987549,0.72432417,-0.1499137,1.663553,68.53470611572266,2.6627707481384277
Step-Separation,0.0790760638192296,Q1-INNERSKIN,1.8311941623687744,0.7214257,-0.16062358,1.6754154,69.07486724853516,136.418212890625
Step-Separation,0.0790760638192296,Q1-OUTERSKIN,1.6562469005584717,0.6928437,0.10323324,1.5008212,15.845331192016602,79.74687194824219
Step-Separation,0.0790760638192296,Q2-CORE,3.86523699760437,1.6010224,0.013642829,-3.518039,23.787992477416992,2.598104238510132
Step-Separation,0.0790760638192296,Q2-INNERSKIN,3.8657689094543457,1.5994331,-0.0018194839,-3.5193722,23.428314208984375,84.95881652832031
Step-Separation,0.0790760638192296,Q2-OUTERSKIN,3.662346839904785,1.5433109,0.5213079,-3.280124,23.28087043762207,166.8524932861328
Step-Separation,0.0810752036049962,ADAPTER,0.0,0.0,0.0,0.0,0.0,0.0
Step-Separation,0.0810752036049962,Q1-CORE,1.8394907712936401,0.72369844,-0.15209027,1.6842966,68.49512481689453,2.6632091999053955
Step-Separation,0.0810752036049962,Q1-INNERSKIN,1.8503353595733643,0.72079366,-0.1628358,1.6963731,69.04280853271484,137.13731384277344
Step-Separation,0.0810752036049962,Q1-OUTERSKIN,1.6748088598251343,0.69216084,0.10083944,1.5217521,15.949662208557129,79.63801574707031
Step-Separation,0.0810752036049962,Q2-CORE,3.9071872234344482,1.6141833,0.017291188,-3.558121,23.02521514892578,2.6005115509033203
Step-Separation,0.0810752036049962,Q2-INNERSKIN,3.9077072143554688,1.6125978,0.0018203221,-3.5594523,22.5478572845459,84.74939727783203
Step-Separation,0.0810752036049962,Q2-OUTERSKIN,3.704106330871582,1.5558447,0.525521,-3.3201776,22.53718376159668,166.65045166015625
Step-Separation,0.0830743433907628,ADAPTER,0.0,0.0,0.0,0.0,0.0,0.0
Step-Separation,0.0830743433907628,Q1-CORE,1.8589240312576294,0.7236868,-0.15431157,1.7053046,68.33908081054688,2.659731864929199
Step-Separation,0.0830743433907628,Q1-INNERSKIN,1.8700002431869507,0.72077674,-0.16509101,1.7175933,68.89014434814453,137.8681182861328
Step-Separation,0.0830743433907628,Q1-OUTERSKIN,1.6938488483428955,0.6920367,0.098529555,1.5428872,15.90221881866455,79.67469024658203
Step-Separation,0.0830743433907628,Q2-CORE,3.9497509002685547,1.627765,0.020833984,-3.5986774,22.82280158996582,2.6042420864105225
Step-Separation,0.0830743433907628,Q2-INNERSKIN,3.9502573013305664,1.6261908,0.0053560585,-3.600001,22.144691467285156,84.5137939453125
Step-Separation,0.0830743433907628,Q2-OUTERSKIN,3.7465364933013916,1.5686488,0.5297408,-3.3608408,22.185802459716797,167.16685485839844
Step-Separation,0.08507348317652941,ADAPTER,0.0,0.0,0.0,0.0,0.0,0.0
Step-Separation,0.08507348317652941,Q1-CORE,1.8778785467147827,0.72319007,-0.15655053,1.7259536,67.82952880859375,2.6617612838745117
Step-Separation,0.08507348317652941,Q1-INNERSKIN,1.889194130897522,0.7202682,-0.1673657,1.738464,68.39541625976562,138.59222412109375
Step-Separation,0.08507348317652941,Q1-OUTERSKIN,1.7126595973968506,0.6917256,0.09626938,1.5637937,15.934704780578613,79.55211639404297
Step-Separation,0.08507348317652941,Q2-CORE,3.991055488586426,1.6405718,0.024410821,-3.6381934,22.360456466674805,2.6000378131866455
Step-Separation,0.08507348317652941,Q2-INNERSKIN,3.9915499687194824,1.6390018,0.008925997,-3.6395142,22.21619987487793,84.37039184570312
Step-Separation,0.08507348317652941,Q2-OUTERSKIN,3.7877156734466553,1.580859,0.5338347,-3.4003963,22.272226333618164,167.00196838378906
Step-Separation,0.08707262296229601,ADAPTER,0.0,0.0,0.0,0.0,0.0,0.0
Step-Separation,0.08707262296229601,Q1-CORE,1.8968573808670044,0.7229909,-0.15852138,1.7464888,68.01959228515625,2.664233684539795
Step-Separation,0.08707262296229601,Q1-INNERSKIN,1.9084073305130005,0.7200603,-0.16937032,1.7592173,68.56832885742188,139.29443359375
Step-Separation,0.08707262296229601,Q1-OUTERSKIN,1.731412410736084,0.6915942,0.09414262,1.5844947,15.907647132873535,79.59454345703125
Step-Separation,0.08707262296229601,Q2-CORE,4.032371997833252,1.6534824,0.027859837,-3.677668,22.177005767822266,2.6009109020233154
Step-Separation,0.08707262296229601,Q2-INNERSKIN,4.032853126525879,1.6519245,0.012368154,-3.67898,22.17717742919922,84.34268188476562
Step-Separation,0.08707262296229601,Q2-OUTERSKIN,3.828813076019287,1.5930264,0.5378879,-3.4398768,21.7573184967041,166.7603759765625
Step-Separation,0.08907176274806261,ADAPTER,0.0,0.0,0.0,0.0,0.0,0.0
Step-Separation,0.08907176274806261,Q1-CORE,1.915581464767456,0.7227436,-0.16064185,1.7667167,67.33720397949219,2.6641058921813965
Step-Separation,0.08907176274806261,Q1-INNERSKIN,1.927368402481079,0.71980137,-0.17152569,1.7796668,67.90621185302734,140.0921173095703
Step-Separation,0.08907176274806261,Q1-OUTERSKIN,1.750219702720642,0.6916554,0.09213301,1.6051148,15.828389167785645,79.60520935058594
Step-Separation,0.08907176274806261,Q2-CORE,4.073660850524902,1.666404,0.03113158,-3.7171013,21.93487548828125,2.60463547706604
Step-Separation,0.08907176274806261,Q2-INNERSKIN,4.074131965637207,1.6648486,0.015631292,-3.7184117,21.662517547607422,84.2504653930664
Step-Separation,0.08907176274806261,Q2-OUTERSKIN,3.869950532913208,1.6053244,0.5419202,-3.479335,21.71734619140625,166.93002319335938
Step-Separation,0.09107090253382921,ADAPTER,0.0,0.0,0.0,0.0,0.0,0.0
Step-Separation,0.09107090253382921,Q1-CORE,1.9339042901992798,0.7219332,-0.16262722,1.786715,66.87422180175781,2.6612277030944824
Step-Separation,0.09107090253382921,Q1-INNERSKIN,1.9459235668182373,0.71898496,-0.17354292,1.7998784,67.4476547241211,140.7798309326172
Step-Separation,0.09107090253382921,Q1-OUTERSKIN,1.7682863473892212,0.6908517,0.09006203,1.6252537,16.128665924072266,79.51873779296875
Step-Separation,0.09107090253382921,Q2-CORE,4.112762928009033,1.6779835,0.034397542,-3.7547312,21.801898956298828,2.6056056022644043
Step-Separation,0.09107090253382921,Q2-INNERSKIN,4.113223552703857,1.6764326,0.018892795,-3.7560384,21.8037052154541,84.03260040283203
Step-Separation,0.09107090253382921,Q2-OUTERSKIN,3.909085273742676,1.61651,0.5456469,-3.517117,21.6632022857666,166.66098022460938
Step-Separation,0.09307004231959581,ADAPTER,0.0,0.0,0.0,0.0,0.0,0.0
Step-Separation,0.09307004231959581,Q1-CORE,1.952256679534912,0.7211666,-0.1644983,1.8067,66.41404724121094,2.6606600284576416
Step-Separation,0.09307004231959581,Q1-INNERSKIN,1.96450936794281,0.7182104,-0.17544702,1.8200794,66.98226928710938,141.4669952392578
Step-Separation,0.09307004231959581,Q1-OUTERSKIN,1.7864210605621338,0.6900938,0.08810438,1.64539,15.991625785827637,79.40287780761719
Step-Separation,0.09307004231959581,Q2-CORE,4.15228796005249,1.6898828,0.037702613,-3.7926733,21.964664459228516,2.6028475761413574
Step-Separation,0.09307004231959581,Q2-INNERSKIN,4.15273904800415,1.6883357,0.022190202,-3.7939782,21.600378036499023,83.8960189819336
Step-Separation,0.09307004231959581,Q2-OUTERSKIN,3.948376417160034,1.627701,0.54954225,-3.5550344,21.495515823364258,166.43165588378906
Step-Separation,0.09506918210536242,ADAPTER,0.0,0.0,0.0,0.0,0.0,0.0
Step-Separation,0.09506918210536242,Q1-CORE,1.970566987991333,0.7203538,-0.16646846,1.8266125,65.79654693603516,2.6619999408721924
Step-Separation,0.09506918210536242,Q1-INNERSKIN,1.9830505847930908,0.7173923,-0.177447,1.8402039,66.36856079101562,142.1965789794922
Step-Separation,0.09506918210536242,Q1-OUTERSKIN,1.8045092821121216,0.68923366,0.086073965,1.6654736,16.022762298583984,79.36095428466797
Step-Separation,0.09506918210536242,Q2-CORE,4.1925859451293945,1.7021692,0.040923018,-3.8312821,21.637723922729492,2.604793071746826
Step-Separation,0.09506918210536242,Q2-INNERSKIN,4.193027019500732,1.700628,0.025397364,-3.8325834,21.317331314086914,83.79442596435547
Step-Separation,0.09506918210536242,Q2-OUTERSKIN,3.988659381866455,1.639457,0.5535995,-3.5937603,21.361099243164062,166.54896545410156
Step-Separation,0.09706832189112902,ADAPTER,0.0,0.0,0.0,0.0,0.0,0.0
Step-Separation,0.09706832189112902,Q1-CORE,1.9888551235198975,0.71942896,-0.16852479,1.846501,64.92300415039062,2.6620829105377197
Step-Separation,0.09706832189112902,Q1-INNERSKIN,2.001572608947754,0.7164599,-0.17953433,1.860308,65.49819946289062,142.87171936035156
Step-Separation,0.09706832189112902,Q1-OUTERSKIN,1.8226031064987183,0.6883022,0.08394587,1.685549,16.1336727142334,79.24059295654297
Step-Separation,0.09706832189112902,Q2-CORE,4.232000827789307,1.7138294,0.044262204,-3.869194,21.349763870239258,2.6038978099823
Step-Separation,0.09706832189112902,Q2-INNERSKIN,4.232431888580322,1.7122929,0.0287305,-3.870492,21.17482566833496,83.65589904785156
Step-Separation,0.09706832189112902,Q2-OUTERSKIN,4.027998447418213,1.6506721,0.5575049,-3.6316996,21.19754981994629,166.31997680664062
Step-Separation,0.09906746167689562,ADAPTER,0.0,0.0,0.0,0.0,0.0,0.0
Step-Separation,0.09906746167689562,Q1-CORE,2.0073230266571045,0.7185963,-0.17065637,1.8665051,64.60699462890625,2.658353090286255
Step-Separation,0.09906746167689562,Q1-INNERSKIN,2.0202744007110596,0.7156203,-0.18170062,1.8805268,65.1551742553711,143.51710510253906
Step-Separation,0.09906746167689562,Q1-OUTERSKIN,1.840976595878601,0.6874737,0.08180691,1.7058377,15.944181442260742,79.23388671875
Step-Separation,0.09906746167689562,Q2-CORE,4.27183723449707,1.725677,0.047431175,-3.9074776,21.220849990844727,2.6049718856811523
Step-Separation,0.09906746167689562,Q2-INNERSKIN,4.272258758544922,1.724145,0.03188734,-3.9087725,21.085390090942383,83.59687805175781
Step-Separation,0.09906746167689562,Q2-OUTERSKIN,4.067831993103027,1.6619773,0.56139797,-3.6701393,20.99616241455078,166.37713623046875
Step-Separation,0.10106660146266222,ADAPTER,0.0,0.0,0.0,0.0,0.0,0.0
Step-Separation,0.10106660146266222,Q1-CORE,2.0259318351745605,0.7179382,-0.1728288,1.8865564,63.91016387939453,2.657639503479004
Step-Separation,0.10106660146266222,Q1-INNERSKIN,2.0391178131103516,0.7149536,-0.18390454,1.9007951,64.446533203125,144.19699096679688
Step-Separation,0.10106660146266222,Q1-OUTERSKIN,1.859402060508728,0.68676704,0.079607114,1.7260909,16.0070743560791,79.21380615234375
Step-Separation,0.10106660146266222,Q2-CORE,4.312328815460205,1.737936,0.050615404,-3.9462888,21.06302833557129,2.605792760848999
Step-Separation,0.10106660146266222,Q2-INNERSKIN,4.312741279602051,1.7364082,0.035061833,-3.947581,20.985441207885742,83.65518188476562
Step-Separation,0.10106660146266222,Q2-OUTERSKIN,4.1081318855285645,1.6735642,0.5653363,-3.7089522,20.960491180419922,166.5868377685547
Step-Separation,0.10306574124842882,ADAPTER,0.0,0.0,0.0,0.0,0.0,0.0
Step-Separation,0.10306574124842882,Q1-CORE,2.0444278717041016,0.7171445,-0.17499642,1.9065061,62.95981979370117,2.657066583633423
Step-Separation,0.10306574124842882,Q1-INNERSKIN,2.0578484535217285,0.714152,-0.18610567,1.9209611,63.497283935546875,144.87510681152344
Step-Separation,0.10306574124842882,Q1-OUTERSKIN,1.8776569366455078,0.68588626,0.077500656,1.7461814,16.00823974609375,79.16531372070312
Step-Separation,0.10306574124842882,Q2-CORE,4.351255416870117,1.7491704,0.053808365,-3.9838338,21.205833435058594,2.606201171875
Step-Separation,0.10306574124842882,Q2-INNERSKIN,4.351659774780273,1.7476475,0.038245764,-3.9851232,21.10010528564453,83.55081176757812
Step-Separation,0.10306574124842882,Q2-OUTERSKIN,4.147002220153809,1.6844035,0.56914836,-3.7465296,20.952054977416992,166.52462768554688
Step-Separation,0.10506488103419542,ADAPTER,0.0,0.0,0.0,0.0,0.0,0.0
Step-Separation,0.10506488103419542,Q1-CORE,2.0628228187561035,0.7164565,-0.17717542,1.9262755,62.34196853637695,2.6602017879486084
Step-Separation,0.10506488103419542,Q1-INNERSKIN,2.076477527618408,0.7134557,-0.18831882,1.940947,62.85779571533203,145.5952606201172
Step-Separation,0.10506488103419542,Q1-OUTERSKIN,1.895957589149475,0.6852426,0.07537,1.7661872,15.86041259765625,79.11531066894531
Step-Separation,0.10506488103419542,Q2-CORE,4.389657497406006,1.7603226,0.05698887,-4.0208344,21.063615798950195,2.606595039367676
Step-Separation,0.10506488103419542,Q2-INNERSKIN,4.390052318572998,1.7588036,0.041421052,-4.0221205,21.063623428344727,83.47692108154297
Step-Separation,0.10506488103419542,Q2-OUTERSKIN,4.1853413581848145,1.694995,0.5728689,-3.7836351,21.036623001098633,166.48211669921875
Step-Separation,0.10706402081996202,ADAPTER,0.0,0.0,0.0,0.0,0.0,0.0
Step-Separation,0.10706402081996202,Q1-CORE,2.081148386001587,0.71564275,-0.17931236,1.945991,61.52299499511719,2.659259080886841
Step-Separation,0.10706402081996202,Q1-INNERSKIN,2.0950355529785156,0.71263504,-0.1904899,1.9608772,62.021244049072266,146.26100158691406
Step-Separation,0.10706402081996202,Q1-OUTERSKIN,1.9142080545425415,0.6844577,0.07328482,1.7861521,15.845536231994629,79.05097198486328
Step-Separation,0.10706402081996202,Q2-CORE,4.428469657897949,1.771608,0.06004889,-4.0582194,21.277729034423828,2.6085028648376465
Step-Separation,0.10706402081996202,Q2-INNERSKIN,4.42885684967041,1.7700951,0.044469345,-4.0595026,20.858600616455078,83.38812255859375
Step-Separation,0.10706402081996202,Q2-OUTERSKIN,4.223954200744629,1.7055662,0.57673174,-3.8210223,20.81353759765625,166.57994079589844
Step-Separation,0.10906316060572863,ADAPTER,0.0,0.0,0.0,0.0,0.0,0.0
Step-Separation,0.10906316060572863,Q1-CORE,2.099393606185913,0.7146606,-0.18145734,1.9656519,60.5064697265625,2.6566123962402344
Step-Separation,0.10906316060572863,Q1-INNERSKIN,2.113513469696045,0.71164626,-0.19266629,1.9807521,60.996158599853516,146.89878845214844
Step-Separation,0.10906316060572863,Q1-OUTERSKIN,1.9323577880859375,0.6835029,0.071134016,1.8060371,15.845688819885254,78.9844741821289
Step-Separation,0.10906316060572863,Q2-CORE,4.465931415557861,1.7819715,0.06322181,-4.094524,20.86162567138672,2.6077327728271484
Step-Separation,0.10906316060572863,Q2-INNERSKIN,4.466310501098633,1.7804642,0.047637057,-4.0958037,20.861940383911133,83.23956298828125
Step-Separation,0.10906316060572863,Q2-OUTERSKIN,4.261352062225342,1.715457,0.58041596,-3.8573885,20.663562774658203,166.4448699951172
Step-Separation,0.11106230039149523,ADAPTER,0.0,0.0,0.0,0.0,0.0,0.0
Step-Separation,0.11106230039149523,Q1-CORE,2.1177597045898438,0.71388483,-0.18362407,1.9853355,59.788150787353516,2.6551737785339355
Step-Separation,0.11106230039149523,Q1-INNERSKIN,2.132112979888916,0.71086377,-0.19486807,2.0006511,60.24943161010742,147.61302185058594
Step-Separation,0.11106230039149523,Q1-OUTERSKIN,1.95063054561615,0.6827534,0.069023386,1.8259362,15.734679222106934,78.9781494140625
Step-Separation,0.11106230039149523,Q2-CORE,4.503691673278809,1.7925823,0.06631613,-4.1310396,20.66631507873535,2.6076114177703857
Step-Separation,0.11106230039149523,Q2-INNERSKIN,4.504059791564941,1.7910814,0.05072483,-4.132313,20.576698303222656,83.12608337402344
Step-Separation,0.11106230039149523,Q2-OUTERSKIN,4.298977851867676,1.7254126,0.58409774,-3.8939686,20.604049682617188,166.41920471191406
Step-Separation,0.11306144762784243,ADAPTER,0.0,0.0,0.0,0.0,0.0,0.0
Step-Separation,0.11306144762784243,Q1-CORE,2.1360301971435547,0.7130058,-0.18576327,2.0049288,58.55914306640625,2.655325412750244
Step-Separation,0.11306144762784243,Q1-INNERSKIN,2.150613784790039,0.7099796,-0.19703946,2.0204563,59.01032257080078,148.2926788330078
Step-Separation,0.11306144762784243,Q1-OUTERSKIN,1.9687632322311401,0.68180466,0.06689936,1.8457235,15.842076301574707,78.89570617675781
Step-Separation,0.11306144762784243,Q2-CORE,4.542057514190674,1.8034626,0.06932488,-4.168093,20.677486419677734,2.609607219696045
Step-Separation,0.11306144762784243,Q2-INNERSKIN,4.542418479919434,1.8019671,0.05372392,-4.169364,20.33466339111328,83.07701873779297
Step-Separation,0.11306144762784243,Q2-OUTERSKIN,4.337184429168701,1.7356899,0.587831,-3.9310312,20.187091827392578,166.47023010253906
Step-Separation,0.11506058741360903,ADAPTER,0.0,0.0,0.0,0.0,0.0,0.0
Step-Separation,0.11506058741360903,Q1-CORE,2.1544189453125,0.7121222,-0.18794301,2.0246184,57.58909606933594,2.6560864448547363
Step-Separation,0.11506058741360903,Q1-INNERSKIN,2.1692333221435547,0.7090899,-0.19925314,2.0403585,58.017276763916016,148.98208618164062
Step-Separation,0.11506058741360903,Q1-OUTERSKIN,1.9870492219924927,0.68091774,0.06477624,1.8656151,15.793013572692871,78.84882354736328
Step-Separation,0.11506058741360903,Q2-CORE,4.57949161529541,1.8137527,0.07246818,-4.2043777,20.187114715576172,2.6094865798950195
Step-Separation,0.11506058741360903,Q2-INNERSKIN,4.579845428466797,1.812262,0.056861337,-4.205646,20.187475204467773,82.997802734375
Step-Separation,0.11506058741360903,Q2-OUTERSKIN,4.374557971954346,1.7454545,0.5914734,-3.9674056,20.065217971801758,166.39999389648438
Step-Separation,0.11705974955111742,ADAPTER,0.0,0.0,0.0,0.0,0.0,0.0
Step-Separation,0.11705974955111742,Q1-CORE,2.1728994846343994,0.71135366,-0.19018437,2.044333,57.00567626953125,2.654872179031372
Step-Separation,0.11705974955111742,Q1-INNERSKIN,2.1879444122314453,0.7083158,-0.2015275,2.0602853,57.398651123046875,150.33656311035156
Step-Separation,0.11705974955111742,Q1-OUTERSKIN,2.005436658859253,0.6801015,0.062598065,1.8855554,15.833803176879883,78.82713317871094
Step-Separation,0.11705974955111742,Q2-CORE,4.616972923278809,1.824066,0.07555081,-4.2406974,20.18939971923828,2.6092028617858887
Step-Separation,0.11705974955111742,Q2-INNERSKIN,4.617319107055664,1.8225824,0.05993576,-4.2419615,20.105329513549805,82.89623260498047
Step-Separation,0.11705974955111742,Q2-OUTERSKIN,4.41194486618042,1.7551572,0.5951393,-4.003809,20.08510398864746,166.38482666015625
Step-Separation,0.11905890423804522,ADAPTER,0.0,0.0,0.0,0.0,0.0,0.0
Step-Separation,0.11905890423804522,Q1-CORE,2.19132137298584,0.71054256,-0.1924119,2.0639758,56.021636962890625,2.652507781982422
Step-Separation,0.11905890423804522,Q1-INNERSKIN,2.2065975666046143,0.70749843,-0.20378876,2.0801415,56.37955093383789,151.74114990234375
Step-Separation,0.11905890423804522,Q1-OUTERSKIN,2.0237717628479004,0.67922986,0.060412835,1.9054263,15.802773475646973,78.79235076904297
Step-Separation,0.11905890423804522,Q2-CORE,4.654506683349609,1.8343078,0.07860008,-4.277098,20.049551010131836,2.610029935836792
Step-Separation,0.11905890423804522,Q2-INNERSKIN,4.654844760894775,1.8328284,0.062977865,-4.278359,19.98729133605957,82.79257202148438
Step-Separation,0.11905890423804522,Q2-OUTERSKIN,4.449310779571533,1.7648287,0.5987883,-4.040198,19.94425392150879,166.45094299316406
Step-Separation,0.12105806637555361,ADAPTER,0.0,0.0,0.0,0.0,0.0,0.0
Step-Separation,0.12105806637555361,Q1-CORE,2.209874391555786,0.7097887,-0.19464612,2.0837126,55.151397705078125,2.6526310443878174
Step-Separation,0.12105806637555361,Q1-INNERSKIN,2.225381851196289,0.706738,-0.20605674,2.100092,55.48115921020508,153.1040802001953
Step-Separation,0.12105806637555361,Q1-OUTERSKIN,2.0421855449676514,0.6783932,0.058254372,1.9253341,15.926413536071777,78.78080749511719
Step-Separation,0.12105806637555361,Q2-CORE,4.691324234008789,1.8441051,0.0816613,-4.312903,19.90167808532715,2.6095380783081055
Step-Separation,0.12105806637555361,Q2-INNERSKIN,4.691653728485107,1.842632,0.06603339,-4.3141584,19.901897430419922,82.69774627685547
Step-Separation,0.12105806637555361,Q2-OUTERSKIN,4.486008167266846,1.7740815,0.60235274,-4.076037,19.79314613342285,166.35658264160156
Step-Separation,0.1230572359636426,ADAPTER,0.0,0.0,0.0,0.0,0.0,0.0
Step-Separation,0.1230572359636426,Q1-CORE,2.2283482551574707,0.70899504,-0.19685762,2.1033566,54.33035659790039,2.653315782546997
Step-Separation,0.1230572359636426,Q1-INNERSKIN,2.244086742401123,0.70593774,-0.20830227,2.1199498,54.6212043762207,154.42431640625
Step-Separation,0.1230572359636426,Q1-OUTERSKIN,2.062920093536377,0.87481916,-0.28040883,1.8470793,15.92959213256836,78.74163055419922
Step-Separation,0.1230572359636426,Q2-CORE,4.72814416885376,1.8539215,0.08470251,-4.348695,20.099973678588867,2.610741138458252
Step-Separation,0.1230572359636426,Q2-INNERSKIN,4.728466510772705,1.8524536,0.06906785,-4.349947,19.802156448364258,82.58660888671875
Step-Separation,0.1230572359636426,Q2-OUTERSKIN,4.522720813751221,1.7832779,0.6059452,-4.111904,19.839672088623047,166.32415771484375
Step-Separation,0.125056398101151,ADAPTER,0.0,0.0,0.0,0.0,0.0,0.0
Step-Separation,0.125056398101151,Q1-CORE,2.2467522621154785,0.70809096,-0.19906187,2.1229408,53.59415054321289,2.654902219772339
Step-Separation,0.125056398101151,Q1-INNERSKIN,2.262720823287964,0.7050275,-0.21054074,2.1397464,53.84028244018555,155.87521362304688
Step-Separation,0.125056398101151,Q1-OUTERSKIN,2.084151029586792,0.87724626,-0.28626946,1.868736,15.808904647827148,78.69424438476562
Step-Separation,0.125056398101151,Q2-CORE,4.764678478240967,1.8635043,0.08773991,-4.3842688,19.8095760345459,2.6112072467803955
Step-Separation,0.125056398101151,Q2-INNERSKIN,4.764991760253906,1.8620429,0.07209819,-4.385515,19.80819320678711,82.50471496582031
Step-Separation,0.125056398101151,Q2-OUTERSKIN,4.559171676635742,1.7923023,0.6095078,-4.1475534,19.684724807739258,166.30709838867188
Step-Separation,0.12705556023865938,ADAPTER,0.0,0.0,0.0,0.0,0.0,0.0
Step-Separation,0.12705556023865938,Q1-CORE,2.265197992324829,0.7071834,-0.2012535,2.1425476,52.854434967041016,2.6577296257019043
Step-Separation,0.12705556023865938,Q1-INNERSKIN,2.2813968658447266,0.7041137,-0.21276632,2.1595662,53.04634475708008,157.22718811035156
Step-Separation,0.12705556023865938,Q1-OUTERSKIN,2.1053714752197266,0.8796769,-0.2921154,1.8903508,15.903664588928223,78.64903259277344
Step-Separation,0.12705556023865938,Q2-CORE,4.800881385803223,1.8728287,0.09076614,-4.4195857,19.72136688232422,2.6107943058013916
Step-Separation,0.12705556023865938,Q2-INNERSKIN,4.801187992095947,1.8713722,0.075118564,-4.420829,19.701770782470703,82.38178253173828
Step-Separation,0.12705556023865938,Q2-OUTERSKIN,4.5952887535095215,1.8011327,0.61302876,-4.182917,19.55289649963379,166.20266723632812
Step-Separation,0.12905472982674837,ADAPTER,0.0,0.0,0.0,0.0,0.0,0.0
Step-Separation,0.12905472982674837,Q1-CORE,2.2836265563964844,0.7062826,-0.20345381,2.1621106,51.28650665283203,2.661681652069092
Step-Separation,0.12905472982674837,Q1-INNERSKIN,2.300055980682373,0.7032068,-0.2150011,2.1793423,51.47015380859375,158.3232879638672
Step-Separation,0.12905472982674837,Q1-OUTERSKIN,2.126577854156494,0.88205546,-0.29797053,1.9119427,15.968587875366211,78.62447357177734
Step-Separation,0.12905472982674837,Q2-CORE,4.837125301361084,1.8821673,0.09375272,-4.454934,19.75218963623047,2.611391305923462
Step-Separation,0.12905472982674837,Q2-INNERSKIN,4.8374247550964355,1.8807155,0.078098275,-4.456174,19.541584014892578,82.2923583984375
Step-Separation,0.12905472982674837,Q2-OUTERSKIN,4.631472587585449,1.8099385,0.61654794,-4.218356,19.522233963012695,166.17453002929688
Step-Separation,0.13105388451367617,ADAPTER,0.0,0.0,0.0,0.0,0.0,0.0
Step-Separation,0.13105388451367617,Q1-CORE,2.304872512817383,0.9383485,-0.52325755,2.039152,50.75270462036133,2.664158582687378
Step-Separation,0.13105388451367617,Q1-INNERSKIN,2.318779945373535,0.70233786,-0.21725413,2.1991503,50.874393463134766,159.53123474121094
Step-Separation,0.13105388451367617,Q1-OUTERSKIN,2.1477766036987305,0.88439065,-0.30381736,1.9335183,16.0022029876709,78.58621978759766
Step-Separation,0.13105388451367617,Q2-CORE,4.8733930587768555,1.8914548,0.09675025,-4.4903226,19.485437393188477,2.611873149871826
Step-Separation,0.13105388451367617,Q2-INNERSKIN,4.873684406280518,1.890008,0.08108931,-4.491558,19.421472549438477,82.22540283203125
Step-Separation,0.13105388451367617,Q2-OUTERSKIN,4.667581081390381,1.818674,0.6200832,-4.2537317,19.427541732788086,166.16738891601562
Step-Separation,0.13305302429944277,ADAPTER,0.0,0.0,0.0,0.0,0.0,0.0
Step-Separation,0.13305302429944277,Q1-CORE,2.3263232707977295,0.94095623,-0.52954614,2.0605733,50.04506301879883,2.665651559829712
Step-Separation,0.13305302429944277,Q1-INNERSKIN,2.3375210762023926,0.70149505,-0.21951479,2.2189462,50.11126708984375,160.91078186035156
Step-Separation,0.13305302429944277,Q1-OUTERSKIN,2.168983221054077,0.8867179,-0.3096688,1.9550766,15.942458152770996,78.5494384765625
Step-Separation,0.13305302429944277,Q2-CORE,4.909333229064941,1.9005246,0.09974895,-4.52544,19.501657485961914,2.6121597290039062
Step-Separation,0.13305302429944277,Q2-INNERSKIN,4.909618854522705,1.8990825,0.0840817,-4.5266733,19.36921501159668,82.14341735839844
Step-Separation,0.13305302429944277,Q2-OUTERSKIN,4.703462600708008,1.8272414,0.6235989,-4.2889247,19.333824157714844,166.11920166015625
Step-Separation,0.13505216408520937,ADAPTER,0.0,0.0,0.0,0.0,0.0,0.0
Step-Separation,0.13505216408520937,Q1-CORE,2.3477962017059326,0.94359195,-0.53584546,2.0819824,48.65576171875,2.667097330093384
Step-Separation,0.13505216408520937,Q1-INNERSKIN,2.3566834926605225,0.9451753,-0.54068,2.0900397,48.69235610961914,162.2225799560547
Step-Separation,0.13505216408520937,Q1-OUTERSKIN,2.190196990966797,0.88904846,-0.31551558,1.9766146,16.119842529296875,78.50627136230469
Step-Separation,0.13505216408520937,Q2-CORE,4.945293426513672,1.9096,0.10272949,-4.5605702,19.421035766601562,2.6125054359436035
Step-Separation,0.13505216408520937,Q2-INNERSKIN,4.945571422576904,1.908163,0.08705569,-4.561799,19.337427139282227,82.04922485351562
Step-Separation,0.13505216408520937,Q2-OUTERSKIN,4.73932409286499,1.8357487,0.62712693,-4.3241105,19.2936954498291,166.090087890625
Step-Separation,0.13705130387097597,ADAPTER,0.0,0.0,0.0,0.0,0.0,0.0
Step-Separation,0.13705130387097597,Q1-CORE,2.3692493438720703,0.94620603,-0.54214036,2.1033592,48.50345993041992,2.6699821949005127
Step-Separation,0.13705130387097597,Q1-INNERSKIN,2.378225326538086,0.9478302,-0.5469686,2.111492,48.4616584777832,163.46206665039062
Step-Separation,0.13705130387097597,Q1-OUTERSKIN,2.2113962173461914,0.8913585,-0.32136303,1.998119,16.091136932373047,78.48544311523438
Step-Separation,0.13705130387097597,Q2-CORE,4.9810638427734375,1.9185094,0.10568956,-4.5955577,19.2355899810791,2.613030195236206
Step-Separation,0.13705130387097597,Q2-INNERSKIN,4.981334686279297,1.9170775,0.0900091,-4.596782,19.203638076782227,81.96087646484375
Step-Separation,0.13705130387097597,Q2-OUTERSKIN,4.7750067710876465,1.844125,0.63062894,-4.3591514,19.20229721069336,166.07614135742188
Step-Separation,0.13905044365674257,ADAPTER,0.0,0.0,0.0,0.0,0.0,0.0
Step-Separation,0.13905044365674257,Q1-CORE,2.390690803527832,0.94878143,-0.5484404,2.1247187,47.10628128051758,2.671785354614258
Step-Separation,0.13905044365674257,Q1-INNERSKIN,2.3997550010681152,0.95044607,-0.5532624,2.132927,47.030738830566406,164.64413452148438
Step-Separation,0.13905044365674257,Q1-OUTERSKIN,2.2326102256774902,0.8936657,-0.3272199,2.019613,15.948318481445312,78.4610595703125
Step-Separation,0.13905044365674257,Q2-CORE,5.016640663146973,1.927249,0.10865178,-4.6303983,19.22300148010254,2.613262176513672
Step-Separation,0.13905044365674257,Q2-INNERSKIN,5.016903877258301,1.9258226,0.09296516,-4.6316185,19.17825698852539,81.87797546386719
Step-Separation,0.13905044365674257,Q2-OUTERSKIN,4.8104634284973145,1.8523458,0.6340953,-4.3940067,19.17426872253418,166.0305938720703
Step-Separation,0.14104958344250917,ADAPTER,0.0,0.0,0.0,0.0,0.0,0.0
Step-Separation,0.14104958344250917,Q1-CORE,2.4121198654174805,0.95133406,-0.55472815,2.1460574,46.44533157348633,2.6729936599731445
Step-Separation,0.14104958344250917,Q1-INNERSKIN,2.421271800994873,0.95303935,-0.55954355,2.1543407,46.30805969238281,165.99270629882812
Step-Separation,0.14104958344250917,Q1-OUTERSKIN,2.253811836242676,0.8959444,-0.33306906,2.0410821,15.804533958435059,78.44940948486328
Step-Separation,0.14104958344250917,Q2-CORE,5.052170753479004,1.9359426,0.111588426,-4.665201,19.200450897216797,2.613281011581421
Step-Separation,0.14104958344250917,Q2-INNERSKIN,5.052427291870117,1.9345214,0.09589558,-4.6664176,19.163372039794922,81.78519439697266
Step-Separation,0.14104958344250917,Q2-OUTERSKIN,4.845914363861084,1.8605318,0.6375573,-4.428863,19.14098358154297,165.99571228027344
Step-Separation,0.14304872322827578,ADAPTER,0.0,0.0,0.0,0.0,0.0,0.0
Step-Separation,0.14304872322827578,Q1-CORE,2.4335200786590576,0.95385545,-0.56102884,2.1673546,46.67717742919922,2.6762335300445557
Step-Separation,0.14304872322827578,Q1-INNERSKIN,2.4427595138549805,0.95560133,-0.56583804,2.175713,46.45211410522461,167.2805938720703
Step-Separation,0.14304872322827578,Q1-OUTERSKIN,2.2749805450439453,0.89817595,-0.33891934,2.0625105,15.954283714294434,78.39629364013672
Step-Separation,0.14304872322827578,Q2-CORE,5.087543964385986,1.944518,0.11452771,-4.6998763,19.110919952392578,2.614136219024658
Step-Separation,0.14304872322827578,Q2-INNERSKIN,5.087793350219727,1.943102,0.0988285,-4.701088,19.029817581176758,81.71987915039062
Step-Separation,0.14304872322827578,Q2-OUTERSKIN,4.881214618682861,1.8686023,0.6410042,-4.4635963,19.041269302368164,165.97940063476562
Step-Separation,0.14504786301404238,ADAPTER,0.0,0.0,0.0,0.0,0.0,0.0
Step-Separation,0.14504786301404238,Q1-CORE,2.4549152851104736,0.95634794,-0.5673084,2.1886454,45.222171783447266,2.676978588104248
Step-Separation,0.14504786301404238,Q1-INNERSKIN,2.4642415046691895,0.95813435,-0.572111,2.1970785,44.95775604248047,168.33450317382812
Step-Separation,0.14504786301404238,Q1-OUTERSKIN,2.296149253845215,0.9003747,-0.34477413,2.0839283,16.17860221862793,78.3628158569336
Step-Separation,0.14504786301404238,Q2-CORE,5.122756004333496,1.952967,0.11746479,-4.7344217,19.014867782592773,2.6143643856048584
Step-Separation,0.14504786301404238,Q2-INNERSKIN,5.123000621795654,1.9515557,0.10175935,-4.735632,19.00418472290039,81.6448745727539
Step-Separation,0.14504786301404238,Q2-OUTERSKIN,4.9163641929626465,1.8765525,0.6444467,-4.498208,18.976932525634766,165.93637084960938
Step-Separation,0.14704700279980898,ADAPTER,0.0,0.0,0.0,0.0,0.0,0.0
Step-Separation,0.14704700279980898,Q1-CORE,2.476278305053711,0.9587952,-0.5735847,2.209902,44.72134017944336,2.679457426071167
Step-Separation,0.14704700279980898,Q1-INNERSKIN,2.485692024230957,0.9606223,-0.5783809,2.2184105,44.39472579956055,169.678955078125
Step-Separation,0.14704700279980898,Q1-OUTERSKIN,2.31729793548584,0.90253955,-0.35060593,2.1053188,15.919879913330078,78.35770416259766
Step-Separation,0.14704700279980898,Q2-CORE,5.157909870147705,1.961339,0.12038616,-4.76893,19.058984756469727,2.614351987838745
Step-Separation,0.14704700279980898,Q2-INNERSKIN,5.158147811889648,1.9599326,0.10467463,-4.770136,18.998767852783203,81.5660171508789
Step-Separation,0.14704700279980898,Q2-OUTERSKIN,4.951457500457764,1.8844516,0.64787984,-4.532772,18.9228572845459,165.91680908203125
Step-Separation,0.14904614258557558,ADAPTER,0.0,0.0,0.0,0.0,0.0,0.0
Step-Separation,0.14904614258557558,Q1-CORE,2.4976418018341064,0.9612523,-0.5798555,2.2311378,44.86023712158203,2.6826117038726807
Step-Separation,0.14904614258557558,Q1-INNERSKIN,2.507141351699829,0.96312,-0.58464533,2.2397203,44.4515380859375,170.8915252685547
Step-Separation,0.14904614258557558,Q1-OUTERSKIN,2.3384530544281006,0.90471554,-0.3564295,2.12669,16.022377014160156,78.3488540649414
Step-Separation,0.14904614258557558,Q2-CORE,5.192994117736816,1.9696294,0.12328117,-4.8033895,18.99776268005371,2.614612102508545
Step-Separation,0.14904614258557558,Q2-INNERSKIN,5.193227767944336,1.9682276,0.10756337,-4.804594,18.8768253326416,81.49617004394531
Step-Separation,0.14904614258557558,Q2-OUTERSKIN,4.986441135406494,1.8922534,0.6512984,-4.567251,18.874040603637695,165.89871215820312
Step-Separation,0.15104528237134218,ADAPTER,0.0,0.0,0.0,0.0,0.0,0.0
Step-Separation,0.15104528237134218,Q1-CORE,2.518990993499756,0.9636665,-0.5861356,2.252356,44.62217330932617,2.683574914932251
Step-Separation,0.15104528237134218,Q1-INNERSKIN,2.528576135635376,0.9655749,-0.5909176,2.2610128,44.14775466918945,172.02932739257812
Step-Separation,0.15104528237134218,Q1-OUTERSKIN,2.359584093093872,0.90684247,-0.3622693,2.1480305,15.977235794067383,78.31083679199219
Step-Separation,0.15104528237134218,Q2-CORE,5.2278828620910645,1.9778057,0.1261777,-4.8376775,18.863996505737305,2.6149697303771973
Step-Separation,0.15104528237134218,Q2-INNERSKIN,5.2281107902526855,1.9764093,0.11045378,-4.8388786,18.795230865478516,81.43048858642578
Step-Separation,0.15104528237134218,Q2-OUTERSKIN,5.02125358581543,1.899919,0.65469295,-4.6015944,18.79912757873535,165.8686065673828
Step-Separation,0.15304442215710878,ADAPTER,0.0,0.0,0.0,0.0,0.0,0.0
Step-Separation,0.15304442215710878,Q1-CORE,2.5403048992156982,0.96602637,-0.5923999,2.2735445,43.436153411865234,2.6857080459594727
Step-Separation,0.15304442215710878,Q1-INNERSKIN,2.5499765872955322,0.96797574,-0.5971756,2.2822762,42.90854263305664,173.15109252929688
Step-Separation,0.15304442215710878,Q1-OUTERSKIN,2.3806939125061035,0.90893924,-0.36812234,2.169336,15.948591232299805,78.28506469726562
Step-Separation,0.15304442215710878,Q2-CORE,5.262685775756836,1.9859186,0.12906519,-4.871892,18.83937644958496,2.615380048751831
Step-Separation,0.15304442215710878,Q2-INNERSKIN,5.262907981872559,1.9845264,0.1133352,-4.8730903,18.792993545532227,81.34864807128906
Step-Separation,0.15304442215710878,Q2-OUTERSKIN,5.05599308013916,1.9075139,0.6580821,-4.6358805,18.755157470703125,165.8528594970703
Step-Separation,0.15504356194287539,ADAPTER,0.0,0.0,0.0,0.0,0.0,0.0
Step-Separation,0.15504356194287539,Q1-CORE,2.561619520187378,0.9684108,-0.59867334,2.2947037,43.1248893737793,2.6869213581085205
Step-Separation,0.15504356194287539,Q1-INNERSKIN,2.5713770389556885,0.9704014,-0.6034431,2.3035097,42.5322265625,174.4199981689453
Step-Separation,0.15504356194287539,Q1-OUTERSKIN,2.4115188121795654,0.0,0.46014524,2.3672113,16.04482078552246,78.2564697265625
Step-Separation,0.15504356194287539,Q2-CORE,5.297338008880615,1.9938883,0.13194688,-4.9059954,18.751554489135742,2.6157259941101074
Step-Separation,0.15504356194287539,Q2-INNERSKIN,5.297556400299072,1.9925013,0.11621076,-4.907192,18.75166130065918,81.27365112304688
Step-Separation,0.15504356194287539,Q2-OUTERSKIN,5.0905656814575195,1.9150095,0.66145647,-4.6700187,18.706104278564453,165.8252410888672
Step-Separation,0.157042701728642,ADAPTER,0.0,0.0,0.0,0.0,0.0,0.0
Step-Separation,0.157042701728642,Q1-CORE,2.582911729812622,0.9707345,-0.60493594,2.3158498,43.58030700683594,2.6891250610351562
Step-Separation,0.157042701728642,Q1-INNERSKIN,2.5927553176879883,0.9727658,-0.60969985,2.3247309,42.91425704956055,175.52145385742188
Step-Separation,0.157042701728642,Q1-OUTERSKIN,2.44346284866333,0.0,0.4656301,2.3986871,16.003328323364258,78.2264404296875
Step-Separation,0.157042701728642,Q2-CORE,5.3318610191345215,2.001747,0.13482155,-4.939997,18.721654891967773,2.6159555912017822
Step-Separation,0.157042701728642,Q2-INNERSKIN,5.33207368850708,2.0003648,0.11907981,-4.941191,18.625200271606445,81.20415496826172
Step-Separation,0.157042701728642,Q2-OUTERSKIN,5.124990463256836,1.9223932,0.6648164,-4.7040358,18.63798713684082,165.80250549316406
Step-Separation,0.1590418415144086,ADAPTER,0.0,0.0,0.0,0.0,0.0,0.0
Step-Separation,0.1590418415144086,Q1-CORE,2.60421085357666,0.9730774,-0.6112002,2.3369784,43.42605972290039,2.6915535926818848
Step-Separation,0.1590418415144086,Q1-INNERSKIN,2.6141409873962402,0.9751489,-0.6159562,2.345936,42.69615173339844,176.62088012695312
Step-Separation,0.1590418415144086,Q1-OUTERSKIN,2.4752142429351807,0.0,0.47109473,2.4299703,15.960691452026367,78.24414825439453
Step-Separation,0.1590418415144086,Q2-CORE,5.366307735443115,2.0095701,0.13767491,-4.9739256,18.68047523498535,2.6161930561065674
Step-Separation,0.1590418415144086,Q2-INNERSKIN,5.366514682769775,2.0081928,0.12192725,-4.975116,18.642194747924805,81.1339340209961
Step-Separation,0.1590418415144086,Q2-OUTERSKIN,5.1593804359436035,1.9297084,0.66816944,-4.7380357,18.600732803344727,165.7811737060547
Step-Separation,0.1610409813001752,ADAPTER,0.0,0.0,0.0,0.0,0.0,0.0
Step-Separation,0.1610409813001752,Q1-CORE,2.6255171298980713,0.97543955,-0.61747247,2.3580894,42.5932502746582,2.6929969787597656
Step-Separation,0.1610409813001752,Q1-INNERSKIN,2.6355340480804443,0.977552,-0.6222215,2.3671231,41.80515670776367,177.7132568359375
Step-Separation,0.1610409813001752,Q1-OUTERSKIN,2.5071723461151123,0.0,0.47660738,2.4614546,15.96601390838623,78.21208953857422
Step-Separation,0.1610409813001752,Q2-CORE,5.400620937347412,2.017284,0.1405306,-5.007746,18.58253288269043,2.6164917945861816
Step-Separation,0.1610409813001752,Q2-INNERSKIN,5.400821685791016,2.0159113,0.12477721,-5.0089326,18.579317092895508,81.07167053222656
Step-Separation,0.1610409813001752,Q2-OUTERSKIN,5.1936211585998535,1.9369158,0.6715077,-4.771911,18.532394409179688,165.75717163085938
Step-Separation,0.1630401210859418,ADAPTER,0.0,0.0,0.0,0.0,0.0,0.0
Step-Separation,0.1630401210859418,Q1-CORE,2.646777391433716,0.9777397,-0.6237299,2.379163,42.602455139160156,2.694253444671631
Step-Separation,0.1630401210859418,Q1-INNERSKIN,2.6568796634674072,0.97989285,-0.62847215,2.3882718,41.75032424926758,178.89703369140625
Step-Separation,0.1630401210859418,Q1-OUTERSKIN,2.5390679836273193,0.0,0.48210043,2.492879,16.059837341308594,78.17765045166016
Step-Separation,0.1630401210859418,Q2-CORE,5.43479585647583,2.0248575,0.143387,-5.0414677,18.533660888671875,2.6168665885925293
Step-Separation,0.1630401210859418,Q2-INNERSKIN,5.434990882873535,2.0234897,0.12762788,-5.0426507,18.50906753540039,81.00602722167969
Step-Separation,0.1630401210859418,Q2-OUTERSKIN,5.227736473083496,1.9440573,0.67484105,-4.8056693,18.50322151184082,165.7356719970703
Step-Separation,0.1650392608717084,ADAPTER,0.0,0.0,0.0,0.0,0.0,0.0
Step-Separation,0.1650392608717084,Q1-CORE,2.668052911758423,0.98005617,-0.6299889,2.4002314,43.00493621826172,2.6957521438598633
Step-Separation,0.1650392608717084,Q1-INNERSKIN,2.678241014480591,0.9822503,-0.6347251,2.4094155,42.092342376708984,179.98846435546875
Step-Separation,0.1650392608717084,Q1-OUTERSKIN,2.5708961486816406,0.0,0.4875782,2.5242374,16.021509170532227,78.15306091308594
Step-Separation,0.1650392608717084,Q2-CORE,5.468897819519043,2.032373,0.14623256,-5.0751276,18.475664138793945,2.617149829864502
Step-Separation,0.1650392608717084,Q2-INNERSKIN,5.469087600708008,2.031009,0.13046765,-5.076308,18.448509216308594,80.93494415283203
Step-Separation,0.1650392608717084,Q2-OUTERSKIN,5.261775970458984,1.9511316,0.6781687,-4.8393655,18.43207359313965,165.7147979736328
Step-Separation,0.167038400657475,ADAPTER,0.0,0.0,0.0,0.0,0.0,0.0
Step-Separation,0.167038400657475,Q1-CORE,2.6892919540405273,0.98232317,-0.6362387,2.4212668,43.24147033691406,2.69775128364563
Step-Separation,0.167038400657475,Q1-INNERSKIN,2.6995654106140137,0.9845582,-0.6409688,2.430526,42.27068328857422,181.06179809570312
Step-Separation,0.167038400657475,Q1-OUTERSKIN,2.602797746658325,0.0,0.49305207,2.5556715,15.92798900604248,78.12992858886719
Step-Separation,0.167038400657475,Q2-CORE,5.502858638763428,2.0398026,0.14906608,-5.108663,18.441654205322266,2.617326259613037
Step-Separation,0.167038400657475,Q2-INNERSKIN,5.5030436515808105,2.038443,0.13329563,-5.109841,18.441608428955078,80.8664321899414
Step-Separation,0.167038400657475,Q2-OUTERSKIN,5.295682430267334,1.9580746,0.681475,-4.8729653,18.392566680908203,165.6856689453125
Step-Separation,0.1690375404432416,ADAPTER,0.0,0.0,0.0,0.0,0.0,0.0
Step-Separation,0.1690375404432416,Q1-CORE,2.7105307579040527,0.98458385,-0.6424952,2.4422882,43.222389221191406,2.700000762939453
Step-Separation,0.1690375404432416,Q1-INNERSKIN,2.720889091491699,0.9868595,-0.64721876,2.4516227,42.198081970214844,182.1090545654297
Step-Separation,0.1690375404432416,Q1-OUTERSKIN,2.634640693664551,0.0,0.4985283,2.587045,15.92184066772461,78.12232208251953
Step-Separation,0.1690375404432416,Q2-CORE,5.536739826202393,2.0471609,0.15189089,-5.1421347,18.361217498779297,2.617560863494873
Step-Separation,0.1690375404432416,Q2-INNERSKIN,5.53692102432251,2.0458057,0.13611494,-5.143311,18.3480224609375,80.80537414550781
Step-Separation,0.1690375404432416,Q2-OUTERSKIN,5.32949161529541,1.9649398,0.6847688,-4.9064837,18.34686851501465,165.6599578857422
Step-Separation,0.1710366802290082,ADAPTER,0.0,0.0,0.0,0.0,0.0,0.0
Step-Separation,0.1710366802290082,Q1-CORE,2.7317724227905273,0.98686004,-0.6487483,2.4632933,43.28289794921875,2.7015843391418457
Step-Separation,0.1710366802290082,Q1-INNERSKIN,2.742215871810913,0.9891764,-0.6534653,2.4727032,42.20568084716797,183.1610565185547
Step-Separation,0.1710366802290082,Q1-OUTERSKIN,2.6664011478424072,0.0,0.50400484,2.6183343,16.000638961791992,78.11026000976562
Step-Separation,0.1710366802290082,Q2-CORE,5.570539474487305,2.0544298,0.15471068,-5.1755476,18.319894790649414,2.617811918258667
Step-Separation,0.1710366802290082,Q2-INNERSKIN,5.57071590423584,2.0530794,0.13892898,-5.1767206,18.319807052612305,80.73924255371094
Step-Separation,0.1710366802290082,Q2-OUTERSKIN,5.363230228424072,1.9717658,0.68805933,-4.9399343,18.28354263305664,165.63897705078125
Step-Separation,0.1730358200147748,ADAPTER,0.0,0.0,0.0,0.0,0.0,0.0
Step-Separation,0.1730358200147748,Q1-CORE,2.753004789352417,0.9891228,-0.6549937,2.4842815,43.56818389892578,2.702747344970703
Step-Separation,0.1730358200147748,Q1-INNERSKIN,2.7635324001312256,0.9914799,-0.6597042,2.493766,42.44420623779297,184.1990966796875
Step-Separation,0.1730358200147748,Q1-OUTERSKIN,2.698251724243164,0.0,0.5094741,2.6497166,15.973902702331543,78.0860366821289
Step-Separation,0.1730358200147748,Q2-CORE,5.604223251342773,2.0616193,0.15752712,-5.2088604,18.288728713989258,2.6181061267852783
Step-Separation,0.1730358200147748,Q2-INNERSKIN,5.604394912719727,2.0602732,0.14173979,-5.2100315,18.288604736328125,80.6724624633789
Step-Separation,0.1730358200147748,Q2-OUTERSKIN,5.396859169006348,1.9784998,0.6913454,-4.9732957,18.239561080932617,165.6117401123047
Step-Separation,0.1750349598005414,ADAPTER,0.0,0.0,0.0,0.0,0.0,0.0
Step-Separation,0.1750349598005414,Q1-CORE,2.7742204666137695,0.9913606,-0.66123724,2.5052483,43.95339584350586,2.7041549682617188
Step-Separation,0.1750349598005414,Q1-INNERSKIN,2.78483247756958,0.9937585,-0.66594094,2.514808,42.78408432006836,185.25013732910156
Step-Separation,0.1750349598005414,Q1-OUTERSKIN,2.7300915718078613,0.0,0.51494074,2.6810887,15.924945831298828,78.06500244140625
Step-Separation,0.1750349598005414,Q2-CORE,5.637815952301025,2.0687432,0.16033515,-5.2420955,18.20802116394043,2.618424415588379
Step-Separation,0.1750349598005414,Q2-INNERSKIN,5.637984275817871,2.067402,0.1445423,-5.2432647,18.191307067871094,80.60760498046875
Step-Separation,0.1750349598005414,Q2-OUTERSKIN,5.43039608001709,1.9851508,0.6946201,-5.0065837,18.193246841430664,165.5910186767578
Step-Separation,0.177034099586308,ADAPTER,0.0,0.0,0.0,0.0,0.0,0.0
Step-Separation,0.177034099586308,Q1-CORE,2.7954177856445312,0.9935739,-0.66747266,2.5261931,44.28022003173828,2.70623779296875
Step-Separation,0.177034099586308,Q1-INNERSKIN,2.8061139583587646,0.99601275,-0.67216986,2.5358276,43.07078552246094,186.25003051757812
Step-Separation,0.177034099586308,Q1-OUTERSKIN,2.761827230453491,0.0,0.5203949,2.7123566,15.85724925994873,78.05441284179688
Step-Separation,0.177034099586308,Q2-CORE,5.671340465545654,2.075784,0.16313326,-5.275283,18.185678482055664,2.6186764240264893
Step-Separation,0.177034099586308,Q2-INNERSKIN,5.671502590179443,2.0744472,0.14733525,-5.2764482,18.154335021972656,80.54373168945312
Step-Separation,0.177034099586308,Q2-OUTERSKIN,5.463857650756836,1.991744,0.69788575,-5.039807,18.14687728881836,165.5689697265625
Step-Separation,0.1790332393720746,ADAPTER,0.0,0.0,0.0,0.0,0.0,0.0
Step-Separation,0.1790332393720746,Q1-CORE,2.816617250442505,0.9957916,-0.67371905,2.547123,44.64126205444336,2.707866907119751
Step-Separation,0.1790332393720746,Q1-INNERSKIN,2.8273980617523193,0.9982714,-0.67840934,2.556833,43.394439697265625,187.2421875
Step-Separation,0.1790332393720746,Q1-OUTERSKIN,2.793510675430298,0.0,0.5258448,2.7435725,15.96434497833252,78.04552459716797
Step-Separation,0.1790332393720746,Q2-CORE,5.704771995544434,2.0827422,0.16592658,-5.3083973,18.173433303833008,2.618800401687622
Step-Separation,0.1790332393720746,Q2-INNERSKIN,5.704930782318115,2.0814092,0.15012296,-5.309561,18.1224422454834,80.48138427734375
Step-Separation,0.1790332393720746,Q2-OUTERSKIN,5.497224807739258,1.9982704,0.7011397,-5.072948,18.118579864501953,165.54281616210938
Step-Separation,0.1810323791578412,ADAPTER,0.0,0.0,0.0,0.0,0.0,0.0
Step-Separation,0.1810323791578412,Q1-CORE,2.83779239654541,0.9979877,-0.6799501,2.5680254,45.00710678100586,2.7092292308807373
Step-Separation,0.1810323791578412,Q1-INNERSKIN,2.8486573696136475,1.0005083,-0.68463254,2.577811,43.727169036865234,188.21522521972656
Step-Separation,0.1810323791578412,Q1-OUTERSKIN,2.8253073692321777,0.0,0.53131527,2.7748992,15.93921947479248,78.03263854980469
Step-Separation,0.1810323791578412,Q2-CORE,5.738108158111572,2.0896518,0.16871423,-5.3414207,18.108110427856445,2.6189959049224854
Step-Separation,0.1810323791578412,Q2-INNERSKIN,5.738260746002197,2.0883234,0.15290514,-5.3425803,18.10426139831543,80.42815399169922
Step-Separation,0.1810323791578412,Q2-OUTERSKIN,5.530515193939209,2.0047145,0.7043833,-5.106032,18.07639503479004,165.51963806152344
Step-Separation,0.1830315189436078,ADAPTER,0.0,0.0,0.0,0.0,0.0,0.0
Step-Separation,0.1830315189436078,Q1-CORE,2.8589463233947754,1.0001498,-0.68617284,2.5889072,45.4035530090332,2.7103707790374756
Step-Separation,0.1830315189436078,Q1-INNERSKIN,2.8698947429656982,1.0027118,-0.69084865,2.5987675,44.09136962890625,189.18942260742188
Step-Separation,0.1830315189436078,Q1-OUTERSKIN,2.857013463973999,0.0,0.5367576,2.8061392,15.900670051574707,78.01537322998047
Step-Separation,0.1830315189436078,Q2-CORE,5.771368503570557,2.0964894,0.17149845,-5.374385,18.056489944458008,2.6193273067474365
Step-Separation,0.1830315189436078,Q2-INNERSKIN,5.771515369415283,2.0951648,0.1556837,-5.3755407,18.055252075195312,80.37007141113281
Step-Separation,0.1830315189436078,Q2-OUTERSKIN,5.56373405456543,2.0110974,0.7076254,-5.1390557,18.026308059692383,165.50033569335938
Step-Separation,0.1850306587293744,ADAPTER,0.0,0.0,0.0,0.0,0.0,0.0
Step-Separation,0.1850306587293744,Q1-CORE,2.8888003826141357,0.0,0.5422176,2.8374581,45.80474090576172,2.7118265628814697
Step-Separation,0.1850306587293744,Q1-INNERSKIN,2.8911349773406982,1.0049299,-0.6970692,2.6197083,44.465206146240234,190.1311492919922
Step-Separation,0.1850306587293744,Q1-OUTERSKIN,2.888796091079712,0.0,0.5422158,2.837454,15.910472869873047,77.99687194824219
Step-Separation,0.1850306587293744,Q2-CORE,5.8045334815979,2.1032257,0.17427263,-5.4072804,18.093996047973633,2.619544744491577
Step-Separation,0.1850306587293744,Q2-INNERSKIN,5.804675579071045,2.1019056,0.15845254,-5.4084325,18.054840087890625,80.30854797363281
Step-Separation,0.1850306587293744,Q2-OUTERSKIN,5.59684944152832,2.0174153,0.710856,-5.1719866,18.00148582458496,165.4735870361328
Step-Separation,0.187029798515141,ADAPTER,0.0,0.0,0.0,0.0,0.0,0.0
Step-Separation,0.187029798515141,Q1-CORE,2.9205093383789062,0.0,0.5476617,2.8687003,46.29962158203125,2.7137644290924072
Step-Separation,0.187029798515141,Q1-INNERSKIN,2.9123940467834473,1.0071447,-0.70329,2.6406593,44.9340705871582,191.09503173828125
Step-Separation,0.187029798515141,Q1-OUTERSKIN,2.9205050468444824,0.0,0.54765993,2.8686962,15.883411407470703,77.98536682128906
Step-Separation,0.187029798515141,Q2-CORE,5.837642669677734,2.1099079,0.17704865,-5.4401298,17.978233337402344,2.6197986602783203
Step-Separation,0.187029798515141,Q2-INNERSKIN,5.837780952453613,2.108592,0.16122314,-5.4412804,17.97829818725586,80.24217987060547
Step-Separation,0.187029798515141,Q2-OUTERSKIN,5.629899501800537,2.023678,0.7140808,-5.2048616,17.951738357543945,165.4511260986328
Step-Separation,0.1890289383009076,ADAPTER,0.0,0.0,0.0,0.0,0.0,0.0
Step-Separation,0.1890289383009076,Q1-CORE,2.9522218704223633,0.0,0.5531029,2.899947,46.770912170410156,2.715298652648926
Step-Separation,0.1890289383009076,Q1-INNERSKIN,2.9386916160583496,0.0,0.477564,2.899628,45.38338088989258,192.02279663085938
Step-Separation,0.1890289383009076,Q1-OUTERSKIN,2.9522178173065186,0.0,0.5531011,2.8999429,15.891267776489258,77.97805786132812
Step-Separation,0.1890289383009076,Q2-CORE,5.870665073394775,2.1165586,0.17980409,-5.4728928,17.999771118164062,2.6199920177459717
Step-Separation,0.1890289383009076,Q2-INNERSKIN,5.870799541473389,2.115247,0.16397274,-5.4740415,17.933574676513672,80.18936157226562
Step-Separation,0.1890289383009076,Q2-OUTERSKIN,5.662886619567871,2.0298567,0.71729803,-5.237695,17.911148071289062,165.42787170410156
Step-Separation,0.1910280780866742,ADAPTER,0.0,0.0,0.0,0.0,0.0,0.0
Step-Separation,0.1910280780866742,Q1-CORE,2.9838831424713135,0.0,0.5585318,2.9311433,47.27570724487305,2.7164745330810547
Step-Separation,0.1910280780866742,Q1-INNERSKIN,2.9702441692352295,0.0,0.48229674,2.930826,45.87063217163086,192.9142303466797
Step-Separation,0.1910280780866742,Q1-OUTERSKIN,2.9838788509368896,0.0,0.55853003,2.9311392,15.856077194213867,77.96399688720703
Step-Separation,0.1910280780866742,Q2-CORE,5.903620719909668,2.1231065,0.18256444,-5.5056176,17.906402587890625,2.620206832885742
Step-Separation,0.1910280780866742,Q2-INNERSKIN,5.903751373291016,2.1217992,0.1667276,-5.506764,17.876676559448242,80.13215637207031
Step-Separation,0.1910280780866742,Q2-OUTERSKIN,5.6957879066467285,2.0359933,0.7205035,-5.2704463,17.8835391998291,165.40573120117188
Step-Separation,0.19302721787244081,ADAPTER,0.0,0.0,0.0,0.0,0.0,0.0
Step-Separation,0.19302721787244081,Q1-CORE,3.0155723094940186,0.0,0.5639673,2.9623668,47.75505828857422,2.7175910472869873
Step-Separation,0.19302721787244081,Q1-INNERSKIN,3.0018110275268555,0.0,0.48701385,2.962041,46.333343505859375,193.8175506591797
Step-Separation,0.19302721787244081,Q1-OUTERSKIN,3.0155680179595947,0.0,0.5639655,2.9623628,15.88885498046875,77.95054626464844
Step-Separation,0.19302721787244081,Q2-CORE,5.936496257781982,2.129604,0.18531829,-5.53827,17.865440368652344,2.6204769611358643
Step-Separation,0.19302721787244081,Q2-INNERSKIN,5.936623573303223,2.1283011,0.169476,-5.5394144,17.85057830810547,80.07559204101562
Step-Separation,0.19302721787244081,Q2-OUTERSKIN,5.728623867034912,2.042069,0.72370464,-5.303144,17.83425521850586,165.38307189941406
Step-Separation,0.19502635765820742,ADAPTER,0.0,0.0,0.0,0.0,0.0,0.0
Step-Separation,0.19502635765820742,Q1-CORE,3.0472326278686523,0.0,0.5693979,2.993562,48.31068420410156,2.718975305557251
Step-Separation,0.19502635765820742,Q1-INNERSKIN,3.0333545207977295,0.0,0.4917324,2.9932323,46.87487030029297,194.72669982910156
Step-Separation,0.19502635765820742,Q1-OUTERSKIN,3.0472280979156494,0.0,0.56939626,2.9935575,15.853856086730957,77.93504333496094
Step-Separation,0.19502635765820742,Q2-CORE,5.969297885894775,2.1360524,0.18806335,-5.5708556,17.85677146911621,2.6207380294799805
Step-Separation,0.19502635765820742,Q2-INNERSKIN,5.969420909881592,2.1347537,0.1722157,-5.5719976,17.834339141845703,80.01822662353516
Step-Separation,0.19502635765820742,Q2-OUTERSKIN,5.761390209197998,2.048071,0.72689766,-5.3357887,17.809207916259766,165.36495971679688
Step-Separation,0.19702549744397402,ADAPTER,0.0,0.0,0.0,0.0,0.0,0.0
Step-Separation,0.19702549744397402,Q1-CORE,3.0788795948028564,0.0,0.5748222,3.0247445,48.785858154296875,2.7206883430480957
Step-Separation,0.19702549744397402,Q1-INNERSKIN,3.064885139465332,0.0,0.4964548,3.0244095,47.333900451660156,195.634033203125
Step-Separation,0.19702549744397402,Q1-OUTERSKIN,3.0788748264312744,0.0,0.5748205,3.02474,15.85873794555664,77.92842102050781
Step-Separation,0.19702549744397402,Q2-CORE,6.002035140991211,2.142416,0.1908024,-5.6033983,17.77971649169922,2.6208653450012207
Step-Separation,0.19702549744397402,Q2-INNERSKIN,6.002154350280762,2.1411211,0.17494953,-5.6045384,17.779821395874023,79.96387481689453
Step-Separation,0.19702549744397402,Q2-OUTERSKIN,5.794073104858398,2.0540252,0.7300813,-5.3683558,17.76667594909668,165.3412322998047
Step-Separation,0.19902463722974062,ADAPTER,0.0,0.0,0.0,0.0,0.0,0.0
Step-Separation,0.19902463722974062,Q1-CORE,3.110521078109741,0.0,0.5802485,3.0559208,49.335960388183594,2.722053050994873
Step-Separation,0.19902463722974062,Q1-INNERSKIN,3.09641695022583,0.0,0.501167,3.05559,47.87468719482422,196.5040740966797
Step-Separation,0.19902463722974062,Q1-OUTERSKIN,3.110516309738159,0.0,0.5802468,3.0559163,15.8471040725708,77.92123413085938
Step-Separation,0.19902463722974062,Q2-CORE,6.0347065925598145,2.1487386,0.19353414,-5.635881,17.755260467529297,2.621046543121338
Step-Separation,0.19902463722974062,Q2-INNERSKIN,6.034821510314941,2.1474483,0.17767602,-5.6370177,17.74678611755371,79.9087905883789
Step-Separation,0.19902463722974062,Q2-OUTERSKIN,5.826699256896973,2.0599148,0.7332603,-5.40088,17.74053955078125,165.3212432861328
Step-Separation,0.20102377701550722,ADAPTER,0.0,0.0,0.0,0.0,0.0,0.0
Step-Separation,0.20102377701550722,Q1-CORE,3.14214825630188,0.0,0.58566993,3.0870838,49.75884246826172,2.7231802940368652
Step-Separation,0.20102377701550722,Q1-INNERSKIN,3.1279332637786865,0.0,0.50587857,3.0867546,48.287776947021484,197.376708984375
Step-Separation,0.20102377701550722,Q1-OUTERSKIN,3.142143487930298,0.0,0.58566827,3.0870793,15.859472274780273,77.91320037841797
Step-Separation,0.20102377701550722,Q2-CORE,6.067299842834473,2.1549957,0.19626433,-5.668298,17.721044540405273,2.6212027072906494
Step-Separation,0.20102377701550722,Q2-INNERSKIN,6.067410945892334,2.1537097,0.18040097,-5.6694326,17.706024169921875,79.97630310058594
Step-Separation,0.20102377701550722,Q2-OUTERSKIN,5.859253406524658,2.0657475,0.73643154,-5.433342,17.695053100585938,165.29812622070312
Step-Separation,0.20302291680127382,ADAPTER,0.0,0.0,0.0,0.0,0.0,0.0
Step-Separation,0.20302291680127382,Q1-CORE,3.1737563610076904,0.0,0.5910855,3.1182282,50.354339599609375,2.724436044692993
Step-Separation,0.20302291680127382,Q1-INNERSKIN,3.159428119659424,0.0,0.5105834,3.1178985,48.877967834472656,198.22349548339844
Step-Separation,0.20302291680127382,Q1-OUTERSKIN,3.1737515926361084,0.0,0.5910838,3.1182237,15.838533401489258,77.90306854248047
Step-Separation,0.20302291680127382,Q2-CORE,6.099818229675293,2.1611896,0.19899175,-5.700653,17.685489654541016,2.621483087539673
Step-Separation,0.20302291680127382,Q2-INNERSKIN,6.099925518035889,2.1599078,0.18312344,-5.7017856,17.66856575012207,80.04553985595703
Step-Separation,0.20302291680127382,Q2-OUTERSKIN,5.891727447509766,2.071517,0.7395945,-5.465736,17.674633026123047,165.2777862548828
Step-Separation,0.20500000286847353,ADAPTER,0.0,0.0,0.0,0.0,0.0,0.0
Step-Separation,0.20500000286847353,Q1-CORE,3.204988956451416,0.0,0.59643507,3.1490028,54.124698638916016,2.725780487060547
Step-Separation,0.20500000286847353,Q1-INNERSKIN,3.1905505657196045,0.0,0.51524,3.1486728,52.602596282958984,199.57786560058594
Step-Separation,0.20500000286847353,Q1-OUTERSKIN,3.204984188079834,0.0,0.5964335,3.1489983,15.808100700378418,77.89289093017578
Step-Separation,0.20500000286847353,Q2-CORE,6.131918430328369,2.1672482,0.20167741,-5.7326074,17.657848358154297,2.621690273284912
Step-Separation,0.20500000286847353,Q2-INNERSKIN,6.132021427154541,2.16597,0.18580392,-5.7337365,17.644363403320312,80.11285400390625
Step-Separation,0.20500000286847353,Q2-OUTERSKIN,5.923796653747559,2.0771844,0.7427173,-5.4977307,17.64138412475586,165.2560272216797
