step,time_s,instance,u_mag_max_mm,u_x_max_mm,u_y_max_mm,u_z_max_mm,v_mag_max_mm_s,s_mises_max_MPa
Step-Preload,0.0,ADAPTER,0.0,0.0,0.0,0.0,0.0,0.0
Step-Preload,0.0,PSS-CORE,0.0,0.0,0.0,0.0,0.0,0.0
Step-Preload,0.0,PSS-INNERSKIN,0.0,0.0,0.0,0.0,0.0,0.0
Step-Preload,0.0,PSS-OUTERSKIN,0.0,0.0,0.0,0.0,0.0,0.0
Step-Preload,0.0,Q1-CORE,0.0,0.0,0.0,0.0,0.0,0.0
Step-Preload,0.0,Q1-INNERSKIN,0.0,0.0,0.0,0.0,0.0,0.0
Step-Preload,0.0,Q1-OUTERSKIN,0.0,0.0,0.0,0.0,0.0,0.0
Step-Preload,0.0,Q2-CORE,0.0,0.0,0.0,0.0,0.0,0.0
Step-Preload,0.0,Q2-INNERSKIN,0.0,0.0,0.0,0.0,0.0,0.0
Step-Preload,0.0,Q2-OUTERSKIN,0.0,0.0,0.0,0.0,0.0,0.0
Step-Preload,0.00029999989783391356,ADAPTER,0.0,0.0,0.0,0.0,0.0,0.0
Step-Preload,0.00029999989783391356,PSS-CORE,2.386880623816978e-06,-4.333808e-14,-2.3868806e-06,4.847831e-13,0.015826432034373283,4.4754913687938824e-05
Step-Preload,0.00029999989783391356,PSS-INNERSKIN,2.3862753550929483e-06,-1.4142576e-09,-2.386275e-06,-9.0095154e-11,0.01582634449005127,0.00040073745185509324
Step-Preload,0.00029999989783391356,PSS-OUTERSKIN,2.387662334513152e-06,7.674224e-11,-2.387662e-06,-1.318555e-09,0.015830494463443756,0.0004009757249150425
Step-Preload,0.00029999989783391356,Q1-CORE,2.9393879685812863e-06,-1.8837975e-15,-2.939388e-06,9.8355035e-15,0.019491804763674736,5.533959779313591e-08
Step-Preload,0.00029999989783391356,Q1-INNERSKIN,2.9397631351457676e-06,-1.0007383e-09,-2.9397627e-06,-1.2611502e-09,0.01949550211429596,5.937307605563547e-07
Step-Preload,0.00029999989783391356,Q1-OUTERSKIN,2.939467776741367e-06,-3.616028e-13,-2.9394678e-06,1.8473232e-13,0.019492240622639656,8.089115226539434e-07
Step-Preload,0.00029999989783391356,Q2-CORE,2.939387741207611e-06,1.1514014e-13,-2.9393877e-06,-5.1156307e-13,0.019491806626319885,5.525616586510296e-08
Step-Preload,0.00029999989783391356,Q2-INNERSKIN,2.9397626803984167e-06,-8.251646e-11,-2.9397622e-06,1.6142083e-09,0.019495520740747452,5.94485698002245e-07
Step-Preload,0.00029999989783391356,Q2-OUTERSKIN,2.939466867246665e-06,-4.941133e-14,-2.9394669e-06,3.3114136e-13,0.01949222758412361,8.104651101348281e-07
Step-Preload,0.0005999997374601662,ADAPTER,0.0,0.0,0.0,0.0,0.0,0.0
Step-Preload,0.0005999997374601662,PSS-CORE,9.452794984099455e-06,-3.8266005e-12,-9.452795e-06,-2.0969697e-14,0.03119492344558239,0.00014964550791773945
Step-Preload,0.0005999997374601662,PSS-INNERSKIN,9.45512147154659e-06,-1.8270146e-08,-9.455103e-06,-1.1029502e-09,0.03120761178433895,0.0013398625887930393
Step-Preload,0.0005999997374601662,PSS-OUTERSKIN,9.454539394937456e-06,7.800987e-10,-9.45453e-06,-1.3355736e-08,0.031184691935777664,0.001340345130302012
Step-Preload,0.0005999997374601662,Q1-CORE,1.1643008292594459e-05,3.7995472e-13,-1.1643008e-05,5.937101e-13,0.03842347487807274,3.5701549450095627e-07
Step-Preload,0.0005999997374601662,Q1-INNERSKIN,1.1646448911051266e-05,-2.1607951e-08,-1.1646429e-05,-1.0860554e-09,0.03843611851334572,2.329278459001216e-06
Step-Preload,0.0005999997374601662,Q1-OUTERSKIN,1.1643208381428849e-05,-1.2240509e-12,-1.1643208e-05,5.81323e-13,0.03841523081064224,2.326472440472571e-06
Step-Preload,0.0005999997374601662,Q2-CORE,1.164300920208916e-05,-1.5046569e-13,-1.1643009e-05,4.860206e-13,0.03842349350452423,3.5706071344066004e-07
Step-Preload,0.0005999997374601662,Q2-INNERSKIN,1.1646458915492985e-05,-1.1075579e-09,-1.1646439e-05,2.1607013e-08,0.03843614459037781,2.329174321857863e-06
Step-Preload,0.0005999997374601662,Q2-OUTERSKIN,1.1643200195976533e-05,-2.3055345e-13,-1.16432e-05,-8.7286797e-13,0.038415197283029556,2.3233258161781123e-06
Step-Preload,0.0007999996305443347,ADAPTER,0.0,0.0,0.0,0.0,0.0,0.0
Step-Preload,0.0007999996305443347,PSS-CORE,1.6694621081114747e-05,-4.5156202e-08,-1.6694561e-05,-2.5961284e-09,0.04120241850614548,0.0002293506549904123
Step-Preload,0.0007999996305443347,PSS-INNERSKIN,1.670211713644676e-05,-4.514162e-08,-1.6702057e-05,-2.6185585e-09,0.04121296852827072,0.002053498988971114
Step-Preload,0.0007999996305443347,PSS-OUTERSKIN,1.6694406440365128e-05,7.918124e-11,-1.6694406e-05,-6.7221195e-10,0.041168391704559326,0.0020543888676911592
Step-Preload,0.0007999996305443347,Q1-CORE,2.0564602891681716e-05,-5.3858756e-08,-2.0564532e-05,-2.5219171e-09,0.050750505179166794,6.769337232981343e-07
Step-Preload,0.0007999996305443347,Q1-INNERSKIN,2.0572086214087903e-05,-5.385871e-08,-2.0572015e-05,-2.5222562e-09,0.05076098442077637,4.065749180881539e-06
Step-Preload,0.0007999996305443347,Q1-OUTERSKIN,2.056245102721732e-05,-1.4150312e-12,-2.0562451e-05,3.5654265e-13,0.05071565881371498,3.122403313682298e-06
Step-Preload,0.0007999996305443347,Q2-CORE,2.0564611986628734e-05,-2.7491973e-09,-2.0564541e-05,5.3812556e-08,0.05075051262974739,6.769660103600472e-07
Step-Preload,0.0007999996305443347,Q2-INNERSKIN,2.0572102584992535e-05,-2.749066e-09,-2.0572032e-05,5.3812663e-08,0.05076100304722786,4.069018359587062e-06
Step-Preload,0.0007999996305443347,Q2-OUTERSKIN,2.0562436475302093e-05,6.287254e-13,-2.0562436e-05,-9.108358e-13,0.05071566626429558,3.132775873382343e-06
Step-Preload,0.0010999994119629264,ADAPTER,0.0,0.0,0.0,0.0,0.0,0.0
Step-Preload,0.0010999994119629264,PSS-CORE,3.1265484722098336e-05,-1.094536e-07,-3.1265292e-05,-5.983829e-09,0.05584903061389923,0.0003447673807386309
Step-Preload,0.0010999994119629264,PSS-INNERSKIN,3.1275103538064286e-05,-1.0940325e-07,-3.127491e-05,-6.026441e-09,0.055852051824331284,0.0030865294393152
Step-Preload,0.0010999994119629264,PSS-OUTERSKIN,3.1248910090653226e-05,-2.8207178e-10,-3.124891e-05,-1.5700736e-11,0.055784158408641815,0.0030898642726242542
Step-Preload,0.0010999994119629264,Q1-CORE,3.8513266190420836e-05,-1.2570823e-07,-3.8513062e-05,-5.1297984e-09,0.06879725307226181,9.410628081241157e-07
Step-Preload,0.0010999994119629264,Q1-INNERSKIN,3.852287045447156e-05,-1.257083e-07,-3.8522667e-05,-5.130211e-09,0.06880027055740356,8.06660591479158e-06
Step-Preload,0.0010999994119629264,Q1-OUTERSKIN,3.84929844585713e-05,3.4452917e-13,-3.8492984e-05,-1.468626e-13,0.06871549040079117,5.391383183450671e-06
Step-Preload,0.0010999994119629264,Q2-CORE,3.8513280742336065e-05,-1.2573923e-07,-3.8513077e-05,5.1437596e-09,0.06879726052284241,9.410796337760985e-07
Step-Preload,0.0010999994119629264,Q2-INNERSKIN,3.852288500638679e-05,-1.2573929e-07,-3.852268e-05,5.1441744e-09,0.06880028545856476,8.069277100730687e-06
Step-Preload,0.0010999994119629264,Q2-OUTERSKIN,3.849295535474084e-05,8.1623375e-13,-3.8492955e-05,-1.7426237e-13,0.06871545314788818,5.39669736099313e-06
Step-Preload,0.00130457675550133,ADAPTER,0.0,0.0,0.0,0.0,0.0,0.0
Step-Preload,0.00130457675550133,PSS-CORE,4.3691798055078834e-05,-1.7357931e-07,-4.3691452e-05,1.5909085e-10,0.06558341532945633,0.000419883755967021
Step-Preload,0.00130457675550133,PSS-INNERSKIN,4.3701467802748084e-05,-1.7357613e-07,-4.3701122e-05,1.5192685e-10,0.0655808374285698,0.0037578900810331106
Step-Preload,0.00130457675550133,PSS-OUTERSKIN,4.3660351366270334e-05,-5.554052e-10,-4.366035e-05,-3.066366e-11,0.06550336629152298,0.0037648563738912344
Step-Preload,0.00130457675550133,Q1-CORE,5.382083691074513e-05,-1.8413355e-07,-5.3820524e-05,-7.056421e-09,0.08078800141811371,9.982259143725969e-07
Step-Preload,0.00130457675550133,Q1-INNERSKIN,5.3830473916605115e-05,-1.8413394e-07,-5.3830157e-05,-7.055693e-09,0.08078543841838837,1.2023910130665172e-05
Step-Preload,0.00130457675550133,Q1-OUTERSKIN,5.378052082960494e-05,5.0947694e-11,-5.378052e-05,6.114908e-11,0.08068230748176575,9.294250958191697e-06
Step-Preload,0.00130457675550133,Q2-CORE,5.382086237659678e-05,-1.8417674e-07,-5.3820546e-05,7.059229e-09,0.0807880386710167,9.982122719520703e-07
Step-Preload,0.00130457675550133,Q2-INNERSKIN,5.383049210649915e-05,-1.841771e-07,-5.383018e-05,7.0585258e-09,0.08078548312187195,1.2028119272144977e-05
Step-Preload,0.00130457675550133,Q2-OUTERSKIN,5.378050991566852e-05,-6.9296756e-11,-5.378051e-05,4.3210626e-11,0.08068232983350754,9.299390512751415e-06
Step-Preload,0.0015045765321701765,ADAPTER,0.0,0.0,0.0,0.0,0.0,0.0
Step-Preload,0.0015045765321701765,PSS-CORE,5.774474993813783e-05,-2.4226088e-07,-5.7744244e-05,2.0269149e-10,0.07489582896232605,0.0004926251131109893
Step-Preload,0.0015045765321701765,PSS-INNERSKIN,5.775346653535962e-05,-2.4225645e-07,-5.775296e-05,1.9187184e-10,0.07488945126533508,0.004406607244163752
Step-Preload,0.0015045765321701765,PSS-OUTERSKIN,5.769609197159298e-05,-3.0776853e-10,-5.7696092e-05,-1.5100162e-11,0.07480798661708832,0.004419934004545212
Step-Preload,0.0015045765321701765,Q1-CORE,7.113112951628864e-05,-2.4264014e-07,-7.113071e-05,-1.525806e-08,0.09225376695394516,1.0036628736997955e-06
Step-Preload,0.0015045765321701765,Q1-INNERSKIN,7.113977335393429e-05,-2.4264978e-07,-7.113935e-05,-1.5238944e-08,0.09224727749824524,1.731025258777663e-05
Step-Preload,0.0015045765321701765,Q1-OUTERSKIN,7.106921111699194e-05,-1.6917333e-10,-7.106921e-05,-2.1897902e-10,0.09214839339256287,1.3658628631674219e-05
Step-Preload,0.0015045765321701765,Q2-CORE,7.113115134416148e-05,-2.4270656e-07,-7.113073e-05,1.5257331e-08,0.09225379675626755,1.0035461173174554e-06
Step-Preload,0.0015045765321701765,Q2-INNERSKIN,7.113979518180713e-05,-2.4271625e-07,-7.113938e-05,1.5238157e-08,0.09224729984998703,1.732570308377035e-05
Step-Preload,0.0015045765321701765,Q2-OUTERSKIN,7.10691892891191e-05,2.1471142e-10,-7.106919e-05,-1.6541497e-10,0.09214840084314346,1.3668779502040707e-05
Step-Preload,0.0018045760225504637,ADAPTER,0.0,0.0,0.0,0.0,0.0,0.0
Step-Preload,0.0018045760225504637,PSS-CORE,8.226593490689993e-05,-3.5119356e-07,-8.2265185e-05,2.4900673e-10,0.08848811686038971,0.0006020271684974432
Step-Preload,0.0018045760225504637,PSS-INNERSKIN,8.22724832687527e-05,-3.5118723e-07,-8.2271734e-05,2.3347774e-10,0.08848139643669128,0.005379431881010532
Step-Preload,0.0018045760225504637,PSS-OUTERSKIN,8.219142910093069e-05,2.3487892e-09,-8.219143e-05,1.4931989e-10,0.08841235190629959,0.005408836994320154
Step-Preload,0.0018045760225504637,Q1-CORE,0.0001013340734061785,-3.3712334e-07,-0.000101333506,-2.1505949e-08,0.10899130254983902,9.821094408835052e-07
Step-Preload,0.0018045760225504637,Q1-INNERSKIN,0.00010134041804121807,-3.371321e-07,-0.00010133986,-2.1468683e-08,0.1089840903878212,2.7035168386646546e-05
Step-Preload,0.0018045760225504637,Q1-OUTERSKIN,0.0001012441935017705,-5.6457816e-10,-0.00010124419,-7.5177947e-10,0.10891686379909515,2.0263616534066387e-05
Step-Preload,0.0018045760225504637,Q2-CORE,0.00010133410251000896,-3.3720488e-07,-0.000101333535,2.1517296e-08,0.1089920625090599,9.807456535781967e-07
Step-Preload,0.0018045760225504637,Q2-INNERSKIN,0.00010134045442100614,-3.372137e-07,-0.00010133989,2.1479888e-08,0.10898485779762268,2.7031346689909697e-05
Step-Preload,0.0018045760225504637,Q2-OUTERSKIN,0.00010124417167389765,7.4919876e-10,-0.00010124417,-5.61702e-10,0.10891686379909515,2.0276605937397107e-05
Step-Preload,0.0020045756828039885,ADAPTER,0.0,0.0,0.0,0.0,0.0,0.0
Step-Preload,0.0020045756828039885,PSS-CORE,0.0001008502731565386,-4.2140212e-07,-0.00010084939,2.5490784e-10,0.09731388837099075,0.0006744535057805479
Step-Preload,0.0020045756828039885,PSS-INNERSKIN,0.0001008557592285797,-4.2139465e-07,-0.00010085488,2.375293e-10,0.09730743616819382,0.006022632122039795
Step-Preload,0.0020045756828039885,PSS-OUTERSKIN,0.00010076260514324531,5.3091127e-09,-0.000100762605,3.3544884e-10,0.09725367277860641,0.006065993569791317
Step-Preload,0.0020045756828039885,Q1-CORE,0.000124224359751679,-3.993268e-07,-0.00012422372,-2.6569083e-08,0.11987491697072983,1.0072749319078866e-06
Step-Preload,0.0020045756828039885,Q1-INNERSKIN,0.0001242294383700937,-3.9933533e-07,-0.0001242288,-2.6517341e-08,0.11986793577671051,3.275330163887702e-05
Step-Preload,0.0020045756828039885,Q1-OUTERSKIN,0.00012412267096806318,7.5875306e-10,-0.00012412267,1.547125e-09,0.11981602013111115,2.406306521152146e-05
Step-Preload,0.0020045756828039885,Q2-CORE,0.0001242244034074247,-3.9941523e-07,-0.00012422376,2.6632963e-08,0.11987492442131042,1.0083795132231899e-06
Step-Preload,0.0020045756828039885,Q2-INNERSKIN,0.0001242294820258394,-3.994238e-07,-0.00012422884,2.658106e-08,0.11986793577671051,3.278123404015787e-05
Step-Preload,0.0020045756828039885,Q2-OUTERSKIN,0.00012412265641614795,-5.001306e-10,-0.00012412266,1.7716264e-09,0.11981602013111115,2.4066021069302224e-05
Step-Preload,0.0023045751731842756,ADAPTER,0.0,0.0,0.0,0.0,0.0,0.0
Step-Preload,0.0023045751731842756,PSS-CORE,0.0001319907751167193,-5.160598e-07,-0.00013198977,2.5618518e-10,0.11024060100317001,0.0007811190444044769
Step-Preload,0.0023045751731842756,PSS-INNERSKIN,0.00013199640670791268,-5.1605116e-07,-0.00013199539,2.3818195e-10,0.11024267226457596,0.006968589965254068
Step-Preload,0.0023045751731842756,PSS-OUTERSKIN,0.00013188572484068573,1.07413385e-08,-0.00013188572,6.966316e-10,0.11019646376371384,0.007036871742457151
Step-Preload,0.0023045751731842756,Q1-CORE,0.00016258312098216265,-4.807799e-07,-0.00016258241,-4.3545043e-08,0.13580521941184998,9.873683666228317e-07
Step-Preload,0.0023045751731842756,Q1-INNERSKIN,0.00016258774849120528,4.8077334e-07,-0.00016258704,4.3491024e-08,0.13580569624900818,3.858962008962408e-05
Step-Preload,0.0023045751731842756,Q1-OUTERSKIN,0.00016247379244305193,4.1822017e-09,-0.00016247379,1.2136672e-09,0.13576257228851318,2.925569424405694e-05
Step-Preload,0.0023045751731842756,Q2-CORE,0.00016258313553407788,-4.8082336e-07,-0.00016258242,4.3594902e-08,0.13580521941184998,9.88238525678753e-07
Step-Preload,0.0023045751731842756,Q2-INNERSKIN,0.00016258777759503573,-4.808292e-07,-0.00016258706,4.3529173e-08,0.1358056664466858,3.8599355320911855e-05
Step-Preload,0.0023045751731842756,Q2-OUTERSKIN,0.00016247379244305193,-1.1910304e-09,-0.00016247379,4.1944133e-09,0.135762557387352,2.927853711298667e-05
Step-Preload,0.0025045748334378004,ADAPTER,0.0,0.0,0.0,0.0,0.0,0.0
Step-Preload,0.0025045748334378004,PSS-CORE,0.00015487919154111296,-5.7173406e-07,-0.00015487814,2.8160774e-10,0.11864396184682846,0.0008510975749231875
Step-Preload,0.0025045748334378004,PSS-INNERSKIN,0.00015488620556425303,-5.71725e-07,-0.00015488516,2.6416216e-10,0.11865158379077911,0.007588832173496485
Step-Preload,0.0025045748334378004,PSS-OUTERSKIN,0.0001547549618408084,1.5193722e-08,-0.00015475496,1.6885117e-09,0.11861209571361542,0.007675617467612028
Step-Preload,0.0025045748334378004,Q1-CORE,0.0001907788246171549,-5.3010825e-07,-0.00019077808,-5.8993052e-08,0.14616869390010834,9.158608804682444e-07
Step-Preload,0.0025045748334378004,Q1-INNERSKIN,0.00019078432524111122,5.3759027e-07,-0.00019078357,5.0004296e-08,0.14617569744586945,4.062664447701536e-05
Step-Preload,0.0025045748334378004,Q1-OUTERSKIN,0.0001906683319248259,7.904759e-09,-0.00019066833,2.1336348e-09,0.14613279700279236,3.1646621209802106e-05
Step-Preload,0.0025045748334378004,Q2-CORE,0.00019077883916907012,-5.376579e-07,-0.00019077807,5.00982e-08,0.14616869390010834,9.17729380489618e-07
Step-Preload,0.0025045748334378004,Q2-INNERSKIN,0.0001907843688968569,-5.3766496e-07,-0.00019078361,5.0019995e-08,0.14617569744586945,4.064898894284852e-05
Step-Preload,0.0025045748334378004,Q2-OUTERSKIN,0.00019066831737291068,2.0756816e-09,-0.00019066832,-7.8951405e-09,0.14613303542137146,3.165043017361313e-05
Step-Preload,0.0028045743238180876,ADAPTER,0.0,0.0,0.0,0.0,0.0,0.0
Step-Preload,0.0028045743238180876,PSS-CORE,0.0001923259987961501,-6.5386695e-07,-0.0001923249,3.3853934e-10,0.1309465914964676,0.0009551019757054746
Step-Preload,0.0028045743238180876,PSS-INNERSKIN,0.000192336316104047,-6.538577e-07,-0.00019233521,3.222932e-10,0.13095787167549133,0.008509782142937183
Step-Preload,0.0028045743238180876,PSS-OUTERSKIN,0.00019218171655666083,-1.39576475e-08,-0.00019218169,1.0901985e-07,0.1309032291173935,0.00862804800271988
Step-Preload,0.0028045743238180876,Q1-CORE,0.00023690974921919405,-6.179068e-07,-0.00023690895,-7.08947e-08,0.16133306920528412,8.210719215639983e-07
Step-Preload,0.0028045743238180876,Q1-INNERSKIN,0.00023691776732448488,-6.1791536e-07,-0.00023691695,-7.0828804e-08,0.16134603321552277,4.1342191252624616e-05
Step-Preload,0.0028045743238180876,Q1-OUTERSKIN,0.0002367965498706326,1.8270079e-08,-0.00023679655,4.8788777e-09,0.16129955649375916,3.52362148987595e-05
Step-Preload,0.0028045743238180876,Q2-CORE,0.0002369097783230245,-6.179694e-07,-0.00023690896,7.088884e-08,0.16133391857147217,8.232829600274272e-07
Step-Preload,0.0028045743238180876,Q2-INNERSKIN,0.00023691779642831534,-6.1797795e-07,-0.00023691698,7.0822054e-08,0.16134688258171082,4.141320823691785e-05
Step-Preload,0.0028045743238180876,Q2-OUTERSKIN,0.00023679653531871736,1.8251415e-08,-0.00023679654,-4.86831e-09,0.16129952669143677,3.52232382283546e-05
Step-Preload,0.0030045739840716124,ADAPTER,0.0,0.0,0.0,0.0,0.0,0.0
Step-Preload,0.0030045739840716124,PSS-CORE,0.00021931873925495893,-7.1521066e-07,-0.00021931758,3.5843872e-10,0.13893666863441467,0.001023833523504436
Step-Preload,0.0030045739840716124,PSS-INNERSKIN,0.00021933122479822487,-7.1520134e-07,-0.00021933006,3.4265168e-10,0.13894614577293396,0.009117166511714458
Step-Preload,0.0030045739840716124,PSS-OUTERSKIN,0.00021916399418842047,-1.4377842e-08,-0.00021916397,1.08741574e-07,0.13887132704257965,0.009260165505111217
Step-Preload,0.0030045739840716124,Q1-CORE,0.00027016556123271585,8.644031e-08,-0.00027016472,6.764229e-07,0.17121373116970062,9.171754413728195e-07
Step-Preload,0.0030045739840716124,Q1-INNERSKIN,0.00027017536922357976,8.633077e-08,-0.0002701745,6.764369e-07,0.1712217628955841,4.05706450692378e-05
Step-Preload,0.0030045739840716124,Q1-OUTERSKIN,0.0002700460609048605,2.8019981e-08,-0.00027004606,7.4274173e-09,0.17115966975688934,3.809199915849604e-05
Step-Preload,0.0030045739840716124,Q2-CORE,0.00027016556123271585,-6.729135e-07,-0.00027016472,9.102799e-08,0.17121466994285583,9.163733807326935e-07
Step-Preload,0.0030045739840716124,Q2-INNERSKIN,0.00027017536922357976,-6.7292484e-07,-0.0002701745,9.093859e-08,0.1712227165699005,4.0617334889248013e-05
Step-Preload,0.0030045739840716124,Q2-OUTERSKIN,0.0002700460609048605,2.8001288e-08,-0.00027004606,-7.4149487e-09,0.17115962505340576,3.809363624895923e-05
Step-Preload,0.0033045734744518995,ADAPTER,0.0,0.0,0.0,0.0,0.0,0.0
Step-Preload,0.0033045734744518995,PSS-CORE,0.0002627504291012883,-8.213625e-07,-0.00026274915,3.601165e-10,0.1504797488451004,0.001125682843849063
Step-Preload,0.0033045734744518995,PSS-INNERSKIN,0.00026276480639353395,-8.21353e-07,-0.00026276353,3.439423e-10,0.15048223733901978,0.010014645755290985
Step-Preload,0.0033045734744518995,PSS-OUTERSKIN,0.0002625712950248271,-1.5661117e-08,-0.00026257127,1.1346642e-07,0.1503806859254837,0.010201376862823963
Step-Preload,0.0033045734744518995,Q1-CORE,0.00032370598637498915,9.95445e-08,-0.00032370503,7.8473704e-07,0.18567343056201935,1.1466836440376937e-06
Step-Preload,0.0033045734744518995,Q1-INNERSKIN,0.0003237174532841891,-9.941504e-08,-0.0003237165,-7.847572e-07,0.1856755018234253,3.951727558160201e-05
Step-Preload,0.0033045734744518995,Q1-OUTERSKIN,0.0003235673066228628,9.950332e-09,-0.0003235673,2.4736346e-09,0.18557733297348022,4.277344123693183e-05
Step-Preload,0.0033045734744518995,Q2-CORE,0.0003237059572711587,-9.9512164e-08,-0.000323705,7.8470225e-07,0.18567267060279846,1.1461659141787095e-06
Step-Preload,0.0033045734744518995,Q2-INNERSKIN,0.00032371736597269773,-9.938679e-08,-0.0003237164,7.8471834e-07,0.1856747269630432,3.942540934076533e-05
Step-Preload,0.0033045734744518995,Q2-OUTERSKIN,0.0003235673066228628,9.7972634e-09,-0.0003235673,-2.6801894e-09,0.18557733297348022,4.2780466174008325e-05
Step-Preload,0.0035045731347054243,ADAPTER,0.0,0.0,0.0,0.0,0.0,0.0
Step-Preload,0.0035045731347054243,PSS-CORE,0.00029358212486840785,-8.9771305e-07,-0.00029358076,3.8160997e-10,0.15771600604057312,0.0011927062878385186
Step-Preload,0.0035045731347054243,PSS-INNERSKIN,0.00029359644395299256,-8.9770344e-07,-0.00029359508,3.6459463e-10,0.1577131152153015,0.010603542439639568
Step-Preload,0.0035045731347054243,PSS-OUTERSKIN,0.00029338087188079953,-1.733359e-08,-0.00029338084,1.2319272e-07,0.15759555995464325,0.010823480784893036
Step-Preload,0.0035045731347054243,Q1-CORE,0.00036178057780489326,-9.516691e-07,-0.00036177933,-7.3303596e-08,0.19505439698696136,1.1746681138902204e-06
Step-Preload,0.0035045731347054243,Q1-INNERSKIN,0.00036179248127155006,-9.516688e-07,-0.00036179123,-7.323557e-08,0.19505175948143005,4.332110256655142e-05
Step-Preload,0.0035045731347054243,Q1-OUTERSKIN,0.00036162452306598425,1.643906e-08,-0.00036162452,3.9971857e-09,0.19494926929473877,4.616415753844194e-05
Step-Preload,0.0035045731347054243,Q2-CORE,0.0003617808106355369,9.5295985e-07,-0.00036177956,-7.347351e-08,0.19505354762077332,1.1742714605134097e-06
Step-Preload,0.0035045731347054243,Q2-INNERSKIN,0.00036179268499836326,9.52965e-07,-0.00036179143,-7.3382076e-08,0.19505088031291962,4.333263132139109e-05
Step-Preload,0.0035045731347054243,Q2-OUTERSKIN,0.00036162452306598425,4.042952e-09,-0.00036162452,-1.6454512e-08,0.19494929909706116,4.6173219743650407e-05
Step-Preload,0.0038045726250857115,ADAPTER,0.0,0.0,0.0,0.0,0.0,0.0
Step-Preload,0.0038045726250857115,PSS-CORE,0.00034239343949593604,-1.0059991e-06,-0.00034239196,4.4982262e-10,0.1672896295785904,0.0012921452289447188
Step-Preload,0.0038045726250857115,PSS-INNERSKIN,0.000342405925039202,-1.0059894e-06,-0.00034240444,4.3150253e-10,0.1672811657190323,0.011474916711449623
Step-Preload,0.0038045726250857115,PSS-OUTERSKIN,0.0003421539440751076,-2.0771399e-08,-0.00034215391,1.4464094e-07,0.1671653538942337,0.01174995582550764
Step-Preload,0.0038045726250857115,Q1-CORE,0.0004223629366606474,1.0819167e-06,-0.00042236154,8.810102e-08,0.20873869955539703,1.005848275781318e-06
Step-Preload,0.0038045726250857115,Q1-INNERSKIN,0.0004223731521051377,1.0819159e-06,-0.00042237176,8.8004604e-08,0.208731546998024,5.040951509727165e-05
Step-Preload,0.0038045726250857115,Q1-OUTERSKIN,0.0004221783601678908,7.464948e-09,-0.00042217836,3.052322e-08,0.20867040753364563,5.1742568757617846e-05
Step-Preload,0.0038045726250857115,Q2-CORE,0.00042236322769895196,1.0828427e-06,-0.00042236183,-8.765594e-08,0.20873869955539703,1.0052135621663183e-06
Step-Preload,0.0038045726250857115,Q2-INNERSKIN,0.0004223734431434423,1.0828464e-06,-0.00042237205,-8.754606e-08,0.208731546998024,5.03574701724574e-05
Step-Preload,0.0038045726250857115,Q2-OUTERSKIN,0.00042217838927172124,7.460774e-09,-0.0004221784,-3.052163e-08,0.20867043733596802,5.1718667236855254e-05
Step-Preload,0.00400457251816988,ADAPTER,0.0,0.0,0.0,0.0,0.0,0.0
Step-Preload,0.00400457251816988,PSS-CORE,0.0003763836284633726,-1.0639998e-06,-0.00037638212,4.8064525e-10,0.17224763333797455,0.0013577815843746066
Step-Preload,0.00400457251816988,PSS-INNERSKIN,0.0003763942513614893,-1.06399e-06,-0.00037639274,4.620392e-10,0.1722383350133896,0.012048427946865559
Step-Preload,0.00400457251816988,PSS-OUTERSKIN,0.0003761212865356356,-2.3083832e-08,-0.00037612123,1.5864897e-07,0.1721576452255249,0.012363829649984837
Step-Preload,0.00400457251816988,Q1-CORE,0.00046500290045514703,1.1612384e-06,-0.00046500145,9.807543e-08,0.2176448553800583,8.232346999648144e-07
Step-Preload,0.00400457251816988,Q1-INNERSKIN,0.0004650115151889622,1.1612372e-06,-0.00046501006,9.798818e-08,0.2176363319158554,5.5202523071784526e-05
Step-Preload,0.00400457251816988,Q1-OUTERSKIN,0.0004648062458727509,9.968225e-09,-0.00046480625,4.0716582e-08,0.21758787333965302,5.532491923077032e-05
Step-Preload,0.00400457251816988,Q2-CORE,0.00046500327880494297,1.1620829e-06,-0.00046500182,-9.7695555e-08,0.2176450788974762,8.212675197682984e-07
Step-Preload,0.00400457251816988,Q2-INNERSKIN,0.00046501189353875816,1.1620855e-06,-0.00046501044,-9.7590025e-08,0.21763655543327332,5.4918080422794446e-05
Step-Preload,0.00400457251816988,Q2-OUTERSKIN,0.00046480627497658134,9.967252e-09,-0.00046480627,-4.070898e-08,0.21758796274662018,5.527065877686255e-05
Step-Preload,0.004304073750972748,ADAPTER,0.0,0.0,0.0,0.0,0.0,0.0
Step-Preload,0.004304073750972748,PSS-CORE,0.0004287200572434813,-1.1161771e-06,-0.0004287186,4.6678666e-10,0.1762872040271759,0.0014550017658621073
Step-Preload,0.004304073750972748,PSS-INNERSKIN,0.0004287281772121787,-1.1161676e-06,-0.00042872672,4.4935194e-10,0.1762625128030777,0.012895405292510986
Step-Preload,0.004304073750972748,PSS-OUTERSKIN,0.0004284351016394794,-4.0097582e-08,-0.00042843507,1.702433e-07,0.1762872040271759,0.013276779092848301
Step-Preload,0.004304073750972748,Q1-CORE,0.0005321348435245454,1.2624618e-06,-0.00053213333,1.1572074e-07,0.2306804209947586,6.880248974994174e-07
Step-Preload,0.004304073750972748,Q1-INNERSKIN,0.0005321415956132114,1.2624599e-06,-0.0005321401,1.1565233e-07,0.2306727170944214,6.107636727392673e-05
Step-Preload,0.004304073750972748,Q1-OUTERSKIN,0.000531931291334331,-1.32745e-08,-0.0005319313,-5.3778795e-08,0.23062339425086975,5.992107617203146e-05
Step-Preload,0.004304073750972748,Q2-CORE,0.0005321353673934937,1.2629426e-06,-0.00053213385,-1.1568941e-07,0.23068194091320038,6.857964081063983e-07
Step-Preload,0.004304073750972748,Q2-INNERSKIN,0.0005321421194821596,1.2629438e-06,-0.0005321406,-1.1559732e-07,0.23067423701286316,6.139097240520641e-05
Step-Preload,0.004304073750972748,Q2-OUTERSKIN,0.000531931349541992,1.32639535e-08,-0.00053193135,-5.377247e-08,0.23062284290790558,5.9974459873046726e-05
Step-Preload,0.004503325559198856,ADAPTER,0.0,0.0,0.0,0.0,0.0,0.0
Step-Preload,0.004503325559198856,PSS-CORE,0.00046387696056626737,-1.1223693e-06,-0.0004638756,4.3774256e-10,0.17601856589317322,0.0015189105179160833
Step-Preload,0.004503325559198856,PSS-INNERSKIN,0.00046388412010855973,-1.1223603e-06,-0.00046388275,4.2214363e-10,0.17595423758029938,0.013451013714075089
Step-Preload,0.004503325559198856,PSS-OUTERSKIN,0.00046358120744116604,-3.9161645e-08,-0.00046358118,1.5837291e-07,0.17601856589317322,0.013878956437110901
Step-Preload,0.004503325559198856,Q1-CORE,0.0005789269343949854,-1.3183275e-06,-0.0005789254,-1.2956096e-07,0.23912903666496277,6.714775508953608e-07
Step-Preload,0.004503325559198856,Q1-INNERSKIN,0.0005789331626147032,-1.3183253e-06,-0.00057893165,-1.2950899e-07,0.23912574350833893,6.453883543144912e-05
Step-Preload,0.004503325559198856,Q1-OUTERSKIN,0.0005787230911664665,-4.3411803e-09,-0.0005787231,-1.6822497e-08,0.23908381164073944,6.300656241364777e-05
Step-Preload,0.004503325559198856,Q2-CORE,0.0005789274582639337,1.3193682e-06,-0.00057892594,-1.298348e-07,0.23912900686264038,6.761119948350824e-07
Step-Preload,0.004503325559198856,Q2-INNERSKIN,0.0005789337446913123,1.3193691e-06,-0.00057893223,-1.297445e-07,0.23912572860717773,6.443840538850054e-05
Step-Preload,0.004503325559198856,Q2-OUTERSKIN,0.0005787231493741274,4.348345e-09,-0.00057872315,-1.6790034e-08,0.23908300697803497,6.305199349299073e-05
Step-Preload,0.004801579751074314,ADAPTER,0.0,0.0,0.0,0.0,0.0,0.0
Step-Preload,0.004801579751074314,PSS-CORE,0.0005157100385986269,-1.0843922e-06,-0.00051570893,3.9481632e-10,0.17041808366775513,0.0016134552424773574
Step-Preload,0.004801579751074314,PSS-INNERSKIN,0.0005157170235179365,-1.0843848e-06,-0.00051571586,3.8283543e-10,0.17036749422550201,0.0142724784091115
Step-Preload,0.004801579751074314,PSS-OUTERSKIN,0.00051538908155635,-3.1958354e-08,-0.0005153891,1.08457144e-07,0.17041808366775513,0.014771644957363605
Step-Preload,0.004801579751074314,Q1-CORE,0.0006520717870444059,-1.3975343e-06,-0.0006520703,-1.5180326e-07,0.25144872069358826,7.656769867026014e-07
Step-Preload,0.004801579751074314,Q1-INNERSKIN,0.0006520788301713765,-1.3975324e-06,-0.0006520773,-1.5172918e-07,0.2514534890651703,6.678947829641402e-05
Step-Preload,0.004801579751074314,Q1-OUTERSKIN,0.0006518697482533753,8.532265e-09,-0.00065186975,2.8778034e-08,0.251412570476532,6.70347799314186e-05
Step-Preload,0.004801579751074314,Q2-CORE,0.0006520723109133542,1.3982478e-06,-0.0006520708,-1.5237701e-07,0.2514474093914032,7.657628771085001e-07
Step-Preload,0.004801579751074314,Q2-INNERSKIN,0.0006520794122479856,1.3982495e-06,-0.0006520779,-1.5226857e-07,0.25145217776298523,6.679195212200284e-05
Step-Preload,0.004801579751074314,Q2-OUTERSKIN,0.0006518698064610362,8.533863e-09,-0.0006518698,-2.8772256e-08,0.2514134347438812,6.698135985061526e-05
Step-Preload,0.004999999888241291,ADAPTER,0.0,0.0,0.0,0.0,0.0,0.0
Step-Preload,0.004999999888241291,PSS-CORE,0.0005488847964443266,-1.029692e-06,-0.0005488838,3.4823544e-10,0.1634664386510849,0.0016756596742197871
Step-Preload,0.004999999888241291,PSS-INNERSKIN,0.0005488921306096017,-1.0296864e-06,-0.00054889114,3.3867537e-10,0.1634635329246521,0.014813036657869816
Step-Preload,0.004999999888241291,PSS-OUTERSKIN,0.0005485348519869149,-3.4055653e-08,-0.00054853485,5.970656e-08,0.1634664386510849,0.015359723940491676
Step-Preload,0.004999999888241291,Q1-CORE,0.0007027494721114635,-1.4548772e-06,-0.00070274796,-1.6625792e-07,0.259446382522583,7.303789288926055e-07
Step-Preload,0.004999999888241291,Q1-INNERSKIN,0.0007027577375993133,-1.4548754e-06,-0.0007027562,-1.6615634e-07,0.25945600867271423,6.757360824849457e-05
Step-Preload,0.004999999888241291,Q1-OUTERSKIN,0.0007025455124676228,1.0741683e-08,-0.0007025455,3.6211944e-08,0.25939875841140747,6.935383862582967e-05
Step-Preload,0.004999999888241291,Q2-CORE,0.0007027496467344463,1.4555037e-06,-0.0007027482,-1.6656529e-07,0.2594451308250427,7.285831316039548e-07
Step-Preload,0.004999999888241291,Q2-INNERSKIN,0.0007027580868452787,1.4555063e-06,-0.0007027566,-1.6643303e-07,0.25945475697517395,6.76106647006236e-05
Step-Preload,0.004999999888241291,Q2-OUTERSKIN,0.0007025455706752837,1.0747827e-08,-0.00070254557,-3.620669e-08,0.2594003677368164,6.926014611963183e-05
Step-Separation,0.004999999888241291,ADAPTER,0.0,0.0,0.0,0.0,0.0,0.0
Step-Separation,0.004999999888241291,PSS-CORE,0.0005488847964443266,-1.029692e-06,-0.0005488838,3.4823544e-10,0.1634664386510849,0.0016756596742197871
Step-Separation,0.004999999888241291,PSS-INNERSKIN,0.0005488921306096017,-1.0296864e-06,-0.00054889114,3.3867537e-10,0.1634635329246521,0.014813036657869816
Step-Separation,0.004999999888241291,PSS-OUTERSKIN,0.0005485348519869149,-3.4055653e-08,-0.00054853485,5.970656e-08,0.1634664386510849,0.015359723940491676
Step-Separation,0.004999999888241291,Q1-CORE,0.0007027494721114635,-1.4548772e-06,-0.00070274796,-1.6625792e-07,0.259446382522583,7.303789288926055e-07
Step-Separation,0.004999999888241291,Q1-INNERSKIN,0.0007027577375993133,-1.4548754e-06,-0.0007027562,-1.6615634e-07,0.25945600867271423,6.757360824849457e-05
Step-Separation,0.004999999888241291,Q1-OUTERSKIN,0.0007025455124676228,1.0741683e-08,-0.0007025455,3.6211944e-08,0.25939875841140747,6.935383862582967e-05
Step-Separation,0.004999999888241291,Q2-CORE,0.0007027496467344463,1.4555037e-06,-0.0007027482,-1.6656529e-07,0.2594451308250427,7.285831316039548e-07
Step-Separation,0.004999999888241291,Q2-INNERSKIN,0.0007027580868452787,1.4555063e-06,-0.0007027566,-1.6643303e-07,0.25945475697517395,6.76106647006236e-05
Step-Separation,0.004999999888241291,Q2-OUTERSKIN,0.0007025455706752837,1.0747827e-08,-0.00070254557,-3.620669e-08,0.2594003677368164,6.926014611963183e-05
Step-Separation,0.0070045755710452795,ADAPTER,0.0,0.0,0.0,0.0,0.0,0.0
Step-Separation,0.0070045755710452795,PSS-CORE,0.0007829319220036268,4.4501243e-07,-0.0007829318,2.6492178e-10,0.07346139848232269,0.0022742939181625843
Step-Separation,0.0070045755710452795,PSS-INNERSKIN,0.0007829426322132349,4.450028e-07,-0.0007829425,2.3667163e-10,0.07347535341978073,0.019994670525193214
Step-Separation,0.0070045755710452795,PSS-OUTERSKIN,0.0007822352927178144,4.4283078e-07,-0.0007822352,-2.8895601e-12,0.07295205444097519,0.02104264497756958
Step-Separation,0.0070045755710452795,Q1-CORE,0.0012979020830243826,-2.126832e-06,-0.0012979003,-3.1913626e-07,0.33194029331207275,7.297354045476823e-07
Step-Separation,0.0070045755710452795,Q1-INNERSKIN,0.0012979102320969105,2.1276578e-06,-0.0012979085,3.1906495e-07,0.3319410979747772,8.981687278719619e-05
Step-Separation,0.0070045755710452795,Q1-OUTERSKIN,0.0012975905556231737,2.2826454e-08,-0.0012975906,6.095647e-08,0.33193525671958923,9.366533777210861e-05
Step-Separation,0.0070045755710452795,Q2-CORE,0.0012979023158550262,2.1276405e-06,-0.0012979005,-3.1917986e-07,0.3319406807422638,7.20252501196228e-07
Step-Separation,0.0070045755710452795,Q2-INNERSKIN,0.0012979108141735196,2.127641e-06,-0.0012979091,-3.1900677e-07,0.33194148540496826,8.981615974335e-05
Step-Separation,0.0070045755710452795,Q2-OUTERSKIN,0.0012975905556231737,-2.2797554e-08,-0.0012975906,6.093927e-08,0.3319355249404907,9.365499136038125e-05
Step-Separation,0.009004572406411171,ADAPTER,0.0,0.0,0.0,0.0,0.0,0.0
Step-Separation,0.009004572406411171,PSS-CORE,0.0008527563186362386,1.9127674e-06,-0.00085275416,2.1255515e-10,0.007256297394633293,0.0026614328380674124
Step-Separation,0.009004572406411171,PSS-INNERSKIN,0.0008527863537892699,1.9127558e-06,-0.0008527842,1.3275404e-10,0.007240805774927139,0.02338208630681038
Step-Separation,0.009004572406411171,PSS-OUTERSKIN,0.0008511279593221843,1.9054974e-06,-0.0008511258,-9.746249e-11,0.007252146024256945,0.02477615512907505
Step-Separation,0.009004572406411171,Q1-CORE,0.002022875938564539,-2.666551e-06,-0.002022874,-4.8663776e-07,0.39110201597213745,7.088163442858786e-07
Step-Separation,0.009004572406411171,Q1-INNERSKIN,0.0020228836219757795,2.6674984e-06,-0.0020228818,4.86103e-07,0.39108043909072876,0.00010613660560920835
Step-Separation,0.009004572406411171,Q1-OUTERSKIN,0.002022457541897893,-4.5652484e-08,-0.0020224575,-8.594203e-08,0.39110201597213745,0.00010833764827111736
Step-Separation,0.009004572406411171,Q2-CORE,0.0020228768698871136,-2.6663336e-06,-0.002022875,4.87103e-07,0.3911008834838867,7.221852911243332e-07
Step-Separation,0.009004572406411171,Q2-INNERSKIN,0.002022884553298354,2.667726e-06,-0.0020228827,-4.866784e-07,0.391079843044281,0.00010617021325742826
Step-Separation,0.009004572406411171,Q2-OUTERSKIN,0.0020224570762366056,-4.564804e-08,-0.002022457,8.594134e-08,0.3911008834838867,0.00010836411092896014
Step-Separation,0.011004569008946419,ADAPTER,0.0,0.0,0.0,0.0,0.0,0.0
Step-Separation,0.011004569008946419,PSS-CORE,0.0007862703641876578,1.988989e-06,-0.0007862678,-6.835742e-11,0.06374851614236832,0.0022868928499519825
Step-Separation,0.011004569008946419,PSS-INNERSKIN,0.0007863197824917734,1.9889762e-06,-0.0007863173,-1.3811526e-10,0.06359018385410309,0.020710762590169907
Step-Separation,0.011004569008946419,PSS-OUTERSKIN,0.0007838252349756658,1.984098e-06,-0.00078382273,-8.1016194e-11,0.06375826895236969,0.021489161998033524
Step-Separation,0.011004569008946419,Q1-CORE,0.002854985184967518,3.0703222e-06,-0.0028549836,6.4369874e-07,0.43946170806884766,8.093461474345531e-07
Step-Separation,0.011004569008946419,Q1-INNERSKIN,0.002854993101209402,3.0703177e-06,-0.0028549915,6.4319954e-07,0.43945300579071045,0.00011082432320108637
Step-Separation,0.011004569008946419,Q1-OUTERSKIN,0.002854506950825453,-3.2966653e-07,-0.002854507,8.0628615e-09,0.43945205211639404,0.00011254628043388948
Step-Separation,0.011004569008946419,Q2-CORE,0.0028549854177981615,3.0705487e-06,-0.0028549838,-6.43781e-07,0.43946123123168945,8.095114480966004e-07
Step-Separation,0.011004569008946419,Q2-INNERSKIN,0.0028549935668706894,3.0705473e-06,-0.002854992,-6.4328145e-07,0.439452588558197,0.00011069929314544424
Step-Separation,0.011004569008946419,Q2-OUTERSKIN,0.0028545064851641655,3.2928156e-07,-0.0028545065,8.338537e-09,0.43945226073265076,0.00011243305925745517
Step-Separation,0.013004565611481667,ADAPTER,0.0,0.0,0.0,0.0,0.0,0.0
Step-Separation,0.013004565611481667,PSS-CORE,0.0006097290897741914,9.244051e-07,-0.0006097284,-1.06356625e-10,0.10604974627494812,0.001862232107669115
Step-Separation,0.013004565611481667,PSS-INNERSKIN,0.0006097885780036449,9.243936e-07,-0.0006097879,-1.2475465e-10,0.10605152696371078,0.01628553494811058
Step-Separation,0.013004565611481667,PSS-OUTERSKIN,0.0006073872791603208,9.447241e-07,-0.0006073865,-2.7684743e-10,0.10575195401906967,0.017439810559153557
Step-Separation,0.013004565611481667,Q1-CORE,0.003774709068238735,3.3212314e-06,-0.0037747074,7.779108e-07,0.4790145456790924,7.967413466758444e-07
Step-Separation,0.013004565611481667,Q1-INNERSKIN,0.0037747169844806194,3.3212261e-06,-0.0037747154,7.772366e-07,0.4790097773075104,0.00010453475260874256
Step-Separation,0.013004565611481667,Q1-OUTERSKIN,0.0037742170970886946,-4.5026073e-07,-0.003774217,3.4986346e-08,0.4789985418319702,0.00010702876897994429
Step-Separation,0.013004565611481667,Q2-CORE,0.003774709301069379,3.3214835e-06,-0.0037747077,-7.781316e-07,0.47901445627212524,7.973360425239662e-07
Step-Separation,0.013004565611481667,Q2-INNERSKIN,0.0037747176829725504,3.321481e-06,-0.003774716,-7.774509e-07,0.4790097177028656,0.00010445609950693324
Step-Separation,0.013004565611481667,Q2-OUTERSKIN,0.003774216864258051,4.5084875e-07,-0.0037742169,3.5291027e-08,0.4789985418319702,0.00010700366692617536
Step-Separation,0.015004562214016914,ADAPTER,0.0,0.0,0.0,0.0,0.0,0.0
Step-Separation,0.015004562214016914,PSS-CORE,0.0004192926571704447,-1.0570154e-06,-0.00041929132,3.363942e-11,0.07174742966890335,0.0014636922860518098
Step-Separation,0.015004562214016914,PSS-INNERSKIN,0.00041935945046134293,-1.0570164e-06,-0.0004193581,6.8670375e-11,0.0717475488781929,0.0128812650218606
Step-Separation,0.015004562214016914,PSS-OUTERSKIN,0.00041767506627365947,-1.0209138e-06,-0.00041767381,-7.990902e-11,0.07134343683719635,0.01350600365549326
Step-Separation,0.015004562214016914,Q1-CORE,0.0047660828568041325,3.436694e-06,-0.004766082,8.7970335e-07,0.5113688707351685,7.687169158998586e-07
Step-Separation,0.015004562214016914,Q1-INNERSKIN,0.004766089841723442,3.4366878e-06,-0.0047660884,8.7887486e-07,0.5113692879676819,9.082446922548115e-05
Step-Separation,0.015004562214016914,Q1-OUTERSKIN,0.0047656092792749405,-5.053575e-07,-0.0047656093,7.5755295e-08,0.5113506317138672,9.172466525342315e-05
Step-Separation,0.015004562214016914,Q2-CORE,0.004766082391142845,3.4369154e-06,-0.004766081,-8.7984e-07,0.511368453502655,7.680859539505036e-07
Step-Separation,0.015004562214016914,Q2-INNERSKIN,0.004766089841723442,3.4369111e-06,-0.004766089,-8.790107e-07,0.5113688707351685,9.08826186787337e-05
Step-Separation,0.015004562214016914,Q2-OUTERSKIN,0.004765608813613653,-5.0524807e-07,-0.004765609,-7.573166e-08,0.5113500952720642,9.18606310733594e-05
Step-Separation,0.017004558816552162,ADAPTER,0.0,0.0,0.0,0.0,0.0,0.0
Step-Separation,0.017004558816552162,PSS-CORE,0.00032817365718074143,-2.8586999e-06,-0.0003281612,-5.4851564e-11,0.021203098818659782,0.001125894719734788
Step-Separation,0.017004558816552162,PSS-INNERSKIN,0.00032823809306137264,-2.8586949e-06,-0.00032822564,3.103694e-11,0.021206596866250038,0.010011488571763039
Step-Separation,0.017004558816552162,PSS-OUTERSKIN,0.00032742106122896075,-2.842954e-06,-0.00032740872,-2.9120928e-11,0.020816383883357048,0.010218371637165546
Step-Separation,0.017004558816552162,Q1-CORE,0.005816067568957806,3.449019e-06,-0.0058160666,9.420575e-07,0.537826418876648,7.50440449337475e-07
Step-Separation,0.017004558816552162,Q1-INNERSKIN,0.005816072691231966,3.4490115e-06,-0.0058160718,9.41132e-07,0.5378315448760986,7.188376184785739e-05
Step-Separation,0.017004558816552162,Q1-OUTERSKIN,0.005815622862428427,-4.921341e-07,-0.005815623,1.2507861e-07,0.5378180146217346,7.308102794922888e-05
Step-Separation,0.017004558816552162,Q2-CORE,0.005816066637635231,-3.4480813e-06,-0.0058160657,9.4234184e-07,0.5378264784812927,7.517389235545124e-07
Step-Separation,0.017004558816552162,Q2-INNERSKIN,0.005816073156893253,3.449374e-06,-0.005816072,-9.413876e-07,0.5378316044807434,7.185679714893922e-05
Step-Separation,0.017004558816552162,Q2-OUTERSKIN,0.005815623328089714,-4.927072e-07,-0.0058156233,-1.2500843e-07,0.5378181338310242,7.30693936930038e-05
Step-Separation,0.01900455541908741,ADAPTER,0.0,0.0,0.0,0.0,0.0,0.0
Step-Separation,0.01900455541908741,PSS-CORE,0.0003302853729110211,-2.4671365e-06,-0.00033027615,1.0415097e-10,0.022723546251654625,0.0011515077203512192
Step-Separation,0.01900455541908741,PSS-INNERSKIN,0.00033029611222445965,-2.4626881e-06,-0.00033028692,2.3885555e-10,0.022472798824310303,0.010289039462804794
Step-Separation,0.01900455541908741,PSS-OUTERSKIN,0.0003302853729110211,-2.4671365e-06,-0.00033027615,1.0415097e-10,0.02273287996649742,0.01036886777728796
Step-Separation,0.01900455541908741,Q1-CORE,0.006913995370268822,2.2852091e-06,-0.006913995,7.706727e-07,0.5594716668128967,7.027628612377157e-07
Step-Separation,0.01900455541908741,Q1-INNERSKIN,0.006913998629897833,2.2852032e-06,-0.0069139986,7.699381e-07,0.5594764947891235,5.006839273846708e-05
Step-Separation,0.01900455541908741,Q1-OUTERSKIN,0.006913581397384405,-4.2417201e-07,-0.0069135814,1.7694104e-07,0.559463381767273,4.917948899674229e-05
Step-Separation,0.01900455541908741,Q2-CORE,0.006913995370268822,-2.2852623e-06,-0.006913995,7.7088157e-07,0.5594714879989624,7.012666287664615e-07
Step-Separation,0.01900455541908741,Q2-INNERSKIN,0.006914000492542982,-2.285258e-06,-0.0069140005,7.701626e-07,0.5594763159751892,5.00352616654709e-05
Step-Separation,0.01900455541908741,Q2-OUTERSKIN,0.006913581397384405,-4.2456315e-07,-0.0069135814,-1.7684394e-07,0.559463381767273,4.932345837005414e-05
Step-Separation,0.021004552952945232,ADAPTER,0.0,0.0,0.0,0.0,0.0,0.0
Step-Separation,0.021004552952945232,PSS-CORE,0.00041223925654776394,3.17783e-08,-0.00041223774,-1.1156656e-06,0.05732537806034088,0.0014245162019506097
Step-Separation,0.021004552952945232,PSS-INNERSKIN,0.0004117887874599546,-4.4182876e-08,-0.0004117888,3.9136314e-10,0.05727621912956238,0.012649609707295895
Step-Separation,0.021004552952945232,PSS-OUTERSKIN,0.00041220683488063514,5.7277962e-08,-0.00041220535,-1.1132689e-06,0.057326238602399826,0.012965109199285507
Step-Separation,0.021004552952945232,Q1-CORE,0.008051125332713127,1.8087538e-06,-0.008051125,6.903179e-07,0.5771703124046326,6.62661705064238e-07
Step-Separation,0.021004552952945232,Q1-INNERSKIN,0.008051128126680851,1.8087483e-06,-0.008051128,6.897075e-07,0.5771691799163818,2.823756767611485e-05
Step-Separation,0.021004552952945232,Q1-OUTERSKIN,0.00805076863616705,3.240938e-06,-0.008050768,1.0369662e-06,0.577170193195343,2.5560946596669964e-05
Step-Separation,0.021004552952945232,Q2-CORE,0.008051127195358276,1.8075649e-06,-0.008051127,-6.9064754e-07,0.5771702527999878,6.635580120928353e-07
Step-Separation,0.021004552952945232,Q2-INNERSKIN,0.008051126264035702,-1.808849e-06,-0.008051126,6.899588e-07,0.5771693587303162,2.8208080038893968e-05
Step-Separation,0.021004552952945232,Q2-OUTERSKIN,0.008050770498812199,-3.2400278e-06,-0.00805077,1.0369239e-06,0.5771701335906982,2.560623579483945e-05
Step-Separation,0.02300454955548048,ADAPTER,0.0,0.0,0.0,0.0,0.0,0.0
Step-Separation,0.02300454955548048,PSS-CORE,0.0005378884961828589,5.2197436e-07,-0.00053787546,-3.7064372e-06,0.05986325070261955,0.0016842904733493924
Step-Separation,0.02300454955548048,PSS-INNERSKIN,0.0005376972258090973,2.5300767e-06,-0.0005376913,5.4764737e-10,0.05985680967569351,0.014815929345786572
Step-Separation,0.02300454955548048,PSS-OUTERSKIN,0.0005378651549108326,4.1152362e-07,-0.0005378521,-3.7176062e-06,0.059628140181303024,0.015582988038659096
Step-Separation,0.02300454955548048,Q1-CORE,0.009220317006111145,1.4179371e-06,-0.009220317,6.068701e-07,0.5916579961776733,6.005348609505745e-07
Step-Separation,0.02300454955548048,Q1-INNERSKIN,0.009220323525369167,1.4179328e-06,-0.0092203235,6.0641673e-07,0.5916418433189392,1.7353058865410276e-05
Step-Separation,0.02300454955548048,Q1-OUTERSKIN,0.009220017120242119,3.0383599e-06,-0.009220017,9.925981e-07,0.5916576981544495,1.6608713849564083e-05
Step-Separation,0.02300454955548048,Q2-CORE,0.00922031793743372,-1.4172947e-06,-0.009220318,6.0716263e-07,0.5916579961776733,5.994231173644948e-07
Step-Separation,0.02300454955548048,Q2-INNERSKIN,0.009220324456691742,-1.4172895e-06,-0.009220324,6.067537e-07,0.5916417837142944,1.735605655994732e-05
Step-Separation,0.02300454955548048,Q2-OUTERSKIN,0.009220018051564693,3.0387985e-06,-0.009220018,-9.933019e-07,0.5916576981544495,1.6540278011234477e-05
Step-Separation,0.025004546158015728,ADAPTER,0.0,0.0,0.0,0.0,0.0,0.0
Step-Separation,0.025004546158015728,PSS-CORE,0.0006264908006414771,3.5214005e-06,-0.0006264809,7.4235523e-10,0.02828945219516754,0.0019265806768089533
Step-Separation,0.025004546158015728,PSS-INNERSKIN,0.0006265181582421064,3.5213916e-06,-0.00062650826,5.63981e-10,0.028301721438765526,0.016856687143445015
Step-Separation,0.025004546158015728,PSS-OUTERSKIN,0.0006258371286094189,3.531822e-06,-0.0006258272,2.7198377e-10,0.027667339891195297,0.017975786700844765
Step-Separation,0.025004546158015728,Q1-CORE,0.010415749624371529,1.0808001e-06,-0.01041575,5.2196174e-07,0.6035037040710449,5.051203402217652e-07
Step-Separation,0.025004546158015728,Q1-INNERSKIN,0.010415750555694103,1.0807972e-06,-0.010415751,5.2162875e-07,0.6034792065620422,2.9350825570872985e-05
Step-Separation,0.025004546158015728,Q1-OUTERSKIN,0.010415482334792614,2.788996e-06,-0.010415482,9.1433884e-07,0.603503406047821,2.8153152015875094e-05
Step-Separation,0.025004546158015728,Q2-CORE,0.010415749624371529,-1.0808825e-06,-0.01041575,5.225726e-07,0.6035037040710449,5.027616793995549e-07
Step-Separation,0.025004546158015728,Q2-INNERSKIN,0.010415752418339252,-1.0808799e-06,-0.010415752,5.222023e-07,0.6034791469573975,2.9165965315769427e-05
Step-Separation,0.025004546158015728,Q2-OUTERSKIN,0.010415484197437763,2.7894143e-06,-0.010415484,-9.149798e-07,0.603503406047821,2.8269329050090164e-05
Step-Separation,0.027004542760550976,ADAPTER,0.0,0.0,0.0,0.0,0.0,0.0
Step-Separation,0.027004542760550976,PSS-CORE,0.0006530920509248972,1.8137401e-06,-0.00065308955,6.3640077e-10,0.0026867291890084743,0.002038717269897461
Step-Separation,0.027004542760550976,PSS-INNERSKIN,0.0006531333201564848,1.8137332e-06,-0.0006531308,5.376025e-10,0.0026897697243839502,0.01783740520477295
Step-Separation,0.027004542760550976,PSS-OUTERSKIN,0.0006513813277706504,1.8144553e-06,-0.0006513788,3.9577872e-10,0.002533877966925502,0.01904161646962166
Step-Separation,0.027004542760550976,Q1-CORE,0.011632624082267284,7.9855886e-07,-0.011632624,4.4218382e-07,0.6131876707077026,4.4418430888981675e-07
Step-Separation,0.027004542760550976,Q1-INNERSKIN,0.011632628738880157,7.985575e-07,-0.011632629,4.419886e-07,0.6131681203842163,4.757134956889786e-05
Step-Separation,0.027004542760550976,Q1-OUTERSKIN,0.011632395908236504,2.4992362e-06,-0.011632396,8.090262e-07,0.6131875514984131,4.613860073732212e-05
Step-Separation,0.027004542760550976,Q2-CORE,0.011632627807557583,-7.987593e-07,-0.011632628,4.4260244e-07,0.6131877303123474,4.413040244344302e-07
Step-Separation,0.027004542760550976,Q2-INNERSKIN,0.011632628738880157,-7.9875736e-07,-0.011632629,4.4244766e-07,0.6131681203842163,4.740596341434866e-05
Step-Separation,0.027004542760550976,Q2-OUTERSKIN,0.011632397770881653,2.4997107e-06,-0.011632398,-8.097747e-07,0.6131875514984131,4.614827412297018e-05
Step-Separation,0.029004539363086224,ADAPTER,0.0,0.0,0.0,0.0,0.0,0.0
Step-Separation,0.029004539363086224,PSS-CORE,0.0006247202400118113,-1.5564536e-06,-0.0006247183,3.2643538e-10,0.02694878913462162,0.001909559010528028
Step-Separation,0.029004539363086224,PSS-INNERSKIN,0.0006247811834327877,-1.5564598e-06,-0.00062477926,3.6695147e-10,0.026649532839655876,0.016714943572878838
Step-Separation,0.029004539363086224,PSS-OUTERSKIN,0.000622150138951838,-1.5527842e-06,-0.0006221482,3.7118994e-10,0.026956701651215553,0.017794238403439522
Step-Separation,0.029004539363086224,Q1-CORE,0.012867054902017117,5.639566e-07,-0.012867055,3.6864057e-07,0.6211006045341492,4.94986466037517e-07
Step-Separation,0.029004539363086224,Q1-INNERSKIN,0.012867056764662266,9.1139407e-07,-0.012867057,4.2014787e-07,0.6210941076278687,6.258588109631091e-05
Step-Separation,0.029004539363086224,Q1-OUTERSKIN,0.012866856530308723,-4.0542633e-07,-0.0128668565,7.487338e-08,0.621100664138794,5.984160816296935e-05
Step-Separation,0.029004539363086224,Q2-CORE,0.012867056764662266,5.646135e-07,-0.012867057,-3.6884018e-07,0.621100664138794,4.970906957169063e-07
Step-Separation,0.029004539363086224,Q2-INNERSKIN,0.012867056764662266,-9.1166976e-07,-0.012867057,4.2054987e-07,0.6210942268371582,6.240336369955912e-05
Step-Separation,0.029004539363086224,Q2-OUTERSKIN,0.012866856530308723,-4.209839e-07,-0.0128668565,-7.466288e-08,0.6211006045341492,5.987296754028648e-05
Step-Separation,0.03100453596562147,ADAPTER,0.0,0.0,0.0,0.0,0.0,0.0
Step-Separation,0.03100453596562147,PSS-CORE,0.0005540993297472596,-3.8502044e-06,-0.00055408594,2.8238597e-11,0.04039585217833519,0.001743788248859346
Step-Separation,0.03100453596562147,PSS-INNERSKIN,0.0005541685968637466,-3.8502085e-06,-0.0005541552,1.5564931e-10,0.04039902985095978,0.015331030823290348
Step-Separation,0.03100453596562147,PSS-OUTERSKIN,0.000551510660443455,-3.8320445e-06,-0.00055149733,2.8837235e-10,0.04007808864116669,0.016126833856105804
Step-Separation,0.03100453596562147,Q1-CORE,0.01411584671586752,3.6006526e-07,-0.014115847,3.038119e-07,0.6275761127471924,5.609948061646719e-07
Step-Separation,0.03100453596562147,Q1-INNERSKIN,0.014115845784544945,3.600659e-07,-0.014115846,3.038178e-07,0.627577006816864,7.428973185596988e-05
Step-Separation,0.03100453596562147,Q1-OUTERSKIN,0.014115685597062111,4.8808585e-07,-0.014115686,-6.3732436e-08,0.6275762319564819,7.085008110152557e-05
Step-Separation,0.03100453596562147,Q2-CORE,0.014115843921899796,-3.5993511e-07,-0.014115844,3.042293e-07,0.6275762319564819,5.628090775644523e-07
Step-Separation,0.03100453596562147,Q2-INNERSKIN,0.014115843921899796,3.597936e-07,-0.014115844,-3.0396987e-07,0.627577006816864,7.414910214720294e-05
Step-Separation,0.03100453596562147,Q2-OUTERSKIN,0.014115685597062111,-4.886289e-07,-0.014115686,-6.377536e-08,0.6275762915611267,7.082925731083378e-05
Step-Separation,0.03300453256815672,ADAPTER,0.0,0.0,0.0,0.0,0.0,0.0
Step-Separation,0.03300453256815672,PSS-CORE,0.0004822571645490825,-3.2816567e-06,-0.000482246,-1.2012281e-11,0.027925459668040276,0.0015810835175216198
Step-Separation,0.03300453256815672,PSS-INNERSKIN,0.00048231330583803356,-3.2816577e-06,-0.00048230213,9.706861e-11,0.027933940291404724,0.013962669298052788
Step-Separation,0.03300453256815672,PSS-OUTERSKIN,0.0004807055229321122,-3.2646012e-06,-0.00048069443,2.5283511e-10,0.02717122994363308,0.014514520764350891
Step-Separation,0.03300453256815672,Q1-CORE,0.015376376919448376,4.858884e-07,-0.015376377,2.845572e-07,0.6328740119934082,6.189156920299865e-07
Step-Separation,0.03300453256815672,Q1-INNERSKIN,0.015376375988125801,4.858886e-07,-0.015376376,2.8450302e-07,0.632875919342041,8.178280404536054e-05
Step-Separation,0.03300453256815672,Q1-OUTERSKIN,0.015376311726868153,-9.186152e-07,-0.015376312,-5.9891954e-07,0.632874071598053,7.786417700117454e-05
Step-Separation,0.03300453256815672,Q2-CORE,0.015376374125480652,-4.8568984e-07,-0.015376374,2.8509453e-07,0.632874071598053,6.218257908585656e-07
Step-Separation,0.03300453256815672,Q2-INNERSKIN,0.015376374125480652,4.8565056e-07,-0.015376374,-2.8473903e-07,0.6328757405281067,8.164831524481997e-05
Step-Separation,0.03300453256815672,Q2-OUTERSKIN,0.01537630707025528,-7.808301e-07,-0.015376307,3.7538825e-07,0.632874071598053,7.788054790580645e-05
Step-Separation,0.03500452917069197,ADAPTER,0.0,0.0,0.0,0.0,0.0,0.0
Step-Separation,0.03500452917069197,PSS-CORE,0.0004464373632799834,-4.334003e-07,-0.00044643716,2.1210128e-10,0.008499780669808388,0.0014577081892639399
Step-Separation,0.03500452917069197,PSS-INNERSKIN,0.000446464866399765,-4.3340123e-07,-0.00044646466,2.1511987e-10,0.008509431034326553,0.01289214938879013
Step-Separation,0.03500452917069197,PSS-OUTERSKIN,0.0004463147488422692,-4.312746e-07,-0.00044631455,-2.436624e-11,0.007867353036999702,0.013352455571293831
Step-Separation,0.03500452917069197,Q1-CORE,0.016646534204483032,-8.972897e-07,-0.016646534,-4.9418605e-07,0.6372098922729492,6.466786999226315e-07
Step-Separation,0.03500452917069197,Q1-INNERSKIN,0.01664651744067669,3.1746927e-07,-0.016646517,2.3013462e-07,0.6372080445289612,8.599692955613136e-05
Step-Separation,0.03500452917069197,Q1-OUTERSKIN,0.016646534204483032,-1.0099453e-06,-0.016646534,-7.0414853e-07,0.6372097730636597,8.141822036122903e-05
Step-Separation,0.03500452917069197,Q2-CORE,0.016646532341837883,-8.964453e-07,-0.016646532,4.9352104e-07,0.6372097730636597,6.485130938926886e-07
Step-Separation,0.03500452917069197,Q2-INNERSKIN,0.01664651557803154,3.1799533e-07,-0.016646516,-2.3024293e-07,0.6372079849243164,8.59241554280743e-05
Step-Separation,0.03500452917069197,Q2-OUTERSKIN,0.016646530479192734,-8.8625933e-07,-0.01664653,4.80906e-07,0.6372097134590149,8.137488475767896e-05
Step-Separation,0.03700453881174326,ADAPTER,0.0,0.0,0.0,0.0,0.0,0.0
Step-Separation,0.03700453881174326,PSS-CORE,0.00044861671631224453,2.5098343e-06,-0.0004486097,1.4319124e-10,0.009752671234309673,0.0014741119230166078
Step-Separation,0.03700453881174326,PSS-INNERSKIN,0.00044795736903324723,2.5122195e-06,-0.00044795033,1.500069e-10,0.009701619856059551,0.013017316348850727
Step-Separation,0.03700453881174326,PSS-OUTERSKIN,0.00044861671631224453,2.5098343e-06,-0.0004486097,1.4319124e-10,0.009756065905094147,0.01354073453694582
Step-Separation,0.03700453881174326,Q1-CORE,0.017924608662724495,-1.0681363e-06,-0.017924609,-7.662267e-07,0.6407538652420044,6.557360165970749e-07
Step-Separation,0.03700453881174326,Q1-INNERSKIN,0.017924517393112183,1.6866012e-07,-0.017924517,1.8425516e-07,0.6407522559165955,8.719415200175717e-05
Step-Separation,0.03700453881174326,Q1-OUTERSKIN,0.017924610525369644,-1.072434e-06,-0.01792461,-7.858337e-07,0.6407537460327148,8.256721775978804e-05
Step-Separation,0.03700453881174326,Q2-CORE,0.017924606800079346,-9.804291e-07,-0.017924607,5.8422734e-07,0.6407537460327148,6.576420901183155e-07
Step-Separation,0.03700453881174326,Q2-INNERSKIN,0.017924517393112183,-1.6948373e-07,-0.017924517,1.8487128e-07,0.6407520771026611,8.704078936716542e-05
Step-Separation,0.03700453881174326,Q2-OUTERSKIN,0.017924606800079346,-1.0715662e-06,-0.017924607,7.8483004e-07,0.6407536268234253,8.25417009764351e-05
Step-Separation,0.03900457266718149,ADAPTER,0.0,0.0,0.0,0.0,0.0,0.0
Step-Separation,0.03900457266718149,PSS-CORE,0.0004823127237614244,8.590044e-07,-0.00048229285,4.2938914e-06,0.023146064952015877,0.0015753140905871987
Step-Separation,0.03900457266718149,PSS-INNERSKIN,0.0004819530004169792,3.428367e-06,-0.0004819408,2.2252636e-10,0.023146944120526314,0.0138669703155756
Step-Separation,0.03900457266718149,PSS-OUTERSKIN,0.0004823052731808275,7.2378486e-07,-0.0004822854,4.319622e-06,0.0227187629789114,0.014549905434250832
Step-Separation,0.03900457266718149,Q1-CORE,0.019209103658795357,-1.1166477e-06,-0.019209104,-8.607991e-07,0.6436546444892883,6.51944560559059e-07
Step-Separation,0.03900457266718149,Q1-INNERSKIN,0.019208958372473717,-4.796806e-09,-0.019208958,6.9312622e-09,0.6436517238616943,8.797337795840576e-05
Step-Separation,0.03900457266718149,Q1-OUTERSKIN,0.019209107384085655,-1.1151662e-06,-0.019209107,-8.490619e-07,0.6436543464660645,8.309744589496404e-05
Step-Separation,0.03900457266718149,Q2-CORE,0.019209101796150208,-1.0471342e-06,-0.019209102,6.609965e-07,0.643654465675354,6.546205213453504e-07
Step-Separation,0.03900457266718149,Q2-INNERSKIN,0.019208958372473717,4.798274e-09,-0.019208958,6.725565e-09,0.6436516046524048,8.78101636772044e-05
Step-Separation,0.03900457266718149,Q2-OUTERSKIN,0.019209101796150208,-1.1141916e-06,-0.019209102,8.479527e-07,0.6436542272567749,8.316678577102721e-05
Step-Separation,0.041004606522619724,ADAPTER,0.0,0.0,0.0,0.0,0.0,0.0
Step-Separation,0.041004606522619724,PSS-CORE,0.0005308719701133668,1.8391445e-06,-0.00053086877,4.0245463e-10,0.022915998473763466,0.0016803514445200562
Step-Separation,0.041004606522619724,PSS-INNERSKIN,0.0005308999097906053,1.8391411e-06,-0.0005308967,2.928597e-10,0.02292725071310997,0.014751307666301727
Step-Separation,0.041004606522619724,PSS-OUTERSKIN,0.0005301204510033131,1.856463e-06,-0.0005301172,9.00285e-11,0.022254053503274918,0.015590437687933445
Step-Separation,0.041004606522619724,Q1-CORE,0.02049885131418705,-1.1405075e-06,-0.020498851,-9.047464e-07,0.646025538444519,6.543598942698736e-07
Step-Separation,0.041004606522619724,Q1-INNERSKIN,0.020498700439929962,1.5110682e-07,-0.0204987,1.7681862e-07,0.6460248827934265,8.89624934643507e-05
Step-Separation,0.041004606522619724,Q1-OUTERSKIN,0.02049885503947735,-1.1408222e-06,-0.020498855,-8.9449026e-07,0.6460252404212952,8.441192767350003e-05
Step-Separation,0.041004606522619724,Q2-CORE,0.0204988494515419,-1.0984485e-06,-0.02049885,7.228072e-07,0.6460254788398743,6.55817643746559e-07
Step-Separation,0.041004606522619724,Q2-INNERSKIN,0.020498696714639664,1.5648084e-07,-0.020498697,-1.7400758e-07,0.6460248231887817,8.876122592482716e-05
Step-Separation,0.041004606522619724,Q2-OUTERSKIN,0.0204988494515419,-1.1397692e-06,-0.02049885,8.9344934e-07,0.6460251808166504,8.445020648650825e-05
Step-Separation,0.04300464037805796,ADAPTER,0.0,0.0,0.0,0.0,0.0,0.0
Step-Separation,0.04300464037805796,PSS-CORE,0.0005654392298310995,-8.9884924e-07,-0.00056543853,3.4163106e-10,0.011229204013943672,0.0017767940880730748
Step-Separation,0.04300464037805796,PSS-INNERSKIN,0.0005654885899275541,-8.988526e-07,-0.0005654879,3.4699396e-10,0.0112427594140172,0.015588377602398396
Step-Separation,0.04300464037805796,PSS-OUTERSKIN,0.0005635048728436232,-8.855518e-07,-0.0005635042,1.4330816e-10,0.010753374546766281,0.016496792435646057
Step-Separation,0.04300464037805796,Q1-CORE,0.02179289609193802,-1.1564465e-06,-0.021792896,-9.378662e-07,0.6479662656784058,6.460958843490516e-07
Step-Separation,0.04300464037805796,Q1-INNERSKIN,0.021792743355035782,1.6216664e-07,-0.021792743,1.6801599e-07,0.6479654908180237,8.771808643359691e-05
Step-Separation,0.04300464037805796,Q1-OUTERSKIN,0.021792899817228317,-1.1578095e-06,-0.0217929,-9.2852116e-07,0.6479659080505371,8.304764924105257e-05
Step-Separation,0.04300464037805796,Q2-CORE,0.02179289236664772,-1.1439876e-06,-0.021792892,7.7711996e-07,0.6479661464691162,6.483054448835901e-07
Step-Separation,0.04300464037805796,Q2-INNERSKIN,0.021792737767100334,1.7156425e-07,-0.021792738,-1.6682893e-07,0.6479654312133789,8.750023698667064e-05
Step-Separation,0.04300464037805796,Q2-OUTERSKIN,0.02179289422929287,-1.1567374e-06,-0.021792894,9.2744756e-07,0.6479658484458923,8.304154471261427e-05
Step-Separation,0.04500467423349619,ADAPTER,0.0,0.0,0.0,0.0,0.0,0.0
Step-Separation,0.04500467423349619,PSS-CORE,0.0005755856400355697,-2.8126638e-06,-0.0005755788,3.438794e-10,0.0019586647395044565,0.0018119739834219217
Step-Separation,0.04500467423349619,PSS-INNERSKIN,0.0005756480386480689,-2.8126651e-06,-0.00057564117,4.412276e-10,0.001955141546204686,0.01590997911989689
Step-Separation,0.04500467423349619,PSS-OUTERSKIN,0.0005731669953092933,-2.8075456e-06,-0.0005731601,2.2004384e-10,0.001958154607564211,0.0167985912412405
Step-Separation,0.04500467423349619,Q1-CORE,0.023090453818440437,-1.1544314e-06,-0.023090454,-9.817894e-07,0.649552047252655,6.38167023225833e-07
Step-Separation,0.04500467423349619,Q1-INNERSKIN,0.02309029921889305,1.6312504e-07,-0.0230903,1.5003818e-07,0.6495526432991028,8.606242772657424e-05
Step-Separation,0.04500467423349619,Q1-OUTERSKIN,0.023090455681085587,-1.1671218e-06,-0.023090456,-9.545529e-07,0.649551510810852,8.13903970993124e-05
Step-Separation,0.04500467423349619,Q2-CORE,0.023090451955795288,-1.1824524e-06,-0.023090452,8.2367967e-07,0.6495518684387207,6.40313032818085e-07
Step-Separation,0.04500467423349619,Q2-INNERSKIN,0.023090291768312454,8.7872905e-08,-0.023090292,-1.22285e-07,0.649552583694458,8.589518256485462e-05
Step-Separation,0.04500467423349619,Q2-OUTERSKIN,0.023090451955795288,-1.1658769e-06,-0.023090452,9.5332445e-07,0.6495516300201416,8.135264943121001e-05
Step-Separation,0.04700470436364412,ADAPTER,0.0,0.0,0.0,0.0,0.0,0.0
Step-Separation,0.04700470436364412,PSS-CORE,0.0005628957878798246,-2.666095e-06,-0.0005628895,2.7655192e-10,0.011380009353160858,0.0017649789806455374
Step-Separation,0.04700470436364412,PSS-INNERSKIN,0.0005629525985568762,-2.6660982e-06,-0.0005629463,3.7397946e-10,0.011387391947209835,0.015516405925154686
Step-Separation,0.04700470436364412,PSS-OUTERSKIN,0.0005609604995697737,-2.6620996e-06,-0.0005609542,2.1991721e-10,0.01094319298863411,0.016328612342476845
Step-Separation,0.04700470436364412,Q1-CORE,0.02439088746905327,-1.158529e-06,-0.024390887,-9.997165e-07,0.6508506536483765,6.320173611129576e-07
Step-Separation,0.04700470436364412,Q1-INNERSKIN,0.024390729144215584,1.5561383e-07,-0.02439073,1.2427655e-07,0.6508512496948242,8.373808668693528e-05
Step-Separation,0.04700470436364412,Q1-OUTERSKIN,0.024390889331698418,-1.1757949e-06,-0.02439089,-9.76262e-07,0.6508504748344421,7.928430568426847e-05
Step-Separation,0.04700470436364412,Q2-CORE,0.02439088374376297,-1.2210232e-06,-0.024390884,8.662729e-07,0.6508505344390869,6.343782388285035e-07
Step-Separation,0.04700470436364412,Q2-INNERSKIN,0.024390723556280136,1.0849568e-07,-0.024390724,-1.1946138e-07,0.6508512496948242,8.359119237866253e-05
Step-Separation,0.04700470436364412,Q2-OUTERSKIN,0.02439088560640812,-1.1618976e-06,-0.024390886,9.915767e-07,0.6508504152297974,7.926693797344342e-05
Step-Separation,0.049004738219082355,ADAPTER,0.0,0.0,0.0,0.0,0.0,0.0
Step-Separation,0.049004738219082355,PSS-CORE,0.0005341969663277268,-7.948661e-07,-0.0005341964,1.9954147e-10,0.015822453424334526,0.0016986886039376259
Step-Separation,0.049004738219082355,PSS-INNERSKIN,0.0005342351505532861,-7.948711e-07,-0.00053423457,2.2699198e-10,0.015832025557756424,0.01495304424315691
Step-Separation,0.049004738219082355,PSS-OUTERSKIN,0.0005332479486241937,-7.872798e-07,-0.00053324737,1.9760346e-10,0.015313892625272274,0.0156790129840374
Step-Separation,0.049004738219082355,Q1-CORE,0.025693673640489578,-1.1957903e-06,-0.025693674,-9.880329e-07,0.6519114971160889,6.445807798627357e-07
Step-Separation,0.049004738219082355,Q1-INNERSKIN,0.025693511590361595,5.4167398e-08,-0.025693512,9.111148e-08,0.6519124507904053,8.124423766275868e-05
Step-Separation,0.049004738219082355,Q1-OUTERSKIN,0.025693675503134727,-1.1852829e-06,-0.025693676,-9.962655e-07,0.6519109010696411,7.680134876864031e-05
Step-Separation,0.049004738219082355,Q2-CORE,0.02569366991519928,-1.2588117e-06,-0.02569367,9.063215e-07,0.6519114971160889,6.39156098714011e-07
Step-Separation,0.049004738219082355,Q2-INNERSKIN,0.025693506002426147,4.6018954e-08,-0.025693506,-8.531395e-08,0.6519123911857605,8.109283953672275e-05
Step-Separation,0.049004738219082355,Q2-OUTERSKIN,0.02569366991519928,-1.1837749e-06,-0.02569367,9.948668e-07,0.6519110202789307,7.677057146793231e-05
Step-Separation,0.05100477207452059,ADAPTER,0.0,0.0,0.0,0.0,0.0,0.0
Step-Separation,0.05100477207452059,PSS-CORE,0.000506505137309432,1.2880737e-06,-0.0005065035,2.0293857e-10,0.010796177200973034,0.001632057479582727
Step-Separation,0.05100477207452059,PSS-INNERSKIN,0.0005065284203737974,1.2880689e-06,-0.0005065268,1.4876453e-10,0.010801024734973907,0.01437304262071848
Step-Separation,0.05100477207452059,PSS-OUTERSKIN,0.0005063366261310875,1.2965817e-06,-0.00050633494,1.595942e-10,0.010542277246713638,0.015055153518915176
Step-Separation,0.05100477207452059,Q1-CORE,0.026998382061719894,-1.1888983e-06,-0.026998382,-1.0222718e-06,0.6527789831161499,6.607068598896149e-07
Step-Separation,0.05100477207452059,Q1-INNERSKIN,0.02699822187423706,-1.4507784e-08,-0.026998222,-1.3932483e-07,0.6527788043022156,7.887331594247371e-05
Step-Separation,0.05100477207452059,Q1-OUTERSKIN,0.026998383924365044,-1.1965421e-06,-0.026998384,-1.0181296e-06,0.6527788043022156,7.415566506097093e-05
Step-Separation,0.05100477207452059,Q2-CORE,0.026998376473784447,-1.2982558e-06,-0.026998376,9.483651e-07,0.6527791619300842,6.545935775648104e-07
Step-Separation,0.05100477207452059,Q2-INNERSKIN,0.026998218148946762,-2.0793747e-08,-0.026998218,-1.04811726e-07,0.6527787446975708,7.869180262787268e-05
Step-Separation,0.05100477207452059,Q2-OUTERSKIN,0.026998378336429596,-1.195137e-06,-0.026998378,1.016797e-06,0.6527789235115051,7.411762635456398e-05
Step-Separation,0.05300480592995882,ADAPTER,0.0,0.0,0.0,0.0,0.0,0.0
Step-Separation,0.05300480592995882,PSS-CORE,0.0004928690032102168,2.1549054e-06,-0.0004928643,1.6405502e-10,0.0030269217677414417,0.0015872569056227803
Step-Separation,0.05300480592995882,PSS-INNERSKIN,0.0004928876296617091,2.154901e-06,-0.0004928829,6.170636e-11,0.002919495338574052,0.013972615823149681
Step-Separation,0.05300480592995882,PSS-OUTERSKIN,0.0004928224952891469,2.162979e-06,-0.0004928177,1.2486484e-10,0.0030270121060311794,0.01465620007365942
Step-Separation,0.05300480592995882,Q1-CORE,0.02830466255545616,-1.2012908e-06,-0.028304663,-1.0465694e-06,0.6534910202026367,6.781644970033085e-07
Step-Separation,0.05300480592995882,Q1-INNERSKIN,0.028304507955908775,-4.2122004e-08,-0.028304508,-1.7782493e-07,0.6534900665283203,7.722113514319062e-05
Step-Separation,0.05300480592995882,Q1-OUTERSKIN,0.02830466628074646,-1.2104501e-06,-0.028304666,-1.0437496e-06,0.6534909605979919,7.225437730085105e-05
Step-Separation,0.05300480592995882,Q2-CORE,0.028304655104875565,-1.3388026e-06,-0.028304655,9.920622e-07,0.6534910202026367,6.709772719659668e-07
Step-Separation,0.05300480592995882,Q2-INNERSKIN,0.028304502367973328,2.5720417e-09,-0.028304502,-1.446802e-07,0.6534900069236755,7.702242146478966e-05
Step-Separation,0.05300480592995882,Q2-OUTERSKIN,0.028304655104875565,-1.2088447e-06,-0.028304655,1.042452e-06,0.6534910202026367,7.218738755909726e-05
Step-Separation,0.05500483978539705,ADAPTER,0.0,0.0,0.0,0.0,0.0,0.0
Step-Separation,0.05500483978539705,PSS-CORE,0.0004944915417581797,1.4265976e-06,-0.00049448945,1.7313014e-10,0.004445228725671768,0.0015955341514199972
Step-Separation,0.05500483978539705,PSS-INNERSKIN,0.000494517560582608,1.4265952e-06,-0.0004945155,9.41272e-11,0.004451008513569832,0.014039350673556328
Step-Separation,0.05500483978539705,PSS-OUTERSKIN,0.0004939392674714327,1.4368512e-06,-0.0004939372,1.2460673e-10,0.004131213761866093,0.01474361028522253
Step-Separation,0.05500483978539705,Q1-CORE,0.029612228274345398,-1.2165544e-06,-0.029612228,-1.0747542e-06,0.6540721654891968,6.962764587115089e-07
Step-Separation,0.05500483978539705,Q1-INNERSKIN,0.02961207926273346,-2.3857533e-08,-0.02961208,-1.4636382e-07,0.6540713906288147,7.577267388114706e-05
Step-Separation,0.05500483978539705,Q1-OUTERSKIN,0.029612231999635696,-1.2268409e-06,-0.029612232,-1.0728103e-06,0.6540719270706177,7.075147732393816e-05
Step-Separation,0.05500483978539705,Q2-CORE,0.0296122208237648,-1.3813086e-06,-0.02961222,1.0378762e-06,0.6540720462799072,6.895913884363836e-07
Step-Separation,0.05500483978539705,Q2-INNERSKIN,0.029612071812152863,-6.4188114e-08,-0.029612072,2.1252607e-07,0.6540712714195251,7.560490485047922e-05
Step-Separation,0.05500483978539705,Q2-OUTERSKIN,0.0296122208237648,-1.2254027e-06,-0.02961222,1.0715644e-06,0.6540718674659729,7.071624713717028e-05
Step-Separation,0.057004873640835285,ADAPTER,0.0,0.0,0.0,0.0,0.0,0.0
Step-Separation,0.057004873640835285,PSS-CORE,0.0005088578909635544,-1.5874451e-07,-0.0005088579,2.265776e-10,0.009343234822154045,0.0016345561016350985
Step-Separation,0.057004873640835285,PSS-INNERSKIN,0.0005088960751891136,-1.5874518e-07,-0.0005088961,2.037483e-10,0.009348545223474503,0.014378257095813751
Step-Separation,0.057004873640835285,PSS-OUTERSKIN,0.0005076304660178721,-1.4736614e-07,-0.0005076304,1.0639488e-10,0.009043807163834572,0.015111572109162807
Step-Separation,0.057004873640835285,Q1-CORE,0.0309208482503891,-1.2359357e-06,-0.030920848,-1.1060299e-06,0.654547393321991,7.158270136642386e-07
Step-Separation,0.057004873640835285,Q1-INNERSKIN,0.03092069923877716,-4.5198693e-08,-0.0309207,-1.8319463e-07,0.6545462608337402,7.467699469998479e-05
Step-Separation,0.057004873640835285,Q1-OUTERSKIN,0.030920851975679398,-1.2473913e-06,-0.030920852,-1.1050413e-06,0.654547393321991,6.946278153918684e-05
Step-Separation,0.057004873640835285,Q2-CORE,0.030920837074518204,-1.425729e-06,-0.030920837,1.0858919e-06,0.654547393321991,7.080137720549828e-07
Step-Separation,0.057004873640835285,Q2-INNERSKIN,0.030920691788196564,-8.405098e-08,-0.030920692,2.4518678e-07,0.6545461416244507,7.447372627211735e-05
Step-Separation,0.057004873640835285,Q2-OUTERSKIN,0.030920838937163353,-1.2458304e-06,-0.030920839,1.1037138e-06,0.654547393321991,6.941600440768525e-05
Step-Separation,0.05900490749627352,ADAPTER,0.0,0.0,0.0,0.0,0.0,0.0
Step-Separation,0.05900490749627352,PSS-CORE,0.0005278419703245163,-1.4128562e-06,-0.0005278401,2.4958632e-10,0.008674358017742634,0.0016776805277913809
Step-Separation,0.05900490749627352,PSS-INNERSKIN,0.0005278857424855232,-1.4128576e-06,-0.0005278839,2.7742653e-10,0.008675431832671165,0.0147543391212821
Step-Separation,0.05900490749627352,PSS-OUTERSKIN,0.0005262419581413269,-1.4036905e-06,-0.0005262401,1.1217629e-10,0.008592288009822369,0.015513679943978786
Step-Separation,0.05900490749627352,Q1-CORE,0.03223033249378204,-1.2569884e-06,-0.032230332,-1.1395439e-06,0.6549361944198608,7.357280082942452e-07
Step-Separation,0.05900490749627352,Q1-INNERSKIN,0.032230183482170105,-6.301676e-08,-0.032230183,-2.1649451e-07,0.6549361944198608,7.37846057745628e-05
Step-Separation,0.05900490749627352,Q1-OUTERSKIN,0.03223033621907234,-1.2697561e-06,-0.032230336,-1.1395089e-06,0.6549360752105713,6.854524690425023e-05
Step-Separation,0.05900490749627352,Q2-CORE,0.03223032131791115,-1.4714911e-06,-0.03223032,1.1351201e-06,0.6549362540245056,7.284651246663998e-07
Step-Separation,0.05900490749627352,Q2-INNERSKIN,0.03223017603158951,-6.2462604e-08,-0.032230176,2.1639055e-07,0.6549361944198608,7.359919982263818e-05
Step-Separation,0.05900490749627352,Q2-OUTERSKIN,0.03223032131791115,-1.2681086e-06,-0.03223032,1.1381992e-06,0.6549361348152161,6.84409387758933e-05
Step-Separation,0.06100494135171175,ADAPTER,0.0,0.0,0.0,0.0,0.0,0.0
Step-Separation,0.06100494135171175,PSS-CORE,0.0005408566794358194,-1.5734078e-06,-0.0005408544,2.3605648e-10,0.004252998623996973,0.0017151394858956337
Step-Separation,0.06100494135171175,PSS-INNERSKIN,0.0005408995202742517,-1.5734103e-06,-0.00054089725,2.757925e-10,0.004122469108551741,0.01508303266018629
Step-Separation,0.06100494135171175,PSS-OUTERSKIN,0.0005393302417360246,-1.567967e-06,-0.000539328,1.680557e-10,0.004252998623996973,0.01585918664932251
Step-Separation,0.06100494135171175,Q1-CORE,0.0335405133664608,-1.2491954e-06,-0.033540513,-1.1754155e-06,0.6552541255950928,7.555443062301492e-07
Step-Separation,0.06100494135171175,Q1-INNERSKIN,0.03354036435484886,-7.7418804e-08,-0.033540364,-2.4659997e-07,0.6552540063858032,7.319788710447028e-05
Step-Separation,0.06100494135171175,Q1-OUTERSKIN,0.0335405170917511,-1.2966201e-06,-0.033540517,-1.1772366e-06,0.6552541255950928,6.791877967771143e-05
Step-Separation,0.06100494135171175,Q2-CORE,0.0335405059158802,-1.2810162e-06,-0.033540506,1.1751666e-06,0.6552538871765137,7.481704074052686e-07
Step-Separation,0.06100494135171175,Q2-INNERSKIN,0.033540356904268265,-7.680481e-08,-0.033540357,2.4655233e-07,0.6552540063858032,7.30156316421926e-05
Step-Separation,0.06100494135171175,Q2-OUTERSKIN,0.0335405059158802,-1.2947608e-06,-0.033540506,1.1758104e-06,0.6552538871765137,6.789384497096762e-05
Step-Separation,0.06300497520714998,ADAPTER,0.0,0.0,0.0,0.0,0.0,0.0
Step-Separation,0.06300497520714998,PSS-CORE,0.0005442207329906523,-7.3374315e-07,-0.0005442202,2.852639e-10,0.0009018345735967159,0.0017260642489418387
Step-Separation,0.06300497520714998,PSS-INNERSKIN,0.000544257927685976,-7.337469e-07,-0.00054425746,2.9949773e-10,0.0009057101560756564,0.015177487395703793
Step-Separation,0.06300497520714998,PSS-OUTERSKIN,0.0005430667661130428,-7.2881716e-07,-0.0005430663,1.5906781e-10,0.0008177090203389525,0.01596333459019661
Step-Separation,0.06300497520714998,Q1-CORE,0.03485127165913582,-1.3099433e-06,-0.03485127,-1.2150399e-06,0.6555126309394836,7.761124152239063e-07
Step-Separation,0.06300497520714998,Q1-INNERSKIN,0.03485112264752388,-8.957689e-08,-0.034851123,-2.7432603e-07,0.6555129885673523,7.30946849216707e-05
Step-Separation,0.06300497520714998,Q1-OUTERSKIN,0.03485127538442612,-1.3249231e-06,-0.034851275,-1.2164281e-06,0.6555126309394836,6.778355600545183e-05
Step-Separation,0.06300497520714998,Q2-CORE,0.03485126420855522,-1.5668791e-06,-0.034851264,1.236823e-06,0.6555126309394836,7.682949103582359e-07
Step-Separation,0.06300497520714998,Q2-INNERSKIN,0.03485111519694328,-8.897981e-08,-0.034851115,2.7429607e-07,0.6555129885673523,7.287557673407719e-05
Step-Separation,0.06300497520714998,Q2-OUTERSKIN,0.03485126048326492,-1.5829658e-06,-0.03485126,1.2386328e-06,0.6555126309394836,6.773037603124976e-05
Step-Separation,0.06500500906258821,ADAPTER,0.0,0.0,0.0,0.0,0.0,0.0
Step-Separation,0.06500500906258821,PSS-CORE,0.0005385886179283261,3.8594663e-07,-0.0005385885,3.400948e-10,0.004710804671049118,0.0017078951932489872
Step-Separation,0.06500500906258821,PSS-INNERSKIN,0.00053861562628299,3.8594095e-07,-0.0005386155,3.1335642e-10,0.004714424721896648,0.015015699900686741
Step-Separation,0.06500500906258821,PSS-OUTERSKIN,0.000537801650352776,3.93933e-07,-0.00053780153,1.5494729e-10,0.004571590572595596,0.015798963606357574
Step-Separation,0.06500500906258821,Q1-CORE,0.03616249933838844,-1.3390617e-06,-0.0361625,-1.2555917e-06,0.6557253003120422,7.956625154292851e-07
Step-Separation,0.06500500906258821,Q1-INNERSKIN,0.036162350326776505,-9.694189e-08,-0.03616235,-2.8893018e-07,0.6557245254516602,7.332962559303269e-05
Step-Separation,0.06500500906258821,Q1-OUTERSKIN,0.03616250306367874,-1.3547641e-06,-0.036162503,-1.2574376e-06,0.6557253003120422,6.804677104810253e-05
Step-Separation,0.06500500906258821,Q2-CORE,0.036162491887807846,-1.617111e-06,-0.036162492,1.2894013e-06,0.6557251214981079,7.874384664319223e-07
Step-Separation,0.06500500906258821,Q2-INNERSKIN,0.03616234287619591,-9.897005e-08,-0.036162343,2.9061877e-07,0.6557245254516602,7.305522012757137e-05
Step-Separation,0.06500500906258821,Q2-OUTERSKIN,0.03616248816251755,-1.6347004e-06,-0.03616249,1.2920004e-06,0.6557250618934631,6.800714618293568e-05
Step-Separation,0.06700503919273615,ADAPTER,0.0,0.0,0.0,0.0,0.0,0.0
Step-Separation,0.06700503919273615,PSS-CORE,0.0005273046554066241,1.0181685e-06,-0.00052730367,3.049009e-10,0.006001926027238369,0.001681117108091712
Step-Separation,0.06700503919273615,PSS-INNERSKIN,0.0005273307324387133,1.0181625e-06,-0.00052732974,2.4624888e-10,0.005996495019644499,0.014782136306166649
Step-Separation,0.06700503919273615,PSS-OUTERSKIN,0.0005266452790237963,1.0280842e-06,-0.0005266443,1.6735124e-10,0.006001926027238369,0.015548075549304485
Step-Separation,0.06700503919273615,Q1-CORE,0.03747411444783211,-1.3672894e-06,-0.037474114,-1.2961308e-06,0.6558991074562073,8.135626785588101e-07
Step-Separation,0.06700503919273615,Q1-INNERSKIN,0.03747396916151047,-1.0377904e-07,-0.03747397,-3.0987187e-07,0.6558979153633118,7.368561637122184e-05
Step-Separation,0.06700503919273615,Q1-OUTERSKIN,0.037474118173122406,-1.3841553e-06,-0.03747412,-1.298786e-06,0.6558991074562073,6.847278564237058e-05
Step-Separation,0.06700503919273615,Q2-CORE,0.03747410699725151,-1.6669036e-06,-0.037474107,1.3423623e-06,0.6558989882469177,8.045437880355166e-07
Step-Separation,0.06700503919273615,Q2-INNERSKIN,0.03747395798563957,-1.043449e-07,-0.037473958,3.096393e-07,0.6558979749679565,7.35127687221393e-05
Step-Separation,0.06700503919273615,Q2-OUTERSKIN,0.03747410327196121,-1.6860962e-06,-0.037474103,1.3457309e-06,0.6558989882469177,6.843921437393874e-05
Step-Separation,0.06900506932288408,ADAPTER,0.0,0.0,0.0,0.0,0.0,0.0
Step-Separation,0.06900506932288408,PSS-CORE,0.0005169145297259092,8.485939e-07,-0.00051691383,2.9099265e-10,0.004121692385524511,0.0016544531099498272
Step-Separation,0.06900506932288408,PSS-INNERSKIN,0.0005169443320482969,8.485897e-07,-0.00051694363,2.3453486e-10,0.004019074607640505,0.014552338048815727
Step-Separation,0.06900506932288408,PSS-OUTERSKIN,0.0005161284934729338,8.5776315e-07,-0.0005161278,1.6005351e-10,0.004121692385524511,0.01529428269714117
Step-Separation,0.06900506932288408,Q1-CORE,0.03878604248166084,-1.3957153e-06,-0.038786042,-1.3374744e-06,0.6560410261154175,8.292591360259394e-07
Step-Separation,0.06900506932288408,Q1-INNERSKIN,0.0387858971953392,-1.10731115e-07,-0.038785897,-3.3055403e-07,0.656039297580719,7.433185237459838e-05
Step-Separation,0.06900506932288408,Q1-OUTERSKIN,0.03878604620695114,-1.413548e-06,-0.038786046,-1.3407423e-06,0.6560409665107727,6.916803977219388e-05
Step-Separation,0.06900506932288408,Q2-CORE,0.038786035031080246,-1.7158445e-06,-0.038786035,1.3953187e-06,0.6560407876968384,8.202579806493304e-07
Step-Separation,0.06900506932288408,Q2-INNERSKIN,0.03878588601946831,-1.1029529e-07,-0.038785886,3.3084066e-07,0.656039297580719,7.415155414491892e-05
Step-Separation,0.06900506932288408,Q2-OUTERSKIN,0.03878603130578995,-1.7363325e-06,-0.03878603,1.3993279e-06,0.6560407876968384,6.914132973179221e-05
Step-Separation,0.07100510317832232,ADAPTER,0.0,0.0,0.0,0.0,0.0,0.0
Step-Separation,0.07100510317832232,PSS-CORE,0.000511895923409611,1.210708e-07,-0.00051189587,2.849294e-10,0.00117235048674047,0.0016385408816859126
Step-Separation,0.07100510317832232,PSS-INNERSKIN,0.0005119331763125956,1.2106779e-07,-0.0005119331,2.5296534e-10,0.0010623347479850054,0.014417254365980625
Step-Separation,0.07100510317832232,PSS-OUTERSKIN,0.00051087886095047,1.2939182e-07,-0.00051087886,1.437433e-10,0.0011724665528163314,0.015138802118599415
Step-Separation,0.07100510317832232,Q1-CORE,0.04009822756052017,-1.2539562e-06,-0.040098228,-1.349336e-06,0.6561565399169922,8.438830718660029e-07
Step-Separation,0.07100510317832232,Q1-INNERSKIN,0.04009808599948883,-1.1816776e-07,-0.040098086,-3.5170223e-07,0.656155526638031,7.513722084695473e-05
Step-Separation,0.07100510317832232,Q1-OUTERSKIN,0.04009823128581047,-1.4422614e-06,-0.04009823,-1.3824579e-06,0.6561564803123474,6.996284355409443e-05
Step-Separation,0.07100510317832232,Q2-CORE,0.040098220109939575,-1.7630099e-06,-0.04009822,1.4476308e-06,0.6561562418937683,8.350882012564398e-07
Step-Separation,0.07100510317832232,Q2-INNERSKIN,0.040098074823617935,-1.1769519e-07,-0.040098075,3.519836e-07,0.6561556458473206,7.491187716368586e-05
Step-Separation,0.07100510317832232,Q2-OUTERSKIN,0.04009821638464928,-1.7851356e-06,-0.040098216,1.4524297e-06,0.6561561822891235,6.9894187618047e-05
Step-Separation,0.07300513703376055,ADAPTER,0.0,0.0,0.0,0.0,0.0,0.0
Step-Separation,0.07300513703376055,PSS-CORE,0.0005128610646352172,-6.0836277e-07,-0.0005128607,3.0352063e-10,0.0018796729855239391,0.0016425723442807794
Step-Separation,0.07300513703376055,PSS-INNERSKIN,0.0005128983175382018,-6.083649e-07,-0.00051289797,2.972082e-10,0.001880701631307602,0.014455561526119709
Step-Separation,0.07300513703376055,PSS-OUTERSKIN,0.0005116615211591125,-5.995247e-07,-0.0005116612,1.5033605e-10,0.0018227113177999854,0.015170373022556305
Step-Separation,0.07300513703376055,Q1-CORE,0.041410624980926514,-1.2719069e-06,-0.041410625,-1.3842279e-06,0.6562513113021851,8.592314770794474e-07
Step-Separation,0.07300513703376055,Q1-INNERSKIN,0.04141048341989517,-1.2606668e-07,-0.041410483,-3.7340337e-07,0.6562504172325134,7.587013533338904e-05
Step-Separation,0.07300513703376055,Q1-OUTERSKIN,0.04141062870621681,-1.4689579e-06,-0.04141063,-1.4230791e-06,0.6562511920928955,7.062096847221255e-05
Step-Separation,0.07300513703376055,Q2-CORE,0.04141061753034592,-1.8086406e-06,-0.041410618,1.4991809e-06,0.6562510132789612,8.506288509124715e-07
Step-Separation,0.07300513703376055,Q2-INNERSKIN,0.041410475969314575,-1.2391808e-07,-0.041410476,3.7006455e-07,0.6562502384185791,7.562692189821973e-05
Step-Separation,0.07300513703376055,Q2-OUTERSKIN,0.04141061380505562,-1.760933e-06,-0.041410614,1.4879538e-06,0.6562508344650269,7.05880083842203e-05
Step-Separation,0.07500517088919878,ADAPTER,0.0,0.0,0.0,0.0,0.0,0.0
Step-Separation,0.07500517088919878,PSS-CORE,0.0005186058115214109,-8.558224e-07,-0.0005186051,3.1606665e-10,0.0036340774968266487,0.001657887827605009
Step-Separation,0.07500517088919878,PSS-INNERSKIN,0.000518646789714694,-8.5582394e-07,-0.0005186461,3.22268e-10,0.0035941218957304955,0.014588257297873497
Step-Separation,0.07500517088919878,PSS-OUTERSKIN,0.0005173913668841124,-8.470134e-07,-0.00051739067,1.198041e-10,0.0036340774968266487,0.01531544141471386
Step-Separation,0.07500517088919878,Q1-CORE,0.04272319748997688,-1.4730514e-06,-0.042723197,-1.4576301e-06,0.6563283801078796,8.723893643036718e-07
Step-Separation,0.07500517088919878,Q1-INNERSKIN,0.04272305965423584,-1.3457844e-07,-0.04272306,-3.9598748e-07,0.6563282012939453,7.642317359568551e-05
Step-Separation,0.07500517088919878,Q1-OUTERSKIN,0.04272320121526718,-1.4938474e-06,-0.0427232,-1.4628309e-06,0.6563283801078796,7.116025517461821e-05
Step-Separation,0.07500517088919878,Q2-CORE,0.04272318631410599,-1.8518847e-06,-0.042723186,1.5496786e-06,0.6563283801078796,8.635964832137688e-07
Step-Separation,0.07500517088919878,Q2-INNERSKIN,0.042723048478364944,-1.3180293e-07,-0.04272305,3.921189e-07,0.6563280820846558,7.615860522491857e-05
Step-Separation,0.07500517088919878,Q2-OUTERSKIN,0.04272318258881569,-1.8012472e-06,-0.042723183,1.5369028e-06,0.6563283205032349,7.109733996912837e-05
Step-Separation,0.07700520474463701,ADAPTER,0.0,0.0,0.0,0.0,0.0,0.0
Step-Separation,0.07700520474463701,PSS-CORE,0.0005258063902147114,-5.3098154e-07,-0.0005258061,2.7487468e-10,0.0033388021402060986,0.0016752671217545867
Step-Separation,0.07700520474463701,PSS-INNERSKIN,0.0005258399178273976,-5.309839e-07,-0.0005258396,2.7317412e-10,0.003256537253037095,0.014735662378370762
Step-Separation,0.07700520474463701,PSS-OUTERSKIN,0.0005247074295766652,-5.2337305e-07,-0.00052470714,1.3521602e-10,0.0033388021402060986,0.015485814772546291
Step-Separation,0.07700520474463701,Q1-CORE,0.044035907834768295,-1.3028572e-06,-0.044035908,-1.4503264e-06,0.6563917994499207,8.856541171553545e-07
Step-Separation,0.07700520474463701,Q1-INNERSKIN,0.04403576999902725,-1.0630926e-07,-0.04403577,-3.6551612e-07,0.6563915610313416,7.712665683357045e-05
Step-Separation,0.07700520474463701,Q1-OUTERSKIN,0.044035911560058594,-1.5167846e-06,-0.04403591,-1.5015211e-06,0.6563917994499207,7.180032844189554e-05
Step-Separation,0.07700520474463701,Q2-CORE,0.0440358966588974,-1.8930403e-06,-0.044035897,1.5994099e-06,0.6563916802406311,8.770162480686849e-07
Step-Separation,0.07700520474463701,Q2-INNERSKIN,0.044035762548446655,-1.4035354e-07,-0.044035763,4.1527804e-07,0.656391441822052,7.686403841944411e-05
Step-Separation,0.07700520474463701,Q2-OUTERSKIN,0.0440358966588974,-1.5138388e-06,-0.044035897,1.4995778e-06,0.6563916206359863,7.172259211074561e-05
Step-Separation,0.07900523860007524,ADAPTER,0.0,0.0,0.0,0.0,0.0,0.0
Step-Separation,0.07900523860007524,PSS-CORE,0.0005306936800479889,4.829311e-08,-0.0005306937,2.68027e-10,0.0016253351932391524,0.0016893967986106873
Step-Separation,0.07900523860007524,PSS-INNERSKIN,0.000530727207660675,4.82895e-08,-0.0005307272,2.4243602e-10,0.0015708423452451825,0.014855253510177135
Step-Separation,0.07900523860007524,PSS-OUTERSKIN,0.0005297437310218811,5.5109858e-08,-0.00052974373,1.383747e-10,0.0016253351932391524,0.015624645166099072
Step-Separation,0.07900523860007524,Q1-CORE,0.04534873366355896,-8.648566e-07,-0.045348734,-1.4013998e-06,0.6564440727233887,8.996150882012444e-07
Step-Separation,0.07900523860007524,Q1-INNERSKIN,0.045348603278398514,-1.5450183e-07,-0.045348603,-4.4511825e-07,0.6564434170722961,7.791434472892433e-05
Step-Separation,0.07900523860007524,Q1-OUTERSKIN,0.04534874111413956,-1.5378639e-06,-0.04534874,-1.5391358e-06,0.6564439535140991,7.258206460392103e-05
Step-Separation,0.07900523860007524,Q2-CORE,0.04534872621297836,1.3113976e-06,-0.045348726,-1.4761945e-06,0.6564441323280334,8.908359632187057e-07
Step-Separation,0.07900523860007524,Q2-INNERSKIN,0.04534859210252762,-1.4980347e-07,-0.045348592,4.3980253e-07,0.6564432382583618,7.764910697005689e-05
Step-Separation,0.07900523860007524,Q2-OUTERSKIN,0.04534872621297836,9.731549e-07,-0.045348726,-1.4180704e-06,0.6564440131187439,7.247630855999887e-05
Step-Separation,0.08100527245551348,ADAPTER,0.0,0.0,0.0,0.0,0.0,0.0
Step-Separation,0.08100527245551348,PSS-CORE,0.0005318971234373748,4.5547688e-07,-0.00053189695,2.678467e-10,0.00036673384602181613,0.0016927028773352504
Step-Separation,0.08100527245551348,PSS-INNERSKIN,0.0005319269257597625,4.554726e-07,-0.00053192675,2.2689375e-10,0.0003667559358291328,0.01488257385790348
Step-Separation,0.08100527245551348,PSS-OUTERSKIN,0.000530995661392808,4.63318e-07,-0.0005309954,1.2781966e-10,0.0003655244072433561,0.015658363699913025
Step-Separation,0.08100527245551348,Q1-CORE,0.04666166007518768,-8.6774673e-07,-0.04666166,-1.4225589e-06,0.6564862132072449,9.110629548558791e-07
Step-Separation,0.08100527245551348,Q1-INNERSKIN,0.04666152596473694,-1.6513506e-07,-0.046661526,-4.7098183e-07,0.6564856767654419,7.835620635887608e-05
Step-Separation,0.08100527245551348,Q1-OUTERSKIN,0.04666166007518768,-1.2600858e-06,-0.04666166,-1.4966123e-06,0.6564861536026001,7.294114038813859e-05
Step-Separation,0.08100527245551348,Q2-CORE,0.04666164517402649,-1.9689517e-06,-0.046661645,1.6966366e-06,0.6564862728118896,9.027705232256267e-07
Step-Separation,0.08100527245551348,Q2-INNERSKIN,0.04666151851415634,-1.1994291e-07,-0.04666152,4.0619258e-07,0.6564856767654419,7.808994996594265e-05
Step-Separation,0.08100527245551348,Q2-OUTERSKIN,0.04666164889931679,1.0740675e-06,-0.04666165,-1.457388e-06,0.6564862132072449,7.28459854144603e-05
Step-Separation,0.08300530631095171,ADAPTER,0.0,0.0,0.0,0.0,0.0,0.0
Step-Separation,0.08300530631095171,PSS-CORE,0.0005296060699038208,4.536314e-07,-0.0005296059,2.7278896e-10,0.0018969314405694604,0.0016855767462402582
Step-Separation,0.08300530631095171,PSS-INNERSKIN,0.0005296395975165069,4.5362685e-07,-0.0005296394,2.3196912e-10,0.001847857958637178,0.014821693301200867
Step-Separation,0.08300530631095171,PSS-OUTERSKIN,0.0005286524537950754,4.6313932e-07,-0.0005286522,1.4011783e-10,0.001897365553304553,0.015589043498039246
Step-Separation,0.08300530631095171,Q1-CORE,0.047974660992622375,-8.696728e-07,-0.04797466,-1.4428609e-06,0.6565209627151489,9.223813322023489e-07
Step-Separation,0.08300530631095171,Q1-INNERSKIN,0.04797452688217163,-1.7565691e-07,-0.047974527,-4.972179e-07,0.6565204858779907,7.86790405982174e-05
Step-Separation,0.08300530631095171,Q1-OUTERSKIN,0.047974660992622375,-1.2677232e-06,-0.04797466,-1.5241968e-06,0.6565209627151489,7.322069723159075e-05
Step-Separation,0.08300530631095171,Q2-CORE,0.04797464609146118,-8.6015945e-07,-0.047974646,1.4372156e-06,0.6565210223197937,9.144775390268478e-07
Step-Separation,0.08300530631095171,Q2-INNERSKIN,0.047974519431591034,-1.6980117e-07,-0.04797452,4.914026e-07,0.6565203070640564,7.842116610845551e-05
Step-Separation,0.08300530631095171,Q2-OUTERSKIN,0.04797464981675148,-8.488286e-07,-0.04797465,1.4355425e-06,0.6565209627151489,7.312999514397234e-05
Step-Separation,0.08500534016638994,ADAPTER,0.0,0.0,0.0,0.0,0.0,0.0
Step-Separation,0.08500534016638994,PSS-CORE,0.0005252547562122345,1.0799879e-07,-0.00052525476,2.697564e-10,0.0023443088866770267,0.0016749035567045212
Step-Separation,0.08500534016638994,PSS-INNERSKIN,0.0005252882838249207,1.0799484e-07,-0.0005252883,2.399925e-10,0.002288110088557005,0.014731945469975471
Step-Separation,0.08500534016638994,PSS-OUTERSKIN,0.0005241893231868744,1.1759914e-07,-0.0005241893,1.4139591e-10,0.0023443088866770267,0.015483031049370766
Step-Separation,0.08500534016638994,Q1-CORE,0.04928772896528244,-8.7083873e-07,-0.04928773,-1.4626601e-06,0.6565495133399963,9.321032621301129e-07
Step-Separation,0.08500534016638994,Q1-INNERSKIN,0.049287594854831696,-1.8620796e-07,-0.049287595,-5.242669e-07,0.656548798084259,7.878731412347406e-05
Step-Separation,0.08500534016638994,Q1-OUTERSKIN,0.04928772896528244,-1.2750044e-06,-0.04928773,-1.5519586e-06,0.6565493941307068,7.327994535444304e-05
Step-Separation,0.08500534016638994,Q2-CORE,0.049287714064121246,-8.6093e-07,-0.049287714,1.4569301e-06,0.6565494537353516,9.240015401701385e-07
Step-Separation,0.08500534016638994,Q2-INNERSKIN,0.0492875874042511,-1.335775e-07,-0.049287587,4.525374e-07,0.6565488576889038,7.85357624408789e-05
Step-Separation,0.08500534016638994,Q2-OUTERSKIN,0.049287717789411545,-8.495761e-07,-0.049287718,1.4551401e-06,0.656549334526062,7.318551070056856e-05
Step-Separation,0.08700537402182817,ADAPTER,0.0,0.0,0.0,0.0,0.0,0.0
Step-Separation,0.08700537402182817,PSS-CORE,0.0005212911637499928,-2.9213376e-07,-0.00052129105,2.5501856e-10,0.0015626773238182068,0.001664519077166915
Step-Separation,0.08700537402182817,PSS-INNERSKIN,0.0005213283584453166,-2.9213695e-07,-0.0005213283,2.3939206e-10,0.001547589898109436,0.014643856324255466
Step-Separation,0.08700537402182817,PSS-OUTERSKIN,0.000520154950208962,-2.8404915e-07,-0.00052015483,1.5176775e-10,0.0015626773238182068,0.015381786040961742
Step-Separation,0.08700537402182817,Q1-CORE,0.050600841641426086,-8.713646e-07,-0.05060084,-1.4820425e-06,0.656572699546814,9.423142728337552e-07
Step-Separation,0.08700537402182817,Q1-INNERSKIN,0.05060070753097534,-1.3023063e-07,-0.050600708,-4.592486e-07,0.6565722227096558,7.884467777330428e-05
Step-Separation,0.08700537402182817,Q1-OUTERSKIN,0.050600841641426086,-8.597264e-07,-0.05060084,-1.4798895e-06,0.6565726399421692,7.3226161475759e-05
Step-Separation,0.08700537402182817,Q2-CORE,0.05060083046555519,8.724309e-07,-0.05060083,-1.4820982e-06,0.656572699546814,9.344576596959087e-07
Step-Separation,0.08700537402182817,Q2-INNERSKIN,0.050600700080394745,-1.8872944e-07,-0.0506007,5.445825e-07,0.656572163105011,7.853961869841442e-05
Step-Separation,0.08700537402182817,Q2-OUTERSKIN,0.05060083419084549,-8.496923e-07,-0.050600834,1.4741445e-06,0.656572699546814,7.312343950616196e-05
Step-Separation,0.08900540787726641,ADAPTER,0.0,0.0,0.0,0.0,0.0,0.0
Step-Separation,0.08900540787726641,PSS-CORE,0.0005193578545004129,-4.6715792e-07,-0.0005193576,2.736036e-10,0.0003743872221093625,0.0016589072765782475
Step-Separation,0.08900540787726641,PSS-INNERSKIN,0.0005193951074033976,-4.6716056e-07,-0.0005193949,2.6453043e-10,0.0003748968301806599,0.014595345593988895
Step-Separation,0.08900540787726641,PSS-OUTERSKIN,0.0005182402092032135,-4.596006e-07,-0.00051824003,1.4904618e-10,0.00035390246193856,0.015328565612435341
Step-Separation,0.08900540787726641,Q1-CORE,0.05191400274634361,-8.7114887e-07,-0.051914003,-1.5007654e-06,0.6565918922424316,9.509849405731075e-07
Step-Separation,0.08900540787726641,Q1-INNERSKIN,0.05191386863589287,-2.077138e-07,-0.05191387,-5.803855e-07,0.656591534614563,7.858182652853429e-05
Step-Separation,0.08900540787726641,Q1-OUTERSKIN,0.051913999021053314,-8.593934e-07,-0.051914,-1.4984071e-06,0.6565917730331421,7.290729263331741e-05
Step-Separation,0.08900540787726641,Q2-CORE,0.05191399157047272,8.722611e-07,-0.05191399,-1.5007449e-06,0.6565915942192078,9.432494039174344e-07
Step-Separation,0.08900540787726641,Q2-INNERSKIN,0.05191385746002197,-1.4423652e-07,-0.051913857,4.952688e-07,0.6565914154052734,7.831294351490214e-05
Step-Separation,0.08900540787726641,Q2-OUTERSKIN,0.05191399157047272,-8.4897124e-07,-0.05191399,1.4923709e-06,0.6565914750099182,7.284402090590447e-05
Step-Separation,0.09100544173270464,ADAPTER,0.0,0.0,0.0,0.0,0.0,0.0
Step-Separation,0.09100544173270464,PSS-CORE,0.000519760069437325,-3.40761e-07,-0.00051975995,2.7483724e-10,0.0008021803223527968,0.0016606831923127174
Step-Separation,0.09100544173270464,PSS-INNERSKIN,0.0005197973223403096,-3.4076356e-07,-0.0005197972,2.6045197e-10,0.0007556166965514421,0.014609899371862411
Step-Separation,0.09100544173270464,PSS-OUTERSKIN,0.000518728164024651,-3.3263908e-07,-0.00051872805,1.4697528e-10,0.0008025711867958307,0.015346761792898178
Step-Separation,0.09100544173270464,Q1-CORE,0.053227197378873825,-8.7037347e-07,-0.053227197,-1.5188328e-06,0.6566072702407837,9.584924782757298e-07
Step-Separation,0.09100544173270464,Q1-INNERSKIN,0.05322706326842308,-2.1847394e-07,-0.053227063,-6.0888334e-07,0.6566072702407837,7.838387682568282e-05
Step-Separation,0.09100544173270464,Q1-OUTERSKIN,0.05322719365358353,-8.58573e-07,-0.053227194,-1.5163286e-06,0.6566070914268494,7.257924153236672e-05
Step-Separation,0.09100544173270464,Q2-CORE,0.05322718620300293,-8.5934965e-07,-0.053227186,1.5123295e-06,0.6566072702407837,9.513848340247932e-07
Step-Separation,0.09100544173270464,Q2-INNERSKIN,0.053227052092552185,-1.5153783e-07,-0.053227052,5.2018777e-07,0.6566071510314941,7.806688518030569e-05
Step-Separation,0.09100544173270464,Q2-OUTERSKIN,0.05322718620300293,-8.478191e-07,-0.053227186,1.5101107e-06,0.6566072702407837,7.247798930620775e-05
Step-Separation,0.09300547558814287,ADAPTER,0.0,0.0,0.0,0.0,0.0,0.0
Step-Separation,0.09300547558814287,PSS-CORE,0.0005220323801040649,-5.0129117e-08,-0.0005220324,2.9021427e-10,0.0014372224686667323,0.0016666583251208067
Step-Separation,0.09300547558814287,PSS-INNERSKIN,0.0005220696330070496,-5.0131852e-08,-0.00052206963,2.6663077e-10,0.0014081295812502503,0.014660224318504333
Step-Separation,0.09300547558814287,PSS-OUTERSKIN,0.0005210749804973602,-4.1632326e-08,-0.000521075,1.3624674e-10,0.0014372669393196702,0.01540607400238514
Step-Separation,0.09300547558814287,Q1-CORE,0.05454041808843613,-8.7008993e-07,-0.054540418,-1.5377321e-06,0.6566200852394104,9.659038369136397e-07
Step-Separation,0.09300547558814287,Q1-INNERSKIN,0.05454028397798538,-1.4876008e-07,-0.054540284,-5.313673e-07,0.6566199064254761,7.814459968358278e-05
Step-Separation,0.09300547558814287,Q1-OUTERSKIN,0.05454041808843613,-8.5821307e-07,-0.054540418,-1.5350425e-06,0.6566199660301208,7.228098547784612e-05
Step-Separation,0.09300547558814287,Q2-CORE,0.05454040691256523,8.712828e-07,-0.054540407,-1.5379504e-06,0.6566199064254761,9.590646641299827e-07
Step-Separation,0.09300547558814287,Q2-INNERSKIN,0.054540276527404785,-1.6014738e-07,-0.054540277,5.503833e-07,0.6566199064254761,7.787779031787068e-05
Step-Separation,0.09300547558814287,Q2-OUTERSKIN,0.05454041063785553,-8.470981e-07,-0.05454041,1.5286194e-06,0.6566199064254761,7.216240919660777e-05
Step-Separation,0.0950055094435811,ADAPTER,0.0,0.0,0.0,0.0,0.0,0.0
Step-Separation,0.0950055094435811,PSS-CORE,0.0005248263478279114,1.806681e-07,-0.00052482635,3.0086977e-10,0.0012658596970140934,0.0016735385870561004
Step-Separation,0.0950055094435811,PSS-INNERSKIN,0.0005248599336482584,1.8066473e-07,-0.0005248599,2.6772842e-10,0.0012656201142817736,0.014718741178512573
Step-Separation,0.0950055094435811,PSS-OUTERSKIN,0.0005238839075900614,1.8900822e-07,-0.00052388385,1.3950356e-10,0.0012560960603877902,0.015473092906177044
Step-Separation,0.0950055094435811,Q1-CORE,0.05585365742444992,-8.7052916e-07,-0.055853657,-1.5579081e-06,0.6566304564476013,9.727043561724713e-07
Step-Separation,0.0950055094435811,Q1-INNERSKIN,0.055853523313999176,-1.5461774e-07,-0.055853523,-5.550123e-07,0.656630277633667,7.796427962603047e-05
Step-Separation,0.0950055094435811,Q1-OUTERSKIN,0.05585365742444992,-8.585393e-07,-0.055853657,-1.5549958e-06,0.6566303968429565,7.208206079667434e-05
Step-Separation,0.0950055094435811,Q2-CORE,0.055853646248579025,8.71782e-07,-0.055853646,-1.5580506e-06,0.6566304564476013,9.661741842137417e-07
Step-Separation,0.0950055094435811,Q2-INNERSKIN,0.05585351586341858,-1.6646915e-07,-0.055853516,5.7465735e-07,0.6566303968429565,7.76570595917292e-05
Step-Separation,0.0950055094435811,Q2-OUTERSKIN,0.055853649973869324,-8.4701844e-07,-0.05585365,1.5483321e-06,0.6566303968429565,7.198833918664604e-05
Step-Separation,0.09700554329901934,ADAPTER,0.0,0.0,0.0,0.0,0.0,0.0
Step-Separation,0.09700554329901934,PSS-CORE,0.0005267486558295786,2.0389984e-07,-0.0005267486,2.9693095e-10,0.0006139480974525213,0.001678832690231502
Step-Separation,0.09700554329901934,PSS-INNERSKIN,0.0005267821252346039,2.0389619e-07,-0.0005267821,2.6144226e-10,0.0006144498474895954,0.014764660969376564
Step-Separation,0.09700554329901934,PSS-OUTERSKIN,0.0005257540033198893,2.1226325e-07,-0.00052575395,1.3562643e-10,0.0005765471723861992,0.015522879548370838
Step-Separation,0.09700554329901934,Q1-CORE,0.057166919112205505,-8.7145986e-07,-0.05716692,-1.5786628e-06,0.6566391587257385,9.785613883650512e-07
Step-Separation,0.09700554329901934,Q1-INNERSKIN,0.05716678500175476,-1.6011451e-07,-0.057166785,-5.781133e-07,0.6566388010978699,7.779795123497024e-05
Step-Separation,0.09700554329901934,Q1-OUTERSKIN,0.057166919112205505,-8.593638e-07,-0.05716692,-1.5756196e-06,0.6566389799118042,7.19263480277732e-05
Step-Separation,0.09700554329901934,Q2-CORE,0.05716690793633461,8.7275225e-07,-0.057166908,-1.5788628e-06,0.656639039516449,9.725417839945294e-07
Step-Separation,0.09700554329901934,Q2-INNERSKIN,0.057166773825883865,-1.7242226e-07,-0.057166774,5.983193e-07,0.6566388010978699,7.750515214866027e-05
Step-Separation,0.09700554329901934,Q2-OUTERSKIN,0.05716690793633461,-8.4746824e-07,-0.057166908,1.5687293e-06,0.6566389203071594,7.181111141107976e-05
Step-Separation,0.09900557715445757,ADAPTER,0.0,0.0,0.0,0.0,0.0,0.0
Step-Separation,0.09900557715445757,PSS-CORE,0.0005272328853607178,4.148436e-08,-0.0005272329,2.8783867e-10,0.00021162524353712797,0.001679879380390048
Step-Separation,0.09900557715445757,PSS-INNERSKIN,0.0005272664129734039,4.1480636e-08,-0.0005272664,2.5760757e-10,0.00018240966892335564,0.014774329029023647
Step-Separation,0.09900557715445757,PSS-OUTERSKIN,0.0005261637270450592,4.998531e-08,-0.0005261637,1.45507e-10,0.00021187114180065691,0.0155316898599267
Step-Separation,0.09900557715445757,Q1-CORE,0.05848019942641258,-8.72686e-07,-0.0584802,-1.5998958e-06,0.6566461324691772,9.84844859885925e-07
Step-Separation,0.09900557715445757,Q1-INNERSKIN,0.05848006159067154,-1.6536384e-07,-0.05848006,-6.0088877e-07,0.6566457748413086,7.776074198773131e-05
Step-Separation,0.09900557715445757,Q1-OUTERSKIN,0.05848019942641258,-8.6049715e-07,-0.0584802,-1.596658e-06,0.6566460728645325,7.171021570684388e-05
Step-Separation,0.09900557715445757,Q2-CORE,0.05848018825054169,8.740606e-07,-0.05848019,-1.6000862e-06,0.6566461324691772,9.792114497031434e-07
Step-Separation,0.09900557715445757,Q2-INNERSKIN,0.05848005414009094,-1.7807953e-07,-0.058480054,6.216692e-07,0.6566458344459534,7.744070899207145e-05
Step-Separation,0.09900557715445757,Q2-OUTERSKIN,0.05848018825054169,-8.482533e-07,-0.05848019,1.5896488e-06,0.6566461324691772,7.1595779445488e-05
Step-Separation,0.1010056110098958,ADAPTER,0.0,0.0,0.0,0.0,0.0,0.0
Step-Separation,0.1010056110098958,PSS-CORE,0.0005262904451228678,-1.6345689e-07,-0.0005262904,2.9792127e-10,0.0007597282528877258,0.0016771137015894055
Step-Separation,0.1010056110098958,PSS-INNERSKIN,0.0005263239145278931,-1.6346053e-07,-0.0005263239,2.7494182e-10,0.0007508877315558493,0.014751036651432514
Step-Separation,0.1010056110098958,PSS-OUTERSKIN,0.0005251765251159668,-1.5500082e-07,-0.0005251765,1.3269819e-10,0.0007597621879540384,0.015504289418458939
Step-Separation,0.1010056110098958,Q1-CORE,0.059793490916490555,-8.740103e-07,-0.05979349,-1.6211104e-06,0.6566519737243652,9.927721293934155e-07
Step-Separation,0.1010056110098958,Q1-INNERSKIN,0.05979335308074951,-1.7058242e-07,-0.059793353,-6.2343514e-07,0.6566515564918518,7.767905481159687e-05
Step-Separation,0.1010056110098958,Q1-OUTERSKIN,0.059793487191200256,-8.617736e-07,-0.059793487,-1.6177561e-06,0.6566519141197205,7.158246444305405e-05
Step-Separation,0.1010056110098958,Q2-CORE,0.05979347974061966,8.7550046e-07,-0.05979348,-1.6213077e-06,0.6566518545150757,9.85469227998692e-07
Step-Separation,0.1010056110098958,Q2-INNERSKIN,0.059793345630168915,-1.8373063e-07,-0.059793346,6.4478786e-07,0.6566515564918518,7.737604028079659e-05
Step-Separation,0.1010056110098958,Q2-OUTERSKIN,0.05979347974061966,-8.491845e-07,-0.05979348,1.6105097e-06,0.6566518545150757,7.145970448618755e-05
Step-Separation,0.10300564486533403,ADAPTER,0.0,0.0,0.0,0.0,0.0,0.0
Step-Separation,0.10300564486533403,PSS-CORE,0.00052456563571468,-2.6656775e-07,-0.0005245656,2.849751e-10,0.0009017008123919368,0.0016728871269151568
Step-Separation,0.10300564486533403,PSS-INNERSKIN,0.000524599221535027,-2.6657116e-07,-0.0005245991,2.6617927e-10,0.000901858089491725,0.014714939519762993
Step-Separation,0.10300564486533403,PSS-OUTERSKIN,0.0005234517739154398,-2.5842087e-07,-0.0005234517,1.3053876e-10,0.0008817655616439879,0.015463371761143208
Step-Separation,0.10300564486533403,Q1-CORE,0.061106789857149124,-8.756016e-07,-0.06110679,-1.6424817e-06,0.6566565632820129,9.995176242227899e-07
Step-Separation,0.10300564486533403,Q1-INNERSKIN,0.06110665202140808,-1.7562114e-07,-0.061106652,-6.457812e-07,0.6566563844680786,7.760525477351621e-05
Step-Separation,0.10300564486533403,Q1-OUTERSKIN,0.061106789857149124,-8.632418e-07,-0.06110679,-1.6389612e-06,0.6566565036773682,7.147059659473598e-05
Step-Separation,0.10300564486533403,Q2-CORE,0.06110677495598793,-8.622652e-07,-0.061106775,1.6346758e-06,0.6566565632820129,9.932417697200435e-07
Step-Separation,0.10300564486533403,Q2-INNERSKIN,0.061106644570827484,1.7565486e-07,-0.061106645,-6.3904525e-07,0.6566563844680786,7.731856749160215e-05
Step-Separation,0.10300564486533403,Q2-OUTERSKIN,0.06110677868127823,-8.502628e-07,-0.06110678,1.6314933e-06,0.6566565036773682,7.138127693906426e-05
Step-Separation,0.10500567872077227,ADAPTER,0.0,0.0,0.0,0.0,0.0,0.0
Step-Separation,0.10500567872077227,PSS-CORE,0.0005229972884990275,-2.1623339e-07,-0.00052299723,2.7522779e-10,0.0006108786910772324,0.001668852404691279
Step-Separation,0.10500567872077227,PSS-INNERSKIN,0.0005230308161117136,-2.1623661e-07,-0.00052303076,2.5496616e-10,0.0006114477291703224,0.014679970219731331
Step-Separation,0.10500567872077227,PSS-OUTERSKIN,0.0005219467566348612,-2.0820116e-07,-0.0005219467,1.3100998e-10,0.000578968960326165,0.015425415709614754
Step-Separation,0.10500567872077227,Q1-CORE,0.06242010369896889,-8.774547e-07,-0.062420104,-1.6642939e-06,0.6566605567932129,1.006629986477492e-06
Step-Separation,0.10500567872077227,Q1-INNERSKIN,0.062419965863227844,-1.80696e-07,-0.062419966,-6.677172e-07,0.6566603183746338,7.764893234707415e-05
Step-Separation,0.10500567872077227,Q1-OUTERSKIN,0.06242010369896889,-8.6502587e-07,-0.062420104,-1.660611e-06,0.6566604375839233,7.143695984268561e-05
Step-Separation,0.10500567872077227,Q2-CORE,0.062420088797807693,-8.6367385e-07,-0.06242009,1.6561206e-06,0.6566604375839233,1.0010085134126712e-06
Step-Separation,0.10500567872077227,Q2-INNERSKIN,0.06241995841264725,1.81394e-07,-0.06241996,-6.6146293e-07,0.6566601395606995,7.732707308605313e-05
Step-Separation,0.10500567872077227,Q2-OUTERSKIN,0.06242009252309799,-8.516186e-07,-0.062420093,1.6527813e-06,0.6566603183746338,7.129495497792959e-05
Step-Separation,0.1070057125762105,ADAPTER,0.0,0.0,0.0,0.0,0.0,0.0
Step-Separation,0.1070057125762105,PSS-CORE,0.0005222447216510773,-7.482422e-08,-0.0005222447,2.681049e-10,0.00015196992899291217,0.0016668213065713644
Step-Separation,0.1070057125762105,PSS-INNERSKIN,0.0005222782492637634,-7.482748e-08,-0.00052227825,2.439526e-10,0.00015226808318402618,0.01466201338917017
Step-Separation,0.1070057125762105,PSS-OUTERSKIN,0.0005212500691413879,-6.652185e-08,-0.00052125007,1.2540406e-10,0.00013549483264796436,0.01540688518434763
Step-Separation,0.1070057125762105,Q1-CORE,0.06373341381549835,-8.7960365e-07,-0.063733414,-1.6864728e-06,0.6566636562347412,1.0139161759070703e-06
Step-Separation,0.1070057125762105,Q1-INNERSKIN,0.06373327970504761,-1.5957865e-07,-0.06373328,-6.455491e-07,0.6566634178161621,7.769882358843461e-05
Step-Separation,0.1070057125762105,Q1-OUTERSKIN,0.06373341381549835,-8.67098e-07,-0.063733414,-1.6826738e-06,0.6566635966300964,7.145791460061446e-05
Step-Separation,0.1070057125762105,Q2-CORE,0.06373339891433716,-8.9671033e-07,-0.0637334,1.6868307e-06,0.6566635370254517,1.0087854889206938e-06
Step-Separation,0.1070057125762105,Q2-INNERSKIN,0.06373327225446701,1.8356737e-07,-0.06373327,-6.852239e-07,0.6566634774208069,7.732533413218334e-05
Step-Separation,0.1070057125762105,Q2-OUTERSKIN,0.06373340636491776,-8.532674e-07,-0.06373341,1.6745269e-06,0.6566635370254517,7.131759775802493e-05
Step-Separation,0.10900574643164873,ADAPTER,0.0,0.0,0.0,0.0,0.0,0.0
Step-Separation,0.10900574643164873,PSS-CORE,0.0005224496126174927,4.583195e-08,-0.0005224496,2.7046454e-10,0.0003253777977079153,0.0016675549559295177
Step-Separation,0.10900574643164873,PSS-INNERSKIN,0.0005224831402301788,4.5828607e-08,-0.00052248314,2.425315e-10,0.00032514860504306853,0.014668099582195282
Step-Separation,0.10900574643164873,PSS-OUTERSKIN,0.0005214735865592957,5.4395375e-08,-0.0005214736,1.2801832e-10,0.0003215477627236396,0.015414227731525898
Step-Separation,0.10900574643164873,Q1-CORE,0.06504674255847931,-8.8203205e-07,-0.06504674,-1.7092152e-06,0.6566662192344666,1.0205636726823286e-06
Step-Separation,0.10900574643164873,Q1-INNERSKIN,0.06504660099744797,-7.616411e-08,-0.0650466,-5.1294006e-07,0.6566660404205322,7.777290738886222e-05
Step-Separation,0.10900574643164873,Q1-OUTERSKIN,0.06504674255847931,-8.6944016e-07,-0.06504674,-1.7052707e-06,0.6566661596298218,7.14860507287085e-05
Step-Separation,0.10900574643164873,Q2-CORE,0.06504672765731812,-8.674279e-07,-0.06504673,1.7003783e-06,0.6566663384437561,1.015918201119348e-06
Step-Separation,0.10900574643164873,Q2-INNERSKIN,0.06504659354686737,-1.2791905e-07,-0.06504659,6.172828e-07,0.6566659808158875,7.742008892819285e-05
Step-Separation,0.10900574643164873,Q2-OUTERSKIN,0.06504672765731812,-8.5517775e-07,-0.06504673,1.6967825e-06,0.6566661596298218,7.136387284845114e-05
Step-Separation,0.11100578028708696,ADAPTER,0.0,0.0,0.0,0.0,0.0,0.0
Step-Separation,0.11100578028708696,PSS-CORE,0.0005233846604824066,7.289573e-08,-0.00052338466,2.7183278e-10,0.0005651902174577117,0.0016699066618457437
Step-Separation,0.11100578028708696,PSS-INNERSKIN,0.0005234181880950928,7.289242e-08,-0.0005234182,2.4326882e-10,0.0005655303248204291,0.014688360504806042
Step-Separation,0.11100578028708696,PSS-OUTERSKIN,0.0005223862826824188,8.132256e-08,-0.0005223863,1.2756818e-10,0.0005464176065288484,0.015436727553606033
Step-Separation,0.11100578028708696,Q1-CORE,0.06636007130146027,-8.8462565e-07,-0.06636007,-1.7321676e-06,0.6566683053970337,1.0274509349983418e-06
Step-Separation,0.11100578028708696,Q1-INNERSKIN,0.06635993719100952,-7.273695e-08,-0.06635994,-5.0696616e-07,0.6566680669784546,7.786746573401615e-05
Step-Separation,0.11100578028708696,Q1-OUTERSKIN,0.06636007130146027,-8.719412e-07,-0.06636007,-1.7281465e-06,0.6566681861877441,7.150067540351301e-05
Step-Separation,0.11100578028708696,Q2-CORE,0.06636005640029907,-9.012021e-07,-0.06636006,1.7325141e-06,0.6566682457923889,1.0228270639345283e-06
Step-Separation,0.11100578028708696,Q2-INNERSKIN,0.06635992974042892,-5.5785602e-08,-0.06635993,4.6197835e-07,0.6566680669784546,7.75099397287704e-05
Step-Separation,0.11100578028708696,Q2-OUTERSKIN,0.06636005640029907,-8.8822577e-07,-0.06636006,1.7286956e-06,0.6566681265830994,7.145335985114798e-05
Step-Separation,0.1130058141425252,ADAPTER,0.0,0.0,0.0,0.0,0.0,0.0
Step-Separation,0.1130058141425252,PSS-CORE,0.0005244798958301544,7.5476745e-09,-0.0005244799,2.7049826e-10,0.0004974612384103239,0.0016726357862353325
Step-Separation,0.1130058141425252,PSS-INNERSKIN,0.0005245134234428406,7.544267e-09,-0.0005245134,2.4407806e-10,0.0004978548968210816,0.014712056145071983
Step-Separation,0.1130058141425252,PSS-OUTERSKIN,0.0005234591662883759,1.584047e-08,-0.00052345917,1.2739318e-10,0.00047722773160785437,0.015462462790310383
Step-Separation,0.1130058141425252,Q1-CORE,0.06767340749502182,-8.8717735e-07,-0.06767341,-1.7553739e-06,0.6566698551177979,1.0336003697375418e-06
Step-Separation,0.1130058141425252,Q1-INNERSKIN,0.06767328083515167,-7.582031e-08,-0.06767328,-5.2369046e-07,0.6566696763038635,7.795492274453864e-05
Step-Separation,0.1130058141425252,Q1-OUTERSKIN,0.06767340749502182,-8.743787e-07,-0.06767341,-1.7511715e-06,0.6566698551177979,7.158215885283425e-05
Step-Separation,0.1130058141425252,Q2-CORE,0.06767340004444122,7.952059e-07,-0.0676734,-1.7269571e-06,0.6566699743270874,1.0298290362698026e-06
Step-Separation,0.1130058141425252,Q2-INNERSKIN,0.06767326593399048,-1.3367985e-07,-0.067673266,6.561424e-07,0.656669557094574,7.755732076475397e-05
Step-Separation,0.1130058141425252,Q2-OUTERSKIN,0.06767340004444122,-8.5935864e-07,-0.0676734,1.7421784e-06,0.6566698551177979,7.145115523599088e-05
Step-Separation,0.11500584799796343,ADAPTER,0.0,0.0,0.0,0.0,0.0,0.0
Step-Separation,0.11500584799796343,PSS-CORE,0.0005252212285995483,-9.231706e-08,-0.0005252212,2.7108152e-10,0.00023126920859795064,0.0016746411565691233
Step-Separation,0.11500584799796343,PSS-INNERSKIN,0.0005252547562122345,-9.232054e-08,-0.00052525476,2.4746358e-10,0.00023135433730203658,0.014729563146829605
Step-Separation,0.11500584799796343,PSS-OUTERSKIN,0.0005241632461547852,-8.401692e-08,-0.00052416325,1.2985546e-10,0.00022358506976161152,0.015481118112802505
Step-Separation,0.11500584799796343,Q1-CORE,0.06898675858974457,-8.8939436e-07,-0.06898676,-1.778267e-06,0.656671404838562,1.0402741281723138e-06
Step-Separation,0.11500584799796343,Q1-INNERSKIN,0.06898662447929382,-1.3767985e-08,-0.068986624,-3.3772855e-07,0.6566712856292725,7.80511400080286e-05
Step-Separation,0.11500584799796343,Q1-OUTERSKIN,0.06898675858974457,-8.7655803e-07,-0.06898676,-1.7739957e-06,0.6566711664199829,7.163581904023886e-05
Step-Separation,0.11500584799796343,Q2-CORE,0.06898674368858337,-8.7371467e-07,-0.06898674,1.7686884e-06,0.656671404838562,1.0356214943385567e-06
Step-Separation,0.11500584799796343,Q2-INNERSKIN,0.06898662447929382,-6.220612e-08,-0.068986624,4.940058e-07,0.6566709876060486,7.767567149130628e-05
Step-Separation,0.11500584799796343,Q2-OUTERSKIN,0.06898674368858337,-8.611959e-07,-0.06898674,1.76475e-06,0.6566713452339172,7.156088395277038e-05
Step-Separation,0.11700588185340166,ADAPTER,0.0,0.0,0.0,0.0,0.0,0.0
Step-Separation,0.11700588185340166,PSS-CORE,0.0005253590643405914,-1.5604854e-07,-0.00052535906,2.6989586e-10,8.67956259753555e-05,0.001674981089308858
Step-Separation,0.11700588185340166,PSS-INNERSKIN,0.000525396317243576,-1.5605205e-07,-0.0005253963,2.4788635e-10,8.676640572957695e-05,0.014732525683939457
Step-Separation,0.11700588185340166,PSS-OUTERSKIN,0.0005243010818958282,-1.4772569e-07,-0.0005243011,1.267149e-10,8.491507469443604e-05,0.015484308823943138
Step-Separation,0.11700588185340166,Q1-CORE,0.07030010968446732,-8.9139616e-07,-0.07030011,-1.8009409e-06,0.6566723585128784,1.0457825965204393e-06
Step-Separation,0.11700588185340166,Q1-INNERSKIN,0.07029998302459717,-8.153581e-08,-0.07029998,-5.562909e-07,0.6566721796989441,7.815990102244541e-05
Step-Separation,0.11700588185340166,Q1-OUTERSKIN,0.07030010968446732,-8.784483e-07,-0.07030011,-1.7965215e-06,0.6566722393035889,7.170018943725154e-05
Step-Separation,0.11700588185340166,Q2-CORE,0.07030010223388672,7.985296e-07,-0.0703001,-1.7708047e-06,0.6566723585128784,1.041917357724742e-06
Step-Separation,0.11700588185340166,Q2-INNERSKIN,0.07029996812343597,-1.3912363e-07,-0.07029997,6.947659e-07,0.6566720604896545,7.773534889565781e-05
Step-Separation,0.11700588185340166,Q2-OUTERSKIN,0.07030010223388672,-8.6274827e-07,-0.0703001,1.7870802e-06,0.6566722393035889,7.158811058616266e-05
Step-Separation,0.1190059157088399,ADAPTER,0.0,0.0,0.0,0.0,0.0,0.0
Step-Separation,0.1190059157088399,PSS-CORE,0.0005249455571174622,-1.500556e-07,-0.00052494556,2.711265e-10,0.0003082642506342381,0.0016738856211304665
Step-Separation,0.1190059157088399,PSS-INNERSKIN,0.0005249791429378092,-1.5005912e-07,-0.0005249791,2.4934094e-10,0.00030843450804241,0.014722959138453007
Step-Separation,0.1190059157088399,PSS-OUTERSKIN,0.0005239062593318522,-1.4175207e-07,-0.0005239062,1.2852135e-10,0.0002948333276435733,0.015474102459847927
Step-Separation,0.1190059157088399,Q1-CORE,0.07161346077919006,-8.9324715e-07,-0.07161346,-1.8234177e-06,0.6566734313964844,1.0514455652810284e-06
Step-Separation,0.1190059157088399,Q1-INNERSKIN,0.07161332666873932,-1.8488254e-08,-0.07161333,-3.6158875e-07,0.6566731333732605,7.819515303708613e-05
Step-Separation,0.1190059157088399,Q1-OUTERSKIN,0.07161346077919006,-8.8025314e-07,-0.07161346,-1.8189268e-06,0.6566733121871948,7.173512858571485e-05
Step-Separation,0.1190059157088399,Q2-CORE,0.07161344587802887,-8.7678916e-07,-0.071613446,1.8134068e-06,0.6566733121871948,1.047221417138644e-06
Step-Separation,0.1190059157088399,Q2-INNERSKIN,0.07161332666873932,-6.805859e-08,-0.07161333,5.2490503e-07,0.6566730737686157,7.779862062307075e-05
Step-Separation,0.1190059157088399,Q2-OUTERSKIN,0.07161344587802887,-8.6411546e-07,-0.071613446,1.8092335e-06,0.65667325258255,7.164598355302587e-05
Step-Separation,0.12100594956427813,ADAPTER,0.0,0.0,0.0,0.0,0.0,0.0
Step-Separation,0.12100594956427813,PSS-CORE,0.0005242452025413513,-9.2374904e-08,-0.0005242452,2.6724056e-10,0.0003528792003635317,0.0016721958527341485
Step-Separation,0.12100594956427813,PSS-INNERSKIN,0.0005242787301540375,-9.237843e-08,-0.00052427873,2.437175e-10,0.0003530155518092215,0.014708303846418858
Step-Separation,0.12100594956427813,PSS-OUTERSKIN,0.000523250550031662,-8.4217234e-08,-0.00052325055,1.289645e-10,0.0003422452136874199,0.015458235517144203
Step-Separation,0.12100594956427813,Q1-CORE,0.07292681187391281,-8.9491556e-07,-0.07292681,-1.8458692e-06,0.6566740870475769,1.0570649919827702e-06
Step-Separation,0.12100594956427813,Q1-INNERSKIN,0.07292668521404266,-8.663005e-08,-0.072926685,-5.875633e-07,0.6566739082336426,7.827970694052055e-05
Step-Separation,0.12100594956427813,Q1-OUTERSKIN,0.07292681187391281,-8.8182037e-07,-0.07292681,-1.8411864e-06,0.6566740274429321,7.17685034032911e-05
Step-Separation,0.12100594956427813,Q2-CORE,0.07292680442333221,8.008357e-07,-0.072926804,-1.8137395e-06,0.6566741466522217,1.0534870398259955e-06
Step-Separation,0.12100594956427813,Q2-INNERSKIN,0.07292667031288147,-1.4425984e-07,-0.07292667,7.3303806e-07,0.6566741466522217,7.784674380673096e-05
Step-Separation,0.12100594956427813,Q2-OUTERSKIN,0.07292680442333221,-8.6518355e-07,-0.072926804,1.8311836e-06,0.6566740274429321,7.165104034356773e-05
Step-Separation,0.12300598341971636,ADAPTER,0.0,0.0,0.0,0.0,0.0,0.0
Step-Separation,0.12300598341971636,PSS-CORE,0.0005236491560935974,-2.8454918e-08,-0.00052364916,2.677965e-10,0.00022882764460518956,0.001670623547397554
Step-Separation,0.12300598341971636,PSS-INNERSKIN,0.0005236826837062836,-2.8458356e-08,-0.0005236827,2.4192495e-10,0.00022888279636390507,0.01469473261386156
Step-Separation,0.12300598341971636,PSS-OUTERSKIN,0.0005226656794548035,-2.0185675e-08,-0.0005226657,1.2700721e-10,0.00022644245473202318,0.015443388372659683
Step-Separation,0.12300598341971636,Q1-CORE,0.07424016296863556,-8.964426e-07,-0.07424016,-1.8681777e-06,0.6566747426986694,1.0617767429721425e-06
Step-Separation,0.12300598341971636,Q1-INNERSKIN,0.07424002885818481,-2.3369449e-08,-0.07424003,-3.8549678e-07,0.6566745638847351,7.845716027077287e-05
Step-Separation,0.12300598341971636,Q1-OUTERSKIN,0.07424016296863556,-8.832954e-07,-0.07424016,-1.8633617e-06,0.6566747426986694,7.177866791607812e-05
Step-Separation,0.12300598341971636,Q2-CORE,0.07424014806747437,-8.7912247e-07,-0.07424015,1.857553e-06,0.6566747426986694,1.058851694324403e-06
Step-Separation,0.12300598341971636,Q2-INNERSKIN,0.07424002885818481,-7.3848675e-08,-0.07424003,5.552359e-07,0.6566745638847351,7.824248314136639e-05
Step-Separation,0.12300598341971636,Q2-OUTERSKIN,0.07424014806747437,-8.6630735e-07,-0.07424015,1.8530849e-06,0.6566746234893799,7.166762952692807e-05
Step-Separation,0.1250060172751546,ADAPTER,0.0,0.0,0.0,0.0,0.0,0.0
Step-Separation,0.1250060172751546,PSS-CORE,0.0005233846604824066,1.4086203e-09,-0.00052338466,2.7131353e-10,4.494628592510708e-05,0.001669884193688631
Step-Separation,0.1250060172751546,PSS-INNERSKIN,0.0005234144628047943,1.405125e-09,-0.00052341446,2.446673e-10,4.3607473344309255e-05,0.014688428491353989
Step-Separation,0.1250060172751546,PSS-OUTERSKIN,0.0005223900079727173,9.8299955e-09,-0.00052239,1.2556409e-10,4.497378540690988e-05,0.015436120331287384
Step-Separation,0.1250060172751546,Q1-CORE,0.0755535140633583,-8.9805405e-07,-0.075553514,-1.8904444e-06,0.656675398349762,1.0666135494830087e-06
Step-Separation,0.1250060172751546,Q1-INNERSKIN,0.07555338740348816,-9.145396e-08,-0.07555339,-6.1805196e-07,0.6566751003265381,7.882317731855437e-05
Step-Separation,0.1250060172751546,Q1-OUTERSKIN,0.0755535140633583,-8.8482625e-07,-0.075553514,-1.8855154e-06,0.656675398349762,7.176781218731776e-05
Step-Separation,0.1250060172751546,Q2-CORE,0.07555350661277771,8.030331e-07,-0.07555351,-1.8564511e-06,0.6566754579544067,1.06466995930532e-06
Step-Separation,0.1250060172751546,Q2-INNERSKIN,0.07555337250232697,-1.4959815e-07,-0.07555337,7.7162446e-07,0.6566751599311829,7.861693302402273e-05
Step-Separation,0.1250060172751546,Q2-OUTERSKIN,0.07555350661277771,-8.6742716e-07,-0.07555351,1.8750562e-06,0.6566753387451172,7.167711737565696e-05
Step-Separation,0.12700605113059282,ADAPTER,0.0,0.0,0.0,0.0,0.0,0.0
Step-Separation,0.12700605113059282,PSS-CORE,0.000523492693901062,-1.542973e-08,-0.0005234927,2.7310423e-10,0.0001381159818265587,0.0016701959539204836
Step-Separation,0.12700605113059282,PSS-INNERSKIN,0.0005235224962234497,-1.5433193e-08,-0.0005235225,2.46932e-10,0.00013820845924783498,0.01469125784933567
Step-Separation,0.12700605113059282,PSS-OUTERSKIN,0.0005224868655204773,-6.937673e-09,-0.00052248687,1.2520096e-10,0.00013022607890889049,0.015438765287399292
Step-Separation,0.12700605113059282,Q1-CORE,0.07686685770750046,-4.95173e-07,-0.07686686,-1.7980092e-06,0.6566758751869202,1.071507881533762e-06
Step-Separation,0.12700605113059282,Q1-INNERSKIN,0.07686673104763031,-1.4176976e-08,-0.07686673,-3.4831447e-07,0.6566755771636963,7.922400254756212e-05
Step-Separation,0.12700605113059282,Q1-OUTERSKIN,0.07686685770750046,-4.890454e-07,-0.07686686,-1.7961231e-06,0.6566758155822754,7.177522638812661e-05
Step-Separation,0.12700605113059282,Q2-CORE,0.07686685025691986,-5.1748316e-07,-0.07686685,1.8162451e-06,0.6566759347915649,1.070780513146019e-06
Step-Separation,0.12700605113059282,Q2-INNERSKIN,0.07686672359704971,-7.942921e-08,-0.07686672,5.850206e-07,0.6566754579544067,7.901198841864243e-05
Step-Separation,0.12700605113059282,Q2-OUTERSKIN,0.07686685025691986,-8.686646e-07,-0.07686685,1.8970699e-06,0.6566758155822754,7.167372677940875e-05
Step-Separation,0.12900608498603106,ADAPTER,0.0,0.0,0.0,0.0,0.0,0.0
Step-Separation,0.12900608498603106,PSS-CORE,0.000523880124092102,-5.929585e-08,-0.0005238801,2.6862398e-10,0.0002218489971710369,0.0016711370553821325
Step-Separation,0.12900608498603106,PSS-INNERSKIN,0.0005239099264144897,-5.929925e-08,-0.0005239099,2.439291e-10,0.00022191427706275135,0.014699413441121578
Step-Separation,0.12900608498603106,PSS-OUTERSKIN,0.0005228593945503235,-5.0946586e-08,-0.0005228594,1.2510931e-10,0.00021696716430597007,0.015447700396180153
Step-Separation,0.12900608498603106,Q1-CORE,0.0781802088022232,-4.9557633e-07,-0.07818021,-1.8179785e-06,0.6566762328147888,1.0765413662738865e-06
Step-Separation,0.12900608498603106,Q1-INNERSKIN,0.07818008214235306,-9.154008e-08,-0.07818008,-6.820898e-07,0.6566759347915649,7.962659583427012e-05
Step-Separation,0.12900608498603106,Q1-OUTERSKIN,0.0781802088022232,-4.894397e-07,-0.07818021,-1.8160491e-06,0.6566761136054993,7.180300599429756e-05
Step-Separation,0.12900608498603106,Q2-CORE,0.07818020135164261,-5.1777306e-07,-0.0781802,1.836323e-06,0.6566762924194336,1.0762068995973095e-06
Step-Separation,0.12900608498603106,Q2-INNERSKIN,0.07818007469177246,-8.222872e-08,-0.078180075,5.997794e-07,0.6566758155822754,7.939669012557715e-05
Step-Separation,0.12900608498603106,Q2-OUTERSKIN,0.07818020135164261,-5.370064e-07,-0.0781802,1.8397953e-06,0.6566761136054993,7.166410068748519e-05
Step-Separation,0.1310061113908887,ADAPTER,0.0,0.0,0.0,0.0,0.0,0.0
Step-Separation,0.1310061113908887,PSS-CORE,0.0005243271589279175,-9.7597535e-08,-0.00052432716,2.7034702e-10,0.00018734960758592933,0.0016722206491976976
Step-Separation,0.1310061113908887,PSS-INNERSKIN,0.0005243569612503052,-9.760095e-08,-0.00052435696,2.4646904e-10,0.00018731519230641425,0.014708654955029488
Step-Separation,0.1310061113908887,PSS-OUTERSKIN,0.0005233064293861389,-8.933515e-08,-0.00052330643,1.2756052e-10,0.00018708163406699896,0.015458224341273308
Step-Separation,0.1310061113908887,Q1-CORE,0.07949355989694595,-4.959535e-07,-0.07949356,-1.8378555e-06,0.6566765308380127,1.0816568192240084e-06
Step-Separation,0.1310061113908887,Q1-INNERSKIN,0.0794934332370758,-1.7302284e-08,-0.07949343,-3.6646992e-07,0.6566761136054993,8.00058915046975e-05
Step-Separation,0.1310061113908887,Q1-OUTERSKIN,0.07949355989694595,-4.898104e-07,-0.07949356,-1.8359033e-06,0.6566764116287231,7.179279782576486e-05
Step-Separation,0.1310061113908887,Q2-CORE,0.07949355244636536,-5.1804096e-07,-0.07949355,1.8565096e-06,0.6566764712333679,1.0815688256116118e-06
Step-Separation,0.1310061113908887,Q2-INNERSKIN,0.07949342578649521,-8.503239e-08,-0.079493426,6.144822e-07,0.656676173210144,7.978703069966286e-05
Step-Separation,0.1310061113908887,Q2-OUTERSKIN,0.07949355244636536,-5.8722765e-07,-0.07949355,1.8679336e-06,0.6566763520240784,7.168473530327901e-05
Step-Separation,0.13300614524632692,ADAPTER,0.0,0.0,0.0,0.0,0.0,0.0
Step-Separation,0.13300614524632692,PSS-CORE,0.0005245879292488098,-1.07966066e-07,-0.00052458793,2.706279e-10,8.464586426271126e-05,0.00167297781445086
Step-Separation,0.13300614524632692,PSS-INNERSKIN,0.0005246177315711975,-1.0796957e-07,-0.00052461773,2.470162e-10,8.105456072371453e-05,0.01471506617963314
Step-Separation,0.13300614524632692,PSS-OUTERSKIN,0.0005235671997070312,-9.974297e-08,-0.0005235672,1.2673483e-10,8.464610436931252e-05,0.015465694479644299
Step-Separation,0.13300614524632692,Q1-CORE,0.0808069109916687,-4.962916e-07,-0.08080691,-1.8576246e-06,0.6566765904426575,1.0863388979487354e-06
Step-Separation,0.13300614524632692,Q1-INNERSKIN,0.08080678433179855,-9.5162335e-08,-0.080806784,-7.170184e-07,0.6566764712333679,8.037353836698458e-05
Step-Separation,0.13300614524632692,Q1-OUTERSKIN,0.0808069109916687,-4.901357e-07,-0.08080691,-1.8556581e-06,0.6566765308380127,7.17490547685884e-05
Step-Separation,0.13300614524632692,Q2-CORE,0.0808069035410881,-5.1826294e-07,-0.0808069,1.8765554e-06,0.656676709651947,1.0868557183130179e-06
Step-Separation,0.13300614524632692,Q2-INNERSKIN,0.08080677688121796,-8.78709e-08,-0.08080678,6.292556e-07,0.6566765308380127,8.017710933927447e-05
Step-Separation,0.13300614524632692,Q2-OUTERSKIN,0.0808069035410881,-5.374932e-07,-0.0808069,1.8801361e-06,0.6566766500473022,7.170098251663148e-05
Step-Separation,0.13500617910176516,ADAPTER,0.0,0.0,0.0,0.0,0.0,0.0
Step-Separation,0.13500617910176516,PSS-CORE,0.0005246400833129883,-8.914648e-08,-0.0005246401,2.7315175e-10,4.063039887114428e-05,0.0016730809584259987
Step-Separation,0.13500617910176516,PSS-INNERSKIN,0.000524669885635376,-8.915002e-08,-0.0005246699,2.4889654e-10,4.06958679377567e-05,0.014715885743498802
Step-Separation,0.13500617910176516,PSS-OUTERSKIN,0.0005236268043518066,-8.086507e-08,-0.0005236268,1.2691391e-10,3.68221772077959e-05,0.01546685304492712
Step-Separation,0.13500617910176516,Q1-CORE,0.08212026208639145,-4.965252e-07,-0.08212026,-1.877235e-06,0.6566768884658813,1.0910580385825597e-06
Step-Separation,0.13500617910176516,Q1-INNERSKIN,0.0821201354265213,-2.0397332e-08,-0.082120135,-3.8421842e-07,0.6566765308380127,8.071107731666416e-05
Step-Separation,0.13500617910176516,Q1-OUTERSKIN,0.08212026208639145,-4.903865e-07,-0.08212026,-1.875255e-06,0.6566767692565918,7.175144855864346e-05
Step-Separation,0.13500617910176516,Q2-CORE,0.08212025463581085,-5.1845217e-07,-0.082120255,1.8965874e-06,0.6566768884658813,1.0918668067461113e-06
Step-Separation,0.13500617910176516,Q2-INNERSKIN,0.0821201279759407,-9.08163e-08,-0.08212013,6.44029e-07,0.6566765904426575,8.056260412558913e-05
Step-Separation,0.13500617910176516,Q2-OUTERSKIN,0.08212025463581085,-5.8774316e-07,-0.082120255,1.908449e-06,0.6566768884658813,7.167750300141051e-05
Step-Separation,0.1370062129572034,ADAPTER,0.0,0.0,0.0,0.0,0.0,0.0
Step-Separation,0.1370062129572034,PSS-CORE,0.000524468719959259,-5.8175406e-08,-0.0005244687,2.7411198e-10,0.00012205038365209475,0.0016726379981264472
Step-Separation,0.1370062129572034,PSS-INNERSKIN,0.0005244985222816467,-5.8178923e-08,-0.0005244985,2.4892072e-10,0.00012204746599309146,0.014712096191942692
Step-Separation,0.1370062129572034,PSS-OUTERSKIN,0.0005234628915786743,-4.983434e-08,-0.0005234629,1.2546413e-10,0.00012013177911285311,0.015462543815374374
Step-Separation,0.1370062129572034,Q1-CORE,0.0834336131811142,-4.9676885e-07,-0.08343361,-1.8968256e-06,0.6566770672798157,1.0963310614897637e-06
Step-Separation,0.1370062129572034,Q1-INNERSKIN,0.08343348652124405,-9.8773036e-08,-0.08343349,-7.520151e-07,0.6566767692565918,8.115371019812301e-05
Step-Separation,0.1370062129572034,Q1-OUTERSKIN,0.0834336131811142,-4.9060833e-07,-0.08343361,-1.8947992e-06,0.6566770672798157,7.176719373092055e-05
Step-Separation,0.1370062129572034,Q2-CORE,0.0834336057305336,-5.1856097e-07,-0.083433606,1.916586e-06,0.6566770672798157,1.0962800160996267e-06
Step-Separation,0.1370062129572034,Q2-INNERSKIN,0.08343347907066345,-9.3710945e-08,-0.08343348,6.587898e-07,0.6566767692565918,8.088759932434186e-05
Step-Separation,0.1370062129572034,Q2-OUTERSKIN,0.0834336057305336,-5.3782077e-07,-0.083433606,1.9202716e-06,0.6566768884658813,7.16759022907354e-05
Step-Separation,0.13900624681264162,ADAPTER,0.0,0.0,0.0,0.0,0.0,0.0
Step-Separation,0.13900624681264162,PSS-CORE,0.0005241706967353821,-3.6766984e-08,-0.0005241707,2.7092964e-10,0.00013458998000714928,0.0016719632549211383
Step-Separation,0.13900624681264162,PSS-INNERSKIN,0.0005242004990577698,-3.6770523e-08,-0.0005242005,2.451634e-10,0.00013406608195509762,0.014706391841173172
Step-Separation,0.13900624681264162,PSS-OUTERSKIN,0.0005231648683547974,-2.8473634e-08,-0.00052316487,1.2586597e-10,0.00013456467422656715,0.015455859713256359
Step-Separation,0.13900624681264162,Q1-CORE,0.08474696427583694,-4.969387e-07,-0.084746964,-1.916322e-06,0.65667724609375,1.1009051377186552e-06
Step-Separation,0.13900624681264162,Q1-INNERSKIN,0.0847468376159668,-2.350204e-08,-0.08474684,-4.015818e-07,0.6566768884658813,8.142708247760311e-05
Step-Separation,0.13900624681264162,Q1-OUTERSKIN,0.08474696427583694,-4.90767e-07,-0.084746964,-1.9142733e-06,0.6566771268844604,7.174677011789754e-05
Step-Separation,0.13900624681264162,Q2-CORE,0.08474695682525635,-5.186944e-07,-0.08474696,1.9364152e-06,0.6566771268844604,1.1012222103090608e-06
Step-Separation,0.13900624681264162,Q2-INNERSKIN,0.0847468301653862,-9.664395e-08,-0.08474683,6.7351476e-07,0.6566769480705261,8.124625310301781e-05
Step-Separation,0.13900624681264162,Q2-OUTERSKIN,0.08474695682525635,-5.880779e-07,-0.08474696,1.9487154e-06,0.6566771268844604,7.166047726059332e-05
Step-Separation,0.14100628066807985,ADAPTER,0.0,0.0,0.0,0.0,0.0,0.0
Step-Separation,0.14100628066807985,PSS-CORE,0.0005239397287368774,-3.639731e-08,-0.0005239397,2.706422e-10,8.747648826101795e-05,0.0016713563818484545
Step-Separation,0.14100628066807985,PSS-INNERSKIN,0.0005239695310592651,-3.6400778e-08,-0.00052396953,2.4505142e-10,8.542211435269564e-05,0.01470122393220663
Step-Separation,0.14100628066807985,PSS-OUTERSKIN,0.0005229264497756958,-2.804721e-08,-0.00052292645,1.2895601e-10,8.741609781282023e-05,0.015449874103069305
Step-Separation,0.14100628066807985,Q1-CORE,0.08606031537055969,-4.9709064e-07,-0.086060315,-1.9358656e-06,0.6566773653030396,1.1056695257138927e-06
Step-Separation,0.14100628066807985,Q1-INNERSKIN,0.08606018871068954,-1.12772454e-07,-0.08606019,-7.4175296e-07,0.6566770076751709,8.177292329492047e-05
Step-Separation,0.14100628066807985,Q1-OUTERSKIN,0.08606031537055969,-4.909037e-07,-0.086060315,-1.9337822e-06,0.6566773056983948,7.171159813879058e-05
Step-Separation,0.14100628066807985,Q2-CORE,0.0860603079199791,-5.1873474e-07,-0.08606031,1.9563743e-06,0.65667724609375,1.1058973541366868e-06
Step-Separation,0.14100628066807985,Q2-INNERSKIN,0.08606018126010895,-9.960421e-08,-0.08606018,6.8823374e-07,0.6566770076751709,8.159926073858514e-05
Step-Separation,0.14100628066807985,Q2-OUTERSKIN,0.0860603079199791,-5.125024e-07,-0.08606031,1.9550546e-06,0.6566771864891052,7.165664283093065e-05
Step-Separation,0.14300631452351809,ADAPTER,0.0,0.0,0.0,0.0,0.0,0.0
Step-Separation,0.14300631452351809,PSS-CORE,0.0005238428711891174,-5.314094e-08,-0.0005238429,2.6730942e-10,1.7162650692625903e-05,0.001671090256422758
Step-Separation,0.14300631452351809,PSS-INNERSKIN,0.0005238726735115051,-5.3144372e-08,-0.0005238727,2.42695e-10,1.582217555551324e-05,0.014698917977511883
Step-Separation,0.14300631452351809,PSS-OUTERSKIN,0.0005228221416473389,-4.4769614e-08,-0.00052282214,1.244846e-10,1.7168937120004557e-05,0.015447304584085941
Step-Separation,0.14300631452351809,Q1-CORE,0.08737366646528244,-4.971974e-07,-0.08737367,-1.9553825e-06,0.6566773653030396,1.1106235433544498e-06
Step-Separation,0.14300631452351809,Q1-INNERSKIN,0.08737353980541229,-2.6415167e-08,-0.08737354,-4.1823563e-07,0.6566771268844604,8.21253124740906e-05
Step-Separation,0.14300631452351809,Q1-OUTERSKIN,0.08737366646528244,-4.9101453e-07,-0.08737367,-1.9532945e-06,0.65667724609375,7.170252501964569e-05
Step-Separation,0.14300631452351809,Q2-CORE,0.08737365901470184,-5.188182e-07,-0.08737366,1.9764213e-06,0.6566773653030396,1.1109075330750784e-06
Step-Separation,0.14300631452351809,Q2-INNERSKIN,0.0873735323548317,-1.0246894e-07,-0.08737353,7.028811e-07,0.6566771268844604,8.189520303858444e-05
Step-Separation,0.14300631452351809,Q2-OUTERSKIN,0.08737365901470184,-5.883214e-07,-0.08737366,1.989234e-06,0.65667724609375,7.163770351326093e-05
Step-Separation,0.14500634837895632,ADAPTER,0.0,0.0,0.0,0.0,0.0,0.0
Step-Separation,0.14500634837895632,PSS-CORE,0.000523887574672699,-7.332067e-08,-0.0005238876,2.6800215e-10,5.542953294934705e-05,0.0016712254146113992
Step-Separation,0.14500634837895632,PSS-INNERSKIN,0.0005239173769950867,-7.33241e-08,-0.0005239174,2.4389168e-10,5.5407770560123026e-05,0.01470002718269825
Step-Separation,0.14500634837895632,PSS-OUTERSKIN,0.0005228668451309204,-6.499575e-08,-0.00052286685,1.2499564e-10,5.505313311005011e-05,0.01544871460646391
Step-Separation,0.14500634837895632,Q1-CORE,0.08868701756000519,-4.973797e-07,-0.08868702,-1.9752092e-06,0.6566774845123291,1.1156174650750472e-06
Step-Separation,0.14500634837895632,Q1-INNERSKIN,0.08868689090013504,-1.1834025e-07,-0.08868689,-7.7296295e-07,0.6566771268844604,8.245574281318113e-05
Step-Separation,0.14500634837895632,Q1-OUTERSKIN,0.08868701756000519,-4.9118955e-07,-0.08868702,-1.9730683e-06,0.6566774249076843,7.168221054598689e-05
Step-Separation,0.14500634837895632,Q2-CORE,0.08868701010942459,-5.189526e-07,-0.08868701,1.9965555e-06,0.6566776037216187,1.1155807442264631e-06
Step-Separation,0.14500634837895632,Q2-INNERSKIN,0.08868688344955444,-1.0534531e-07,-0.08868688,7.17457e-07,0.6566771268844604,8.226213685702533e-05
Step-Separation,0.14500634837895632,Q2-OUTERSKIN,0.08868701010942459,-5.1270433e-07,-0.08868701,1.995178e-06,0.6566774845123291,7.165079296100885e-05
Step-Separation,0.14700638223439455,ADAPTER,0.0,0.0,0.0,0.0,0.0,0.0
Step-Separation,0.14700638223439455,PSS-CORE,0.0005240365862846375,-8.349912e-08,-0.0005240366,2.677846e-10,8.607721974840388e-05,0.0016716026002541184
Step-Separation,0.14700638223439455,PSS-INNERSKIN,0.0005240663886070251,-8.3502535e-08,-0.0005240664,2.4400348e-10,8.522430289303884e-05,0.014703216031193733
Step-Separation,0.14700638223439455,PSS-OUTERSKIN,0.0005230158567428589,-7.5218985e-08,-0.00052301586,1.2551257e-10,8.608910866314545e-05,0.015452507883310318
Step-Separation,0.14700638223439455,Q1-CORE,0.09000036865472794,-4.975598e-07,-0.09000037,-1.995012e-06,0.6566777229309082,1.120041133617633e-06
Step-Separation,0.14700638223439455,Q1-INNERSKIN,0.09000024199485779,-2.9194277e-08,-0.09000024,-4.3439863e-07,0.6566773056983948,8.27718322398141e-05
Step-Separation,0.14700638223439455,Q1-OUTERSKIN,0.09000036865472794,-4.9137606e-07,-0.09000037,-1.9928584e-06,0.6566775441169739,7.170611206674948e-05
Step-Separation,0.14700638223439455,Q2-CORE,0.09000036120414734,-5.190789e-07,-0.09000036,2.0167843e-06,0.6566774249076843,1.119998273679812e-06
Step-Separation,0.14700638223439455,Q2-INNERSKIN,0.09000023454427719,-1.0838482e-07,-0.090000235,7.319968e-07,0.6566771864891052,8.257748413598165e-05
Step-Separation,0.14700638223439455,Q2-OUTERSKIN,0.09000036120414734,-5.88636e-07,-0.09000036,2.0300783e-06,0.6566774249076843,7.161822577472776e-05
Step-Separation,0.14900641608983278,ADAPTER,0.0,0.0,0.0,0.0,0.0,0.0
Step-Separation,0.14900641608983278,PSS-CORE,0.0005241855978965759,-7.927891e-08,-0.0005241856,2.6724642e-10,7.263159204740077e-05,0.0016720268176868558
Step-Separation,0.14900641608983278,PSS-INNERSKIN,0.0005242154002189636,-7.928237e-08,-0.0005242154,2.4323688e-10,7.17001676093787e-05,0.014706862159073353
Step-Separation,0.14900641608983278,PSS-OUTERSKIN,0.0005231648683547974,-7.099537e-08,-0.00052316487,1.241646e-10,7.259439007611945e-05,0.015456650406122208
Step-Separation,0.14900641608983278,Q1-CORE,0.09131371974945068,-4.977932e-07,-0.09131372,-2.014974e-06,0.6566776633262634,1.1232909855607431e-06
Step-Separation,0.14900641608983278,Q1-INNERSKIN,0.09131359308958054,-1.2391135e-07,-0.09131359,-8.041821e-07,0.6566773653030396,8.308576798299327e-05
Step-Separation,0.14900641608983278,Q1-OUTERSKIN,0.09131371974945068,-4.916067e-07,-0.09131372,-2.0127877e-06,0.6566775441169739,7.16723152436316e-05
Step-Separation,0.14900641608983278,Q2-CORE,0.09131371229887009,-5.192319e-07,-0.09131371,2.0371454e-06,0.6566777229309082,1.124277673625329e-06
Step-Separation,0.14900641608983278,Q2-INNERSKIN,0.09131358563899994,-1.1120769e-07,-0.091313586,7.4685005e-07,0.65667724609375,8.289939432870597e-05
Step-Separation,0.14900641608983278,Q2-OUTERSKIN,0.09131371229887009,-5.1298247e-07,-0.09131371,2.0357188e-06,0.6566776037216187,7.165112037910149e-05
Step-Separation,0.15100644994527102,ADAPTER,0.0,0.0,0.0,0.0,0.0,0.0
Step-Separation,0.15100644994527102,PSS-CORE,0.0005243122577667236,-6.6429585e-08,-0.00052431226,2.6793306e-10,3.153912257403135e-05,0.0016723093576729298
Step-Separation,0.15100644994527102,PSS-INNERSKIN,0.0005243420600891113,-6.643308e-08,-0.00052434206,2.431332e-10,3.1248309824150056e-05,0.014709328301250935
Step-Separation,0.15100644994527102,PSS-OUTERSKIN,0.0005232915282249451,-5.8119483e-08,-0.0005232915,1.2571579e-10,3.153830402879976e-05,0.015459300018846989
Step-Separation,0.15100644994527102,Q1-CORE,0.09262707084417343,-4.980354e-07,-0.09262707,-2.0350292e-06,0.6566776633262634,1.1267705986028886e-06
Step-Separation,0.15100644994527102,Q1-INNERSKIN,0.09262694418430328,-3.189282e-08,-0.092626944,-4.5018876e-07,0.6566773653030396,8.341247303178534e-05
Step-Separation,0.15100644994527102,Q1-OUTERSKIN,0.09262707084417343,-4.9184143e-07,-0.09262707,-2.0328293e-06,0.6566775441169739,7.16572321834974e-05
Step-Separation,0.15100644994527102,Q2-CORE,0.09262706339359283,-5.194729e-07,-0.09262706,2.0575817e-06,0.6566776633262634,1.1287675079074688e-06
Step-Separation,0.15100644994527102,Q2-INNERSKIN,0.09262693673372269,-1.1431236e-07,-0.09262694,7.6138485e-07,0.65667724609375,8.323205111082643e-05
Step-Separation,0.15100644994527102,Q2-OUTERSKIN,0.09262706339359283,-5.891838e-07,-0.09262706,2.0713203e-06,0.6566775441169739,7.16121940058656e-05
Step-Separation,0.15300648380070925,ADAPTER,0.0,0.0,0.0,0.0,0.0,0.0
Step-Separation,0.15300648380070925,PSS-CORE,0.0005243122577667236,-5.4730165e-08,-0.00052431226,2.7107247e-10,1.690465614956338e-05,0.0016723376465961337
Step-Separation,0.15300648380070925,PSS-INNERSKIN,0.0005243420600891113,-5.4733675e-08,-0.00052434206,2.4586558e-10,1.6585954654146917e-05,0.01470961794257164
Step-Separation,0.15300648380070925,PSS-OUTERSKIN,0.0005232915282249451,-4.6397883e-08,-0.0005232915,1.2756793e-10,1.687702206254471e-05,0.015459463931620121
Step-Separation,0.15300648380070925,Q1-CORE,0.09394042193889618,-4.9836615e-07,-0.09394042,-2.0552338e-06,0.6566776037216187,1.1298665185677237e-06
Step-Separation,0.15300648380070925,Q1-INNERSKIN,0.09394029527902603,-1.2952145e-07,-0.093940295,-8.353374e-07,0.6566773653030396,8.372487354790792e-05
Step-Separation,0.15300648380070925,Q1-OUTERSKIN,0.09394042193889618,-4.921568e-07,-0.09394042,-2.0530083e-06,0.6566776037216187,7.167190779000521e-05
Step-Separation,0.15300648380070925,Q2-CORE,0.09394041448831558,-5.1970386e-07,-0.093940414,2.0781276e-06,0.6566777229309082,1.133064415625995e-06
Step-Separation,0.15300648380070925,Q2-INNERSKIN,0.09394028782844543,-1.17210945e-07,-0.09394029,7.76181e-07,0.6566773653030396,8.356470061698928e-05
Step-Separation,0.15300648380070925,Q2-OUTERSKIN,0.09394041448831558,-5.1343255e-07,-0.093940414,2.0766793e-06,0.6566776037216187,7.165721035562456e-05
Step-Separation,0.15500651765614748,ADAPTER,0.0,0.0,0.0,0.0,0.0,0.0
Step-Separation,0.15500651765614748,PSS-CORE,0.0005242526531219482,-5.121553e-08,-0.00052425265,2.7310404e-10,4.829607860301621e-05,0.0016721589490771294
Step-Separation,0.15500651765614748,PSS-INNERSKIN,0.0005242824554443359,-5.1219033e-08,-0.00052428246,2.4781602e-10,4.760489537147805e-05,0.01470810454338789
Step-Separation,0.15500651765614748,PSS-OUTERSKIN,0.0005232244729995728,-4.2889045e-08,-0.0005232245,1.3089548e-10,4.826827353099361e-05,0.015457680448889732
Step-Separation,0.15500651765614748,Q1-CORE,0.09525377303361893,-4.986846e-07,-0.09525377,-2.0754821e-06,0.6566776633262634,1.132830789174477e-06
Step-Separation,0.15500651765614748,Q1-INNERSKIN,0.09525364637374878,-3.4534587e-08,-0.09525365,-4.657505e-07,0.6566773653030396,8.406281267525628e-05
Step-Separation,0.15500651765614748,Q1-OUTERSKIN,0.09525377303361893,-4.924678e-07,-0.09525377,-2.073229e-06,0.6566776037216187,7.167259900597855e-05
Step-Separation,0.15500651765614748,Q2-CORE,0.09525376558303833,-5.1996034e-07,-0.095253766,2.0986845e-06,0.6566775441169739,1.1372721928637475e-06
Step-Separation,0.15500651765614748,Q2-INNERSKIN,0.09525363892316818,-1.2033314e-07,-0.09525364,7.9083253e-07,0.6566774845123291,8.38602936710231e-05
Step-Separation,0.15500651765614748,Q2-OUTERSKIN,0.09525376558303833,-5.8981385e-07,-0.095253766,2.112953e-06,0.6566774845123291,7.163140253396705e-05
Step-Separation,0.1570065515115857,ADAPTER,0.0,0.0,0.0,0.0,0.0,0.0
Step-Separation,0.1570065515115857,PSS-CORE,0.0005240961909294128,-5.6394242e-08,-0.0005240962,2.7240477e-10,5.2454295655479655e-05,0.0016718925908207893
Step-Separation,0.1570065515115857,PSS-INNERSKIN,0.0005241259932518005,-5.639774e-08,-0.000524126,2.472616e-10,5.224749838816933e-05,0.014705806039273739
Step-Separation,0.1570065515115857,PSS-OUTERSKIN,0.0005230680108070374,-4.8087703e-08,-0.000523068,1.3067913e-10,5.243592750048265e-05,0.01545511931180954
Step-Separation,0.1570065515115857,Q1-CORE,0.09656712412834167,-4.9903707e-07,-0.096567124,-2.0956986e-06,0.6566776037216187,1.136370656240615e-06
Step-Separation,0.1570065515115857,Q1-INNERSKIN,0.09656699001789093,-2.2280512e-08,-0.09656699,-3.4247097e-07,0.6566773056983948,8.434664050582796e-05
Step-Separation,0.1570065515115857,Q1-OUTERSKIN,0.09656712412834167,-5.192563e-07,-0.096567124,-2.102112e-06,0.6566775441169739,7.171198376454413e-05
Step-Separation,0.1570065515115857,Q2-CORE,0.09656711667776108,-5.2023336e-07,-0.09656712,2.1193669e-06,0.6566776633262634,1.1419534757806105e-06
Step-Separation,0.1570065515115857,Q2-INNERSKIN,0.09656699001789093,-1.4602324e-08,-0.09656699,1.7979461e-07,0.6566773653030396,8.416456694249064e-05
Step-Separation,0.1570065515115857,Q2-OUTERSKIN,0.09656711667776108,-5.139528e-07,-0.09656712,2.1178764e-06,0.6566776633262634,7.165386341512203e-05
Step-Separation,0.15900658536702394,ADAPTER,0.0,0.0,0.0,0.0,0.0,0.0
Step-Separation,0.15900658536702394,PSS-CORE,0.0005239695310592651,-6.517588e-08,-0.00052396953,2.693927e-10,3.3284552046097815e-05,0.0016716603422537446
Step-Separation,0.15900658536702394,PSS-INNERSKIN,0.0005239993333816528,-6.517938e-08,-0.00052399933,2.446031e-10,3.327290323795751e-05,0.014703773893415928
Step-Separation,0.15900658536702394,PSS-OUTERSKIN,0.0005229488015174866,-5.6848585e-08,-0.0005229488,1.2717412e-10,3.292348992545158e-05,0.01545295212417841
Step-Separation,0.15900658536702394,Q1-CORE,0.09788047522306442,-4.993282e-07,-0.097880475,-2.115955e-06,0.6566776037216187,1.139820710704953e-06
Step-Separation,0.15900658536702394,Q1-INNERSKIN,0.09788034856319427,-1.379693e-07,-0.09788035,-8.818787e-07,0.6566773653030396,8.466048893751577e-05
Step-Separation,0.15900658536702394,Q1-OUTERSKIN,0.09788047522306442,-5.1958085e-07,-0.097880475,-2.1224353e-06,0.6566774845123291,7.171637116698548e-05
Step-Separation,0.15900658536702394,Q2-CORE,0.09788046777248383,-5.204917e-07,-0.09788047,2.1400474e-06,0.6566776037216187,1.146453200817632e-06
Step-Separation,0.15900658536702394,Q2-INNERSKIN,0.09788034111261368,-4.339112e-08,-0.09788034,4.8968474e-07,0.6566774249076843,8.447753498330712e-05
Step-Separation,0.15900658536702394,Q2-OUTERSKIN,0.09788046777248383,-5.142209e-07,-0.09788047,2.138528e-06,0.6566776037216187,7.168458978412673e-05
Step-Separation,0.16100661922246218,ADAPTER,0.0,0.0,0.0,0.0,0.0,0.0
Step-Separation,0.16100661922246218,PSS-CORE,0.0005239695310592651,-7.136126e-08,-0.00052396953,2.718315e-10,4.804920081369346e-06,0.0016715649981051683
Step-Separation,0.16100661922246218,PSS-INNERSKIN,0.0005239993333816528,-7.136473e-08,-0.00052399933,2.4735985e-10,4.803926003660308e-06,0.014702926389873028
Step-Separation,0.16100661922246218,PSS-OUTERSKIN,0.0005229488015174866,-6.3026945e-08,-0.0005229488,1.2818235e-10,4.723969595943345e-06,0.015452093444764614
Step-Separation,0.16100661922246218,Q1-CORE,0.09919382631778717,-4.9966314e-07,-0.09919383,-2.136119e-06,0.6566776037216187,1.1442438108133501e-06
Step-Separation,0.16100661922246218,Q1-INNERSKIN,0.09919369220733643,-2.4198076e-08,-0.09919369,-3.5328804e-07,0.6566773653030396,8.495565998600796e-05
Step-Separation,0.16100661922246218,Q1-OUTERSKIN,0.09919382631778717,-5.199312e-07,-0.09919383,-2.142779e-06,0.6566774845123291,7.1732843935024e-05
Step-Separation,0.16100661922246218,Q2-CORE,0.09919381886720657,-5.2076655e-07,-0.09919382,2.1607918e-06,0.6566776633262634,1.1504289432195947e-06
Step-Separation,0.16100661922246218,Q2-INNERSKIN,0.09919369220733643,-1.6050656e-08,-0.09919369,1.8602695e-07,0.6566773653030396,8.477071969537064e-05
Step-Separation,0.16100661922246218,Q2-OUTERSKIN,0.09919381886720657,-5.144905e-07,-0.09919382,2.1592698e-06,0.6566776633262634,7.169578020693734e-05
Step-Separation,0.1630066530779004,ADAPTER,0.0,0.0,0.0,0.0,0.0,0.0
Step-Separation,0.1630066530779004,PSS-CORE,0.0005239695310592651,-7.174e-08,-0.00052396953,2.7133432e-10,2.2586285922443494e-05,0.001671622390858829
Step-Separation,0.1630066530779004,PSS-INNERSKIN,0.0005239993333816528,-7.1743486e-08,-0.00052399933,2.4680505e-10,2.2316993636195548e-05,0.014703418128192425
Step-Separation,0.1630066530779004,PSS-OUTERSKIN,0.0005229488015174866,-6.344162e-08,-0.0005229488,1.2704829e-10,2.258868516946677e-05,0.015452663414180279
Step-Separation,0.1630066530779004,Q1-CORE,0.10050717741250992,-4.99979e-07,-0.10050718,-2.1563444e-06,0.6566777229309082,1.1481741921670618e-06
Step-Separation,0.1630066530779004,Q1-INNERSKIN,0.10050705075263977,-1.4359777e-07,-0.10050705,-9.1288587e-07,0.6566773653030396,8.524189615854993e-05
Step-Separation,0.1630066530779004,Q1-OUTERSKIN,0.10050717741250992,-5.2025575e-07,-0.10050718,-2.1630913e-06,0.6566775441169739,7.17617294867523e-05
Step-Separation,0.1630066530779004,Q2-CORE,0.10050716996192932,-5.210556e-07,-0.10050717,2.181529e-06,0.6566777229309082,1.1544266271812376e-06
Step-Separation,0.1630066530779004,Q2-INNERSKIN,0.10050704330205917,-4.6472167e-08,-0.10050704,5.0579854e-07,0.6566775441169739,8.505694131599739e-05
Step-Separation,0.1630066530779004,Q2-OUTERSKIN,0.10050716996192932,-5.147709e-07,-0.10050717,2.1799822e-06,0.6566776037216187,7.173387712100521e-05
Step-Separation,0.16500668693333864,ADAPTER,0.0,0.0,0.0,0.0,0.0,0.0
Step-Separation,0.16500668693333864,PSS-CORE,0.0005239695310592651,-6.729296e-08,-0.00052396953,2.7098154e-10,3.385950913070701e-05,0.0016717722173780203
Step-Separation,0.16500668693333864,PSS-INNERSKIN,0.0005239993333816528,-6.729644e-08,-0.00052399933,2.4627686e-10,3.384402225492522e-05,0.014704725705087185
Step-Separation,0.16500668693333864,PSS-OUTERSKIN,0.0005229488015174866,-5.8993486e-08,-0.0005229488,1.2798276e-10,3.366941018612124e-05,0.015454092063009739
Step-Separation,0.16500668693333864,Q1-CORE,0.10182052850723267,-5.003109e-07,-0.10182053,-2.176676e-06,0.6566776037216187,1.1524947467478341e-06
Step-Separation,0.16500668693333864,Q1-INNERSKIN,0.10182039439678192,-2.612824e-08,-0.101820394,-3.6410066e-07,0.6566773653030396,8.552891085855663e-05
Step-Separation,0.16500668693333864,Q1-OUTERSKIN,0.10182052850723267,-5.2063643e-07,-0.10182053,-2.183514e-06,0.6566776037216187,7.175343489507213e-05
Step-Separation,0.16500668693333864,Q2-CORE,0.10182052105665207,-5.213885e-07,-0.10182052,2.2022364e-06,0.6566778421401978,1.1590790336413193e-06
Step-Separation,0.16500668693333864,Q2-INNERSKIN,0.10182039439678192,-1.7430777e-08,-0.101820394,1.920219e-07,0.6566773653030396,8.532367064617574e-05
Step-Separation,0.16500668693333864,Q2-OUTERSKIN,0.10182052105665207,-5.150904e-07,-0.10182052,2.200653e-06,0.6566778421401978,7.173376070568338e-05
Step-Separation,0.16700672078877687,ADAPTER,0.0,0.0,0.0,0.0,0.0,0.0
Step-Separation,0.16700672078877687,PSS-CORE,0.0005239695310592651,-6.17048e-08,-0.00052396953,2.7064856e-10,2.7963278625975363e-05,0.0016719372943043709
Step-Separation,0.16700672078877687,PSS-INNERSKIN,0.0005239993333816528,-6.170831e-08,-0.00052399933,2.4574645e-10,2.7963673346675932e-05,0.014706161804497242
Step-Separation,0.16700672078877687,PSS-OUTERSKIN,0.0005229488015174866,-5.33878e-08,-0.0005229488,1.2924771e-10,2.7547230274649337e-05,0.01545563992112875
Step-Separation,0.16700672078877687,Q1-CORE,0.10313387960195541,-5.006347e-07,-0.10313388,-2.1969668e-06,0.6566776037216187,1.156513690148131e-06
Step-Separation,0.16700672078877687,Q1-INNERSKIN,0.10313375294208527,-1.4921157e-07,-0.10313375,-9.437307e-07,0.6566773653030396,8.580014400649816e-05
Step-Separation,0.16700672078877687,Q1-OUTERSKIN,0.10313387960195541,-5.2098005e-07,-0.10313388,-2.2038791e-06,0.6566776037216187,7.178493979154155e-05
Step-Separation,0.16700672078877687,Q2-CORE,0.10313387215137482,-5.2157264e-07,-0.10313387,2.2227914e-06,0.6566777229309082,1.1627212188614067e-06
Step-Separation,0.16700672078877687,Q2-INNERSKIN,0.10313374549150467,-4.95079e-08,-0.103133745,5.2184834e-07,0.6566775441169739,8.561307186027989e-05
Step-Separation,0.16700672078877687,Q2-OUTERSKIN,0.10313387215137482,-5.15264e-07,-0.10313387,2.2211452e-06,0.6566776037216187,7.173477206379175e-05
Step-Separation,0.1690067546442151,ADAPTER,0.0,0.0,0.0,0.0,0.0,0.0
Step-Separation,0.1690067546442151,PSS-CORE,0.0005239695310592651,-5.8657093e-08,-0.00052396953,2.683993e-10,1.1385357538529206e-05,0.001672042766585946
Step-Separation,0.1690067546442151,PSS-INNERSKIN,0.0005239993333816528,-5.8660603e-08,-0.00052399933,2.4345273e-10,1.1377461305528414e-05,0.014707081019878387
Step-Separation,0.1690067546442151,PSS-OUTERSKIN,0.0005229488015174866,-5.0329657e-08,-0.0005229488,1.2694515e-10,1.1062315934395883e-05,0.015456623397767544
Step-Separation,0.1690067546442151,Q1-CORE,0.10444723069667816,-5.010061e-07,-0.10444723,-2.2172478e-06,0.6566776633262634,1.1605955023696879e-06
Step-Separation,0.1690067546442151,Q1-INNERSKIN,0.10444709658622742,-2.7999901e-08,-0.1044471,-3.747855e-07,0.6566773653030396,8.607602649135515e-05
Step-Separation,0.1690067546442151,Q1-OUTERSKIN,0.10444723069667816,-5.2140155e-07,-0.10444723,-2.2242857e-06,0.6566776633262634,7.182103581726551e-05
Step-Separation,0.1690067546442151,Q2-CORE,0.10444722324609756,-5.215758e-07,-0.10444722,2.2429822e-06,0.656677782535553,1.1669372952383128e-06
Step-Separation,0.1690067546442151,Q2-INNERSKIN,0.10444709658622742,-1.8792123e-08,-0.1044471,1.979303e-07,0.6566774845123291,8.590056677348912e-05
Step-Separation,0.1690067546442151,Q2-OUTERSKIN,0.10444722324609756,-5.152717e-07,-0.10444722,2.2413035e-06,0.6566776633262634,7.174981146818027e-05
Step-Separation,0.17100678849965334,ADAPTER,0.0,0.0,0.0,0.0,0.0,0.0
Step-Separation,0.17100678849965334,PSS-CORE,0.0005239695310592651,-5.955587e-08,-0.00052396953,2.688641e-10,7.2815023486327846e-06,0.0016720503335818648
Step-Separation,0.17100678849965334,PSS-INNERSKIN,0.0005239993333816528,-5.9559373e-08,-0.00052399933,2.437995e-10,7.220923635031795e-06,0.014707145281136036
Step-Separation,0.17100678849965334,PSS-OUTERSKIN,0.0005229488015174866,-5.1227797e-08,-0.0005229488,1.2648682e-10,7.264613486768212e-06,0.015456694178283215
Step-Separation,0.17100678849965334,Q1-CORE,0.10576058179140091,-5.0132206e-07,-0.10576058,-2.2375161e-06,0.6566776633262634,1.1639273225227953e-06
Step-Separation,0.17100678849965334,Q1-INNERSKIN,0.10576045513153076,-1.5488807e-07,-0.105760455,-9.746168e-07,0.6566773653030396,8.635413541924208e-05
Step-Separation,0.17100678849965334,Q1-OUTERSKIN,0.10576058179140091,-5.217231e-07,-0.10576058,-2.244622e-06,0.6566776633262634,7.183769776020199e-05
Step-Separation,0.17100678849965334,Q2-CORE,0.10576057434082031,-5.218189e-07,-0.105760574,2.2634663e-06,0.6566778421401978,1.170392124549835e-06
Step-Separation,0.17100678849965334,Q2-INNERSKIN,0.10576044768095016,-5.252006e-08,-0.10576045,5.377903e-07,0.6566774845123291,8.616338891442865e-05
Step-Separation,0.17100678849965334,Q2-OUTERSKIN,0.10576057434082031,-5.155138e-07,-0.105760574,2.261838e-06,0.6566776633262634,7.180694956332445e-05
Step-Separation,0.17300682235509157,ADAPTER,0.0,0.0,0.0,0.0,0.0,0.0
Step-Separation,0.17300682235509157,PSS-CORE,0.0005239695310592651,-6.312726e-08,-0.00052396953,2.6942157e-10,1.9293242075946182e-05,0.0016719787381589413
Step-Separation,0.17300682235509157,PSS-INNERSKIN,0.0005239993333816528,-6.313077e-08,-0.00052399933,2.4449245e-10,1.9284696463728324e-05,0.014706517569720745
Step-Separation,0.17300682235509157,PSS-OUTERSKIN,0.0005229488015174866,-5.482577e-08,-0.0005229488,1.2701996e-10,1.9081471691606566e-05,0.015456024557352066
Step-Separation,0.17300682235509157,Q1-CORE,0.10707393288612366,-5.017335e-07,-0.10707393,-2.2579268e-06,0.6566776633262634,1.16732064725511e-06
Step-Separation,0.17300682235509157,Q1-INNERSKIN,0.10707379877567291,-2.9860082e-08,-0.1070738,-3.8538835e-07,0.6566774249076843,8.662821346661076e-05
Step-Separation,0.17300682235509157,Q1-OUTERSKIN,0.10707393288612366,-5.221629e-07,-0.10707393,-2.2650993e-06,0.6566776037216187,7.183680281741545e-05
Step-Separation,0.17300682235509157,Q2-CORE,0.10707392543554306,-5.2212056e-07,-0.107073925,2.2843053e-06,0.6566777229309082,1.1739949741240707e-06
Step-Separation,0.17300682235509157,Q2-INNERSKIN,0.10707379877567291,-2.0115893e-08,-0.1070738,2.0379034e-07,0.6566774845123291,8.644245099276304e-05
Step-Separation,0.17300682235509157,Q2-OUTERSKIN,0.10707392543554306,-5.1580264e-07,-0.107073925,2.2825877e-06,0.6566776633262634,7.186689617810771e-05
Step-Separation,0.1750068562105298,ADAPTER,0.0,0.0,0.0,0.0,0.0,0.0
Step-Separation,0.1750068562105298,PSS-CORE,0.0005239695310592651,-6.671056e-08,-0.00052396953,2.6788194e-10,2.041524749074597e-05,0.0016718741971999407
Step-Separation,0.1750068562105298,PSS-INNERSKIN,0.0005239993333816528,-6.671405e-08,-0.00052399933,2.4306668e-10,2.0396424588398077e-05,0.014705613255500793
Step-Separation,0.1750068562105298,PSS-OUTERSKIN,0.0005229488015174866,-5.8404268e-08,-0.0005229488,1.2768e-10,2.0122661226196215e-05,0.015455036424100399
Step-Separation,0.1750068562105298,Q1-CORE,0.1083872839808464,-5.020638e-07,-0.108387284,-2.2783017e-06,0.6566776037216187,1.1715292203007266e-06
Step-Separation,0.1750068562105298,Q1-INNERSKIN,0.10838715732097626,-1.6054761e-07,-0.10838716,-1.0054085e-06,0.6566774249076843,8.692384290043265e-05
Step-Separation,0.1750068562105298,Q1-OUTERSKIN,0.1083872839808464,-5.2255615e-07,-0.108387284,-2.2856186e-06,0.6566776633262634,7.185053254943341e-05
Step-Separation,0.1750068562105298,Q2-CORE,0.10838727653026581,-5.2240006e-07,-0.10838728,2.3050109e-06,0.656677782535553,1.178305296889448e-06
Step-Separation,0.1750068562105298,Q2-INNERSKIN,0.10838714987039566,-5.549091e-08,-0.10838715,5.536637e-07,0.6566774845123291,8.672225521877408e-05
Step-Separation,0.1750068562105298,Q2-OUTERSKIN,0.10838727653026581,-5.1610243e-07,-0.10838728,2.3033554e-06,0.6566777229309082,7.1768241468817e-05
Step-Separation,0.17700689006596804,ADAPTER,0.0,0.0,0.0,0.0,0.0,0.0
Step-Separation,0.17700689006596804,PSS-CORE,0.0005239695310592651,-6.804441e-08,-0.00052396953,2.6715838e-10,1.2501715900725685e-05,0.001671785139478743
Step-Separation,0.17700689006596804,PSS-INNERSKIN,0.0005239993333816528,-6.8047896e-08,-0.00052399933,2.4239655e-10,1.2480519217206165e-05,0.014704841189086437
Step-Separation,0.17700689006596804,PSS-OUTERSKIN,0.0005229488015174866,-5.971905e-08,-0.0005229488,1.2538187e-10,1.2341086403466761e-05,0.015454191714525223
Step-Separation,0.17700689006596804,Q1-CORE,0.10970063507556915,-5.0246894e-07,-0.109700635,-2.2987433e-06,0.6566777229309082,1.1747933967853896e-06
Step-Separation,0.17700689006596804,Q1-INNERSKIN,0.10970050096511841,-3.168069e-08,-0.1097005,-3.959255e-07,0.6566776037216187,8.717190939933062e-05
Step-Separation,0.17700689006596804,Q1-OUTERSKIN,0.10970063507556915,-5.229546e-07,-0.109700635,-2.306056e-06,0.6566777229309082,7.185865979408845e-05
Step-Separation,0.17700689006596804,Q2-CORE,0.10970062762498856,-5.2281035e-07,-0.10970063,2.3260561e-06,0.6566777229309082,1.1818581242550863e-06
Step-Separation,0.17700689006596804,Q2-INNERSKIN,0.10970050096511841,-2.1465379e-08,-0.1097005,2.096645e-07,0.6566774249076843,8.697391604073346e-05
Step-Separation,0.17700689006596804,Q2-OUTERSKIN,0.10970062762498856,-5.164804e-07,-0.10970063,2.3243242e-06,0.6566776633262634,7.185249705798924e-05
Step-Separation,0.17900692392140627,ADAPTER,0.0,0.0,0.0,0.0,0.0,0.0
Step-Separation,0.17900692392140627,PSS-CORE,0.0005239695310592651,-6.662527e-08,-0.00052396953,2.688359e-10,1.5897606999715208e-06,0.0016717503312975168
Step-Separation,0.17900692392140627,PSS-INNERSKIN,0.0005239993333816528,-6.662876e-08,-0.00052399933,2.4409433e-10,1.5825341961317463e-06,0.01470455527305603
Step-Separation,0.17900692392140627,PSS-OUTERSKIN,0.0005229488015174866,-5.8311958e-08,-0.0005229488,1.2658485e-10,1.5783449498485425e-06,0.015453845262527466
Step-Separation,0.17900692392140627,Q1-CORE,0.1110139861702919,-5.029012e-07,-0.111013986,-2.3191137e-06,0.6566776633262634,1.1775647408285295e-06
Step-Separation,0.17900692392140627,Q1-INNERSKIN,0.11101385951042175,-1.660924e-07,-0.11101386,-1.0360599e-06,0.6566774249076843,8.745622471906245e-05
Step-Separation,0.17900692392140627,Q1-OUTERSKIN,0.1110139861702919,-5.234304e-07,-0.111013986,-2.3265848e-06,0.6566776037216187,7.188307790784165e-05
Step-Separation,0.17900692392140627,Q2-CORE,0.1110139787197113,-5.2303795e-07,-0.11101398,2.34663e-06,0.6566778421401978,1.18538173410343e-06
Step-Separation,0.17900692392140627,Q2-INNERSKIN,0.11101385205984116,-5.8427748e-08,-0.11101385,5.693542e-07,0.6566774249076843,8.722068014321849e-05
Step-Separation,0.17900692392140627,Q2-OUTERSKIN,0.1110139787197113,-5.167023e-07,-0.11101398,2.3448947e-06,0.656677782535553,7.181013643275946e-05
Step-Separation,0.1810069577768445,ADAPTER,0.0,0.0,0.0,0.0,0.0,0.0
Step-Separation,0.1810069577768445,PSS-CORE,0.0005239695310592651,-6.379558e-08,-0.00052396953,2.6959093e-10,9.309994311479386e-06,0.0016717739636078477
Step-Separation,0.1810069577768445,PSS-INNERSKIN,0.0005239993333816528,-6.379906e-08,-0.00052399933,2.4483054e-10,9.293193215853535e-06,0.014704772271215916
Step-Separation,0.1810069577768445,PSS-OUTERSKIN,0.0005229488015174866,-5.5478306e-08,-0.0005229488,1.2679047e-10,9.200042768497951e-06,0.015454060398042202
Step-Separation,0.1810069577768445,Q1-CORE,0.11232733726501465,-5.0324985e-07,-0.11232734,-2.3395555e-06,0.6566776633262634,1.1811458762167604e-06
Step-Separation,0.1810069577768445,Q1-INNERSKIN,0.1123272031545639,-3.347404e-08,-0.1123272,-4.063467e-07,0.6566774249076843,8.765815437072888e-05
Step-Separation,0.1810069577768445,Q1-OUTERSKIN,0.11232733726501465,-5.238215e-07,-0.11232734,-2.3471102e-06,0.6566776633262634,7.189037569332868e-05
Step-Separation,0.1810069577768445,Q2-CORE,0.11232732981443405,-5.233756e-07,-0.11232733,2.3674647e-06,0.6566777229309082,1.1888348581123864e-06
Step-Separation,0.1810069577768445,Q2-INNERSKIN,0.1123272031545639,-2.2855863e-08,-0.1123272,2.1553565e-07,0.6566776037216187,8.751954737817869e-05
Step-Separation,0.1810069577768445,Q2-OUTERSKIN,0.11232732981443405,-5.170274e-07,-0.11232733,2.3656899e-06,0.6566776633262634,7.189549069153145e-05
Step-Separation,0.18300699163228273,ADAPTER,0.0,0.0,0.0,0.0,0.0,0.0
Step-Separation,0.18300699163228273,PSS-CORE,0.0005239695310592651,-6.154406e-08,-0.00052396953,2.732212e-10,1.3231983757577837e-05,0.0016718338010832667
Step-Separation,0.18300699163228273,PSS-INNERSKIN,0.0005239993333816528,-6.1547524e-08,-0.00052399933,2.4839444e-10,1.3221440894994885e-05,0.014705287292599678
Step-Separation,0.18300699163228273,PSS-OUTERSKIN,0.0005229488015174866,-5.322527e-08,-0.0005229488,1.3016818e-10,1.3129696526448242e-05,0.01545462105423212
Step-Separation,0.18300699163228273,Q1-CORE,0.1136406883597374,-5.036613e-07,-0.11364069,-2.3598907e-06,0.6566777229309082,1.1846950656035915e-06
Step-Separation,0.18300699163228273,Q1-INNERSKIN,0.11364056169986725,-1.7161658e-07,-0.11364056,-1.0667411e-06,0.6566774845123291,8.794812310952693e-05
Step-Separation,0.18300699163228273,Q1-OUTERSKIN,0.1136406883597374,-5.242345e-07,-0.11364069,-2.3675832e-06,0.6566776633262634,7.187235314631835e-05
Step-Separation,0.18300699163228273,Q2-CORE,0.1136406809091568,-5.2358945e-07,-0.11364068,2.3881048e-06,0.6566782593727112,1.192711351905018e-06
Step-Separation,0.18300699163228273,Q2-INNERSKIN,0.11364055424928665,-6.1303176e-08,-0.113640554,5.849294e-07,0.6566774845123291,8.777238690527156e-05
Step-Separation,0.18300699163228273,Q2-OUTERSKIN,0.1136406809091568,-5.172562e-07,-0.11364068,2.386307e-06,0.6566778421401978,7.187742448877543e-05
Step-Separation,0.18500702548772097,ADAPTER,0.0,0.0,0.0,0.0,0.0,0.0
Step-Separation,0.18500702548772097,PSS-CORE,0.0005239695310592651,-6.123496e-08,-0.00052396953,2.7497768e-10,1.0691039278754033e-05,0.001671897596679628
Step-Separation,0.18500702548772097,PSS-INNERSKIN,0.0005239993333816528,-6.123842e-08,-0.00052399933,2.501198e-10,1.0676556485123001e-05,0.014705833047628403
Step-Separation,0.18500702548772097,PSS-OUTERSKIN,0.0005229488015174866,-5.2916114e-08,-0.0005229488,1.3224166e-10,1.0605884199321736e-05,0.01545524038374424
Step-Separation,0.18500702548772097,Q1-CORE,0.11495403945446014,-5.0405845e-07,-0.11495404,-2.380356e-06,0.6566777229309082,1.1878267969223089e-06
Step-Separation,0.18500702548772097,Q1-INNERSKIN,0.1149539053440094,-3.523577e-08,-0.114953905,-4.1667732e-07,0.6566773653030396,8.818708010949194e-05
Step-Separation,0.18500702548772097,Q1-OUTERSKIN,0.11495403945446014,-5.2470307e-07,-0.11495404,-2.388109e-06,0.6566776037216187,7.188985910033807e-05
Step-Separation,0.18500702548772097,Q2-CORE,0.11495403200387955,-5.239954e-07,-0.11495403,2.4089254e-06,0.6566779613494873,1.1963584256591275e-06
Step-Separation,0.18500702548772097,Q2-INNERSKIN,0.1149539053440094,-2.4188097e-08,-0.114953905,2.213752e-07,0.6566776037216187,8.804129174677655e-05
Step-Separation,0.18500702548772097,Q2-OUTERSKIN,0.11495403200387955,-5.176382e-07,-0.11495403,2.4070935e-06,0.6566776633262634,7.191055192379281e-05
Step-Separation,0.1870070593431592,ADAPTER,0.0,0.0,0.0,0.0,0.0,0.0
Step-Separation,0.1870070593431592,PSS-CORE,0.0005239695310592651,-6.2803956e-08,-0.00052396953,2.7591207e-10,4.278610504115932e-06,0.00167193787638098
Step-Separation,0.1870070593431592,PSS-INNERSKIN,0.0005239993333816528,-6.280741e-08,-0.00052399933,2.5107966e-10,4.253164661349729e-06,0.014706171117722988
Step-Separation,0.1870070593431592,PSS-OUTERSKIN,0.0005229413509368896,-5.4486463e-08,-0.00052294135,1.3456741e-10,4.227199497108813e-06,0.015455634333193302
Step-Separation,0.1870070593431592,Q1-CORE,0.1162673830986023,-5.044633e-07,-0.11626738,-2.4007304e-06,0.6566776633262634,1.1908390433745808e-06
Step-Separation,0.1870070593431592,Q1-INNERSKIN,0.11626725643873215,-1.7713532e-07,-0.11626726,-1.0974119e-06,0.6566774845123291,8.844685362419114e-05
Step-Separation,0.1870070593431592,Q1-OUTERSKIN,0.1162673830986023,-4.980995e-07,-0.11626738,-2.3979865e-06,0.6566776633262634,7.18961819075048e-05
Step-Separation,0.1870070593431592,Q2-CORE,0.1162673756480217,-5.2429e-07,-0.116267376,2.4296978e-06,0.6566777229309082,1.2005001508441637e-06
Step-Separation,0.1870070593431592,Q2-INNERSKIN,0.11626724898815155,-1.6754835e-07,-0.11626725,1.0218496e-06,0.6566777229309082,8.82940148585476e-05
Step-Separation,0.1870070593431592,Q2-OUTERSKIN,0.1162673756480217,-5.179364e-07,-0.116267376,2.4278486e-06,0.6566776633262634,7.189036841737106e-05
Step-Separation,0.18900709319859743,ADAPTER,0.0,0.0,0.0,0.0,0.0,0.0
Step-Separation,0.18900709319859743,PSS-CORE,0.0005239695310592651,-6.4985926e-08,-0.00052396953,2.757249e-10,3.2024790925788693e-06,0.0016719396226108074
Step-Separation,0.18900709319859743,PSS-INNERSKIN,0.0005239993333816528,-6.498938e-08,-0.00052399933,2.5100588e-10,3.189373501299997e-06,0.014706183224916458
Step-Separation,0.18900709319859743,PSS-OUTERSKIN,0.0005229413509368896,-5.6674818e-08,-0.00052294135,1.3433335e-10,3.1934321214066586e-06,0.015455660410225391
Step-Separation,0.18900709319859743,Q1-CORE,0.11758073419332504,-5.049038e-07,-0.117580734,-2.4210349e-06,0.656677782535553,1.1940049944314524e-06
Step-Separation,0.18900709319859743,Q1-INNERSKIN,0.1175806075334549,-5.6209213e-08,-0.11758061,-5.948474e-07,0.6566774249076843,8.869524754118174e-05
Step-Separation,0.18900709319859743,Q1-OUTERSKIN,0.11758073419332504,-4.9853173e-07,-0.117580734,-2.4182614e-06,0.6566776633262634,7.192233897512779e-05
Step-Separation,0.18900709319859743,Q2-CORE,0.11758072674274445,-5.246838e-07,-0.11758073,2.450521e-06,0.656677782535553,1.2042668231515563e-06
Step-Separation,0.18900709319859743,Q2-INNERSKIN,0.1175806000828743,-1.704045e-07,-0.1175806,1.0360917e-06,0.6566774845123291,8.853125473251566e-05
Step-Separation,0.18900709319859743,Q2-OUTERSKIN,0.11758072674274445,-5.96009e-07,-0.11758073,2.4694991e-06,0.6566776633262634,7.190617907326669e-05
Step-Separation,0.19100712705403566,ADAPTER,0.0,0.0,0.0,0.0,0.0,0.0
Step-Separation,0.19100712705403566,PSS-CORE,0.0005239695310592651,-6.628072e-08,-0.00052396953,2.7929742e-10,7.562314749520738e-06,0.0016719105187803507
Step-Separation,0.19100712705403566,PSS-INNERSKIN,0.0005239993333816528,-6.628418e-08,-0.00052399933,2.545752e-10,7.559171990578761e-06,0.01470593735575676
Step-Separation,0.19100712705403566,PSS-OUTERSKIN,0.0005229413509368896,-5.7972574e-08,-0.00052294135,1.3647616e-10,7.5460220614331774e-06,0.01545538380742073
Step-Separation,0.19100712705403566,Q1-CORE,0.11889408528804779,-5.052577e-07,-0.118894085,-2.4413218e-06,0.6566777229309082,1.1964037867073785e-06
Step-Separation,0.19100712705403566,Q1-INNERSKIN,0.11889395862817764,-1.8259087e-07,-0.11889396,-1.1279475e-06,0.6566774845123291,8.890541357686743e-05
Step-Separation,0.19100712705403566,Q1-OUTERSKIN,0.11889408528804779,-4.9886967e-07,-0.118894085,-2.4385033e-06,0.6566776037216187,7.191997428890318e-05
Step-Separation,0.19100712705403566,Q2-CORE,0.1188940778374672,-5.249871e-07,-0.11889408,2.471228e-06,0.6566777229309082,1.2078653526259586e-06
Step-Separation,0.19100712705403566,Q2-INNERSKIN,0.11889395117759705,-1.7325883e-07,-0.11889395,1.0503348e-06,0.6566774845123291,8.877630898496136e-05
Step-Separation,0.19100712705403566,Q2-OUTERSKIN,0.1188940778374672,-5.1860167e-07,-0.11889408,2.4693172e-06,0.6566776633262634,7.192681368906051e-05
Step-Separation,0.1930071609094739,ADAPTER,0.0,0.0,0.0,0.0,0.0,0.0
Step-Separation,0.1930071609094739,PSS-CORE,0.0005239695310592651,-6.597817e-08,-0.00052396953,2.757808e-10,7.894853297329973e-06,0.0016718696570023894
Step-Separation,0.1930071609094739,PSS-INNERSKIN,0.0005239993333816528,-6.598163e-08,-0.00052399933,2.5103464e-10,7.87636327004293e-06,0.014705587178468704
Step-Separation,0.1930071609094739,PSS-OUTERSKIN,0.0005229413509368896,-5.7659307e-08,-0.00052294135,1.3225854e-10,7.83205086918315e-06,0.015454970300197601
Step-Separation,0.1930071609094739,Q1-CORE,0.12020743638277054,-5.056255e-07,-0.12020744,-2.461694e-06,0.6566778421401978,1.1999651405858458e-06
Step-Separation,0.1930071609094739,Q1-INNERSKIN,0.12020730972290039,-5.8575026e-08,-0.12020731,-6.0954875e-07,0.6566774249076843,8.917973173083737e-05
Step-Separation,0.1930071609094739,Q1-OUTERSKIN,0.12020743638277054,-4.992313e-07,-0.12020744,-2.4588314e-06,0.6566776633262634,7.193488272605464e-05
Step-Separation,0.1930071609094739,Q2-CORE,0.12020742893218994,-5.252734e-07,-0.12020743,2.4919568e-06,0.6566776633262634,1.2111646583434776e-06
Step-Separation,0.1930071609094739,Q2-INNERSKIN,0.1202073022723198,-1.7613239e-07,-0.1202073,1.0645656e-06,0.6566774249076843,8.903237903723493e-05
Step-Separation,0.1930071609094739,Q2-OUTERSKIN,0.12020742893218994,-5.968251e-07,-0.12020743,2.5115419e-06,0.6566776633262634,7.192654447862878e-05
Step-Separation,0.19500719476491213,ADAPTER,0.0,0.0,0.0,0.0,0.0,0.0
Step-Separation,0.19500719476491213,PSS-CORE,0.0005239695310592651,-6.447782e-08,-0.00052396953,2.713128e-10,4.823926701646997e-06,0.0016718351980671287
Step-Separation,0.19500719476491213,PSS-INNERSKIN,0.0005239993333816528,-6.448128e-08,-0.00052399933,2.465378e-10,4.811630333279027e-06,0.014705300331115723
Step-Separation,0.19500719476491213,PSS-OUTERSKIN,0.0005229413509368896,-5.6157553e-08,-0.00052294135,1.2853665e-10,4.736845312436344e-06,0.015454629436135292
Step-Separation,0.19500719476491213,Q1-CORE,0.12152078747749329,-5.060878e-07,-0.12152079,-2.4820538e-06,0.6566778421401978,1.2033762004648452e-06
Step-Separation,0.19500719476491213,Q1-INNERSKIN,0.12152066081762314,-1.8805707e-07,-0.12152066,-1.1585324e-06,0.6566774249076843,8.941695705289021e-05
Step-Separation,0.19500719476491213,Q1-OUTERSKIN,0.12152078747749329,-4.996695e-07,-0.12152079,-2.4791614e-06,0.6566776633262634,7.195416401373222e-05
Step-Separation,0.19500719476491213,Q2-CORE,0.12152078002691269,-5.255728e-07,-0.12152078,2.5126985e-06,0.6566777229309082,1.2149394024163485e-06
Step-Separation,0.19500719476491213,Q2-INNERSKIN,0.12152065336704254,-1.79025e-07,-0.12152065,1.0788463e-06,0.6566774845123291,8.926329610403627e-05
Step-Separation,0.19500719476491213,Q2-OUTERSKIN,0.12152078002691269,-5.19189e-07,-0.12152078,2.510727e-06,0.6566777229309082,7.193788042059168e-05
Step-Separation,0.19700722862035036,ADAPTER,0.0,0.0,0.0,0.0,0.0,0.0
Step-Separation,0.19700722862035036,PSS-CORE,0.0005239695310592651,-6.292685e-08,-0.00052396953,2.6715335e-10,6.592143790840055e-07,0.001671822159551084
Step-Separation,0.19700722862035036,PSS-INNERSKIN,0.0005239993333816528,-6.293032e-08,-0.00052399933,2.4224386e-10,6.373267069648136e-07,0.014705187641084194
Step-Separation,0.19700722862035036,PSS-OUTERSKIN,0.0005229413509368896,-5.4614922e-08,-0.00052294135,1.2602606e-10,6.284222422436869e-07,0.015454507432878017
Step-Separation,0.19700722862035036,Q1-CORE,0.12283413857221603,-5.0651295e-07,-0.12283414,-2.5024083e-06,0.6566776633262634,1.2059828122801264e-06
Step-Separation,0.19700722862035036,Q1-INNERSKIN,0.12283401191234589,-6.089402e-08,-0.12283401,-6.240696e-07,0.6566775441169739,8.967593021225184e-05
Step-Separation,0.19700722862035036,Q1-OUTERSKIN,0.12283413857221603,-5.0009425e-07,-0.12283414,-2.499478e-06,0.6566776633262634,7.19456875231117e-05
Step-Separation,0.19700722862035036,Q2-CORE,0.12283413112163544,-5.2602195e-07,-0.12283413,2.533467e-06,0.6566777229309082,1.2183160151835182e-06
Step-Separation,0.19700722862035036,Q2-INNERSKIN,0.12283400446176529,-1.8187974e-07,-0.122834004,1.0930792e-06,0.6566776633262634,8.947394962888211e-05
Step-Separation,0.19700722862035036,Q2-OUTERSKIN,0.12283413112163544,-5.977388e-07,-0.12283413,2.5537142e-06,0.6566777229309082,7.194798672571778e-05
Step-Separation,0.1990072624757886,ADAPTER,0.0,0.0,0.0,0.0,0.0,0.0
Step-Separation,0.1990072624757886,PSS-CORE,0.0005239695310592651,-6.236408e-08,-0.00052396953,2.651928e-10,3.6815961266256636e-06,0.0016718321712687612
Step-Separation,0.1990072624757886,PSS-INNERSKIN,0.0005239993333816528,-6.236754e-08,-0.00052399933,2.4021946e-10,3.6761916817340534e-06,0.014705279842019081
Step-Separation,0.1990072624757886,PSS-OUTERSKIN,0.0005229413509368896,-5.404612e-08,-0.00052294135,1.253479e-10,3.677210315800039e-06,0.015454611741006374
Step-Separation,0.1990072624757886,Q1-CORE,0.12414748966693878,-5.069047e-07,-0.12414749,-2.522793e-06,0.6566786170005798,1.2087842833352624e-06
Step-Separation,0.1990072624757886,Q1-INNERSKIN,0.12414736300706863,-1.9354222e-07,-0.12414736,-1.1891049e-06,0.6566778421401978,8.989247726276517e-05
Step-Separation,0.1990072624757886,Q1-OUTERSKIN,0.12414748966693878,-5.004742e-07,-0.12414749,-2.5198037e-06,0.6566781997680664,7.195687794592232e-05
Step-Separation,0.1990072624757886,Q2-CORE,0.12414748221635818,-5.262979e-07,-0.12414748,2.5541337e-06,0.6566776633262634,1.2217814173709485e-06
Step-Separation,0.1990072624757886,Q2-INNERSKIN,0.12414735555648804,-1.84699e-07,-0.124147356,1.1072794e-06,0.6566773653030396,8.973970398074016e-05
Step-Separation,0.1990072624757886,Q2-OUTERSKIN,0.12414748221635818,-5.1989423e-07,-0.12414748,2.5521135e-06,0.6566776633262634,7.197931699920446e-05
Step-Separation,0.20100729633122683,ADAPTER,0.0,0.0,0.0,0.0,0.0,0.0
Step-Separation,0.20100729633122683,PSS-CORE,0.0005239695310592651,-6.2980256e-08,-0.00052396953,2.6465163e-10,5.2202258302713744e-06,0.0016718568513169885
Step-Separation,0.20100729633122683,PSS-INNERSKIN,0.0005239993333816528,-6.298371e-08,-0.00052399933,2.3974372e-10,5.211908955971012e-06,0.014705478213727474
Step-Separation,0.20100729633122683,PSS-OUTERSKIN,0.0005229413509368896,-5.4665385e-08,-0.00052294135,1.2429058e-10,5.1677679948625155e-06,0.015454849228262901
Step-Separation,0.20100729633122683,Q1-CORE,0.12546084821224213,-5.072631e-07,-0.12546085,-2.5429608e-06,0.6566779613494873,1.2115656318201218e-06
Step-Separation,0.20100729633122683,Q1-INNERSKIN,0.12546071410179138,-4.192916e-08,-0.12546071,-4.570756e-07,0.6566774845123291,9.012243390316144e-05
Step-Separation,0.20100729633122683,Q1-OUTERSKIN,0.12546084821224213,-5.282943e-07,-0.12546085,-2.5519353e-06,0.6566778421401978,7.195762736955658e-05
Step-Separation,0.20100729633122683,Q2-CORE,0.12546083331108093,-5.2662443e-07,-0.12546083,2.5748898e-06,0.6566776633262634,1.2253640306880698e-06
Step-Separation,0.20100729633122683,Q2-INNERSKIN,0.12546071410179138,-2.939491e-08,-0.12546071,2.4412373e-07,0.6566776037216187,8.997748227557167e-05
Step-Separation,0.20100729633122683,Q2-OUTERSKIN,0.12546083331108093,-9.21199e-07,-0.12546083,2.742645e-06,0.6566776037216187,7.197878585429862e-05
Step-Separation,0.20300733018666506,ADAPTER,0.0,0.0,0.0,0.0,0.0,0.0
Step-Separation,0.20300733018666506,PSS-CORE,0.0005239695310592651,-6.418034e-08,-0.00052396953,2.629616e-10,4.1152543417410925e-06,0.0016718817641958594
Step-Separation,0.20300733018666506,PSS-INNERSKIN,0.0005239993333816528,-6.4183794e-08,-0.00052399933,2.381449e-10,4.105919742869446e-06,0.014705675654113293
Step-Separation,0.20300733018666506,PSS-OUTERSKIN,0.0005229413509368896,-5.5865275e-08,-0.00052294135,1.222108e-10,4.0486720536137e-06,0.015455092303454876
Step-Separation,0.20300733018666506,Q1-CORE,0.12677419185638428,-5.0758945e-07,-0.12677419,-2.5629522e-06,0.6566778421401978,1.2149769190727966e-06
Step-Separation,0.20300733018666506,Q1-INNERSKIN,0.12677407264709473,-1.989713e-07,-0.12677407,-1.2195788e-06,0.6566776037216187,9.03571053640917e-05
Step-Separation,0.20300733018666506,Q1-OUTERSKIN,0.12677419185638428,-5.01127e-07,-0.12677419,-2.559896e-06,0.6566776633262634,7.197253580670804e-05
Step-Separation,0.20300733018666506,Q2-CORE,0.12677419185638428,-5.2698016e-07,-0.12677419,2.5955544e-06,0.6566776633262634,1.228413339049439e-06
Step-Separation,0.20300733018666506,Q2-INNERSKIN,0.12677405774593353,-1.9041153e-07,-0.12677406,1.1356867e-06,0.6566776037216187,9.020628203870729e-05
Step-Separation,0.20300733018666506,Q2-OUTERSKIN,0.12677419185638428,-5.205556e-07,-0.12677419,2.5934937e-06,0.6566776633262634,7.20094540156424e-05
Step-Separation,0.20500000286847353,ADAPTER,0.0,0.0,0.0,0.0,0.0,0.0
Step-Separation,0.20500000286847353,PSS-CORE,0.0005239695310592651,-6.5116396e-08,-0.00052396953,2.6035635e-10,1.5153325421124464e-06,0.0016718966653570533
Step-Separation,0.20500000286847353,PSS-INNERSKIN,0.0005239993333816528,-6.5119856e-08,-0.00052399933,2.355413e-10,1.4980273590481374e-06,0.014705809764564037
Step-Separation,0.20500000286847353,PSS-OUTERSKIN,0.0005229413509368896,-5.680147e-08,-0.00052294135,1.2136611e-10,1.4500932365990593e-06,0.015455232933163643
Step-Separation,0.20500000286847353,Q1-CORE,0.128082737326622,-5.082711e-07,-0.12808274,-2.583633e-06,0.6566778421401978,1.2172247352282284e-06
Step-Separation,0.20500000286847353,Q1-INNERSKIN,0.12808260321617126,-2.1504501e-08,-0.1280826,-2.4155455e-07,0.6566775441169739,9.056695853359997e-05
Step-Separation,0.20500000286847353,Q1-OUTERSKIN,0.128082737326622,-5.0179017e-07,-0.12808274,-2.5805657e-06,0.6566776037216187,7.199349056463689e-05
Step-Separation,0.20500000286847353,Q2-CORE,0.12808272242546082,-5.802888e-07,-0.12808272,2.6322477e-06,0.6566776633262634,1.2319475217736908e-06
Step-Separation,0.20500000286847353,Q2-INNERSKIN,0.12808260321617126,-1.9320535e-07,-0.1280826,1.1498114e-06,0.6566774845123291,9.044405305758119e-05
Step-Separation,0.20500000286847353,Q2-OUTERSKIN,0.12808272242546082,-9.249627e-07,-0.12808272,2.789989e-06,0.6566776037216187,7.201353582786396e-05
