step,time_s,instance,u_mag_max_mm,u_x_max_mm,u_y_max_mm,u_z_max_mm,v_mag_max_mm_s,s_mises_max_MPa
Step-Preload,0.0,ADAPTER,0.0,0.0,0.0,0.0,0.0,0.0
Step-Preload,0.0,Q1-CORE,0.0,0.0,0.0,0.0,0.0,0.0
Step-Preload,0.0,Q1-INNERSKIN,0.0,0.0,0.0,0.0,0.0,0.0
Step-Preload,0.0,Q1-OUTERSKIN,0.0,0.0,0.0,0.0,0.0,0.0
Step-Preload,0.0,Q2-CORE,0.0,0.0,0.0,0.0,0.0,0.0
Step-Preload,0.0,Q2-INNERSKIN,0.0,0.0,0.0,0.0,0.0,0.0
Step-Preload,0.0,Q2-OUTERSKIN,0.0,0.0,0.0,0.0,0.0,0.0
Step-Preload,0.00029999989783391356,ADAPTER,0.0,0.0,0.0,0.0,0.0,0.0
Step-Preload,0.00029999989783391356,Q1-CORE,2.939386831712909e-06,1.0387278e-12,-2.9393868e-06,8.220422e-13,0.019499756395816803,1.1669194464047905e-05
Step-Preload,0.00029999989783391356,Q1-INNERSKIN,2.940093736469862e-06,2.8481035e-11,-2.9400937e-06,1.8820695e-11,0.01952395774424076,0.00016288920596707612
Step-Preload,0.00029999989783391356,Q1-OUTERSKIN,2.9394670946203405e-06,-5.4763534e-13,-2.939467e-06,5.944986e-13,0.01949223503470421,4.19007255914039e-06
Step-Preload,0.00029999989783391356,Q2-CORE,2.942738092315267e-06,8.8949365e-10,-2.942736e-06,-3.3158263e-09,0.01964416541159153,1.4695922345708823e-06
Step-Preload,0.00029999989783391356,Q2-INNERSKIN,2.944251036751666e-06,8.894742e-10,-2.944249e-06,-3.3101726e-09,0.01967102847993374,2.916455559898168e-05
Step-Preload,0.00029999989783391356,Q2-OUTERSKIN,2.9394695957307704e-06,-2.860332e-13,-2.9394696e-06,3.5176197e-13,0.019492246210575104,2.83224676422833e-06
Step-Preload,0.0005999997374601662,ADAPTER,0.0,0.0,0.0,0.0,0.0,0.0
Step-Preload,0.0005999997374601662,Q1-CORE,1.1647186511254404e-05,2.610559e-09,-1.164718e-05,1.1644108e-08,0.038854483515024185,2.4562967155361548e-05
Step-Preload,0.0005999997374601662,Q1-INNERSKIN,1.1652333341771737e-05,2.6086793e-09,-1.1652327e-05,1.1655196e-08,0.03886594995856285,0.00035597148234955966
Step-Preload,0.0005999997374601662,Q1-OUTERSKIN,1.164320383395534e-05,3.4302972e-13,-1.1643204e-05,7.800297e-14,0.03841520473361015,7.816798461135477e-05
Step-Preload,0.0005999997374601662,Q2-CORE,1.1643008292594459e-05,-5.3987484e-13,-1.1643008e-05,4.5868566e-13,0.03879348188638687,9.060794354809332e-07
Step-Preload,0.0005999997374601662,Q2-INNERSKIN,1.1647925020952243e-05,5.366518e-10,-1.1647925e-05,-1.3124071e-10,0.03880712389945984,1.6314725144184195e-05
Step-Preload,0.0005999997374601662,Q2-OUTERSKIN,1.1643211109912954e-05,7.0734553e-13,-1.1643211e-05,4.5268956e-13,0.03841523081064224,1.0451191883475985e-05
Step-Preload,0.0007999996305443347,ADAPTER,0.0,0.0,0.0,0.0,0.0,0.0
Step-Preload,0.0007999996305443347,Q1-CORE,2.0566691091516986e-05,1.9442778e-08,-2.0566653e-05,3.438558e-08,0.051167942583560944,2.836590283550322e-05
Step-Preload,0.0007999996305443347,Q1-INNERSKIN,2.057447454717476e-05,1.9439247e-08,-2.0574436e-05,3.441689e-08,0.05163572356104851,0.00043224540422670543
Step-Preload,0.0007999996305443347,Q1-OUTERSKIN,2.0562441932270303e-05,-4.3471865e-14,-2.0562442e-05,3.315876e-14,0.05072476714849472,0.0001788930967450142
Step-Preload,0.0007999996305443347,Q2-CORE,2.056461016763933e-05,-2.7478766e-09,-2.056454e-05,5.381147e-08,0.05099444463849068,7.767436613903556e-07
Step-Preload,0.0007999996305443347,Q2-INNERSKIN,2.058025711448863e-05,4.4750433e-08,-2.0580197e-05,2.1293316e-08,0.05097522586584091,1.4475921489065513e-05
Step-Preload,0.0007999996305443347,Q2-OUTERSKIN,2.0562456484185532e-05,5.1650313e-13,-2.0562456e-05,1.1202841e-12,0.05071567744016647,1.4787158761464525e-05
Step-Preload,0.0010999994119629264,ADAPTER,0.0,0.0,0.0,0.0,0.0,0.0
Step-Preload,0.0010999994119629264,Q1-CORE,3.851326255244203e-05,-1.2529631e-07,-3.851306e-05,-5.882753e-09,0.06896993517875671,3.104844654444605e-05
Step-Preload,0.0010999994119629264,Q1-INNERSKIN,3.852288136840798e-05,-1.2529705e-07,-3.8522678e-05,-5.8771943e-09,0.06888070702552795,0.0005333187291398644
Step-Preload,0.0010999994119629264,Q1-OUTERSKIN,3.8492966268677264e-05,9.206538e-14,-3.8492966e-05,-4.3707895e-13,0.06878584623336792,0.00032965635182335973
Step-Preload,0.0010999994119629264,Q2-CORE,3.851426299661398e-05,1.2511488e-07,-3.851406e-05,9.216742e-09,0.0688706487417221,9.61945715971524e-07
Step-Preload,0.0010999994119629264,Q2-INNERSKIN,3.852385270874947e-05,1.2511308e-07,-3.852365e-05,9.216641e-09,0.06887853890657425,1.2801609045709483e-05
Step-Preload,0.0010999994119629264,Q2-OUTERSKIN,3.8492991734528914e-05,6.564783e-15,-3.849299e-05,3.5248963e-13,0.06878352910280228,1.5762876500957645e-05
Step-Preload,0.0013046989915892482,ADAPTER,0.0,0.0,0.0,0.0,0.0,0.0
Step-Preload,0.0013046989915892482,Q1-CORE,5.383064126363024e-05,-1.8308992e-07,-5.383033e-05,-8.964716e-09,0.0808713361620903,3.313285924377851e-05
Step-Preload,0.0013046989915892482,Q1-INNERSKIN,5.3840307373320684e-05,-1.8309153e-07,-5.3839995e-05,-8.945575e-09,0.0807928666472435,0.0005617174319922924
Step-Preload,0.0013046989915892482,Q1-OUTERSKIN,5.3790383390150964e-05,4.0247656e-11,-5.3790383e-05,6.590631e-11,0.08077654242515564,0.00045737173059023917
Step-Preload,0.0013046989915892482,Q2-CORE,5.38347740075551e-05,1.8242974e-07,-5.3834465e-05,5.513802e-10,0.0808119848370552,1.1981544503214536e-06
Step-Preload,0.0013046989915892482,Q2-INNERSKIN,5.384437463362701e-05,1.8242706e-07,-5.3844065e-05,5.34596e-10,0.08081258088350296,1.2895241525257006e-05
Step-Preload,0.0013046989915892482,Q2-OUTERSKIN,5.379039066610858e-05,5.1487408e-11,-5.379039e-05,-6.021469e-11,0.0807243213057518,1.4907490367477294e-05
Step-Preload,0.0015046987682580948,ADAPTER,0.0,0.0,0.0,0.0,0.0,0.0
Step-Preload,0.0015046987682580948,Q1-CORE,7.114256004570052e-05,-2.433684e-07,-7.1142145e-05,-1.7131823e-08,0.09241177886724472,4.452217399375513e-05
Step-Preload,0.0015046987682580948,Q1-INNERSKIN,7.115121115930378e-05,-2.4337723e-07,-7.115079e-05,-1.7120712e-08,0.09238137304782867,0.000669661967549473
Step-Preload,0.0015046987682580948,Q1-OUTERSKIN,7.108046702342108e-05,2.1543127e-10,-7.108047e-05,1.6342451e-10,0.09220870584249496,0.0005590782384388149
Step-Preload,0.0015046987682580948,Q2-CORE,7.114771869964898e-05,2.421552e-07,-7.114731e-05,-1.09981215e-08,0.09237900376319885,1.03791114725027e-06
Step-Preload,0.0015046987682580948,Q2-INNERSKIN,7.115636253729463e-05,2.4215174e-07,-7.115595e-05,-1.0985058e-08,0.09237915277481079,1.7343731087748893e-05
Step-Preload,0.0015046987682580948,Q2-OUTERSKIN,7.108048885129392e-05,-1.6798841e-10,-7.108049e-05,2.172785e-10,0.09219815582036972,1.7947982996702194e-05
Step-Preload,0.001804698258638382,ADAPTER,0.0,0.0,0.0,0.0,0.0,0.0
Step-Preload,0.001804698258638382,Q1-CORE,0.00010134760668734089,-3.391012e-07,-0.00010134704,-2.5366985e-08,0.10934256762266159,5.901808981434442e-05
Step-Preload,0.001804698258638382,Q1-INNERSKIN,0.00010135393677046522,-3.391072e-07,-0.00010135337,-2.5358029e-08,0.10909820348024368,0.0008137431577779353
Step-Preload,0.001804698258638382,Q1-OUTERSKIN,0.00010125751578016207,7.4637013e-10,-0.000101257516,5.619488e-10,0.10899291932582855,0.0006755419308319688
Step-Preload,0.001804698258638382,Q2-CORE,0.0001013499204418622,3.3329738e-07,-0.00010134937,-2.8936844e-08,0.10905390977859497,9.812748658077908e-07
Step-Preload,0.001804698258638382,Q2-INNERSKIN,0.00010135626507690176,3.3329928e-07,-0.00010135571,-2.8911224e-08,0.10904427617788315,2.705049882933963e-05
Step-Preload,0.001804698258638382,Q2-OUTERSKIN,0.00010125754488399252,5.617375e-10,-0.000101257545,-7.494529e-10,0.10894258320331573,2.538543412811123e-05
Step-Preload,0.0020046979188919067,ADAPTER,0.0,0.0,0.0,0.0,0.0,0.0
Step-Preload,0.0020046979188919067,Q1-CORE,0.00012423917360138148,-4.0238555e-07,-0.00012423852,-3.185582e-08,0.12005608528852463,6.77605567034334e-05
Step-Preload,0.0020046979188919067,Q1-INNERSKIN,0.0001242442085640505,-4.023887e-07,-0.00012424355,-3.1861372e-08,0.12072864174842834,0.0009101667674258351
Step-Preload,0.0020046979188919067,Q1-OUTERSKIN,0.00012413732474669814,7.589121e-10,-0.00012413732,1.5483471e-09,0.12005278468132019,0.000780924572609365
Step-Preload,0.0020046979188919067,Q2-CORE,0.0001242395956069231,3.8870272e-07,-0.00012423898,-4.239748e-08,0.11991015821695328,1.0083265351568116e-06
Step-Preload,0.0020046979188919067,Q2-INNERSKIN,0.00012424460146576166,3.8870527e-07,-0.00012424399,-4.2382887e-08,0.11991013586521149,3.277231371612288e-05
Step-Preload,0.0020046979188919067,Q2-OUTERSKIN,0.00012413733929861337,-9.931129e-10,-0.00012413734,1.322183e-09,0.11987688392400742,2.934938129328657e-05
Step-Preload,0.002304697409272194,ADAPTER,0.0,0.0,0.0,0.0,0.0,0.0
Step-Preload,0.002304697409272194,Q1-CORE,0.0001626000739634037,-4.8408043e-07,-0.00016259935,-4.7499014e-08,0.13602487742900848,7.739321881672367e-05
Step-Preload,0.002304697409272194,Q1-INNERSKIN,0.00016260473057627678,-4.840891e-07,-0.000162604,-4.740344e-08,0.13587921857833862,0.0010007598903030157
Step-Preload,0.002304697409272194,Q1-OUTERSKIN,0.0001625220465939492,1.8859868e-07,-0.00016252183,1.8240563e-07,0.13602373003959656,0.0010588925797492266
Step-Preload,0.002304697409272194,Q2-CORE,0.00016260005941148847,-4.840994e-07,-0.00016259933,4.7491987e-08,0.13584348559379578,1.0067089988297084e-06
Step-Preload,0.002304697409272194,Q2-INNERSKIN,0.00016260471602436155,-4.841081e-07,-0.00016260399,4.739647e-08,0.13583320379257202,3.8621721614617854e-05
Step-Preload,0.002304697409272194,Q2-OUTERSKIN,0.00016249042528215796,4.2008956e-09,-0.00016249043,-1.2145659e-09,0.1358293890953064,3.320712858112529e-05
Step-Preload,0.0025046970695257187,ADAPTER,0.0,0.0,0.0,0.0,0.0,0.0
Step-Preload,0.0025046970695257187,Q1-CORE,0.00019079710182268173,-5.4252683e-07,-0.00019079632,-5.497895e-08,0.1465485841035843,7.934130553621799e-05
Step-Preload,0.0025046970695257187,Q1-INNERSKIN,0.0001908026752062142,-5.425391e-07,-0.00019080189,-5.4847153e-08,0.1462097316980362,0.0010325289331376553
Step-Preload,0.0025046970695257187,Q1-OUTERSKIN,0.00019074675219599158,1.972765e-07,-0.00019074652,2.2516723e-07,0.14644117653369904,0.0012780687538906932
Step-Preload,0.0025046970695257187,Q2-CORE,0.0001907970872707665,-5.42555e-07,-0.0001907963,5.496434e-08,0.14619579911231995,1.020552872432745e-06
Step-Preload,0.0025046970695257187,Q2-INNERSKIN,0.00019080266065429896,-5.425673e-07,-0.00019080187,5.4832583e-08,0.14619247615337372,4.0646842535352334e-05
Step-Preload,0.0025046970695257187,Q2-OUTERSKIN,0.00019068621622864157,7.881008e-09,-0.00019068622,-2.1150213e-09,0.14614883065223694,3.301501055830158e-05
Step-Preload,0.002804696559906006,ADAPTER,0.0,0.0,0.0,0.0,0.0,0.0
Step-Preload,0.002804696559906006,Q1-CORE,0.00023693000548519194,-6.238504e-07,-0.00023692916,-7.4468694e-08,0.16161906719207764,9.010653593577445e-05
Step-Preload,0.002804696559906006,Q1-INNERSKIN,0.000236938038142398,-6.238603e-07,-0.0002369372,-7.439322e-08,0.16150476038455963,0.0011919322423636913
Step-Preload,0.002804696559906006,Q1-OUTERSKIN,0.00023684289772063494,2.1786089e-07,-0.0002368427,2.2587136e-07,0.1614258736371994,0.001499650184996426
Step-Preload,0.002804696559906006,Q2-CORE,0.00023693147522863,6.2191776e-07,-0.00023693065,-6.9431195e-08,0.1613920032978058,8.859207696332305e-07
Step-Preload,0.002804696559906006,Q2-INNERSKIN,0.0002369394787820056,6.219272e-07,-0.00023693865,-6.935802e-08,0.16140080988407135,4.14091809943784e-05
Step-Preload,0.002804696559906006,Q2-OUTERSKIN,0.00023681657330598682,-1.8347084e-08,-0.00023681657,3.9557873e-09,0.16132894158363342,3.5220145946368575e-05
Step-Preload,0.0030046964529901743,ADAPTER,0.0,0.0,0.0,0.0,0.0,0.0
Step-Preload,0.0030046964529901743,Q1-CORE,0.0002701868361327797,-6.771692e-07,-0.00027018596,-9.326322e-08,0.17136070132255554,9.76404407992959e-05
Step-Preload,0.0030046964529901743,Q1-INNERSKIN,0.00027019664412364364,-6.7718395e-07,-0.00027019577,-9.314687e-08,0.1713513731956482,0.0012676459737122059
Step-Preload,0.0030046964529901743,Q1-OUTERSKIN,0.0002700674522202462,2.3863527e-07,-0.0002700672,2.95834e-07,0.1712893843650818,0.001625087228603661
Step-Preload,0.0030046964529901743,Q2-CORE,0.0002701900084502995,6.7643396e-07,-0.00027018916,-8.919164e-08,0.17125968635082245,9.165554502033046e-07
Step-Preload,0.0030046964529901743,Q2-INNERSKIN,0.0002701998455449939,6.7644834e-07,-0.000270199,-8.907892e-08,0.17126452922821045,4.058860577060841e-05
Step-Preload,0.0030046964529901743,Q2-OUTERSKIN,0.0002700677141547203,-2.7975872e-08,-0.0002700677,6.7927197e-09,0.1711938977241516,3.80591991415713e-05
Step-Preload,0.003304696176201105,ADAPTER,0.0,0.0,0.0,0.0,0.0,0.0
Step-Preload,0.003304696176201105,Q1-CORE,0.0003237287746742368,-7.862014e-07,-0.0003237278,-1.1076523e-07,0.18590641021728516,0.00011048481974285096
Step-Preload,0.003304696176201105,Q1-INNERSKIN,0.0003237402706872672,-7.8621963e-07,-0.00032373928,-1.10621265e-07,0.18571893870830536,0.0026832271832972765
Step-Preload,0.003304696176201105,Q1-OUTERSKIN,0.0003235900367144495,9.7906065e-09,-0.00032359004,2.6669493e-09,0.18575143814086914,0.0019442618358880281
Step-Preload,0.003304696176201105,Q2-CORE,0.0003237301134504378,7.710539e-07,-0.00032372918,-1.1920168e-07,0.1856803148984909,1.1464925364634837e-06
Step-Preload,0.003304696176201105,Q2-INNERSKIN,0.00032374149304814637,7.710692e-07,-0.00032374056,-1.1909607e-07,0.18568123877048492,3.935649510822259e-05
Step-Preload,0.003304696176201105,Q2-OUTERSKIN,0.0003235908516217023,-9.800936e-09,-0.00032359085,2.112167e-09,0.18560588359832764,4.27511113230139e-05
Step-Preload,0.00350469583645463,ADAPTER,0.0,0.0,0.0,0.0,0.0,0.0
Step-Preload,0.00350469583645463,Q1-CORE,0.0003618021437432617,-1.0915393e-07,-0.00036180113,-8.6350684e-07,0.19537970423698425,0.00011914236529264599
Step-Preload,0.00350469583645463,Q1-INNERSKIN,0.0003618135815486312,-1.0901257e-07,-0.00036181253,-8.635251e-07,0.1951271891593933,0.0024814694188535213
Step-Preload,0.00350469583645463,Q1-OUTERSKIN,0.0003616483591031283,1.645697e-08,-0.00036164836,3.9620973e-09,0.19508260488510132,0.0021744542755186558
Step-Preload,0.00350469583645463,Q2-CORE,0.0003618022601585835,8.3470934e-07,-0.00036180127,-1.4584006e-07,0.19505244493484497,1.1751139936677646e-06
Step-Preload,0.00350469583645463,Q2-INNERSKIN,0.00036181361065246165,-1.090422e-07,-0.00036181256,8.636415e-07,0.1950550377368927,4.330481169745326e-05
Step-Preload,0.00350469583645463,Q2-OUTERSKIN,0.00036164961056783795,-1.6027919e-08,-0.0003616496,4.405698e-09,0.19498130679130554,4.6139310143189505e-05
Step-Preload,0.003804695326834917,ADAPTER,0.0,0.0,0.0,0.0,0.0,0.0
Step-Preload,0.003804695326834917,Q1-CORE,0.0004223781288601458,-1.3976849e-07,-0.00042237702,-9.639991e-07,0.20931179821491241,0.00012567706289701164
Step-Preload,0.003804695326834917,Q1-INNERSKIN,0.0004223879368510097,-1.39658e-07,-0.00042238683,-9.640246e-07,0.2101505994796753,0.00873470026999712
Step-Preload,0.003804695326834917,Q1-OUTERSKIN,0.0004222039133310318,7.4695174e-09,-0.0004222039,3.052846e-08,0.20886646211147308,0.0022069693077355623
Step-Preload,0.003804695326834917,Q2-CORE,0.0004223781288601458,-1.3976802e-07,-0.00042237702,9.640474e-07,0.20875827968120575,1.0048460126199643e-06
Step-Preload,0.003804695326834917,Q2-INNERSKIN,0.0004223879368510097,-1.3965578e-07,-0.00042238683,9.64073e-07,0.20875249803066254,5.045954094384797e-05
Step-Preload,0.003804695326834917,Q2-OUTERSKIN,0.0004222049319650978,-2.9634569e-08,-0.00042220493,8.583038e-09,0.20869770646095276,5.167492781765759e-05
Step-Preload,0.004004694987088442,ADAPTER,0.0,0.0,0.0,0.0,0.0,0.0
Step-Preload,0.004004694987088442,Q1-CORE,0.00046501486212946475,-1.6651158e-07,-0.00046501373,-1.0163335e-06,0.2197742462158203,0.00013080461940262467
Step-Preload,0.004004694987088442,Q1-INNERSKIN,0.00046502301120199263,-1.4905301e-07,-0.00046502185,-1.0333584e-06,0.22066323459148407,0.011336992494761944
Step-Preload,0.004004694987088442,Q1-OUTERSKIN,0.00046483290498144925,9.972691e-09,-0.0004648329,4.0714575e-08,0.21769386529922485,0.0022636770736426115
Step-Preload,0.004004694987088442,Q2-CORE,0.0004650148330256343,-1.6651246e-07,-0.0004650137,1.0164357e-06,0.21765324473381042,8.290045343528618e-07
Step-Preload,0.004004694987088442,Q2-INNERSKIN,0.0004650230403058231,-1.6640152e-07,-0.0004650219,1.0164566e-06,0.21764013171195984,5.512870484380983e-05
Step-Preload,0.004004694987088442,Q2-OUTERSKIN,0.00046483351616188884,-3.979479e-08,-0.00046483352,1.0976459e-08,0.21761856973171234,5.527268149307929e-05
Step-Preload,0.004304182715713978,ADAPTER,0.0,0.0,0.0,0.0,0.0,0.0
Step-Preload,0.004304182715713978,Q1-CORE,0.0005321395001374185,-1.98242e-07,-0.0005321384,-1.0840423e-06,0.23176957666873932,0.00014057148655410856
Step-Preload,0.004304182715713978,Q1-INNERSKIN,0.0005321456119418144,-1.9812451e-07,-0.0005321445,-1.0840669e-06,0.23246632516384125,0.005511244758963585
Step-Preload,0.004304182715713978,Q1-OUTERSKIN,0.0005319564952515066,1.3266776e-08,-0.0005319565,5.3781616e-08,0.23077142238616943,0.0023618992418050766
Step-Preload,0.004304182715713978,Q2-CORE,0.0005321395583450794,1.9822072e-07,-0.00053213845,-1.0840602e-06,0.23067763447761536,6.847607778581732e-07
Step-Preload,0.004304182715713978,Q2-INNERSKIN,0.0005321457283571362,1.9810372e-07,-0.0005321446,-1.0840846e-06,0.23067039251327515,6.142436905065551e-05
Step-Preload,0.004304182715713978,Q2-OUTERSKIN,0.0005319564952515066,-1.327826e-08,-0.0005319565,5.378333e-08,0.23066116869449615,5.994850289425813e-05
Step-Preload,0.004503414500504732,ADAPTER,0.0,0.0,0.0,0.0,0.0,0.0
Step-Preload,0.004503414500504732,Q1-CORE,0.0005789225688204169,-2.0578165e-07,-0.00057892146,-1.1300981e-06,0.24339289963245392,0.00014387063856702298
Step-Preload,0.004503414500504732,Q1-INNERSKIN,0.0005789281567558646,-2.0564534e-07,-0.00057892705,-1.1301265e-06,0.2448294311761856,0.006635910831391811
Step-Preload,0.004503414500504732,Q1-OUTERSKIN,0.000578744278755039,4.345054e-09,-0.0005787443,1.6809718e-08,0.23920097947120667,0.002603632165119052
Step-Preload,0.004503414500504732,Q2-CORE,0.0005789226270280778,2.0575065e-07,-0.0005789215,-1.1301273e-06,0.23914222419261932,7.092899636518268e-07
Step-Preload,0.004503414500504732,Q2-INNERSKIN,0.0005789282731711864,2.056146e-07,-0.00057892717,-1.1301556e-06,0.23915010690689087,6.449564534705132e-05
Step-Preload,0.004503414500504732,Q2-OUTERSKIN,0.0005787446862086654,-1.6136903e-08,-0.0005787447,4.9054925e-09,0.23909667134284973,6.303052941802889e-05
Step-Preload,0.004801621660590172,ADAPTER,0.0,0.0,0.0,0.0,0.0,0.0
Step-Preload,0.004801621660590172,Q1-CORE,0.0006520469323731959,-2.1617907e-07,-0.0006520458,-1.1946616e-06,0.2532657980918884,0.00015924884064588696
Step-Preload,0.004801621660590172,Q1-INNERSKIN,0.0006520532188005745,-2.160166e-07,-0.0006520521,-1.1946954e-06,0.25428882241249084,0.013497530482709408
Step-Preload,0.004801621660590172,Q1-OUTERSKIN,0.0006518803420476615,8.532093e-09,-0.00065188034,2.8792572e-08,0.2515948414802551,0.0025916225276887417
Step-Preload,0.004801621660590172,Q2-CORE,0.0006520473980344832,1.172665e-06,-0.0006520463,-2.5760994e-07,0.2514716386795044,7.687259540034574e-07
Step-Preload,0.004801621660590172,Q2-INNERSKIN,0.00065205356804654,1.1726988e-06,-0.00065205246,-2.5745905e-07,0.2514823079109192,6.69235159875825e-05
Step-Preload,0.004801621660590172,Q2-OUTERSKIN,0.0006518802838400006,-8.534262e-09,-0.0006518803,2.8771233e-08,0.2514088749885559,6.70151857775636e-05
Step-Preload,0.004999999888241291,ADAPTER,0.0,0.0,0.0,0.0,0.0,0.0
Step-Preload,0.004999999888241291,Q1-CORE,0.0007027234532870352,4.4272252e-07,-0.0007027233,3.3740722e-07,0.26062309741973877,0.0001687493931967765
Step-Preload,0.004999999888241291,Q1-INNERSKIN,0.0007027155952528119,-2.4510575e-07,-0.0007027145,-1.2215309e-06,0.2603381872177124,0.01262964028865099
Step-Preload,0.004999999888241291,Q1-OUTERSKIN,0.0007025455124676228,1.07485585e-08,-0.0007025455,3.6230123e-08,0.2595355808734894,0.002595290308818221
Step-Preload,0.004999999888241291,Q2-CORE,0.0007027115789242089,6.0355296e-07,-0.00070271135,-1.3889255e-07,0.2594428062438965,7.360525273725216e-07
Step-Preload,0.004999999888241291,Q2-INNERSKIN,0.0007027156534604728,2.4506966e-07,-0.00070271455,-1.2215997e-06,0.2594539523124695,6.763643614249304e-05
Step-Preload,0.004999999888241291,Q2-OUTERSKIN,0.0007025454542599618,-1.0746288e-08,-0.00070254545,3.6200994e-08,0.2594051659107208,6.925362686160952e-05
Step-Separation,0.004999999888241291,ADAPTER,0.0,0.0,0.0,0.0,0.0,0.0
Step-Separation,0.004999999888241291,Q1-CORE,0.0007027234532870352,4.4272252e-07,-0.0007027233,3.3740722e-07,0.2606230676174164,0.0001687493931967765
Step-Separation,0.004999999888241291,Q1-INNERSKIN,0.0007027155952528119,-2.4510575e-07,-0.0007027145,-1.2215309e-06,0.2603382170200348,0.01262964028865099
Step-Separation,0.004999999888241291,Q1-OUTERSKIN,0.0007025455124676228,1.07485585e-08,-0.0007025455,3.6230123e-08,0.2595355808734894,0.002595290308818221
Step-Separation,0.004999999888241291,Q2-CORE,0.0007027115789242089,6.0355296e-07,-0.00070271135,-1.3889255e-07,0.2594428062438965,7.360525273725216e-07
Step-Separation,0.004999999888241291,Q2-INNERSKIN,0.0007027156534604728,2.4506966e-07,-0.00070271455,-1.2215997e-06,0.2594539523124695,6.763643614249304e-05
Step-Separation,0.004999999888241291,Q2-OUTERSKIN,0.0007025454542599618,-1.0746288e-08,-0.00070254545,3.6200994e-08,0.2594051659107208,6.925362686160952e-05
Step-Separation,0.007004299899563193,ADAPTER,0.0,0.0,0.0,0.0,0.0,0.0
Step-Separation,0.007004299899563193,Q1-CORE,0.7625861763954163,0.19204833,-0.117488034,0.7285957,383.7923889160156,2.8648226261138916
Step-Separation,0.007004299899563193,Q1-INNERSKIN,0.7649745345115662,0.19154379,-0.13000363,0.7291063,383.08270263671875,93.96566009521484
Step-Separation,0.007004299899563193,Q1-OUTERSKIN,0.4844483435153961,0.1333793,0.12119128,0.4496808,330.40185546875,86.37494659423828
Step-Separation,0.007004299899563193,Q2-CORE,0.7800774574279785,0.18285827,-0.11966622,-0.7488415,417.5993957519531,2.5907983779907227
Step-Separation,0.007004299899563193,Q2-INNERSKIN,0.7822417616844177,0.18242022,-0.13236134,-0.74906975,419.41607666015625,98.22918701171875
Step-Separation,0.007004299899563193,Q2-OUTERSKIN,0.5042878985404968,0.13297942,0.13026856,-0.46867135,375.5436096191406,78.41437530517578
Step-Separation,0.00900376820936799,ADAPTER,0.0,0.0,0.0,0.0,0.0,0.0
Step-Separation,0.00900376820936799,Q1-CORE,1.0220460891723633,0.26276845,-0.13670073,0.9781839,253.4958953857422,3.32614803314209
Step-Separation,0.00900376820936799,Q1-INNERSKIN,1.024672031402588,0.2614986,-0.14993888,0.9793312,253.4716339111328,89.040283203125
Step-Separation,0.00900376820936799,Q1-OUTERSKIN,0.8199999928474426,0.23402889,0.14342551,0.7726963,225.85458374023438,98.04644775390625
Step-Separation,0.00900376820936799,Q2-CORE,1.2489521503448486,0.3135282,-0.1636118,-1.1978366,273.83258056640625,2.16506028175354
Step-Separation,0.00900376820936799,Q2-INNERSKIN,1.251167893409729,0.31287074,-0.17844129,-1.1982036,273.8625793457031,99.39016723632812
Step-Separation,0.00900376820936799,Q2-OUTERSKIN,0.9826585650444031,0.26813638,0.19718035,-0.9245759,252.76878356933594,92.08780670166016
Step-Separation,0.011002951767295599,ADAPTER,0.0,0.0,0.0,0.0,0.0,0.0
Step-Separation,0.011002951767295599,Q1-CORE,1.0780260562896729,0.28091988,-0.11720597,1.03416,117.05592346191406,3.5278210639953613
Step-Separation,0.011002951767295599,Q1-INNERSKIN,1.0804623365402222,0.27871373,-0.12895046,1.0359002,99.88079833984375,82.57991027832031
Step-Separation,0.011002951767295599,Q1-OUTERSKIN,0.8910226821899414,0.23662937,0.13324569,0.8486304,95.59077453613281,91.3493881225586
Step-Separation,0.011002951767295599,Q2-CORE,1.707628846168518,0.44752538,-0.19593751,-1.6362535,231.656494140625,2.602416753768921
Step-Separation,0.011002951767295599,Q2-INNERSKIN,1.709791660308838,0.44674695,-0.21219124,-1.6366978,231.8682403564453,108.8698959350586
Step-Separation,0.011002951767295599,Q2-OUTERSKIN,1.445237636566162,0.40099758,0.26101503,-1.363739,197.66603088378906,127.40054321289062
Step-Separation,0.013002285733819008,ADAPTER,0.0,0.0,0.0,0.0,0.0,0.0
Step-Separation,0.013002285733819008,Q1-CORE,1.168717384338379,0.2954816,-0.11632357,1.1247487,95.20378875732422,3.782982110977173
Step-Separation,0.013002285733819008,Q1-INNERSKIN,1.1713508367538452,0.29293206,-0.12789401,1.126897,95.336669921875,91.28286743164062
Step-Separation,0.013002285733819008,Q1-OUTERSKIN,0.9979163408279419,0.2533651,0.15812013,0.95217705,63.43990707397461,101.28118133544922
Step-Separation,0.013002285733819008,Q2-CORE,2.0527377128601074,0.54606307,-0.2122548,-1.9673573,249.0515594482422,2.3178441524505615
Step-Separation,0.013002285733819008,Q2-INNERSKIN,2.0547235012054443,0.54509115,-0.22860835,-1.9678675,249.1063995361328,105.64860534667969
Step-Separation,0.013002285733819008,Q2-OUTERSKIN,1.7893935441970825,0.5036434,0.30344152,-1.6900283,192.90606689453125,142.8941192626953
Step-Separation,0.015001448802649975,ADAPTER,0.0,0.0,0.0,0.0,0.0,0.0
Step-Separation,0.015001448802649975,Q1-CORE,1.1579620838165283,0.27252677,-0.09286352,1.1215979,97.82304382324219,3.913207530975342
Step-Separation,0.015001448802649975,Q1-INNERSKIN,1.1607847213745117,0.2691684,-0.104276374,1.1243203,97.67415618896484,92.21729278564453
Step-Separation,0.015001448802649975,Q1-OUTERSKIN,0.9455941915512085,0.22982733,0.13943563,0.906579,83.2783203125,100.65399932861328
Step-Separation,0.015001448802649975,Q2-CORE,2.304081439971924,0.62453496,-0.21862356,-2.2070231,199.27989196777344,2.653756856918335
Step-Separation,0.015001448802649975,Q2-INNERSKIN,2.3060333728790283,0.62304616,-0.2357294,-2.2077217,195.33660888671875,92.8170394897461
Step-Separation,0.015001448802649975,Q2-OUTERSKIN,2.05531907081604,0.59423345,0.32900515,-1.93984,185.8852996826172,153.06198120117188
Step-Separation,0.017000695690512657,ADAPTER,0.0,0.0,0.0,0.0,0.0,0.0
Step-Separation,0.017000695690512657,Q1-CORE,1.0685665607452393,0.23463467,-0.077350445,1.0396144,63.36925506591797,3.370840549468994
Step-Separation,0.017000695690512657,Q1-INNERSKIN,1.0716062784194946,0.23096097,-0.08794502,1.0427189,63.3609504699707,86.5921401977539
Step-Separation,0.017000695690512657,Q1-OUTERSKIN,0.8640089631080627,0.19475769,0.12673701,0.8321771,54.574344635009766,84.11026000976562
Step-Separation,0.017000695690512657,Q2-CORE,2.465275764465332,0.6852257,-0.21666338,-2.3581998,196.9405975341797,2.4133126735687256
Step-Separation,0.017000695690512657,Q2-INNERSKIN,2.4671247005462646,0.68353784,-0.23390277,-2.3589764,196.9733428955078,93.11022186279297
Step-Separation,0.017000695690512657,Q2-OUTERSKIN,2.207824468612671,0.6414607,0.34147528,-2.084805,175.6099395751953,145.13624572753906
Step-Separation,0.019099943339824677,ADAPTER,0.0,0.0,0.0,0.0,0.0,0.0
Step-Separation,0.019099943339824677,Q1-CORE,1.0679212808609009,0.22601561,-0.07027189,1.0413619,52.179832458496094,3.4017269611358643
Step-Separation,0.019099943339824677,Q1-INNERSKIN,1.071136713027954,0.22272503,-0.080785856,1.0446057,45.86003494262695,95.9087905883789
Step-Separation,0.019099943339824677,Q1-OUTERSKIN,0.8443617820739746,0.18506286,0.13034838,0.8134543,46.32806396484375,87.28463745117188
Step-Separation,0.019099943339824677,Q2-CORE,2.6757256984710693,0.7606015,-0.21573626,-2.5562572,159.0072479248047,2.504697799682617
Step-Separation,0.019099943339824677,Q2-INNERSKIN,2.677443742752075,0.7593292,-0.23312429,-2.5569077,159.0244140625,91.39598846435547
Step-Separation,0.019099943339824677,Q2-OUTERSKIN,2.416342258453369,0.7010391,0.36347947,-2.2836673,146.42242431640625,159.3602752685547
Step-Separation,0.021099210716784,ADAPTER,0.0,0.0,0.0,0.0,0.0,0.0
Step-Separation,0.021099210716784,Q1-CORE,1.0762134790420532,0.21900335,-0.06411438,1.0517426,51.86261749267578,3.389883041381836
Step-Separation,0.021099210716784,Q1-INNERSKIN,1.079774260520935,0.21548216,-0.07530015,1.0553719,46.76129913330078,91.5926742553711
Step-Separation,0.021099210716784,Q1-OUTERSKIN,0.8563541769981384,0.1769174,0.13994624,0.82611,43.35750961303711,85.17090606689453
Step-Separation,0.021099210716784,Q2-CORE,2.8197813034057617,0.8123822,-0.20973027,-2.6920652,120.99340057373047,2.452545404434204
Step-Separation,0.021099210716784,Q2-INNERSKIN,2.821430206298828,0.8112712,-0.22755332,-2.6926804,117.33766174316406,95.82059478759766
Step-Separation,0.021099210716784,Q2-OUTERSKIN,2.561434030532837,0.743971,0.3781952,-2.4216564,116.61852264404297,158.42254638671875
Step-Separation,0.023098488338291645,ADAPTER,0.0,0.0,0.0,0.0,0.0,0.0
Step-Separation,0.023098488338291645,Q1-CORE,1.077849268913269,0.21207462,-0.055500794,1.0553213,64.19538879394531,3.320673942565918
Step-Separation,0.023098488338291645,Q1-INNERSKIN,1.0815749168395996,0.20867997,-0.06636585,1.0591754,39.52371597290039,90.37986755371094
Step-Separation,0.023098488338291645,Q1-OUTERSKIN,0.8679735064506531,0.1691552,0.14365666,0.8391229,44.94931411743164,80.60911560058594
Step-Separation,0.023098488338291645,Q2-CORE,2.976839542388916,0.87025577,-0.20773126,-2.8392034,114.96012878417969,2.453669786453247
Step-Separation,0.023098488338291645,Q2-INNERSKIN,2.9784224033355713,0.8694557,-0.2258076,-2.8397284,114.95195007324219,99.99199676513672
Step-Separation,0.023098488338291645,Q2-OUTERSKIN,2.714622974395752,0.7904017,0.38808376,-2.5678463,103.12274169921875,164.9965057373047
Step-Separation,0.02509766537696123,ADAPTER,0.0,0.0,0.0,0.0,0.0,0.0
Step-Separation,0.02509766537696123,Q1-CORE,1.1395865678787231,0.22774021,-0.055890985,1.1151987,49.353919982910156,3.54483962059021
Step-Separation,0.02509766537696123,Q1-INNERSKIN,1.143594741821289,0.22425668,-0.067182176,1.1193768,41.56057357788086,97.77307891845703
Step-Separation,0.02509766537696123,Q1-OUTERSKIN,0.9310125112533569,0.18264061,0.15388688,0.8998586,37.55289840698242,87.98695373535156
Step-Separation,0.02509766537696123,Q2-CORE,3.1496527194976807,0.92981744,-0.20365481,-3.0023785,81.9294204711914,2.5069546699523926
Step-Separation,0.02509766537696123,Q2-INNERSKIN,3.1511573791503906,0.9290559,-0.22193877,-3.002897,81.92698669433594,97.37173461914062
Step-Separation,0.02509766537696123,Q2-OUTERSKIN,2.8876562118530273,0.8431566,0.40525937,-2.7319243,79.7142562866211,180.526611328125
Step-Separation,0.027096758596599102,ADAPTER,0.0,0.0,0.0,0.0,0.0,0.0
Step-Separation,0.027096758596599102,Q1-CORE,1.1583274602890015,0.22461678,-0.044086497,1.1354849,38.25053787231445,3.5306334495544434
Step-Separation,0.027096758596599102,Q1-INNERSKIN,1.1625341176986694,0.22089751,-0.05505936,1.1400256,34.41611862182617,95.96712493896484
Step-Separation,0.027096758596599102,Q1-OUTERSKIN,0.9501990675926208,0.17853051,0.1570568,0.91996646,31.06409454345703,88.36885070800781
Step-Separation,0.027096758596599102,Q2-CORE,3.2251827716827393,0.9636702,-0.19077834,-3.071929,74.40653991699219,2.5686652660369873
Step-Separation,0.027096758596599102,Q2-INNERSKIN,3.226573944091797,0.96326464,-0.20898613,-3.0723324,68.76464080810547,104.41117858886719
Step-Separation,0.027096758596599102,Q2-OUTERSKIN,2.957915782928467,0.8647777,0.41015428,-2.7987852,68.51326751708984,184.23838806152344
Step-Separation,0.02909585926681757,ADAPTER,0.0,0.0,0.0,0.0,0.0,0.0
Step-Separation,0.02909585926681757,Q1-CORE,1.1609976291656494,0.22015484,-0.03279481,1.1394612,29.540111541748047,3.4972453117370605
Step-Separation,0.02909585926681757,Q1-INNERSKIN,1.1654092073440552,0.21629636,-0.043575875,1.144332,27.76624298095703,94.04512023925781
Step-Separation,0.02909585926681757,Q1-OUTERSKIN,0.9597978591918945,0.17326106,0.1606753,0.9302559,28.544164657592773,85.54342651367188
Step-Separation,0.02909585926681757,Q2-CORE,3.23173189163208,0.9743376,-0.17644604,-3.0763004,60.1033935546875,2.5127124786376953
Step-Separation,0.02909585926681757,Q2-INNERSKIN,3.233017921447754,0.9739464,-0.19442041,-3.076692,54.577239990234375,104.63243865966797
Step-Separation,0.02909585926681757,Q2-OUTERSKIN,2.9649453163146973,0.8680992,0.41014966,-2.8051884,57.933040618896484,177.9773712158203
Step-Separation,0.031094972975552082,ADAPTER,0.0,0.0,0.0,0.0,0.0,0.0
Step-Separation,0.031094972975552082,Q1-CORE,1.184133529663086,0.21917875,-0.025392422,1.163395,28.46145248413086,3.5491669178009033
Step-Separation,0.031094972975552082,Q1-INNERSKIN,1.1887671947479248,0.2152846,-0.036064327,1.1685544,27.338233947753906,99.8458023071289
Step-Separation,0.031094972975552082,Q1-OUTERSKIN,0.9761595129966736,0.17159866,0.16908462,0.945966,25.971920013427734,88.20713806152344
Step-Separation,0.031094972975552082,Q2-CORE,3.2478647232055664,0.9866112,-0.16954021,-3.089738,50.48249816894531,2.6261119842529297
Step-Separation,0.031094972975552082,Q2-INNERSKIN,3.249105453491211,0.9863354,-0.18752046,-3.0900915,48.727264404296875,95.11233520507812
Step-Separation,0.031094972975552082,Q2-OUTERSKIN,2.983530282974243,0.93023187,0.39474127,-2.8071873,50.32297134399414,181.9219207763672
Step-Separation,0.033094110898673534,ADAPTER,0.0,0.0,0.0,0.0,0.0,0.0
Step-Separation,0.033094110898673534,Q1-CORE,1.1829137802124023,0.20932539,-0.016940473,1.1641223,24.1613826751709,3.5235848426818848
Step-Separation,0.033094110898673534,Q1-INNERSKIN,1.187842845916748,0.20512588,-0.027444223,1.1696755,23.486373901367188,98.98970794677734
Step-Separation,0.033094110898673534,Q1-OUTERSKIN,0.9716873168945312,0.16167958,0.1698394,0.942969,22.72784423828125,86.12188720703125
Step-Separation,0.033094110898673534,Q2-CORE,3.1968765258789062,0.977496,-0.15503451,-3.0398166,60.2481575012207,2.5601634979248047
Step-Separation,0.033094110898673534,Q2-INNERSKIN,3.1980299949645996,0.9773102,-0.17273818,-3.0401351,60.28042984008789,90.63269805908203
Step-Separation,0.033094110898673534,Q2-OUTERSKIN,2.94999623298645,0.91771716,0.39420694,-2.7757657,58.31465148925781,172.26571655273438
Step-Separation,0.03509330656379461,ADAPTER,0.0,0.0,0.0,0.0,0.0,0.0
Step-Separation,0.03509330656379461,Q1-CORE,1.1836415529251099,0.20079185,-0.009311629,1.166449,21.431493759155273,3.472376585006714
Step-Separation,0.03509330656379461,Q1-INNERSKIN,1.188788652420044,0.1967033,-0.01968362,1.1722367,20.88746452331543,98.2503433227539
Step-Separation,0.03509330656379461,Q1-OUTERSKIN,0.9771833419799805,0.15217173,0.1759432,0.9490917,20.846134185791016,83.4621353149414
Step-Separation,0.03509330656379461,Q2-CORE,3.1674764156341553,0.971455,-0.14331155,-3.011419,50.80910110473633,2.5311527252197266
Step-Separation,0.03509330656379461,Q2-INNERSKIN,3.1685664653778076,0.971323,-0.16093802,-3.011718,50.831207275390625,88.33627319335938
Step-Separation,0.03509330656379461,Q2-OUTERSKIN,2.9241750240325928,0.9078836,0.39888516,-2.7508976,48.03278350830078,166.64540100097656
Step-Separation,0.037092518992722034,ADAPTER,0.0,0.0,0.0,0.0,0.0,0.0
Step-Separation,0.037092518992722034,Q1-CORE,1.199918508529663,0.1959806,-0.0022302736,1.1838036,21.109495162963867,3.4818341732025146
Step-Separation,0.037092518992722034,Q1-INNERSKIN,1.2053049802780151,0.1919148,-0.012567991,1.1898618,21.066102981567383,100.89110565185547
Step-Separation,0.037092518992722034,Q1-OUTERSKIN,0.9920419454574585,0.14673433,0.18351895,0.9638138,17.964624404907227,83.56145477294922
Step-Separation,0.037092518992722034,Q2-CORE,3.1722350120544434,0.97545743,-0.1336313,-3.0155764,42.12153244018555,2.5480153560638428
Step-Separation,0.037092518992722034,Q2-INNERSKIN,3.173271656036377,0.9753139,-0.15128267,-3.0158794,40.12196350097656,88.24198913574219
Step-Separation,0.037092518992722034,Q2-OUTERSKIN,2.9274144172668457,0.9090661,0.407386,-2.752706,38.96284103393555,167.3723907470703
Step-Separation,0.039091733284294605,ADAPTER,0.0,0.0,0.0,0.0,0.0,0.0
Step-Separation,0.039091733284294605,Q1-CORE,1.2173845767974854,0.19194624,0.004290007,1.2021495,23.105844497680664,3.510498046875
Step-Separation,0.039091733284294605,Q1-INNERSKIN,1.2230756282806396,0.18763006,-0.006004628,1.208583,20.374210357666016,102.83158874511719
Step-Separation,0.039091733284294605,Q1-OUTERSKIN,1.011561393737793,0.14140873,0.19164674,0.9831234,20.491880416870117,82.81855773925781
Step-Separation,0.039091733284294605,Q2-CORE,3.1675329208374023,0.976857,-0.12179215,-3.0106778,37.931270599365234,2.5540642738342285
Step-Separation,0.039091733284294605,Q2-INNERSKIN,3.168496608734131,0.97683156,-0.13933697,-3.0109396,37.674964904785156,91.1373519897461
Step-Separation,0.039091733284294605,Q2-OUTERSKIN,2.9311130046844482,0.9092714,0.41468918,-2.755482,36.31748962402344,165.18331909179688
Step-Separation,0.041090947575867176,ADAPTER,0.0,0.0,0.0,0.0,0.0,0.0
Step-Separation,0.041090947575867176,Q1-CORE,1.2290314435958862,0.18719324,0.009565663,1.2146544,18.01885986328125,3.5034310817718506
Step-Separation,0.041090947575867176,Q1-INNERSKIN,1.2350186109542847,0.18271673,-0.00058366545,1.2214276,16.7968807220459,102.74291229248047
Step-Separation,0.041090947575867176,Q1-OUTERSKIN,1.026475429534912,0.13655913,0.19506581,0.99847525,16.612340927124023,82.01950073242188
Step-Separation,0.041090947575867176,Q2-CORE,3.1786763668060303,0.9822223,-0.11277145,-3.0210106,39.72230529785156,2.524714946746826
Step-Separation,0.041090947575867176,Q2-INNERSKIN,3.179586887359619,0.9821592,-0.13031255,-3.0212836,39.72734451293945,88.55305480957031
Step-Separation,0.041090947575867176,Q2-OUTERSKIN,2.9417667388916016,0.91191643,0.42156854,-2.7649014,36.63711166381836,164.89999389648438
Step-Separation,0.04309016186743975,ADAPTER,0.0,0.0,0.0,0.0,0.0,0.0
Step-Separation,0.04309016186743975,Q1-CORE,1.2507591247558594,0.1857432,0.013666123,1.2368149,17.593355178833008,3.536884307861328
Step-Separation,0.04309016186743975,Q1-INNERSKIN,1.257053017616272,0.18108824,0.0035520364,1.243936,16.857667922973633,106.35733032226562
Step-Separation,0.04309016186743975,Q1-OUTERSKIN,1.0502064228057861,0.13471441,0.19932453,1.0222794,16.401758193969727,83.18112182617188
Step-Separation,0.04309016186743975,Q2-CORE,3.1980693340301514,0.9907192,-0.10409552,-3.0389614,35.82343673706055,2.544703483581543
Step-Separation,0.04309016186743975,Q2-INNERSKIN,3.1989259719848633,0.990724,-0.1215934,-3.0392118,35.84434509277344,88.04778289794922
Step-Separation,0.04309016186743975,Q2-OUTERSKIN,2.966658592224121,0.9182735,0.43037117,-2.7879415,34.283878326416016,165.988525390625
Step-Separation,0.04508937615901232,ADAPTER,0.0,0.0,0.0,0.0,0.0,0.0
Step-Separation,0.04508937615901232,Q1-CORE,1.2665578126907349,0.18096656,0.019753236,1.2534072,16.390594482421875,3.5431108474731445
Step-Separation,0.04508937615901232,Q1-INNERSKIN,1.273162603378296,0.17610177,0.009724904,1.2608873,16.398317337036133,106.88565063476562
Step-Separation,0.04508937615901232,Q1-OUTERSKIN,1.064508318901062,0.12982377,0.20312604,1.0368527,16.30328369140625,82.87816619873047
Step-Separation,0.04508937615901232,Q2-CORE,3.209923028945923,0.99721014,-0.096635506,-3.049564,42.18032455444336,2.5771799087524414
Step-Separation,0.04508937615901232,Q2-INNERSKIN,3.2107396125793457,0.99731505,-0.11415094,-3.049784,39.39533996582031,86.32674407958984
Step-Separation,0.04508937615901232,Q2-OUTERSKIN,2.985801935195923,0.92224604,0.43665752,-2.8060303,38.99589157104492,165.49868774414062
Step-Separation,0.04708859045058489,ADAPTER,0.0,0.0,0.0,0.0,0.0,0.0
Step-Separation,0.04708859045058489,Q1-CORE,1.2754923105239868,0.17585906,0.025500797,1.2630534,16.305644989013672,3.5387279987335205
Step-Separation,0.04708859045058489,Q1-INNERSKIN,1.2823799848556519,0.17090957,0.015632398,1.2708437,16.09445571899414,106.76507568359375
Step-Separation,0.04708859045058489,Q1-OUTERSKIN,1.0761113166809082,0.12411592,0.20523524,1.0490421,16.30563735961914,81.75309753417969
Step-Separation,0.04708859045058489,Q2-CORE,3.2227509021759033,1.0022298,-0.089090586,-3.0616534,38.45323944091797,2.545710802078247
Step-Separation,0.04708859045058489,Q2-INNERSKIN,3.2235188484191895,1.0023563,-0.10652372,-3.0618634,37.14264678955078,83.79328918457031
Step-Separation,0.04708859045058489,Q2-OUTERSKIN,3.002251625061035,0.92482036,0.44287884,-2.8217158,37.127811431884766,163.86761474609375
Step-Separation,0.04908780474215746,ADAPTER,0.0,0.0,0.0,0.0,0.0,0.0
Step-Separation,0.04908780474215746,Q1-CORE,1.2900512218475342,0.17186014,0.029681794,1.2782078,15.608853340148926,3.552844285964966
Step-Separation,0.04908780474215746,Q1-INNERSKIN,1.2972462177276611,0.16678183,0.019871406,1.2863269,15.607111930847168,108.54903411865234
Step-Separation,0.04908780474215746,Q1-OUTERSKIN,1.0894571542739868,0.11962839,0.20813957,1.0626776,14.868834495544434,81.91541290283203
Step-Separation,0.04908780474215746,Q2-CORE,3.246631383895874,1.010191,-0.083771214,-3.0843334,36.137969970703125,2.572392702102661
Step-Separation,0.04908780474215746,Q2-INNERSKIN,3.2473690509796143,1.0103469,-0.10123645,-3.0845351,35.7275505065918,82.86854553222656
Step-Separation,0.04908780474215746,Q2-OUTERSKIN,3.0287814140319824,0.93091357,0.4505709,-2.8467352,35.06169891357422,164.81613159179688
Step-Separation,0.05108701903373003,ADAPTER,0.0,0.0,0.0,0.0,0.0,0.0
Step-Separation,0.05108701903373003,Q1-CORE,1.3013861179351807,0.1674536,0.03476999,1.2900993,15.765545845031738,3.566481828689575
Step-Separation,0.05108701903373003,Q1-INNERSKIN,1.3088914155960083,0.16221556,0.025085986,1.2985582,15.792413711547852,108.94307708740234
Step-Separation,0.05108701903373003,Q1-OUTERSKIN,1.101073980331421,0.11499985,0.21068138,1.074594,14.916817665100098,81.41144561767578
Step-Separation,0.05108701903373003,Q2-CORE,3.2660067081451416,1.0167007,-0.077021256,-3.1027708,33.91658401489258,2.571936845779419
Step-Separation,0.05108701903373003,Q2-INNERSKIN,3.2667038440704346,1.016885,-0.09445199,-3.1029627,33.88689422607422,84.15058135986328
Step-Separation,0.05108701903373003,Q2-OUTERSKIN,3.053805112838745,0.93611515,0.45716703,-2.870612,33.12726593017578,163.54486083984375
Step-Separation,0.0530862333253026,ADAPTER,0.0,0.0,0.0,0.0,0.0,0.0
Step-Separation,0.0530862333253026,Q1-CORE,1.3118703365325928,0.16345736,0.040029008,1.3010316,14.256689071655273,3.555492639541626
Step-Separation,0.0530862333253026,Q1-INNERSKIN,1.31965970993042,0.15815426,0.030420218,1.3097953,14.258642196655273,109.06676483154297
Step-Separation,0.0530862333253026,Q1-OUTERSKIN,1.1125456094741821,0.11026081,0.21447174,1.086095,13.935733795166016,80.77183532714844
Step-Separation,0.0530862333253026,Q2-CORE,3.2976443767547607,1.0257179,-0.07217157,-3.1332335,37.699951171875,2.5652060508728027
Step-Separation,0.0530862333253026,Q2-INNERSKIN,3.298314094543457,1.025893,-0.089641854,-3.13343,37.025177001953125,84.12258911132812
Step-Separation,0.0530862333253026,Q2-OUTERSKIN,3.0846245288848877,0.9438844,0.46441364,-2.8997087,36.79623794555664,164.26104736328125
Step-Separation,0.05508544761687517,ADAPTER,0.0,0.0,0.0,0.0,0.0,0.0
Step-Separation,0.05508544761687517,Q1-CORE,1.323439598083496,0.1602683,0.04561012,1.3129075,14.273305892944336,3.5692172050476074
Step-Separation,0.05508544761687517,Q1-INNERSKIN,1.3315134048461914,0.15488403,0.03611058,1.3219814,14.123424530029297,110.3493423461914
Step-Separation,0.05508544761687517,Q1-OUTERSKIN,1.1254174709320068,0.10688901,0.21875261,1.098766,14.219799041748047,80.49607849121094
Step-Separation,0.05508544761687517,Q2-CORE,3.329308271408081,1.0348574,-0.06678201,-3.1636853,35.242431640625,2.56308650970459
Step-Separation,0.05508544761687517,Q2-INNERSKIN,3.3299455642700195,1.0350631,-0.084244534,-3.1638718,33.811344146728516,85.21965026855469
Step-Separation,0.05508544761687517,Q2-OUTERSKIN,3.118373155593872,0.95223147,0.47172245,-2.9317203,33.08761978149414,164.82235717773438
Step-Separation,0.05708466190844774,ADAPTER,0.0,0.0,0.0,0.0,0.0,0.0
Step-Separation,0.05708466190844774,Q1-CORE,1.3359359502792358,0.15705699,0.05041698,1.3257134,14.016738891601562,3.5846610069274902
Step-Separation,0.05708466190844774,Q1-INNERSKIN,1.3443135023117065,0.15154918,0.04097048,1.3351154,14.01664924621582,111.62267303466797
Step-Separation,0.05708466190844774,Q1-OUTERSKIN,1.1385791301727295,0.1031942,0.2216662,1.112015,13.718551635742188,80.40657806396484
Step-Separation,0.05708466190844774,Q2-CORE,3.3606646060943604,1.043891,-0.06236675,-3.1938174,33.24876022338867,2.57319712638855
Step-Separation,0.05708466190844774,Q2-INNERSKIN,3.3612782955169678,1.0441293,-0.07986966,-3.1939952,32.70949935913086,86.2833023071289
Step-Separation,0.05708466190844774,Q2-OUTERSKIN,3.152052164077759,0.95999694,0.4778299,-2.9640374,31.417299270629883,165.28900146484375
Step-Separation,0.05908387620002031,ADAPTER,0.0,0.0,0.0,0.0,0.0,0.0
Step-Separation,0.05908387620002031,Q1-CORE,1.3459014892578125,0.1536275,0.054695714,1.3359858,13.561634063720703,3.582601547241211
Step-Separation,0.05908387620002031,Q1-INNERSKIN,1.3545818328857422,0.14801882,0.04534767,1.3457065,13.442268371582031,111.95830535888672
Step-Separation,0.05908387620002031,Q1-OUTERSKIN,1.1501322984695435,0.09963434,0.22398946,1.1237019,13.556842803955078,80.05413818359375
Step-Separation,0.05908387620002031,Q2-CORE,3.3904504776000977,1.052296,-0.05834007,-3.2224872,33.01679611206055,2.566640615463257
Step-Separation,0.05908387620002031,Q2-INNERSKIN,3.3910410404205322,1.0525439,-0.075850815,-3.2226632,32.068817138671875,86.39677429199219
Step-Separation,0.05908387620002031,Q2-OUTERSKIN,3.184723138809204,0.9671742,0.48321325,-2.9955869,31.71006965637207,165.56951904296875
Step-Separation,0.061083090491592884,ADAPTER,0.0,0.0,0.0,0.0,0.0,0.0
Step-Separation,0.061083090491592884,Q1-CORE,1.3578131198883057,0.15030757,0.058708157,1.3481904,13.611076354980469,3.5935773849487305
Step-Separation,0.061083090491592884,Q1-INNERSKIN,1.3668022155761719,0.14458922,0.04944746,1.3582331,13.598382949829102,113.63381958007812
Step-Separation,0.061083090491592884,Q1-OUTERSKIN,1.1622580289840698,0.095861,0.2264491,1.1359469,13.61103343963623,79.9376220703125
Step-Separation,0.061083090491592884,Q2-CORE,3.433502674102783,1.4531544,-0.022863267,-3.110749,33.719181060791016,2.576108455657959
Step-Separation,0.061083090491592884,Q2-INNERSKIN,3.4341773986816406,1.4514804,-0.038090073,-3.112126,33.72279357910156,85.50196838378906
Step-Separation,0.061083090491592884,Q2-OUTERSKIN,3.2319109439849854,1.404412,0.47583073,-2.8716652,32.993167877197266,166.29623413085938
Step-Separation,0.06308230478316545,ADAPTER,0.0,0.0,0.0,0.0,0.0,0.0
Step-Separation,0.06308230478316545,Q1-CORE,1.3686946630477905,0.14664863,0.0626982,1.3593705,13.648432731628418,3.600759267807007
Step-Separation,0.06308230478316545,Q1-INNERSKIN,1.3779914379119873,0.14083137,0.0535086,1.3697313,13.602540016174316,114.39158630371094
Step-Separation,0.06308230478316545,Q1-OUTERSKIN,1.1737087965011597,0.09199698,0.22883862,1.1475024,13.648445129394531,79.6666259765625
Step-Separation,0.06308230478316545,Q2-CORE,3.484217405319214,1.4711771,-0.018213518,-3.1583345,32.37607955932617,2.5730783939361572
Step-Separation,0.06308230478316545,Q2-INNERSKIN,3.484867811203003,1.4695249,-0.033447776,-3.1596966,31.005455017089844,85.58065032958984
Step-Separation,0.06308230478316545,Q2-OUTERSKIN,3.2825098037719727,1.4209703,0.48096055,-2.9196558,31.25751495361328,165.8389892578125
Step-Separation,0.06508151907473803,ADAPTER,0.0,0.0,0.0,0.0,0.0,0.0
Step-Separation,0.06508151907473803,Q1-CORE,1.3778457641601562,0.14258423,0.066222295,1.3688474,13.116238594055176,3.6029248237609863
Step-Separation,0.06508151907473803,Q1-INNERSKIN,1.3874521255493164,0.13668229,0.05712319,1.379521,12.767698287963867,114.86734771728516
Step-Separation,0.06508151907473803,Q1-OUTERSKIN,1.1841744184494019,0.08768742,0.23037457,1.1582346,13.116232872009277,79.02970886230469
Step-Separation,0.06508151907473803,Q2-CORE,3.541320562362671,1.4928182,-0.014381776,-3.2112675,28.673439025878906,2.5928211212158203
Step-Separation,0.06508151907473803,Q2-INNERSKIN,3.54195237159729,1.4911815,-0.029655933,-3.2126195,28.523548126220703,85.19682312011719
Step-Separation,0.06508151907473803,Q2-OUTERSKIN,3.339205741882324,1.4413869,0.48707435,-2.9724498,28.30854606628418,167.11776733398438
Step-Separation,0.0670807333663106,ADAPTER,0.0,0.0,0.0,0.0,0.0,0.0
Step-Separation,0.0670807333663106,Q1-CORE,1.3891252279281616,0.1392975,0.0691039,1.3803948,12.072365760803223,3.610804796218872
Step-Separation,0.0670807333663106,Q1-INNERSKIN,1.3990459442138672,0.1333026,0.0600662,1.391385,12.0726318359375,116.03059387207031
Step-Separation,0.0670807333663106,Q1-OUTERSKIN,1.19582998752594,0.084186696,0.2322424,1.1700366,11.946922302246094,78.97884368896484
Step-Separation,0.0670807333663106,Q2-CORE,3.593445301055908,1.5111396,-0.01027881,-3.2602453,28.070892333984375,2.580962657928467
Step-Separation,0.0670807333663106,Q2-INNERSKIN,3.5940613746643066,1.5095042,-0.025566425,-3.2615979,27.403078079223633,85.12701416015625
Step-Separation,0.0670807333663106,Q2-OUTERSKIN,3.391676664352417,1.4597073,0.49247494,-3.021621,26.88425064086914,167.1740264892578
Step-Separation,0.06907988805323839,ADAPTER,0.0,0.0,0.0,0.0,0.0,0.0
Step-Separation,0.06907988805323839,Q1-CORE,1.3995962142944336,0.1356265,0.07266818,1.3911127,11.7319917678833,3.6152172088623047
Step-Separation,0.06907988805323839,Q1-INNERSKIN,1.4098316431045532,0.1295305,0.06372186,1.4024217,11.733227729797363,117.02434539794922
Step-Separation,0.06907988805323839,Q1-OUTERSKIN,1.2065436840057373,0.080162525,0.2342143,1.1808748,11.701087951660156,78.6025161743164
Step-Separation,0.06907988805323839,Q2-CORE,3.642352819442749,1.5276364,-0.0058311652,-3.3065128,26.018829345703125,2.5868825912475586
Step-Separation,0.06907988805323839,Q2-INNERSKIN,3.642948865890503,1.526015,-0.021124087,-3.3078556,25.751253128051758,85.62530517578125
Step-Separation,0.06907988805323839,Q2-OUTERSKIN,3.4403457641601562,1.4758372,0.4974586,-3.0676405,25.383699417114258,167.40850830078125
Step-Separation,0.071079027839005,ADAPTER,0.0,0.0,0.0,0.0,0.0,0.0
Step-Separation,0.071079027839005,Q1-CORE,1.4097201824188232,0.13212568,0.07642097,1.4014328,11.32552719116211,3.619269847869873
Step-Separation,0.071079027839005,Q1-INNERSKIN,1.4202628135681152,0.12594903,0.06753875,1.413054,11.325316429138184,117.54817199707031
Step-Separation,0.071079027839005,Q1-OUTERSKIN,1.2175942659378052,0.076329306,0.23661315,1.1919413,11.316272735595703,78.09339904785156
Step-Separation,0.071079027839005,Q2-CORE,3.6917195320129395,1.5444531,-0.0015815608,-3.3531263,25.577533721923828,2.591973066329956
Step-Separation,0.071079027839005,Q2-INNERSKIN,3.6923015117645264,1.5428246,-0.016890502,-3.3544743,24.984785079956055,86.10887145996094
Step-Separation,0.071079027839005,Q2-OUTERSKIN,3.4896092414855957,1.4923058,0.5027772,-3.1140988,25.006820678710938,167.8482208251953
Step-Separation,0.0730781676247716,ADAPTER,0.0,0.0,0.0,0.0,0.0,0.0
Step-Separation,0.0730781676247716,Q1-CORE,1.4205068349838257,0.12867607,0.080093294,1.4123976,11.311007499694824,3.6318254470825195
Step-Separation,0.0730781676247716,Q1-INNERSKIN,1.431360125541687,0.12241249,0.07129218,1.424333,11.038673400878906,118.58855438232422
Step-Separation,0.0730781676247716,Q1-OUTERSKIN,1.2292762994766235,0.072679974,0.23888251,1.2036498,11.310989379882812,77.82539367675781
Step-Separation,0.0730781676247716,Q2-CORE,3.7358200550079346,1.558083,0.0028358512,-3.3953972,25.025054931640625,2.5868709087371826
Step-Separation,0.0730781676247716,Q2-INNERSKIN,3.736389636993408,1.5564411,-0.012481406,-3.3967547,24.564430236816406,85.47911071777344
Step-Separation,0.0730781676247716,Q2-OUTERSKIN,3.5342624187469482,1.5063764,0.507661,-3.1565995,24.21048927307129,167.5283660888672
Step-Separation,0.0750773074105382,ADAPTER,0.0,0.0,0.0,0.0,0.0,0.0
Step-Separation,0.0750773074105382,Q1-CORE,1.4316264390945435,0.12541938,0.08360821,1.4236692,11.022665977478027,3.6387593746185303
Step-Separation,0.0750773074105382,Q1-INNERSKIN,1.4427952766418457,0.11905615,0.07487138,1.4359242,11.022027015686035,119.66973876953125
Step-Separation,0.0750773074105382,Q1-OUTERSKIN,1.2410533428192139,0.06905079,0.24115908,1.2154373,10.993426322937012,77.61235046386719
Step-Separation,0.0750773074105382,Q2-CORE,3.7772958278656006,1.5707526,0.0070480034,-3.4352074,24.150177001953125,2.5847740173339844
Step-Separation,0.0750773074105382,Q2-INNERSKIN,3.7778470516204834,1.5691235,-0.008262614,-3.4365551,23.3165283203125,85.53740692138672
Step-Separation,0.0750773074105382,Q2-OUTERSKIN,3.5755813121795654,1.5183156,0.51180553,-3.196491,23.404966354370117,166.9846649169922
Step-Separation,0.0770764471963048,ADAPTER,0.0,0.0,0.0,0.0,0.0,0.0
Step-Separation,0.0770764471963048,Q1-CORE,1.4420400857925415,0.12200795,0.08726507,1.434217,10.99083423614502,3.643205404281616
Step-Separation,0.0770764471963048,Q1-INNERSKIN,1.4535245895385742,0.11554694,0.07861104,1.4467906,10.92892074584961,120.28350067138672
Step-Separation,0.0770764471963048,Q1-OUTERSKIN,1.2522451877593994,0.06537906,0.24326658,1.2266479,10.98694896697998,77.29024505615234
Step-Separation,0.0770764471963048,Q2-CORE,3.821526050567627,1.5853418,0.010871217,-3.477159,23.797908782958984,2.5897932052612305
Step-Separation,0.0770764471963048,Q2-INNERSKIN,3.8220605850219727,1.5837268,-0.004456274,-3.4784963,23.155080795288086,85.2239990234375
Step-Separation,0.0770764471963048,Q2-OUTERSKIN,3.619431495666504,1.5317699,0.5166234,-3.238374,23.006593704223633,167.10928344726562
Step-Separation,0.0790755869820714,ADAPTER,0.0,0.0,0.0,0.0,0.0,0.0
Step-Separation,0.0790755869820714,Q1-CORE,1.452863097190857,0.11885297,0.0908456,1.445141,11.131046295166016,3.654730796813965
Step-Separation,0.0790755869820714,Q1-INNERSKIN,1.4646618366241455,0.11229816,0.08226266,1.4580317,11.129983901977539,121.25236511230469
Step-Separation,0.0790755869820714,Q1-OUTERSKIN,1.2637666463851929,0.06199255,0.24546805,1.2381473,10.97901725769043,76.9952163696289
Step-Separation,0.0790755869820714,Q2-CORE,3.8632214069366455,1.5983436,0.014823388,-3.5170383,23.693313598632812,2.587542772293091
Step-Separation,0.0790755869820714,Q2-INNERSKIN,3.863741159439087,1.5967346,-0.00050317124,-3.5183709,23.466537475585938,84.85782623291016
Step-Separation,0.0790755869820714,Q2-OUTERSKIN,3.661166191101074,1.5442643,0.5208458,-3.2784302,23.20200538635254,166.6868133544922
Step-Separation,0.081074726767838,ADAPTER,0.0,0.0,0.0,0.0,0.0,0.0
Step-Separation,0.081074726767838,Q1-CORE,1.4634263515472412,0.115631334,0.094230175,1.4558046,11.229090690612793,3.664057970046997
Step-Separation,0.081074726767838,Q1-INNERSKIN,1.475541591644287,0.108982146,0.08572178,1.4690125,11.229195594787598,122.0195083618164
Step-Separation,0.081074726767838,Q1-OUTERSKIN,1.2749881744384766,0.058547944,0.24745807,1.2493725,11.226383209228516,76.79013061523438
Step-Separation,0.081074726767838,Q2-CORE,3.905125856399536,1.6114635,0.01853063,-3.5570843,22.91585922241211,2.591190814971924
Step-Separation,0.081074726767838,Q2-INNERSKIN,3.905632972717285,1.6098591,0.0031963363,-3.5584142,22.745426177978516,84.64741516113281
Step-Separation,0.081074726767838,Q2-OUTERSKIN,3.7028589248657227,1.5567514,0.5250279,-3.3184385,22.689754486083984,166.4749755859375
Step-Separation,0.0830738665536046,ADAPTER,0.0,0.0,0.0,0.0,0.0,0.0
Step-Separation,0.0830738665536046,Q1-CORE,1.4732763767242432,0.112303466,0.09749867,1.4657507,10.783061027526855,3.666823625564575
Step-Separation,0.0830738665536046,Q1-INNERSKIN,1.4857094287872314,0.10556168,0.08906487,1.4792757,10.783010482788086,122.70409393310547
Step-Separation,0.0830738665536046,Q1-OUTERSKIN,1.2854888439178467,0.05490361,0.2491939,1.2599086,10.729662895202637,76.39269256591797
Step-Separation,0.0830738665536046,Q2-CORE,3.947599172592163,1.6249994,0.022052057,-3.597559,22.962656021118164,2.595067024230957
Step-Separation,0.0830738665536046,Q2-INNERSKIN,3.9480934143066406,1.6234057,0.0067107603,-3.5988817,22.448156356811523,84.41429138183594
Step-Separation,0.0830738665536046,Q2-OUTERSKIN,3.745285987854004,1.569565,0.52924156,-3.3590975,22.165220260620117,166.98873901367188
Step-Separation,0.0850730063393712,ADAPTER,0.0,0.0,0.0,0.0,0.0,0.0
Step-Separation,0.0850730063393712,Q1-CORE,1.4835634231567383,0.10921245,0.100662485,1.4761097,10.646434783935547,3.672672986984253
Step-Separation,0.0850730063393712,Q1-INNERSKIN,1.4963117837905884,0.10238602,0.09229934,1.4899486,10.586865425109863,123.50503540039062
Step-Separation,0.0850730063393712,Q1-OUTERSKIN,1.296277403831482,0.051536117,0.2510635,1.2706873,10.64643669128418,76.15361785888672
Step-Separation,0.0850730063393712,Q2-CORE,3.988966941833496,1.6378518,0.025645338,-3.6371198,22.375015258789062,2.5910661220550537
Step-Separation,0.0850730063393712,Q2-INNERSKIN,3.989448308944702,1.6362631,0.01029684,-3.6384385,22.214065551757812,84.27574920654297
Step-Separation,0.0850730063393712,Q2-OUTERSKIN,3.78652286529541,1.5817963,0.5333303,-3.3987107,22.20196533203125,166.84225463867188
Step-Separation,0.0870721461251378,ADAPTER,0.0,0.0,0.0,0.0,0.0,0.0
Step-Separation,0.0870721461251378,Q1-CORE,1.493664264678955,0.10614505,0.10379183,1.4862684,10.56463623046875,3.6820411682128906
Step-Separation,0.0870721461251378,Q1-INNERSKIN,1.5067301988601685,0.09922994,0.09550144,1.5004228,10.47264289855957,124.34107208251953
Step-Separation,0.0870721461251378,Q1-OUTERSKIN,1.3069438934326172,0.048208944,0.25284767,1.2813455,10.562274932861328,75.8897933959961
Step-Separation,0.0870721461251378,Q2-CORE,4.0303215980529785,1.6507714,0.02909217,-3.6766288,21.985855102539062,2.5914804935455322
Step-Separation,0.0870721461251378,Q2-INNERSKIN,4.030789852142334,1.6491944,0.013736922,-3.6779394,21.895221710205078,84.26522064208984
Step-Separation,0.0870721461251378,Q2-OUTERSKIN,3.8276007175445557,1.5939646,0.5373622,-3.438175,21.727811813354492,166.59727478027344
Step-Separation,0.08907128591090441,ADAPTER,0.0,0.0,0.0,0.0,0.0,0.0
Step-Separation,0.08907128591090441,Q1-CORE,1.5032663345336914,0.24222033,-0.0054881033,1.4836135,10.439346313476562,3.686387777328491
Step-Separation,0.08907128591090441,Q1-INNERSKIN,1.5167632102966309,0.23377272,-0.013026526,1.4985831,10.407461166381836,125.0243911743164
Step-Separation,0.08907128591090441,Q1-OUTERSKIN,1.3173203468322754,0.044900328,0.25453943,1.2917145,10.433015823364258,75.548583984375
Step-Separation,0.08907128591090441,Q2-CORE,4.071669101715088,1.6637312,0.032357894,-3.716106,22.26982879638672,2.5954363346099854
Step-Separation,0.08907128591090441,Q2-INNERSKIN,4.072127342224121,1.6621573,0.016994055,-3.7174137,21.85777473449707,84.15711975097656
Step-Separation,0.08907128591090441,Q2-OUTERSKIN,3.8687663078308105,1.6062778,0.54140115,-3.4776585,21.793777465820312,166.76730346679688
Step-Separation,0.09107042569667101,ADAPTER,0.0,0.0,0.0,0.0,0.0,0.0
Step-Separation,0.09107042569667101,Q1-CORE,1.516627550125122,0.2397845,-0.004580822,1.4975451,10.637165069580078,3.6922452449798584
Step-Separation,0.09107042569667101,Q1-INNERSKIN,1.5304116010665894,0.23124477,-0.012068987,1.512792,10.637116432189941,125.82964324951172
Step-Separation,0.09107042569667101,Q1-OUTERSKIN,1.3277949094772339,0.041646153,0.25620487,1.3021766,10.557289123535156,75.3399887084961
Step-Separation,0.09107042569667101,Q2-CORE,4.110721111297607,1.6752889,0.03561265,-3.7536871,21.8747615814209,2.5958893299102783
Step-Separation,0.09107042569667101,Q2-INNERSKIN,4.111168384552002,1.6737201,0.020244103,-3.754991,21.87632942199707,83.95188903808594
Step-Separation,0.09107042569667101,Q2-OUTERSKIN,3.9078924655914307,1.6174691,0.5451623,-3.5154252,21.63248062133789,166.49261474609375
Step-Separation,0.09306956548243761,ADAPTER,0.0,0.0,0.0,0.0,0.0,0.0
Step-Separation,0.09306956548243761,Q1-CORE,1.530131220817566,0.23742941,-0.0035556108,1.5115939,10.530205726623535,3.6984736919403076
Step-Separation,0.09306956548243761,Q1-INNERSKIN,1.5442042350769043,0.22879411,-0.010990957,1.5271212,10.530304908752441,126.66835021972656
Step-Separation,0.09306956548243761,Q1-OUTERSKIN,1.3380718231201172,0.038344402,0.2577162,1.3124589,10.522928237915039,75.10839080810547
Step-Separation,0.09306956548243761,Q2-CORE,4.150258541107178,1.687167,0.038928285,-3.7916486,22.07826805114746,2.593773603439331
Step-Separation,0.09306956548243761,Q2-INNERSKIN,4.150696277618408,1.6856016,0.023553744,-3.7929502,21.82008934020996,83.80875396728516
Step-Separation,0.09306956548243761,Q2-OUTERSKIN,3.9471590518951416,1.6286623,0.5490575,-3.5533166,21.521671295166016,166.2572479248047
Step-Separation,0.09506870526820421,ADAPTER,0.0,0.0,0.0,0.0,0.0,0.0
Step-Separation,0.09506870526820421,Q1-CORE,1.5429435968399048,0.23474342,-0.002528198,1.5249801,10.346866607666016,3.7058544158935547
Step-Separation,0.09506870526820421,Q1-INNERSKIN,1.557307481765747,0.22601213,-0.009909678,1.5407877,10.336954116821289,127.34832763671875
Step-Separation,0.09506870526820421,Q1-OUTERSKIN,1.350294589996338,0.15177536,0.15672803,1.3325524,10.344676971435547,74.81300354003906
Step-Separation,0.09506870526820421,Q2-CORE,4.19062614440918,1.6995186,0.042133354,-3.8303015,21.766448974609375,2.595644950866699
Step-Separation,0.09506870526820421,Q2-INNERSKIN,4.1910529136657715,1.6979592,0.02674681,-3.8315983,21.473093032836914,83.71202850341797
Step-Separation,0.09506870526820421,Q2-OUTERSKIN,3.987470865249634,1.6404155,0.5531173,-3.5920775,21.355546951293945,166.37246704101562
Step-Separation,0.09706784505397081,ADAPTER,0.0,0.0,0.0,0.0,0.0,0.0
Step-Separation,0.09706784505397081,Q1-CORE,1.5563689470291138,0.23235135,-0.001592759,1.5389265,10.291104316711426,3.7114927768707275
Step-Separation,0.09706784505397081,Q1-INNERSKIN,1.5710206031799316,0.22352792,-0.00892245,1.5550117,10.207408905029297,128.1785125732422
Step-Separation,0.09706784505397081,Q1-OUTERSKIN,1.3640354871749878,0.14914106,0.15706313,1.3467298,10.29108715057373,74.68284606933594
Step-Separation,0.09706784505397081,Q2-CORE,4.230067253112793,1.7111892,0.04547847,-3.8682334,21.462936401367188,2.5948991775512695
Step-Separation,0.09706784505397081,Q2-INNERSKIN,4.230483531951904,1.7096335,0.03008549,-3.869527,21.351572036743164,83.56851196289062
Step-Separation,0.09706784505397081,Q2-OUTERSKIN,4.026799201965332,1.651624,0.55702645,-3.6300097,21.21561050415039,166.146484375
Step-Separation,0.09906698483973742,ADAPTER,0.0,0.0,0.0,0.0,0.0,0.0
Step-Separation,0.09906698483973742,Q1-CORE,1.5696977376937866,0.22979663,-0.0007878728,1.5527859,10.109879493713379,3.7168071269989014
Step-Separation,0.09906698483973742,Q1-INNERSKIN,1.5846412181854248,0.22087842,-0.008068595,1.5691512,10.10998249053955,128.96925354003906
Step-Separation,0.09906698483973742,Q1-OUTERSKIN,1.3778067827224731,0.14638834,0.15731013,1.3609465,10.078812599182129,74.56402587890625
Step-Separation,0.09906698483973742,Q2-CORE,4.269890308380127,1.7230203,0.048653945,-3.9065068,21.225488662719727,2.596104145050049
Step-Separation,0.09906698483973742,Q2-INNERSKIN,4.270297527313232,1.7214694,0.033249177,-3.907797,21.2247371673584,83.50691986083984
Step-Separation,0.09906698483973742,Q2-OUTERSKIN,4.066604137420654,1.6629274,0.5608941,-3.6684244,20.99958610534668,166.2052764892578
Step-Separation,0.10106612462550402,ADAPTER,0.0,0.0,0.0,0.0,0.0,0.0
Step-Separation,0.10106612462550402,Q1-CORE,1.583018183708191,0.22725815,4.020706e-05,1.5666206,9.919909477233887,3.721149206161499
Step-Separation,0.10106612462550402,Q1-INNERSKIN,1.5982537269592285,0.2182443,-0.007188037,1.5832665,9.918654441833496,129.7406768798828
Step-Separation,0.10106612462550402,Q1-OUTERSKIN,1.3914642333984375,0.14356399,0.15756953,1.3750396,9.919585227966309,74.43014526367188
Step-Separation,0.10106612462550402,Q2-CORE,4.310422897338867,1.7353083,0.05181712,-3.9453473,21.197582244873047,2.596580982208252
Step-Separation,0.10106612462550402,Q2-INNERSKIN,4.31082010269165,1.7337614,0.036401823,-3.9466338,20.912694931030273,83.56584167480469
Step-Separation,0.10106612462550402,Q2-OUTERSKIN,4.106917858123779,1.6745182,0.5648316,-3.7072532,20.96916389465332,166.41648864746094
Step-Separation,0.10306526441127062,ADAPTER,0.0,0.0,0.0,0.0,0.0,0.0
Step-Separation,0.10306526441127062,Q1-CORE,1.5964503288269043,0.22477898,0.0008450635,1.5805465,9.953532218933105,3.728402853012085
Step-Separation,0.10306526441127062,Q1-INNERSKIN,1.6119784116744995,0.21567048,-0.00633388,1.5974731,9.953432083129883,130.46209716796875
Step-Separation,0.10306526441127062,Q1-OUTERSKIN,1.4053716659545898,0.14094302,0.15791461,1.3893408,9.915141105651855,74.28456115722656
Step-Separation,0.10306526441127062,Q2-CORE,4.3493452072143555,1.7465477,0.055027388,-3.982882,21.442026138305664,2.5971240997314453
Step-Separation,0.10306526441127062,Q2-INNERSKIN,4.349733352661133,1.7450061,0.039603196,-3.9841645,21.028301239013672,83.4605712890625
Step-Separation,0.10306526441127062,Q2-OUTERSKIN,4.145789623260498,1.6853429,0.568648,-3.7448406,21.00066566467285,166.3626251220703
Step-Separation,0.10506440419703722,ADAPTER,0.0,0.0,0.0,0.0,0.0,0.0
Step-Separation,0.10506440419703722,Q1-CORE,1.6098768711090088,0.22255369,0.0016313903,1.5944185,10.05687141418457,3.736652374267578
Step-Separation,0.10506440419703722,Q1-INNERSKIN,1.6256964206695557,0.21334879,-0.0054959618,1.6116267,9.999874114990234,131.25425720214844
Step-Separation,0.10506440419703722,Q1-OUTERSKIN,1.4192228317260742,0.1385103,0.15815207,1.4035655,10.056853294372559,74.19943237304688
Step-Separation,0.10506440419703722,Q2-CORE,4.387711048126221,1.7576535,0.058205135,-4.01986,21.345046997070312,2.5974178314208984
Step-Separation,0.10506440419703722,Q2-INNERSKIN,4.388089656829834,1.7561158,0.042775825,-4.0211387,20.985700607299805,83.384521484375
Step-Separation,0.10506440419703722,Q2-OUTERSKIN,4.184115886688232,1.6959355,0.57238394,-3.7819312,21.04020118713379,166.32089233398438
Step-Separation,0.10706354398280382,ADAPTER,0.0,0.0,0.0,0.0,0.0,0.0
Step-Separation,0.10706354398280382,Q1-CORE,1.6229792833328247,0.22018085,0.0024990924,1.6079726,9.895389556884766,3.7415382862091064
Step-Separation,0.10706354398280382,Q1-INNERSKIN,1.6390892267227173,0.21088243,-0.0045766607,1.6254603,9.881712913513184,131.97801208496094
Step-Separation,0.10706354398280382,Q1-OUTERSKIN,1.4328235387802124,0.13594514,0.15841973,1.417535,9.895374298095703,74.03694152832031
Step-Separation,0.10706354398280382,Q2-CORE,4.426518440246582,1.7689354,0.061262347,-4.057238,21.04676055908203,2.5994913578033447
Step-Separation,0.10706354398280382,Q2-INNERSKIN,4.4268879890441895,1.7674041,0.045821488,-4.058512,20.810672760009766,83.2979507446289
Step-Separation,0.10706354398280382,Q2-OUTERSKIN,4.222707748413086,1.7064954,0.57624364,-3.8193035,20.84018325805664,166.41928100585938
Step-Separation,0.10906268376857042,ADAPTER,0.0,0.0,0.0,0.0,0.0,0.0
Step-Separation,0.10906268376857042,Q1-CORE,1.6361743211746216,0.21779847,0.0033348203,1.62161,9.887510299682617,3.7474892139434814
Step-Separation,0.10906268376857042,Q1-INNERSKIN,1.652573823928833,0.20840867,-0.0036890917,1.6393757,9.880464553833008,132.72836303710938
Step-Separation,0.10906268376857042,Q1-OUTERSKIN,1.446377158164978,0.13335763,0.15864739,1.4314516,9.887494087219238,73.92218780517578
Step-Separation,0.10906268376857042,Q2-CORE,4.4639892578125,1.7793111,0.0644315,-4.0935435,20.787334442138672,2.5988290309906006
Step-Separation,0.10906268376857042,Q2-INNERSKIN,4.46435022354126,1.7777855,0.048985794,-4.094814,20.78763771057129,83.14749145507812
Step-Separation,0.10906268376857042,Q2-OUTERSKIN,4.2600998878479,1.7163815,0.57991666,-3.855669,20.652923583984375,166.2804412841797
Step-Separation,0.11106182355433702,ADAPTER,0.0,0.0,0.0,0.0,0.0,0.0
Step-Separation,0.11106182355433702,Q1-CORE,1.6492843627929688,0.21553889,0.0041727535,1.6351343,9.94675064086914,3.7541089057922363
Step-Separation,0.11106182355433702,Q1-INNERSKIN,1.6659716367721558,0.2060591,-0.0027991831,1.6531768,9.877602577209473,133.498291015625
Step-Separation,0.11106182355433702,Q1-OUTERSKIN,1.4599026441574097,0.13086037,0.15884835,1.445323,9.946733474731445,73.80647277832031
Step-Separation,0.11106182355433702,Q2-CORE,4.501735210418701,1.7899055,0.067533106,-4.1300483,20.688112258911133,2.598703622817993
Step-Separation,0.11106182355433702,Q2-INNERSKIN,4.50208854675293,1.788385,0.052080393,-4.1313157,20.681629180908203,83.03726196289062
Step-Separation,0.11106182355433702,Q2-OUTERSKIN,4.297745227813721,1.726356,0.5835986,-3.8922641,20.57447052001953,166.2514190673828
Step-Separation,0.11306096334010363,ADAPTER,0.0,0.0,0.0,0.0,0.0,0.0
Step-Separation,0.11306096334010363,Q1-CORE,1.6622037887573242,0.21311209,0.005013246,1.648478,9.87490463256836,3.760352611541748
Step-Separation,0.11306096334010363,Q1-INNERSKIN,1.6791802644729614,0.20354329,-0.0019084141,1.6667972,9.85733699798584,134.21385192871094
Step-Separation,0.11306096334010363,Q1-OUTERSKIN,1.4732015132904053,0.12821448,0.15906197,1.4589664,9.874887466430664,73.67024230957031
Step-Separation,0.11306096334010363,Q2-CORE,4.540122032165527,1.8008094,0.07053936,-4.1671114,20.607145309448242,2.6001598834991455
Step-Separation,0.11306096334010363,Q2-INNERSKIN,4.540467262268066,1.7992941,0.055076785,-4.1683745,20.280471801757812,82.98853302001953
Step-Separation,0.11306096334010363,Q2-OUTERSKIN,4.33597469329834,1.7366458,0.58734673,-3.9293466,20.1893367767334,166.30230712890625
Step-Separation,0.11506010312587023,ADAPTER,0.0,0.0,0.0,0.0,0.0,0.0
Step-Separation,0.11506010312587023,Q1-CORE,1.6752053499221802,0.2107322,0.0059143677,1.6618874,9.77126693725586,3.765624761581421
Step-Separation,0.11506010312587023,Q1-INNERSKIN,1.6924697160720825,0.20107587,-0.0009560175,1.6804824,9.771249771118164,134.93252563476562
Step-Separation,0.11506010312587023,Q1-OUTERSKIN,1.4866136312484741,0.12563057,0.15936115,1.4726986,9.764065742492676,73.9184341430664
Step-Separation,0.11506010312587023,Q2-CORE,4.577578544616699,1.8111033,0.07367379,-4.203416,20.148645401000977,2.599747896194458
Step-Separation,0.11506010312587023,Q2-INNERSKIN,4.577915668487549,1.8095934,0.058205284,-4.204675,20.10408592224121,82.91188049316406
Step-Separation,0.11506010312587023,Q2-OUTERSKIN,4.373364448547363,1.7464149,0.5909875,-3.9657388,20.049774169921875,166.23435974121094
Step-Separation,0.11705924291163683,ADAPTER,0.0,0.0,0.0,0.0,0.0,0.0
Step-Separation,0.11705924291163683,Q1-CORE,1.6882052421569824,0.20839854,0.0067423433,1.6752796,9.787467002868652,3.771785259246826
Step-Separation,0.11705924291163683,Q1-INNERSKIN,1.7057585716247559,0.19865334,-7.782504e-05,1.6941515,9.744741439819336,135.67832946777344
Step-Separation,0.11705924291163683,Q1-OUTERSKIN,1.5000483989715576,0.123127654,0.15965334,1.4864372,9.785577774047852,74.8417739868164
Step-Separation,0.11705924291163683,Q2-CORE,4.6150431632995605,1.8213966,0.076763,-4.2397223,20.320772171020508,2.5996057987213135
Step-Separation,0.11705924291163683,Q2-INNERSKIN,4.6153717041015625,1.8198935,0.061287023,-4.2409773,20.14753532409668,82.8061294555664
Step-Separation,0.11705924291163683,Q2-OUTERSKIN,4.410730361938477,1.7561091,0.5946436,-4.002127,20.078947067260742,166.22421264648438
Step-Separation,0.11905838269740343,ADAPTER,0.0,0.0,0.0,0.0,0.0,0.0
Step-Separation,0.11905838269740343,Q1-CORE,1.7012078762054443,0.2060839,0.007594168,1.6886622,9.692732810974121,3.7777106761932373
Step-Separation,0.11905838269740343,Q1-INNERSKIN,1.719049334526062,0.19624966,0.000824444,1.7078103,9.692731857299805,136.41783142089844
Step-Separation,0.11905838269740343,Q1-OUTERSKIN,1.513448715209961,0.12062769,0.15993306,1.5001324,9.68838119506836,75.76592254638672
Step-Separation,0.11905838269740343,Q2-CORE,4.652554988861084,1.8316311,0.079805456,-4.276099,20.15571403503418,2.6007015705108643
Step-Separation,0.11905838269740343,Q2-INNERSKIN,4.652872562408447,1.8301328,0.06432202,-4.2773476,20.071216583251953,82.70512390136719
Step-Separation,0.11905838269740343,Q2-OUTERSKIN,4.44807767868042,1.7657729,0.5983091,-4.0384984,19.965295791625977,166.29013061523438
Step-Separation,0.12105752248317003,ADAPTER,0.0,0.0,0.0,0.0,0.0,0.0
Step-Separation,0.12105752248317003,Q1-CORE,1.7142192125320435,0.20380302,0.008451432,1.7020401,9.701226234436035,3.7836978435516357
Step-Separation,0.12105752248317003,Q1-INNERSKIN,1.7323495149612427,0.19388002,0.0017322153,1.7214652,9.701108932495117,137.1696014404297
Step-Separation,0.12105752248317003,Q1-OUTERSKIN,1.5268381834030151,0.11814274,0.16024625,1.5138025,9.698831558227539,76.68744659423828
Step-Separation,0.12105752248317003,Q2-CORE,4.689377784729004,1.8414236,0.08288013,-4.3119082,19.929479598999023,2.6004464626312256
Step-Separation,0.12105752248317003,Q2-INNERSKIN,4.689688205718994,1.8399317,0.06739082,-4.3131523,19.889785766601562,82.6116943359375
Step-Separation,0.12105752248317003,Q2-OUTERSKIN,4.484750747680664,1.7750133,0.6018617,-4.07432,19.792142868041992,166.19619750976562
Step-Separation,0.12305666226893663,ADAPTER,0.0,0.0,0.0,0.0,0.0,0.0
Step-Separation,0.12305666226893663,Q1-CORE,1.7272590398788452,0.20160836,0.009253301,1.7154276,9.691863059997559,3.7895827293395996
Step-Separation,0.12305666226893663,Q1-INNERSKIN,1.745676875114441,0.19159769,0.0025844462,1.7351286,9.670246124267578,137.91465759277344
Step-Separation,0.12305666226893663,Q1-OUTERSKIN,1.5402494668960571,0.11569535,0.16050744,1.5274882,9.69184398651123,77.59152221679688
Step-Separation,0.12305666226893663,Q2-CORE,4.726192951202393,1.8512405,0.08591638,-4.347692,20.21613121032715,2.601668119430542
Step-Separation,0.12305666226893663,Q2-INNERSKIN,4.726494789123535,1.8497534,0.07042012,-4.348932,19.89264488220215,82.50257110595703
Step-Separation,0.12305666226893663,Q2-OUTERSKIN,4.521455764770508,1.784201,0.6054559,-4.110184,19.835817337036133,166.1614532470703
Step-Separation,0.12505580205470324,ADAPTER,0.0,0.0,0.0,0.0,0.0,0.0
Step-Separation,0.12505580205470324,Q1-CORE,1.740142822265625,0.19930887,0.010064222,1.7286619,9.600592613220215,3.7950732707977295
Step-Separation,0.12505580205470324,Q1-INNERSKIN,1.7588492631912231,0.1892109,0.003445588,1.748639,9.600647926330566,138.6353302001953
Step-Separation,0.12505580205470324,Q1-OUTERSKIN,1.5535657405853271,0.11320915,0.16072756,1.5410765,9.598688125610352,78.5165786743164
Step-Separation,0.12505580205470324,Q2-CORE,4.762715816497803,1.8608211,0.088958286,-4.383251,19.897733688354492,2.6020710468292236
Step-Separation,0.12505580205470324,Q2-INNERSKIN,4.763010501861572,1.8593401,0.07345513,-4.384487,19.89743995666504,82.41757202148438
Step-Separation,0.12505580205470324,Q2-OUTERSKIN,4.5578932762146,1.7932153,0.6090182,-4.1458254,19.693714141845703,166.1484375
Step-Separation,0.12705494184046984,ADAPTER,0.0,0.0,0.0,0.0,0.0,0.0
Step-Separation,0.12705494184046984,Q1-CORE,1.7530238628387451,0.19700839,0.010861583,1.7418847,9.560575485229492,3.8010592460632324
Step-Separation,0.12705494184046984,Q1-INNERSKIN,1.7720187902450562,0.18682379,0.0042928904,1.7621377,9.552979469299316,139.36248779296875
Step-Separation,0.12705494184046984,Q1-OUTERSKIN,1.566887378692627,0.110744484,0.1609681,1.5546578,9.560565948486328,79.43565368652344
Step-Separation,0.12705494184046984,Q2-CORE,4.798925876617432,1.8701417,0.091983445,-4.4185743,19.767900466918945,2.6016359329223633
Step-Separation,0.12705494184046984,Q2-INNERSKIN,4.799213409423828,1.8686656,0.07647442,-4.4198065,19.674680709838867,82.29226684570312
Step-Separation,0.12705494184046984,Q2-OUTERSKIN,4.5940022468566895,1.8020438,0.61253834,-4.181183,19.554466247558594,166.03854370117188
Step-Separation,0.12905408162623644,ADAPTER,0.0,0.0,0.0,0.0,0.0,0.0
Step-Separation,0.12905408162623644,Q1-CORE,1.765905737876892,0.19476603,0.011668868,1.7550935,9.586962699890137,3.8070714473724365
Step-Separation,0.12905408162623644,Q1-INNERSKIN,1.7851883172988892,0.18449526,0.005149707,1.7756217,9.586883544921875,140.10748291015625
Step-Separation,0.12905408162623644,Q1-OUTERSKIN,1.5801924467086792,0.1083221,0.16123179,1.5682088,9.586899757385254,80.33802032470703
Step-Separation,0.12905408162623644,Q2-CORE,4.835155487060547,1.879468,0.09496819,-4.4539094,19.730464935302734,2.6022088527679443
Step-Separation,0.12905408162623644,Q2-INNERSKIN,4.83543586730957,1.8779966,0.07945228,-4.455138,19.536029815673828,82.200439453125
Step-Separation,0.12905408162623644,Q2-OUTERSKIN,4.630179405212402,1.8108475,0.6160528,-4.2166185,19.502147674560547,166.0120086669922
Step-Separation,0.13105322886258364,ADAPTER,0.0,0.0,0.0,0.0,0.0,0.0
Step-Separation,0.13105322886258364,Q1-CORE,1.7787634134292603,0.1925373,0.012463823,1.7682685,9.56148910522461,3.8127682209014893
Step-Separation,0.13105322886258364,Q1-INNERSKIN,1.7983336448669434,0.18218106,0.0059947744,1.7890719,9.519412994384766,140.82247924804688
Step-Separation,0.13105322886258364,Q1-OUTERSKIN,1.593400478363037,0.10587852,0.16146916,1.5816581,9.561469078063965,81.23454284667969
Step-Separation,0.13105322886258364,Q2-CORE,4.871423721313477,1.8887542,0.09795929,-4.4892964,19.47922134399414,2.602692127227783
Step-Separation,0.13105322886258364,Q2-INNERSKIN,4.871697425842285,1.887288,0.08243748,-4.4905214,19.47919464111328,82.13372802734375
Step-Separation,0.13105322886258364,Q2-OUTERSKIN,4.66627836227417,1.819578,0.61958915,-4.2519875,19.4243106842041,166.00611877441406
Step-Separation,0.13305236864835024,ADAPTER,0.0,0.0,0.0,0.0,0.0,0.0
Step-Separation,0.13305236864835024,Q1-CORE,1.7916053533554077,0.19033575,0.013257906,1.7814169,9.486627578735352,3.818502187728882
Step-Separation,0.13305236864835024,Q1-INNERSKIN,1.8114625215530396,0.17989458,0.0068386644,1.8024949,9.45737361907959,141.530517578125
Step-Separation,0.13305236864835024,Q1-OUTERSKIN,1.609838843345642,-0.43840548,-0.8465977,1.2971716,9.485471725463867,82.14179229736328
Step-Separation,0.13305236864835024,Q2-CORE,4.907371997833252,1.8978221,0.10095858,-4.5244203,19.51988410949707,2.6029179096221924
Step-Separation,0.13305236864835024,Q2-INNERSKIN,4.907639980316162,1.8963608,0.08543026,-4.5256433,19.34087371826172,82.05379486083984
Step-Separation,0.13305236864835024,Q2-OUTERSKIN,4.702168941497803,1.8281518,0.62310976,-4.287189,19.326457977294922,165.95838928222656
Step-Separation,0.13505150843411684,ADAPTER,0.0,0.0,0.0,0.0,0.0,0.0
Step-Separation,0.13505150843411684,Q1-CORE,1.8044205904006958,0.18815753,0.014044829,1.7945287,9.46022891998291,3.8241066932678223
Step-Separation,0.13505150843411684,Q1-INNERSKIN,1.8245646953582764,0.177632,0.0076752305,1.8158811,9.460199356079102,142.25244140625
Step-Separation,0.13505150843411684,Q1-OUTERSKIN,1.6278539896011353,-0.44098097,-0.8553359,1.3129528,9.44211196899414,83.03966522216797
Step-Separation,0.13505150843411684,Q2-CORE,4.94331693649292,1.9068879,0.103938274,-4.559535,19.41582679748535,2.6033387184143066
Step-Separation,0.13505150843411684,Q2-INNERSKIN,4.943577766418457,1.9054312,0.08840359,-4.5607543,19.290573120117188,81.95919799804688
Step-Separation,0.13505150843411684,Q2-OUTERSKIN,4.73801851272583,1.836655,0.6266348,-4.3223658,19.291378021240234,165.93231201171875
Step-Separation,0.13705064821988344,ADAPTER,0.0,0.0,0.0,0.0,0.0,0.0
Step-Separation,0.13705064821988344,Q1-CORE,1.8171664476394653,0.18595453,0.014862508,1.8075657,9.446761131286621,3.829759120941162
Step-Separation,0.13705064821988344,Q1-INNERSKIN,1.837597131729126,0.17534502,0.008542575,1.8291923,9.446826934814453,142.9698486328125
Step-Separation,0.13705064821988344,Q1-OUTERSKIN,1.6458288431167603,-0.44349095,-0.8640523,1.3287144,9.43448543548584,83.92955780029297
Step-Separation,0.13705064821988344,Q2-CORE,4.9790849685668945,1.915799,0.10690149,-4.594516,19.267087936401367,2.603940725326538
Step-Separation,0.13705064821988344,Q2-INNERSKIN,4.979338645935059,1.9143474,0.091360025,-4.595731,19.24709129333496,81.8700180053711
Step-Separation,0.13705064821988344,Q2-OUTERSKIN,4.7736945152282715,1.845029,0.6301309,-4.3574033,19.19566535949707,165.9178009033203
Step-Separation,0.13904978800565004,ADAPTER,0.0,0.0,0.0,0.0,0.0,0.0
Step-Separation,0.13904978800565004,Q1-CORE,1.8299020528793335,0.18379053,0.015653051,1.8205817,9.412792205810547,3.835752010345459
Step-Separation,0.13904978800565004,Q1-INNERSKIN,1.8506189584732056,0.17309795,0.009382635,1.8424819,9.412890434265137,143.6977996826172
Step-Separation,0.13904978800565004,Q1-OUTERSKIN,1.663782000541687,-0.44598144,-0.8727745,1.3444463,9.402825355529785,84.81648254394531
Step-Separation,0.13904978800565004,Q2-CORE,5.014659404754639,1.9245353,0.10986141,-4.629352,19.25669288635254,2.6040096282958984
Step-Separation,0.13904978800565004,Q2-INNERSKIN,5.014904499053955,1.9230889,0.09431406,-4.630562,19.197147369384766,81.78860473632812
Step-Separation,0.13904978800565004,Q2-OUTERSKIN,4.80914306640625,1.853245,0.63358957,-4.3922553,19.173032760620117,165.86691284179688
Step-Separation,0.14104892779141665,ADAPTER,0.0,0.0,0.0,0.0,0.0,0.0
Step-Separation,0.14104892779141665,Q1-CORE,1.8426095247268677,0.18164858,0.016429037,1.8335605,9.374027252197266,3.8418800830841064
Step-Separation,0.14104892779141665,Q1-INNERSKIN,1.8636126518249512,0.17087327,0.010207571,1.8557345,9.352062225341797,144.41680908203125
Step-Separation,0.14104892779141665,Q1-OUTERSKIN,1.6816474199295044,-0.44841337,-0.88144356,1.3601179,9.374016761779785,85.70074462890625
Step-Separation,0.14104892779141665,Q2-CORE,5.05019474029541,1.933225,0.11279949,-4.66416,19.207853317260742,2.6039135456085205
Step-Separation,0.14104892779141665,Q2-INNERSKIN,5.05043363571167,1.9317831,0.0972457,-4.6653657,19.14130210876465,81.69583129882812
Step-Separation,0.14104892779141665,Q2-OUTERSKIN,4.8445963859558105,1.8614371,0.6370523,-4.427113,19.13991928100586,165.83338928222656
Step-Separation,0.14304806757718325,ADAPTER,0.0,0.0,0.0,0.0,0.0,0.0
Step-Separation,0.14304806757718325,Q1-CORE,1.8552649021148682,0.17948744,0.017209895,1.846482,9.323062896728516,3.847200393676758
Step-Separation,0.14304806757718325,Q1-INNERSKIN,1.8765535354614258,0.16862993,0.011037707,1.868929,9.323077201843262,145.1244354248047
Step-Separation,0.14304806757718325,Q1-OUTERSKIN,1.6994572877883911,-0.450836,-0.8900874,1.3757349,9.318475723266602,86.58536529541016
Step-Separation,0.14304806757718325,Q2-CORE,5.085570812225342,1.9418014,0.11573946,-4.698834,19.117488861083984,2.6047914028167725
Step-Separation,0.14304806757718325,Q2-INNERSKIN,5.08580207824707,1.9403645,0.100179546,-4.700035,19.05467987060547,81.63348388671875
Step-Separation,0.14304806757718325,Q2-OUTERSKIN,4.879897117614746,1.8695047,0.64050615,-4.461849,19.03448486328125,165.81658935546875
Step-Separation,0.14504720736294985,ADAPTER,0.0,0.0,0.0,0.0,0.0,0.0
Step-Separation,0.14504720736294985,Q1-CORE,1.8678810596466064,0.17733517,0.017989784,1.859357,9.285863876342773,3.852545976638794
Step-Separation,0.14504720736294985,Q1-INNERSKIN,1.8894555568695068,0.16639592,0.011866562,1.882077,9.28339672088623,145.8209991455078
Step-Separation,0.14504720736294985,Q1-OUTERSKIN,1.7172272205352783,-0.45319882,-0.8987233,1.3913219,9.285840034484863,87.46871948242188
Step-Separation,0.14504720736294985,Q2-CORE,5.120798587799072,1.9502565,0.11867375,-4.7333913,19.013595581054688,2.6051244735717773
Step-Separation,0.14504720736294985,Q2-INNERSKIN,5.121023654937744,1.9488245,0.10310765,-4.734589,18.982196807861328,81.55709838867188
Step-Separation,0.14504720736294985,Q2-OUTERSKIN,4.915042877197266,1.8774538,0.64395356,-4.496458,18.972232818603516,165.77610778808594
Step-Separation,0.14704634714871645,ADAPTER,0.0,0.0,0.0,0.0,0.0,0.0
Step-Separation,0.14704634714871645,Q1-CORE,1.8804826736450195,0.17520702,0.018754795,1.8722088,9.272127151489258,3.858219861984253
Step-Separation,0.14704634714871645,Q1-INNERSKIN,1.9023420810699463,0.16418688,0.012680262,1.8952011,9.272216796875,146.5420379638672
Step-Separation,0.14704634714871645,Q1-OUTERSKIN,1.734946846961975,-0.4554838,-0.907338,1.4068806,9.258484840393066,88.33984375
Step-Separation,0.14704634714871645,Q2-CORE,5.155957221984863,1.9586278,0.121588774,-4.767902,19.0269832611084,2.6051506996154785
Step-Separation,0.14704634714871645,Q2-INNERSKIN,5.15617561340332,1.9572,0.106016584,-4.769096,18.929744720458984,81.47721862792969
Step-Separation,0.14704634714871645,Q2-OUTERSKIN,4.950128555297852,1.8853496,0.64738524,-4.531018,18.92868995666504,165.75677490234375
Step-Separation,0.14904548693448305,ADAPTER,0.0,0.0,0.0,0.0,0.0,0.0
Step-Separation,0.14904548693448305,Q1-CORE,1.8930575847625732,0.17309703,0.019503675,1.8850262,9.217656135559082,3.8641793727874756
Step-Separation,0.14904548693448305,Q1-INNERSKIN,1.9152017831802368,0.16199648,0.013477899,1.9082907,9.202112197875977,147.24208068847656
Step-Separation,0.14904548693448305,Q1-OUTERSKIN,1.7526068687438965,-0.45772132,-0.91591716,1.4223987,9.217644691467285,89.2099380493164
Step-Separation,0.14904548693448305,Q2-CORE,5.191032886505127,1.9669154,0.124488585,-4.8023505,18.925189971923828,2.6054415702819824
Step-Separation,0.14904548693448305,Q2-INNERSKIN,5.191246032714844,1.9654922,0.108910255,-4.803542,18.925325393676758,81.40886688232422
Step-Separation,0.14904548693448305,Q2-OUTERSKIN,4.985097408294678,1.8931432,0.6508005,-4.5654864,18.86524200439453,165.73936462402344
Step-Separation,0.15104462672024965,ADAPTER,0.0,0.0,0.0,0.0,0.0,0.0
Step-Separation,0.15104462672024965,Q1-CORE,1.9056053161621094,0.17103845,0.020247862,1.8978059,9.164348602294922,3.8696653842926025
Step-Separation,0.15104462672024965,Q1-INNERSKIN,1.9280340671539307,0.15985811,0.014270969,1.9213425,9.162599563598633,147.94659423828125
Step-Separation,0.15104462672024965,Q1-OUTERSKIN,1.7702078819274902,-0.45991197,-0.9244693,1.4378712,9.164336204528809,90.07353210449219
Step-Separation,0.15104462672024965,Q2-CORE,5.225907325744629,1.9750851,0.12738943,-4.8366227,18.962207794189453,2.6057941913604736
Step-Separation,0.15104462672024965,Q2-INNERSKIN,5.226114749908447,1.9736669,0.11180506,-4.8378105,18.836942672729492,81.34294128417969
Step-Separation,0.15104462672024965,Q2-OUTERSKIN,5.019903659820557,1.9008024,0.65418905,-4.5998282,18.79453468322754,165.70703125
Step-Separation,0.15304376650601625,ADAPTER,0.0,0.0,0.0,0.0,0.0,0.0
Step-Separation,0.15304376650601625,Q1-CORE,1.9181135892868042,0.16897863,0.020990133,1.9105406,9.140193939208984,3.8754115104675293
Step-Separation,0.15304376650601625,Q1-INNERSKIN,1.9408260583877563,0.15771924,0.015062109,1.9343483,9.140294075012207,148.63958740234375
Step-Separation,0.15304376650601625,Q1-OUTERSKIN,1.7877440452575684,-0.4620297,-0.9329979,1.453297,9.138885498046875,90.94413757324219
Step-Separation,0.15304376650601625,Q2-CORE,5.260707855224609,1.9831945,0.13027212,-4.870833,18.936731338500977,2.60622501373291
Step-Separation,0.15304376650601625,Q2-INNERSKIN,5.260909080505371,1.9817809,0.11468168,-4.872018,18.802270889282227,81.2588882446289
Step-Separation,0.15304376650601625,Q2-OUTERSKIN,5.054644584655762,1.908402,0.657578,-4.634115,18.761890411376953,165.69212341308594
Step-Separation,0.15504290629178286,ADAPTER,0.0,0.0,0.0,0.0,0.0,0.0
Step-Separation,0.15504290629178286,Q1-CORE,1.9305702447891235,0.16688816,0.021736175,1.9232205,9.120060920715332,3.8811824321746826
Step-Separation,0.15504290629178286,Q1-INNERSKIN,1.953566312789917,0.15555035,0.01585646,1.9472991,9.118578910827637,149.33262634277344
Step-Separation,0.15504290629178286,Q1-OUTERSKIN,1.8052328824996948,-0.4640938,-0.9415027,1.4686917,9.120035171508789,91.79949188232422
Step-Separation,0.15504290629178286,Q2-CORE,5.295350074768066,1.9911507,0.13315317,-4.904928,18.76388931274414,2.6065642833709717
Step-Separation,0.15504290629178286,Q2-INNERSKIN,5.2955451011657715,1.9897424,0.11755669,-4.906109,18.727294921875,81.18545532226562
Step-Separation,0.15504290629178286,Q2-OUTERSKIN,5.089205265045166,1.9158925,0.6609502,-4.668245,18.70250701904297,165.6670379638672
Step-Separation,0.15704204607754946,ADAPTER,0.0,0.0,0.0,0.0,0.0,0.0
Step-Separation,0.15704204607754946,Q1-CORE,1.9429818391799927,0.16481462,0.022471018,1.9358486,9.089678764343262,3.886683702468872
Step-Separation,0.15704204607754946,Q1-INNERSKIN,1.9662609100341797,0.15339902,0.016639493,1.9601973,9.089770317077637,150.0202178955078
Step-Separation,0.15704204607754946,Q1-OUTERSKIN,1.822669267654419,-0.46611482,-0.9499795,1.4840482,9.089229583740234,92.65557861328125
Step-Separation,0.15704204607754946,Q2-CORE,5.329870700836182,1.9990071,0.13602896,-4.9389257,18.766904830932617,2.6067917346954346
Step-Separation,0.15704204607754946,Q2-INNERSKIN,5.330060005187988,1.997604,0.12042713,-4.940103,18.65773582458496,81.1160659790039
Step-Separation,0.15704204607754946,Q2-OUTERSKIN,5.1236114501953125,1.9232675,0.66430926,-4.702247,18.640830993652344,165.64425659179688
Step-Separation,0.15904118586331606,ADAPTER,0.0,0.0,0.0,0.0,0.0,0.0
Step-Separation,0.15904118586331606,Q1-CORE,1.9553583860397339,0.16279554,0.023196682,1.9484316,9.034637451171875,3.8921258449554443
Step-Separation,0.15904118586331606,Q1-INNERSKIN,1.978920817375183,0.1513025,0.017413184,1.9730514,9.034740447998047,150.7172088623047
Step-Separation,0.15904118586331606,Q1-OUTERSKIN,1.840048909187317,-0.46808597,-0.95843303,1.4993603,9.0319242477417,93.50203704833984
Step-Separation,0.15904118586331606,Q2-CORE,5.364318370819092,2.0068278,0.13888223,-4.9728527,18.679393768310547,2.6070938110351562
Step-Separation,0.15904118586331606,Q2-INNERSKIN,5.364501476287842,2.0054288,0.12327425,-4.974026,18.651992797851562,81.04663848876953
Step-Separation,0.15904118586331606,Q2-OUTERSKIN,5.157998085021973,1.930583,0.66766703,-4.7362447,18.602907180786133,165.6237030029297
Step-Separation,0.16104032564908266,ADAPTER,0.0,0.0,0.0,0.0,0.0,0.0
Step-Separation,0.16104032564908266,Q1-CORE,1.9677320718765259,0.16079423,0.023918599,1.9610056,8.991572380065918,3.8973515033721924
Step-Separation,0.16104032564908266,Q1-INNERSKIN,1.991576910018921,0.14922404,0.018183224,1.9858953,8.991537094116211,151.40858459472656
Step-Separation,0.16104032564908266,Q1-OUTERSKIN,1.857386589050293,-0.47006667,-0.9668698,1.5146238,8.988792419433594,94.34598541259766
Step-Separation,0.16104032564908266,Q2-CORE,5.398633003234863,2.014544,0.14173833,-5.006672,18.563018798828125,2.6073594093322754
Step-Separation,0.16104032564908266,Q2-INNERSKIN,5.398811340332031,2.0131497,0.12612446,-5.007842,18.56269073486328,80.98453521728516
Step-Separation,0.16104032564908266,Q2-OUTERSKIN,5.192243576049805,1.9377927,0.671008,-4.770126,18.52780532836914,165.59764099121094
Step-Separation,0.16303946543484926,ADAPTER,0.0,0.0,0.0,0.0,0.0,0.0
Step-Separation,0.16303946543484926,Q1-CORE,1.9800515174865723,0.15875974,0.02464573,1.9735228,8.977673530578613,3.902803421020508
Step-Separation,0.16303946543484926,Q1-INNERSKIN,2.0041792392730713,0.14711338,0.018958151,1.9986826,8.977779388427734,152.07981872558594
Step-Separation,0.16303946543484926,Q1-OUTERSKIN,1.8746626377105713,-0.47199875,-0.9752819,1.5298374,8.968008995056152,95.19525909423828
Step-Separation,0.16303946543484926,Q2-CORE,5.4328131675720215,2.0221174,0.14459236,-5.040396,18.622882843017578,2.607762575149536
Step-Separation,0.16303946543484926,Q2-INNERSKIN,5.432986259460449,2.0207276,0.12897262,-5.041564,18.487796783447266,80.91783905029297
Step-Separation,0.16303946543484926,Q2-OUTERSKIN,5.2263569831848145,1.9449342,0.67433745,-4.8038845,18.508190155029297,165.57681274414062
Step-Separation,0.16503860522061586,ADAPTER,0.0,0.0,0.0,0.0,0.0,0.0
Step-Separation,0.16503860522061586,Q1-CORE,1.992347240447998,0.15674998,0.025362425,1.9860095,8.941118240356445,3.908352851867676
Step-Separation,0.16503860522061586,Q1-INNERSKIN,2.0167577266693115,0.14502794,0.019722402,2.0114398,8.933555603027344,152.76991271972656
Step-Separation,0.16503860522061586,Q1-OUTERSKIN,1.8918735980987549,-0.47379383,-0.98366433,1.5450273,8.941104888916016,96.03474426269531
Step-Separation,0.16503860522061586,Q2-CORE,5.4669084548950195,2.0296283,0.14743893,-5.0740476,18.493432998657227,2.607984781265259
Step-Separation,0.16503860522061586,Q2-INNERSKIN,5.467076778411865,2.0282423,0.13181351,-5.075213,18.47107696533203,80.84387969970703
Step-Separation,0.16503860522061586,Q2-OUTERSKIN,5.260376930236816,1.9519953,0.6776604,-4.8375673,18.433679580688477,165.55398559570312
Step-Separation,0.16703774500638247,ADAPTER,0.0,0.0,0.0,0.0,0.0,0.0
Step-Separation,0.16703774500638247,Q1-CORE,2.0045807361602783,0.15476589,0.026068807,1.9984275,8.910494804382324,3.913792848587036
Step-Separation,0.16703774500638247,Q1-INNERSKIN,2.0292725563049316,0.1429689,0.020476274,2.0241263,8.904417037963867,153.4484405517578
Step-Separation,0.16703774500638247,Q1-OUTERSKIN,1.9090383052825928,-0.47557798,-0.9920279,1.5601709,8.910479545593262,96.86983489990234
Step-Separation,0.16703774500638247,Q2-CORE,5.500824451446533,2.0370352,0.15027948,-5.1075406,18.443532943725586,2.6080965995788574
Step-Separation,0.16703774500638247,Q2-INNERSKIN,5.5009870529174805,2.035654,0.13464865,-5.1087027,18.443559646606445,80.77379608154297
Step-Separation,0.16703774500638247,Q2-OUTERSKIN,5.294236183166504,1.9589083,0.68096155,-4.8711295,18.39781951904297,165.52508544921875
Step-Separation,0.16903688479214907,ADAPTER,0.0,0.0,0.0,0.0,0.0,0.0
Step-Separation,0.16903688479214907,Q1-CORE,2.016803503036499,0.15280059,0.02677425,2.0108285,8.852035522460938,3.919111967086792
Step-Separation,0.16903688479214907,Q1-INNERSKIN,2.041776418685913,0.14092882,0.021229126,2.0367963,8.852144241333008,154.13987731933594
Step-Separation,0.16903688479214907,Q1-OUTERSKIN,1.9261449575424194,-0.47731593,-1.0003562,1.5752751,8.848926544189453,97.70653533935547
Step-Separation,0.16903688479214907,Q2-CORE,5.534700870513916,2.044387,0.15310492,-5.1410074,18.36638069152832,2.6083428859710693
Step-Separation,0.16903688479214907,Q2-INNERSKIN,5.534859657287598,2.043009,0.13746868,-5.1421676,18.326400756835938,80.70986938476562
Step-Separation,0.16903688479214907,Q2-OUTERSKIN,5.328036785125732,1.9657733,0.6842533,-4.904641,18.349863052368164,165.49502563476562
Step-Separation,0.17103602457791567,ADAPTER,0.0,0.0,0.0,0.0,0.0,0.0
Step-Separation,0.17103602457791567,Q1-CORE,2.028984546661377,0.15080798,0.027491309,2.0231855,8.825597763061523,3.9243273735046387
Step-Separation,0.17103602457791567,Q1-INNERSKIN,2.0542380809783936,0.1388634,0.021993652,2.0494213,8.819689750671387,154.82537841796875
Step-Separation,0.17103602457791567,Q1-OUTERSKIN,1.9431960582733154,-0.47900063,-1.0086595,1.5903381,8.825571060180664,98.53663635253906
Step-Separation,0.17103602457791567,Q2-CORE,5.568496227264404,2.0516486,0.15592004,-5.1744156,18.34273338317871,2.608750343322754
Step-Separation,0.17103602457791567,Q2-INNERSKIN,5.5686492919921875,2.0502756,0.14027782,-5.1755724,18.342674255371094,80.65240478515625
Step-Separation,0.17103602457791567,Q2-OUTERSKIN,5.361773490905762,1.9726015,0.6875416,-4.9380913,18.281599044799805,165.47669982910156
Step-Separation,0.17303516436368227,ADAPTER,0.0,0.0,0.0,0.0,0.0,0.0
Step-Separation,0.17303516436368227,Q1-CORE,2.041139602661133,0.14883374,0.0281839,2.035511,8.799246788024902,3.929827928543091
Step-Separation,0.17303516436368227,Q1-INNERSKIN,2.0666725635528564,0.13681784,0.022733562,2.0620134,8.799217224121094,155.4921112060547
Step-Separation,0.17303516436368227,Q1-OUTERSKIN,1.9601948261260986,-0.48064053,-1.0169446,1.6053573,8.78439998626709,99.3614501953125
Step-Separation,0.17303516436368227,Q2-CORE,5.602193355560303,2.0588415,0.15873311,-5.207739,18.285320281982422,2.6089565753936768
Step-Separation,0.17303516436368227,Q2-INNERSKIN,5.602341175079346,2.0574732,0.14308514,-5.208892,18.28520965576172,80.58253479003906
Step-Separation,0.17303516436368227,Q2-OUTERSKIN,5.395398139953613,1.9793375,0.6908255,-4.971449,18.23575210571289,165.45223999023438
Step-Separation,0.17503430414944887,ADAPTER,0.0,0.0,0.0,0.0,0.0,0.0
Step-Separation,0.17503430414944887,Q1-CORE,2.053245782852173,0.14689122,0.02886796,2.0477812,8.763779640197754,3.9351565837860107
Step-Separation,0.17503430414944887,Q1-INNERSKIN,2.0790584087371826,0.13480274,0.023464061,2.0745509,8.76394271850586,156.15695190429688
Step-Separation,0.17503430414944887,Q1-OUTERSKIN,1.9771357774734497,-0.48222575,-1.0252059,1.6203324,8.762284278869629,100.18502807617188
Step-Separation,0.17503430414944887,Q2-CORE,5.635778427124023,2.0659592,0.16154031,-5.2409654,18.229637145996094,2.60917592048645
Step-Separation,0.17503430414944887,Q2-INNERSKIN,5.635921955108643,2.064595,0.14588675,-5.2421165,18.207286834716797,80.5201416015625
Step-Separation,0.17503430414944887,Q2-OUTERSKIN,5.428937911987305,1.9859875,0.6941014,-5.004742,18.19809341430664,165.43231201171875
Step-Separation,0.17703344393521547,ADAPTER,0.0,0.0,0.0,0.0,0.0,0.0
Step-Separation,0.17703344393521547,Q1-CORE,2.065319299697876,0.14495854,0.029539824,2.0600142,8.755266189575195,3.9406116008758545
Step-Separation,0.17703344393521547,Q1-INNERSKIN,2.091411590576172,0.13279815,0.024182685,2.0870512,8.749255180358887,156.83450317382812
Step-Separation,0.17703344393521547,Q1-OUTERSKIN,1.9940264225006104,-0.4837712,-1.0334424,1.6352687,8.7552490234375,101.0005874633789
Step-Separation,0.17703344393521547,Q2-CORE,5.669309139251709,2.0730045,0.16434123,-5.274155,18.17203712463379,2.6094675064086914
Step-Separation,0.17703344393521547,Q2-INNERSKIN,5.669447422027588,2.0716443,0.14868224,-5.2753024,18.17207145690918,80.45569610595703
Step-Separation,0.17703344393521547,Q2-OUTERSKIN,5.462406158447266,1.9925843,0.6973697,-5.0379725,18.148162841796875,165.41334533691406
Step-Separation,0.17903258372098207,ADAPTER,0.0,0.0,0.0,0.0,0.0,0.0
Step-Separation,0.17903258372098207,Q1-CORE,2.0773494243621826,0.14304024,0.030219778,2.0721986,8.695724487304688,3.94588565826416
Step-Separation,0.17903258372098207,Q1-INNERSKIN,2.1037209033966064,0.13080822,0.02490957,2.0995026,8.695833206176758,157.50572204589844
Step-Separation,0.17903258372098207,Q1-OUTERSKIN,2.0108561515808105,-0.48527223,-1.0416507,1.650157,8.692185401916504,101.81397247314453
Step-Separation,0.17903258372098207,Q2-CORE,5.702741622924805,2.079963,0.16713361,-5.307267,18.147058486938477,2.6095874309539795
Step-Separation,0.17903258372098207,Q2-INNERSKIN,5.702876091003418,2.0786073,0.15146919,-5.3084126,18.122211456298828,80.3949203491211
Step-Separation,0.17903258372098207,Q2-OUTERSKIN,5.495766639709473,1.9991077,0.70062554,-5.0711083,18.11150360107422,165.38511657714844
Step-Separation,0.18103172350674868,ADAPTER,0.0,0.0,0.0,0.0,0.0,0.0
Step-Separation,0.18103172350674868,Q1-CORE,2.089362859725952,0.14115883,0.030884832,2.0843601,8.659688949584961,3.9509339332580566
Step-Separation,0.18103172350674868,Q1-INNERSKIN,2.116013526916504,0.1288554,0.025621884,2.111931,8.653853416442871,158.16998291015625
Step-Separation,0.18103172350674868,Q1-OUTERSKIN,2.027641534805298,-0.48674893,-1.0498344,1.6650085,8.659660339355469,102.62662506103516
Step-Separation,0.18103172350674868,Q2-CORE,5.736081123352051,2.086872,0.16992228,-5.340292,18.116275787353516,2.609910488128662
Step-Separation,0.18103172350674868,Q2-INNERSKIN,5.736210823059082,2.085521,0.1542526,-5.3414345,18.095218658447266,80.3391342163086
Step-Separation,0.18103172350674868,Q2-OUTERSKIN,5.529047966003418,2.0055463,0.7038661,-5.104187,18.071542739868164,165.36062622070312
Step-Separation,0.18303086329251528,ADAPTER,0.0,0.0,0.0,0.0,0.0,0.0
Step-Separation,0.18303086329251528,Q1-CORE,2.1013243198394775,0.13927484,0.0315423,2.0964663,8.630501747131348,3.956164598464966
Step-Separation,0.18303086329251528,Q1-INNERSKIN,2.1282529830932617,0.12690097,0.026326098,2.124303,8.617291450500488,158.82354736328125
Step-Separation,0.18303086329251528,Q1-OUTERSKIN,2.044372797012329,-0.48816335,-1.0579987,1.6798201,8.630472183227539,103.43648529052734
Step-Separation,0.18303086329251528,Q2-CORE,5.769342422485352,2.0937097,0.17270343,-5.373255,18.070472717285156,2.6101956367492676
Step-Separation,0.18303086329251528,Q2-INNERSKIN,5.769467830657959,2.0923626,0.1570283,-5.374395,18.044395446777344,80.2818832397461
Step-Separation,0.18303086329251528,Q2-OUTERSKIN,5.5622639656066895,2.0119274,0.7071113,-5.1372094,18.032217025756836,165.3394775390625
Step-Separation,0.18503000307828188,ADAPTER,0.0,0.0,0.0,0.0,0.0,0.0
Step-Separation,0.18503000307828188,Q1-CORE,2.113250255584717,0.13739601,0.032200627,2.1085331,8.59813404083252,3.961315870285034
Step-Separation,0.18503000307828188,Q1-INNERSKIN,2.1404569149017334,0.12495239,0.027031071,2.1366358,8.594098091125488,159.49005126953125
Step-Separation,0.18503000307828188,Q1-OUTERSKIN,2.0610547065734863,-0.4895293,-1.0661356,1.6945981,8.598104476928711,104.23808288574219
Step-Separation,0.18503000307828188,Q2-CORE,5.802501201629639,2.1004386,0.17548174,-5.406143,18.0856990814209,2.6104226112365723
Step-Separation,0.18503000307828188,Q2-INNERSKIN,5.802622318267822,2.0990953,0.15980142,-5.407281,18.061586380004883,80.2165298461914
Step-Separation,0.18503000307828188,Q2-OUTERSKIN,5.595365524291992,2.018243,0.7103417,-5.1701283,18.006452560424805,165.31468200683594
Step-Separation,0.18702914286404848,ADAPTER,0.0,0.0,0.0,0.0,0.0,0.0
Step-Separation,0.18702914286404848,Q1-CORE,2.125143051147461,0.13552645,0.032856844,2.1205626,8.558362007141113,3.966416835784912
Step-Separation,0.18702914286404848,Q1-INNERSKIN,2.152627944946289,0.123013526,0.027733602,2.1489313,8.552675247192383,160.15756225585938
Step-Separation,0.18702914286404848,Q1-OUTERSKIN,2.077686071395874,-0.490872,-1.0742539,1.709328,8.558344841003418,105.04121398925781
Step-Separation,0.18702914286404848,Q2-CORE,5.835605621337891,2.107127,0.1782512,-5.438983,17.957210540771484,2.610661268234253
Step-Separation,0.18702914286404848,Q2-INNERSKIN,5.835721969604492,2.105788,0.162565,-5.4401174,17.95724868774414,80.15473937988281
Step-Separation,0.18702914286404848,Q2-OUTERSKIN,5.628408432006836,2.0244935,0.71356785,-5.203002,17.951284408569336,165.2917022705078
Step-Separation,0.18902828264981508,ADAPTER,0.0,0.0,0.0,0.0,0.0,0.0
Step-Separation,0.18902828264981508,Q1-CORE,2.1369948387145996,0.13367635,0.033505447,2.1325467,8.532055854797363,3.971571922302246
Step-Separation,0.18902828264981508,Q1-INNERSKIN,2.1647579669952393,0.121094495,0.028428294,2.1611814,8.531625747680664,160.81494140625
Step-Separation,0.18902828264981508,Q1-OUTERSKIN,2.0942647457122803,-0.492206,-1.0823417,1.7240113,8.532037734985352,105.83779907226562
Step-Separation,0.18902828264981508,Q2-CORE,5.868631362915039,2.1137674,0.18101212,-5.4717507,17.98292350769043,2.6108572483062744
Step-Separation,0.18902828264981508,Q2-INNERSKIN,5.868743419647217,2.112433,0.16532049,-5.4728827,17.95589256286621,80.0972671508789
Step-Separation,0.18902828264981508,Q2-OUTERSKIN,5.661389350891113,2.030679,0.716781,-5.235828,17.91140365600586,165.27200317382812
Step-Separation,0.19102742243558168,ADAPTER,0.0,0.0,0.0,0.0,0.0,0.0
Step-Separation,0.19102742243558168,Q1-CORE,2.148834228515625,0.13183758,0.034145974,2.1445143,8.514664649963379,3.976703643798828
Step-Separation,0.19102742243558168,Q1-INNERSKIN,2.176875114440918,0.11918704,0.02911497,2.1734147,8.505163192749023,161.46424865722656
Step-Separation,0.19102742243558168,Q1-OUTERSKIN,2.110790252685547,-0.49347037,-1.0904053,1.7386601,8.514647483825684,106.6318130493164
Step-Separation,0.19102742243558168,Q2-CORE,5.901580810546875,2.1203203,0.18376929,-5.504464,17.92728614807129,2.6110587120056152
Step-Separation,0.19102742243558168,Q2-INNERSKIN,5.901688575744629,2.1189902,0.16807267,-5.5055933,17.892807006835938,80.04279327392578
Step-Separation,0.19102742243558168,Q2-OUTERSKIN,5.694284439086914,2.036806,0.71998715,-5.268578,17.877199172973633,165.24737548828125
Step-Separation,0.19302656222134829,ADAPTER,0.0,0.0,0.0,0.0,0.0,0.0
Step-Separation,0.19302656222134829,Q1-CORE,2.1606345176696777,0.13001229,0.03478136,2.1564388,8.481843948364258,3.981672763824463
Step-Separation,0.19302656222134829,Q1-INNERSKIN,2.188952684402466,0.11729391,0.029796071,2.1856048,8.466341018676758,162.12130737304688
Step-Separation,0.19302656222134829,Q1-OUTERSKIN,2.1272621154785156,-0.4946994,-1.0984423,1.7532659,8.481826782226562,107.4216079711914
Step-Separation,0.19302656222134829,Q2-CORE,5.934458255767822,2.126814,0.18652245,-5.537117,17.877410888671875,2.6112568378448486
Step-Separation,0.19302656222134829,Q2-INNERSKIN,5.934562683105469,2.1254878,0.1708205,-5.5382447,17.8538818359375,79.98463439941406
Step-Separation,0.19302656222134829,Q2-OUTERSKIN,5.727117538452148,2.0428827,0.7231862,-5.301274,17.838163375854492,165.22166442871094
Step-Separation,0.1950257020071149,ADAPTER,0.0,0.0,0.0,0.0,0.0,0.0
Step-Separation,0.1950257020071149,Q1-CORE,2.1723742485046387,0.12819459,0.035411917,2.1682994,8.433541297912598,3.9866926670074463
Step-Separation,0.1950257020071149,Q1-INNERSKIN,2.2009689807891846,0.11540894,0.030472286,2.1977298,8.421736717224121,162.76947021484375
Step-Separation,0.1950257020071149,Q1-OUTERSKIN,2.143679618835449,-0.49588755,-1.1064544,1.7678282,8.433525085449219,108.20781707763672
Step-Separation,0.1950257020071149,Q2-CORE,5.967260837554932,2.133259,0.18926764,-5.5697026,17.86433219909668,2.6116244792938232
Step-Separation,0.1950257020071149,Q2-INNERSKIN,5.967361927032471,2.1319375,0.17356053,-5.5708284,17.8438777923584,79.92974090576172
Step-Separation,0.1950257020071149,Q2-OUTERSKIN,5.759877681732178,2.0488858,0.72637916,-5.3339133,17.801963806152344,165.20059204101562
Step-Separation,0.1970248417928815,ADAPTER,0.0,0.0,0.0,0.0,0.0,0.0
Step-Separation,0.1970248417928815,Q1-CORE,2.184095621109009,0.12638897,0.036036752,2.1801376,8.400507926940918,3.9917075634002686
Step-Separation,0.1970248417928815,Q1-INNERSKIN,2.2129650115966797,0.113536686,0.031142734,2.2098312,8.400629997253418,163.4154510498047
Step-Separation,0.1970248417928815,Q1-OUTERSKIN,2.1600465774536133,-0.49702337,-1.114442,1.7823547,8.397162437438965,108.9948959350586
Step-Separation,0.1970248417928815,Q2-CORE,5.999993801116943,2.1396303,0.19200408,-5.6022353,17.785903930664062,2.611870288848877
Step-Separation,0.1970248417928815,Q2-INNERSKIN,6.000089645385742,2.1383128,0.17629173,-5.6033573,17.78273582458496,79.87353515625
Step-Separation,0.1970248417928815,Q2-OUTERSKIN,5.792547225952148,2.054825,0.72956604,-5.3664727,17.769832611083984,165.18905639648438
Step-Separation,0.1990239815786481,ADAPTER,0.0,0.0,0.0,0.0,0.0,0.0
Step-Separation,0.1990239815786481,Q1-CORE,2.1957831382751465,0.12459785,0.036654823,2.1919386,8.372271537780762,3.9966073036193848
Step-Separation,0.1990239815786481,Q1-INNERSKIN,2.2249276638031006,0.111679524,0.031806268,2.2218955,8.372374534606934,164.067626953125
Step-Separation,0.1990239815786481,Q1-OUTERSKIN,2.1763627529144287,-0.4981114,-1.1224068,1.7968423,8.353009223937988,109.77216339111328
Step-Separation,0.1990239815786481,Q2-CORE,6.032634258270264,2.1459255,0.19474268,-5.634692,17.760679244995117,2.612013101577759
Step-Separation,0.1990239815786481,Q2-INNERSKIN,6.0327253341674805,2.1446123,0.17902544,-5.635811,17.760746002197266,79.93175506591797
Step-Separation,0.1990239815786481,Q2-OUTERSKIN,5.825139999389648,2.0607011,0.7327316,-5.3989697,17.734092712402344,165.16586303710938
Step-Separation,0.2010231213644147,ADAPTER,0.0,0.0,0.0,0.0,0.0,0.0
Step-Separation,0.2010231213644147,Q1-CORE,2.2074239253997803,0.1228161,0.03726656,2.2036896,8.338897705078125,4.0016770362854
Step-Separation,0.2010231213644147,Q1-INNERSKIN,2.237534999847412,0.23911184,-0.2558067,2.2099664,8.338988304138184,164.7119140625
Step-Separation,0.2010231213644147,Q1-OUTERSKIN,2.192622661590576,-0.49916777,-1.1303433,1.8112841,8.333624839782715,110.54747009277344
Step-Separation,0.2010231213644147,Q2-CORE,6.065243244171143,2.1521966,0.19746387,-5.6671185,17.713478088378906,2.612037181854248
Step-Separation,0.2010231213644147,Q2-INNERSKIN,6.0653300285339355,2.1508865,0.18174115,-5.668235,17.713420867919922,80.00234985351562
Step-Separation,0.2010231213644147,Q2-OUTERSKIN,5.857711315155029,2.0665438,0.7359129,-5.4314466,17.700071334838867,165.14266967773438
Step-Separation,0.2030222611501813,ADAPTER,0.0,0.0,0.0,0.0,0.0,0.0
Step-Separation,0.2030222611501813,Q1-CORE,2.219055414199829,0.12105301,0.03787341,2.2154274,8.320333480834961,4.006728172302246
Step-Separation,0.2030222611501813,Q1-INNERSKIN,2.2514758110046387,0.23861864,-0.2575129,2.223936,8.316145896911621,165.3479766845703
Step-Separation,0.2030222611501813,Q1-OUTERSKIN,2.208836317062378,-0.50017715,-1.1382619,1.8256891,8.320314407348633,111.32408142089844
Step-Separation,0.2030222611501813,Q2-CORE,6.097762107849121,2.158389,0.20018873,-5.6994724,17.699779510498047,2.612166166305542
Step-Separation,0.2030222611501813,Q2-INNERSKIN,6.097845077514648,2.1570833,0.18446076,-5.700586,17.683116912841797,80.07048797607422
Step-Separation,0.2030222611501813,Q2-OUTERSKIN,5.890163421630859,2.072299,0.7390756,-5.463824,17.67265510559082,165.12301635742188
Step-Separation,0.20500000286847353,ADAPTER,0.0,0.0,0.0,0.0,0.0,0.0
Step-Separation,0.20500000286847353,Q1-CORE,2.233847141265869,-0.5009005,-1.1314529,1.8598349,8.265475273132324,4.011369705200195
Step-Separation,0.20500000286847353,Q1-INNERSKIN,2.2652134895324707,0.2381325,-0.2592016,2.2376995,8.267107009887695,165.9881591796875
Step-Separation,0.20500000286847353,Q1-OUTERSKIN,2.224827289581299,-0.50113654,-1.1460692,1.8399034,8.265457153320312,112.0848617553711
Step-Separation,0.20500000286847353,Q2-CORE,6.1298041343688965,2.1644092,0.20288971,-5.7313757,17.656782150268555,2.6123321056365967
Step-Separation,0.20500000286847353,Q2-INNERSKIN,6.129881381988525,2.1631083,0.18715775,-5.7324843,17.64493751525879,80.14334869384766
Step-Separation,0.20500000286847353,Q2-OUTERSKIN,5.922181606292725,2.077934,0.7421786,-5.49578,17.634958267211914,165.09939575195312
