step,time_s,instance,u_mag_max_mm,u_x_max_mm,u_y_max_mm,u_z_max_mm,v_mag_max_mm_s,s_mises_max_MPa
Step-Preload,0.0,ADAPTER,0.0,0.0,0.0,0.0,0.0,0.0
Step-Preload,0.0,Q1-CORE,0.0,0.0,0.0,0.0,0.0,0.0
Step-Preload,0.0,Q1-INNERSKIN,0.0,0.0,0.0,0.0,0.0,0.0
Step-Preload,0.0,Q1-OUTERSKIN,0.0,0.0,0.0,0.0,0.0,0.0
Step-Preload,0.0,Q2-CORE,0.0,0.0,0.0,0.0,0.0,0.0
Step-Preload,0.0,Q2-INNERSKIN,0.0,0.0,0.0,0.0,0.0,0.0
Step-Preload,0.0,Q2-OUTERSKIN,0.0,0.0,0.0,0.0,0.0,0.0
Step-Preload,0.00029999989783391356,ADAPTER,0.0,0.0,0.0,0.0,0.0,0.0
Step-Preload,0.00029999989783391356,Q1-CORE,2.939386831712909e-06,1.0387278e-12,-2.9393868e-06,8.220422e-13,0.019498441368341446,1.1419003385526594e-05
Step-Preload,0.00029999989783391356,Q1-INNERSKIN,2.94013375423674e-06,3.7500995e-11,-2.9401338e-06,7.422954e-13,0.01952395774424076,0.00015984984929673374
Step-Preload,0.00029999989783391356,Q1-OUTERSKIN,2.9394670946203405e-06,-5.4763534e-13,-2.939467e-06,5.944986e-13,0.01949223503470421,3.903186552633997e-06
Step-Preload,0.00029999989783391356,Q2-CORE,2.942738092315267e-06,8.8949365e-10,-2.942736e-06,-3.3158263e-09,0.01964416541159153,1.4695922345708823e-06
Step-Preload,0.00029999989783391356,Q2-INNERSKIN,2.944251036751666e-06,8.894742e-10,-2.944249e-06,-3.3101726e-09,0.01967102847993374,2.916455559898168e-05
Step-Preload,0.00029999989783391356,Q2-OUTERSKIN,2.9394695957307704e-06,-2.860332e-13,-2.9394696e-06,3.5176197e-13,0.019492246210575104,2.83224676422833e-06
Step-Preload,0.0005999997374601662,ADAPTER,0.0,0.0,0.0,0.0,0.0,0.0
Step-Preload,0.0005999997374601662,Q1-CORE,1.164683089882601e-05,9.532209e-09,-1.1646825e-05,-5.749422e-09,0.038854483515024185,2.3792950742063113e-05
Step-Preload,0.0005999997374601662,Q1-INNERSKIN,1.1651999557216186e-05,9.536123e-09,-1.1651994e-05,-5.7583143e-09,0.03886594995856285,0.0003450951480772346
Step-Preload,0.0005999997374601662,Q1-OUTERSKIN,1.164320383395534e-05,3.4302972e-13,-1.1643204e-05,7.800297e-14,0.03841520473361015,7.701037247898057e-05
Step-Preload,0.0005999997374601662,Q2-CORE,1.1643008292594459e-05,-5.3987484e-13,-1.1643008e-05,4.5868566e-13,0.03879348188638687,9.060794354809332e-07
Step-Preload,0.0005999997374601662,Q2-INNERSKIN,1.1647925020952243e-05,5.366518e-10,-1.1647925e-05,-1.3124071e-10,0.03880712389945984,1.6314725144184195e-05
Step-Preload,0.0005999997374601662,Q2-OUTERSKIN,1.1643211109912954e-05,7.0734553e-13,-1.1643211e-05,4.5268956e-13,0.03841523081064224,1.0451191883475985e-05
Step-Preload,0.0007999996305443347,ADAPTER,0.0,0.0,0.0,0.0,0.0,0.0
Step-Preload,0.0007999996305443347,Q1-CORE,2.0566107195918448e-05,3.674473e-08,-2.056607e-05,-9.974967e-09,0.051114823669195175,2.720557495194953e-05
Step-Preload,0.0007999996305443347,Q1-INNERSKIN,2.057395613519475e-05,3.6753345e-08,-2.057392e-05,-1.00000985e-08,0.0516035221517086,0.0004166772705502808
Step-Preload,0.0007999996305443347,Q1-OUTERSKIN,2.0562441932270303e-05,-4.3471865e-14,-2.0562442e-05,3.315876e-14,0.05072588846087456,0.00017741593183018267
Step-Preload,0.0007999996305443347,Q2-CORE,2.056461016763933e-05,-2.7478766e-09,-2.056454e-05,5.381147e-08,0.05099444463849068,7.767436613903556e-07
Step-Preload,0.0007999996305443347,Q2-INNERSKIN,2.058025711448863e-05,4.4750433e-08,-2.0580197e-05,2.1293316e-08,0.05097522586584091,1.4475921489065513e-05
Step-Preload,0.0007999996305443347,Q2-OUTERSKIN,2.0562456484185532e-05,5.1650313e-13,-2.0562456e-05,1.1202841e-12,0.05071567744016647,1.4787158761464525e-05
Step-Preload,0.0010999994119629264,ADAPTER,0.0,0.0,0.0,0.0,0.0,0.0
Step-Preload,0.0010999994119629264,Q1-CORE,3.851326255244203e-05,-1.2529631e-07,-3.851306e-05,-5.882753e-09,0.0689486712217331,2.9477472708094865e-05
Step-Preload,0.0010999994119629264,Q1-INNERSKIN,3.852288136840798e-05,-1.2529705e-07,-3.8522678e-05,-5.8771943e-09,0.068842813372612,0.0005143104353919625
Step-Preload,0.0010999994119629264,Q1-OUTERSKIN,3.8492966268677264e-05,9.206538e-14,-3.8492966e-05,-4.3707895e-13,0.06876731663942337,0.00032685830956324935
Step-Preload,0.0010999994119629264,Q2-CORE,3.851426299661398e-05,1.2511488e-07,-3.851406e-05,9.216742e-09,0.0688706487417221,9.61945715971524e-07
Step-Preload,0.0010999994119629264,Q2-INNERSKIN,3.852385270874947e-05,1.2511308e-07,-3.852365e-05,9.216641e-09,0.06887853890657425,1.2801609045709483e-05
Step-Preload,0.0010999994119629264,Q2-OUTERSKIN,3.8492991734528914e-05,6.564783e-15,-3.849299e-05,3.5248963e-13,0.06878352910280228,1.5762876500957645e-05
Step-Preload,0.0013046989915892482,ADAPTER,0.0,0.0,0.0,0.0,0.0,0.0
Step-Preload,0.0013046989915892482,Q1-CORE,5.383064126363024e-05,-1.8308992e-07,-5.383033e-05,-8.964716e-09,0.08079543709754944,3.141413981211372e-05
Step-Preload,0.0013046989915892482,Q1-INNERSKIN,5.3840307373320684e-05,-1.8309153e-07,-5.3839995e-05,-8.945575e-09,0.0807928666472435,0.0005480963154695928
Step-Preload,0.0013046989915892482,Q1-OUTERSKIN,5.3790383390150964e-05,4.0247656e-11,-5.3790383e-05,6.590631e-11,0.08077608793973923,0.00044658416300080717
Step-Preload,0.0013046989915892482,Q2-CORE,5.38347740075551e-05,1.8242974e-07,-5.3834465e-05,5.513802e-10,0.0808119848370552,1.1981544503214536e-06
Step-Preload,0.0013046989915892482,Q2-INNERSKIN,5.384437463362701e-05,1.8242706e-07,-5.3844065e-05,5.34596e-10,0.08081258088350296,1.2895241525257006e-05
Step-Preload,0.0013046989915892482,Q2-OUTERSKIN,5.379039066610858e-05,5.1487408e-11,-5.379039e-05,-6.021469e-11,0.0807243213057518,1.4907490367477294e-05
Step-Preload,0.0015046987682580948,ADAPTER,0.0,0.0,0.0,0.0,0.0,0.0
Step-Preload,0.0015046987682580948,Q1-CORE,7.114256004570052e-05,-2.433684e-07,-7.1142145e-05,-1.7131823e-08,0.0923510491847992,4.2476385715417564e-05
Step-Preload,0.0015046987682580948,Q1-INNERSKIN,7.115121115930378e-05,-2.4337723e-07,-7.115079e-05,-1.7120712e-08,0.09232045710086823,0.000671305984724313
Step-Preload,0.0015046987682580948,Q1-OUTERSKIN,7.108046702342108e-05,2.1543127e-10,-7.108047e-05,1.6342451e-10,0.09220870584249496,0.0005484982393682003
Step-Preload,0.0015046987682580948,Q2-CORE,7.114771869964898e-05,2.421552e-07,-7.114731e-05,-1.09981215e-08,0.09237900376319885,1.03791114725027e-06
Step-Preload,0.0015046987682580948,Q2-INNERSKIN,7.115636253729463e-05,2.4215174e-07,-7.115595e-05,-1.0985058e-08,0.09237915277481079,1.7343731087748893e-05
Step-Preload,0.0015046987682580948,Q2-OUTERSKIN,7.108048885129392e-05,-1.6798841e-10,-7.108049e-05,2.172785e-10,0.09219815582036972,1.7947982996702194e-05
Step-Preload,0.001804698258638382,ADAPTER,0.0,0.0,0.0,0.0,0.0,0.0
Step-Preload,0.001804698258638382,Q1-CORE,0.00010134760668734089,-3.391012e-07,-0.00010134704,-2.5366985e-08,0.10932502895593643,5.616779890260659e-05
Step-Preload,0.001804698258638382,Q1-INNERSKIN,0.00010135393677046522,-3.391072e-07,-0.00010135337,-2.5358029e-08,0.10906464606523514,0.0008344880770891905
Step-Preload,0.001804698258638382,Q1-OUTERSKIN,0.00010125751578016207,7.4637013e-10,-0.000101257516,5.619488e-10,0.10903079807758331,0.0006996249430812895
Step-Preload,0.001804698258638382,Q2-CORE,0.0001013499204418622,3.3329738e-07,-0.00010134937,-2.8936844e-08,0.10905390977859497,9.812748658077908e-07
Step-Preload,0.001804698258638382,Q2-INNERSKIN,0.00010135626507690176,3.3329928e-07,-0.00010135571,-2.8911224e-08,0.10904427617788315,2.705049882933963e-05
Step-Preload,0.001804698258638382,Q2-OUTERSKIN,0.00010125754488399252,5.617375e-10,-0.000101257545,-7.494529e-10,0.10894258320331573,2.538543412811123e-05
Step-Preload,0.0020046979188919067,ADAPTER,0.0,0.0,0.0,0.0,0.0,0.0
Step-Preload,0.0020046979188919067,Q1-CORE,0.00012423917360138148,-4.0238555e-07,-0.00012423852,-3.185582e-08,0.12009236216545105,6.414343806682155e-05
Step-Preload,0.0020046979188919067,Q1-INNERSKIN,0.0001242442085640505,-4.023887e-07,-0.00012424355,-3.1861372e-08,0.12069948762655258,0.00086296780500561
Step-Preload,0.0020046979188919067,Q1-OUTERSKIN,0.00012413732474669814,7.589121e-10,-0.00012413732,1.5483471e-09,0.12007705867290497,0.0008157487027347088
Step-Preload,0.0020046979188919067,Q2-CORE,0.0001242395956069231,3.8870272e-07,-0.00012423898,-4.239748e-08,0.11991015821695328,1.0083265351568116e-06
Step-Preload,0.0020046979188919067,Q2-INNERSKIN,0.00012424460146576166,3.8870527e-07,-0.00012424399,-4.2382887e-08,0.11991013586521149,3.277231371612288e-05
Step-Preload,0.0020046979188919067,Q2-OUTERSKIN,0.00012413733929861337,-9.931129e-10,-0.00012413734,1.322183e-09,0.11987688392400742,2.934938129328657e-05
Step-Preload,0.002304697409272194,ADAPTER,0.0,0.0,0.0,0.0,0.0,0.0
Step-Preload,0.002304697409272194,Q1-CORE,0.0001626000739634037,-4.8408043e-07,-0.00016259935,-4.7499014e-08,0.13602237403392792,7.267617183970287e-05
Step-Preload,0.002304697409272194,Q1-INNERSKIN,0.00016260473057627678,-4.840891e-07,-0.000162604,-4.740344e-08,0.13587841391563416,0.001000932534225285
Step-Preload,0.002304697409272194,Q1-OUTERSKIN,0.00016255085938610137,1.1782713e-07,-0.00016255076,1.4729977e-07,0.1360207349061966,0.0010695403907448053
Step-Preload,0.002304697409272194,Q2-CORE,0.00016260005941148847,-4.840994e-07,-0.00016259933,4.7491987e-08,0.13584348559379578,1.0067089988297084e-06
Step-Preload,0.002304697409272194,Q2-INNERSKIN,0.00016260471602436155,-4.841081e-07,-0.00016260399,4.739647e-08,0.13583320379257202,3.8621721614617854e-05
Step-Preload,0.002304697409272194,Q2-OUTERSKIN,0.00016249042528215796,4.2008956e-09,-0.00016249043,-1.2145659e-09,0.1358293890953064,3.320712858112529e-05
Step-Preload,0.0025046970695257187,ADAPTER,0.0,0.0,0.0,0.0,0.0,0.0
Step-Preload,0.0025046970695257187,Q1-CORE,0.00019079710182268173,-5.4252683e-07,-0.00019079632,-5.497895e-08,0.1465088129043579,7.438542525051162e-05
Step-Preload,0.0025046970695257187,Q1-INNERSKIN,0.0001908026752062142,-5.425391e-07,-0.00019080189,-5.4847153e-08,0.1462077498435974,0.0010172773618251085
Step-Preload,0.0025046970695257187,Q1-OUTERSKIN,0.0001907602563733235,2.4756652e-08,-0.00019076005,2.7394327e-07,0.1463976353406906,0.0012621870264410973
Step-Preload,0.0025046970695257187,Q2-CORE,0.0001907970872707665,-5.42555e-07,-0.0001907963,5.496434e-08,0.14619579911231995,1.020552872432745e-06
Step-Preload,0.0025046970695257187,Q2-INNERSKIN,0.00019080266065429896,-5.425673e-07,-0.00019080187,5.4832583e-08,0.14619247615337372,4.0646842535352334e-05
Step-Preload,0.0025046970695257187,Q2-OUTERSKIN,0.00019068621622864157,7.881008e-09,-0.00019068622,-2.1150213e-09,0.14614883065223694,3.301501055830158e-05
Step-Preload,0.002804696559906006,ADAPTER,0.0,0.0,0.0,0.0,0.0,0.0
Step-Preload,0.002804696559906006,Q1-CORE,0.00023693000548519194,-6.238504e-07,-0.00023692916,-7.4468694e-08,0.16158421337604523,8.413380419369787e-05
Step-Preload,0.002804696559906006,Q1-INNERSKIN,0.000236938038142398,-6.238603e-07,-0.0002369372,-7.439322e-08,0.16150321066379547,0.0011626217747107148
Step-Preload,0.002804696559906006,Q1-OUTERSKIN,0.0002368470304645598,1.7849479e-07,-0.00023684686,2.3065735e-07,0.16142986714839935,0.0015229814453050494
Step-Preload,0.002804696559906006,Q2-CORE,0.00023693147522863,6.2191776e-07,-0.00023693065,-6.9431195e-08,0.1613920032978058,8.859207696332305e-07
Step-Preload,0.002804696559906006,Q2-INNERSKIN,0.0002369394787820056,6.219272e-07,-0.00023693865,-6.935802e-08,0.16140080988407135,4.14091809943784e-05
Step-Preload,0.002804696559906006,Q2-OUTERSKIN,0.00023681657330598682,-1.8347084e-08,-0.00023681657,3.9557873e-09,0.16132894158363342,3.5220145946368575e-05
Step-Preload,0.0030046964529901743,ADAPTER,0.0,0.0,0.0,0.0,0.0,0.0
Step-Preload,0.0030046964529901743,Q1-CORE,0.0002701868361327797,-6.771692e-07,-0.00027018596,-9.326322e-08,0.17134883999824524,9.108675294555724e-05
Step-Preload,0.0030046964529901743,Q1-INNERSKIN,0.00027019664412364364,-6.7718395e-07,-0.00027019577,-9.314687e-08,0.1713394969701767,0.0012276754714548588
Step-Preload,0.0030046964529901743,Q1-OUTERSKIN,0.00027007111930288374,1.9564357e-07,-0.00027007092,2.8508993e-07,0.1712959110736847,0.001658343942835927
Step-Preload,0.0030046964529901743,Q2-CORE,0.0002701900084502995,6.7643396e-07,-0.00027018916,-8.919164e-08,0.17125968635082245,9.165554502033046e-07
Step-Preload,0.0030046964529901743,Q2-INNERSKIN,0.0002701998455449939,6.7644834e-07,-0.000270199,-8.907892e-08,0.17126452922821045,4.058860577060841e-05
Step-Preload,0.0030046964529901743,Q2-OUTERSKIN,0.0002700677141547203,-2.7975872e-08,-0.0002700677,6.7927197e-09,0.1711938977241516,3.80591991415713e-05
Step-Preload,0.003304696176201105,ADAPTER,0.0,0.0,0.0,0.0,0.0,0.0
Step-Preload,0.003304696176201105,Q1-CORE,0.0003237287746742368,-7.862014e-07,-0.0003237278,-1.1076523e-07,0.18571068346500397,0.00010226835729554296
Step-Preload,0.003304696176201105,Q1-INNERSKIN,0.0003237402706872672,-7.8621963e-07,-0.00032373928,-1.10621265e-07,0.18569600582122803,0.0017836189363151789
Step-Preload,0.003304696176201105,Q1-OUTERSKIN,0.0003235900367144495,9.7906065e-09,-0.00032359004,2.6669493e-09,0.1856326013803482,0.0018757600337266922
Step-Preload,0.003304696176201105,Q2-CORE,0.0003237301134504378,7.710539e-07,-0.00032372918,-1.1920168e-07,0.1856803148984909,1.1464925364634837e-06
Step-Preload,0.003304696176201105,Q2-INNERSKIN,0.00032374149304814637,7.710692e-07,-0.00032374056,-1.1909607e-07,0.18568123877048492,3.935649510822259e-05
Step-Preload,0.003304696176201105,Q2-OUTERSKIN,0.0003235908516217023,-9.800936e-09,-0.00032359085,2.112167e-09,0.18560588359832764,4.27511113230139e-05
Step-Preload,0.00350469583645463,ADAPTER,0.0,0.0,0.0,0.0,0.0,0.0
Step-Preload,0.00350469583645463,Q1-CORE,0.0003618021437432617,-1.0915393e-07,-0.00036180113,-8.6350684e-07,0.1953478902578354,0.0001106511554098688
Step-Preload,0.00350469583645463,Q1-INNERSKIN,0.0003618135815486312,-1.0901257e-07,-0.00036181253,-8.635251e-07,0.19511044025421143,0.00201401486992836
Step-Preload,0.00350469583645463,Q1-OUTERSKIN,0.0003616483591031283,1.645697e-08,-0.00036164836,3.9620973e-09,0.1950957030057907,0.0021588688250631094
Step-Preload,0.00350469583645463,Q2-CORE,0.0003618022601585835,8.3470934e-07,-0.00036180127,-1.4584006e-07,0.19505244493484497,1.1751139936677646e-06
Step-Preload,0.00350469583645463,Q2-INNERSKIN,0.00036181361065246165,-1.090422e-07,-0.00036181256,8.636415e-07,0.1950550377368927,4.330481169745326e-05
Step-Preload,0.00350469583645463,Q2-OUTERSKIN,0.00036164961056783795,-1.6027919e-08,-0.0003616496,4.405698e-09,0.19498130679130554,4.6139310143189505e-05
Step-Preload,0.003804695326834917,ADAPTER,0.0,0.0,0.0,0.0,0.0,0.0
Step-Preload,0.003804695326834917,Q1-CORE,0.0004223781288601458,-1.3976849e-07,-0.00042237702,-9.639991e-07,0.20958207547664642,0.0001162347907666117
Step-Preload,0.003804695326834917,Q1-INNERSKIN,0.0004223879368510097,-1.39658e-07,-0.00042238683,-9.640246e-07,0.20885321497917175,0.0030806560534983873
Step-Preload,0.003804695326834917,Q1-OUTERSKIN,0.0004222039133310318,7.4695174e-09,-0.0004222039,3.052846e-08,0.20894262194633484,0.002247591270133853
Step-Preload,0.003804695326834917,Q2-CORE,0.0004223781288601458,-1.3976802e-07,-0.00042237702,9.640474e-07,0.20875827968120575,1.0048460126199643e-06
Step-Preload,0.003804695326834917,Q2-INNERSKIN,0.0004223879368510097,-1.3965578e-07,-0.00042238683,9.64073e-07,0.20875249803066254,5.045954094384797e-05
Step-Preload,0.003804695326834917,Q2-OUTERSKIN,0.0004222049319650978,-2.9634569e-08,-0.00042220493,8.583038e-09,0.20869770646095276,5.167492781765759e-05
Step-Preload,0.004004694987088442,ADAPTER,0.0,0.0,0.0,0.0,0.0,0.0
Step-Preload,0.004004694987088442,Q1-CORE,0.00046501486212946475,-1.6651158e-07,-0.00046501373,-1.0163335e-06,0.21975359320640564,0.0001205211301567033
Step-Preload,0.004004694987088442,Q1-INNERSKIN,0.00046502301120199263,-1.4905301e-07,-0.00046502185,-1.0333584e-06,0.22065603733062744,0.00792114157229662
Step-Preload,0.004004694987088442,Q1-OUTERSKIN,0.00046483290498144925,9.972691e-09,-0.0004648329,4.0714575e-08,0.21831689774990082,0.002286357805132866
Step-Preload,0.004004694987088442,Q2-CORE,0.0004650148330256343,-1.6651246e-07,-0.0004650137,1.0164357e-06,0.21765324473381042,8.290045343528618e-07
Step-Preload,0.004004694987088442,Q2-INNERSKIN,0.0004650230403058231,-1.6640152e-07,-0.0004650219,1.0164566e-06,0.21764013171195984,5.512870484380983e-05
Step-Preload,0.004004694987088442,Q2-OUTERSKIN,0.00046483351616188884,-3.979479e-08,-0.00046483352,1.0976459e-08,0.21761856973171234,5.527268149307929e-05
Step-Preload,0.004304182715713978,ADAPTER,0.0,0.0,0.0,0.0,0.0,0.0
Step-Preload,0.004304182715713978,Q1-CORE,0.0005321395001374185,-1.98242e-07,-0.0005321384,-1.0840423e-06,0.23134838044643402,0.00012980889005120844
Step-Preload,0.004304182715713978,Q1-INNERSKIN,0.0005321456119418144,-1.9812451e-07,-0.0005321445,-1.0840669e-06,0.23204892873764038,0.012624623253941536
Step-Preload,0.004304182715713978,Q1-OUTERSKIN,0.0005319564952515066,1.3266776e-08,-0.0005319565,5.3781616e-08,0.23076850175857544,0.0024825180880725384
Step-Preload,0.004304182715713978,Q2-CORE,0.0005321395583450794,1.9822072e-07,-0.00053213845,-1.0840602e-06,0.23067763447761536,6.847607778581732e-07
Step-Preload,0.004304182715713978,Q2-INNERSKIN,0.0005321457283571362,1.9810372e-07,-0.0005321446,-1.0840846e-06,0.23067039251327515,6.142436905065551e-05
Step-Preload,0.004304182715713978,Q2-OUTERSKIN,0.0005319564952515066,-1.327826e-08,-0.0005319565,5.378333e-08,0.23066116869449615,5.994850289425813e-05
Step-Preload,0.004503414500504732,ADAPTER,0.0,0.0,0.0,0.0,0.0,0.0
Step-Preload,0.004503414500504732,Q1-CORE,0.0005789225688204169,-2.0578165e-07,-0.00057892146,-1.1300981e-06,0.24471385776996613,0.00013189531455282122
Step-Preload,0.004503414500504732,Q1-INNERSKIN,0.0005789281567558646,-2.0564534e-07,-0.00057892705,-1.1301265e-06,0.2456597536802292,0.021776944398880005
Step-Preload,0.004503414500504732,Q1-OUTERSKIN,0.000578744278755039,4.345054e-09,-0.0005787443,1.6809718e-08,0.2394135594367981,0.002631212817505002
Step-Preload,0.004503414500504732,Q2-CORE,0.0005789226270280778,2.0575065e-07,-0.0005789215,-1.1301273e-06,0.23914222419261932,7.092899636518268e-07
Step-Preload,0.004503414500504732,Q2-INNERSKIN,0.0005789282731711864,2.056146e-07,-0.00057892717,-1.1301556e-06,0.23915010690689087,6.449564534705132e-05
Step-Preload,0.004503414500504732,Q2-OUTERSKIN,0.0005787446862086654,-1.6136903e-08,-0.0005787447,4.9054925e-09,0.23909667134284973,6.303052941802889e-05
Step-Preload,0.004801621660590172,ADAPTER,0.0,0.0,0.0,0.0,0.0,0.0
Step-Preload,0.004801621660590172,Q1-CORE,0.0006520469323731959,-2.1617907e-07,-0.0006520458,-1.1946616e-06,0.2603931128978729,0.0001455676247132942
Step-Preload,0.004801621660590172,Q1-INNERSKIN,0.0006520532188005745,-2.160166e-07,-0.0006520521,-1.1946954e-06,0.2613491117954254,0.011868949979543686
Step-Preload,0.004801621660590172,Q1-OUTERSKIN,0.0006518803420476615,8.532093e-09,-0.00065188034,2.8792572e-08,0.252008855342865,0.0025659329257905483
Step-Preload,0.004801621660590172,Q2-CORE,0.0006520473980344832,1.172665e-06,-0.0006520463,-2.5760994e-07,0.2514716386795044,7.687259540034574e-07
Step-Preload,0.004801621660590172,Q2-INNERSKIN,0.00065205356804654,1.1726988e-06,-0.00065205246,-2.5745905e-07,0.2514823079109192,6.69235159875825e-05
Step-Preload,0.004801621660590172,Q2-OUTERSKIN,0.0006518802838400006,-8.534262e-09,-0.0006518803,2.8771233e-08,0.2514088749885559,6.70151857775636e-05
Step-Preload,0.004999999888241291,ADAPTER,0.0,0.0,0.0,0.0,0.0,0.0
Step-Preload,0.004999999888241291,Q1-CORE,0.0007027082610875368,-2.4526784e-07,-0.00070270716,-1.2214944e-06,0.2645741105079651,0.00015545585483778268
Step-Preload,0.004999999888241291,Q1-INNERSKIN,0.0007027155952528119,-2.4510575e-07,-0.0007027145,-1.2215309e-06,0.26558393239974976,0.012388287112116814
Step-Preload,0.004999999888241291,Q1-OUTERSKIN,0.0007025455124676228,1.07485585e-08,-0.0007025455,3.6230123e-08,0.2600019574165344,0.002558007137849927
Step-Preload,0.004999999888241291,Q2-CORE,0.0007027115789242089,6.0355296e-07,-0.00070271135,-1.3889255e-07,0.2594428062438965,7.360525273725216e-07
Step-Preload,0.004999999888241291,Q2-INNERSKIN,0.0007027156534604728,2.4506966e-07,-0.00070271455,-1.2215997e-06,0.2594539523124695,6.763643614249304e-05
Step-Preload,0.004999999888241291,Q2-OUTERSKIN,0.0007025454542599618,-1.0746288e-08,-0.00070254545,3.6200994e-08,0.2594051659107208,6.925362686160952e-05
Step-Separation,0.004999999888241291,ADAPTER,0.0,0.0,0.0,0.0,0.0,0.0
Step-Separation,0.004999999888241291,Q1-CORE,0.0007027082610875368,-2.4526784e-07,-0.00070270716,-1.2214944e-06,0.2645741105079651,0.00015545585483778268
Step-Separation,0.004999999888241291,Q1-INNERSKIN,0.0007027155952528119,-2.4510575e-07,-0.0007027145,-1.2215309e-06,0.26558393239974976,0.012388287112116814
Step-Separation,0.004999999888241291,Q1-OUTERSKIN,0.0007025455124676228,1.07485585e-08,-0.0007025455,3.6230123e-08,0.26000192761421204,0.002558007137849927
Step-Separation,0.004999999888241291,Q2-CORE,0.0007027115789242089,6.0355296e-07,-0.00070271135,-1.3889255e-07,0.2594428062438965,7.360525273725216e-07
Step-Separation,0.004999999888241291,Q2-INNERSKIN,0.0007027156534604728,2.4506966e-07,-0.00070271455,-1.2215997e-06,0.2594539523124695,6.763643614249304e-05
Step-Separation,0.004999999888241291,Q2-OUTERSKIN,0.0007025454542599618,-1.0746288e-08,-0.00070254545,3.6200994e-08,0.2594051659107208,6.925362686160952e-05
Step-Separation,0.0070043259765952826,ADAPTER,0.0,0.0,0.0,0.0,0.0,0.0
Step-Separation,0.0070043259765952826,Q1-CORE,0.7711924314498901,0.20379324,-0.11765575,0.7344135,407.9947204589844,2.565171480178833
Step-Separation,0.0070043259765952826,Q1-INNERSKIN,0.7735418081283569,0.20336549,-0.1301624,0.7348926,409.8890075683594,104.07789611816406
Step-Separation,0.0070043259765952826,Q1-OUTERSKIN,0.4968646466732025,0.14687894,0.12780789,0.4571282,362.64971923828125,78.4981918334961
Step-Separation,0.0070043259765952826,Q2-CORE,0.7800883054733276,0.18286091,-0.119669095,-0.7488518,417.60614013671875,2.590817451477051
Step-Separation,0.0070043259765952826,Q2-INNERSKIN,0.7822526693344116,0.18242289,-0.13236436,-0.74908,419.4227294921875,98.22947692871094
Step-Separation,0.0070043259765952826,Q2-OUTERSKIN,0.5042976140975952,0.13298188,0.13027136,-0.46868038,375.5525817871094,78.41482543945312
Step-Separation,0.009003888349980116,ADAPTER,0.0,0.0,0.0,0.0,0.0,0.0
Step-Separation,0.009003888349980116,Q1-CORE,1.2332241535186768,0.34874785,-0.16264051,1.1716504,272.1512145996094,2.270036458969116
Step-Separation,0.009003888349980116,Q1-INNERSKIN,1.235913872718811,0.34814626,-0.17718808,1.1725534,272.17724609375,126.1171646118164
Step-Separation,0.009003888349980116,Q1-OUTERSKIN,0.9717727899551392,0.29881218,0.19320346,0.90428203,249.28402709960938,92.31916046142578
Step-Separation,0.009003888349980116,Q2-CORE,1.2489633560180664,0.31351307,-0.16354354,-1.1978617,273.8337707519531,2.1658833026885986
Step-Separation,0.009003888349980116,Q2-INNERSKIN,1.25117826461792,0.31285554,-0.17837308,-1.1982285,273.8637390136719,99.39193725585938
Step-Separation,0.009003888349980116,Q2-OUTERSKIN,0.9826676249504089,0.26815966,0.19712497,-0.92459065,252.77273559570312,92.17699432373047
Step-Separation,0.011003187857568264,ADAPTER,0.0,0.0,0.0,0.0,0.0,0.0
Step-Separation,0.011003187857568264,Q1-CORE,1.6853711605072021,0.4853732,-0.19596745,1.6020255,224.03643798828125,2.6297099590301514
Step-Separation,0.011003187857568264,Q1-INNERSKIN,1.688278317451477,0.48462385,-0.21182546,1.6032946,224.12020874023438,122.35438537597656
Step-Separation,0.011003187857568264,Q1-OUTERSKIN,1.4262866973876953,0.43039584,0.25572017,1.3355374,210.2599334716797,124.41934204101562
Step-Separation,0.011003187857568264,Q2-CORE,1.7074397802352905,0.4465839,-0.19635838,-1.636263,231.9742431640625,2.6015028953552246
Step-Separation,0.011003187857568264,Q2-INNERSKIN,1.7096071243286133,0.44580543,-0.2126089,-1.6367074,232.19064331054688,108.95614624023438
Step-Separation,0.011003187857568264,Q2-OUTERSKIN,1.4450474977493286,0.4016876,0.26138204,-1.363264,197.6595916748047,127.38463592529297
Step-Separation,0.013002545572817326,ADAPTER,0.0,0.0,0.0,0.0,0.0,0.0
Step-Separation,0.013002545572817326,Q1-CORE,2.057196617126465,0.59576607,-0.21442488,1.9573303,175.9470977783203,2.762608528137207
Step-Separation,0.013002545572817326,Q1-INNERSKIN,2.0602149963378906,0.59482735,-0.230499,1.9589632,176.031005859375,131.13546752929688
Step-Separation,0.013002545572817326,Q1-OUTERSKIN,1.7886184453964233,0.52867144,0.30143395,1.6819037,163.03536987304688,149.64886474609375
Step-Separation,0.013002545572817326,Q2-CORE,2.052684783935547,0.5466019,-0.21178766,-1.967203,248.9684295654297,2.31292724609375
Step-Separation,0.013002545572817326,Q2-INNERSKIN,2.0546658039093018,0.5456163,-0.2281248,-1.9677176,249.0228729248047,104.9427490234375
Step-Separation,0.013002545572817326,Q2-OUTERSKIN,1.7893338203430176,0.503442,0.3031013,-1.6900862,193.06027221679688,142.24607849121094
Step-Separation,0.015001663006842136,ADAPTER,0.0,0.0,0.0,0.0,0.0,0.0
Step-Separation,0.015001663006842136,Q1-CORE,2.242859363555908,0.65579015,-0.19639286,2.1358342,106.50736236572266,2.5752038955688477
Step-Separation,0.015001663006842136,Q1-INNERSKIN,2.2459638118743896,0.6540839,-0.21281604,2.138045,106.46611022949219,147.28225708007812
Step-Separation,0.015001663006842136,Q1-OUTERSKIN,1.981279969215393,0.58469325,0.3192439,1.865928,94.6702880859375,163.08474731445312
Step-Separation,0.015001663006842136,Q2-CORE,2.305169105529785,0.62519526,-0.2187469,-2.2079594,198.95950317382812,2.6548688411712646
Step-Separation,0.015001663006842136,Q2-INNERSKIN,2.3071224689483643,0.6236902,-0.23586096,-2.2086635,194.7922821044922,92.98432922363281
Step-Separation,0.015001663006842136,Q2-OUTERSKIN,2.056561231613159,0.5943666,0.32944703,-1.9410404,185.48667907714844,153.37173461914062
Step-Separation,0.017000828869640827,ADAPTER,0.0,0.0,0.0,0.0,0.0,0.0
Step-Separation,0.017000828869640827,Q1-CORE,2.2126221656799316,0.6446612,-0.16385959,2.1102746,94.03707885742188,2.5662078857421875
Step-Separation,0.017000828869640827,Q1-INNERSKIN,2.2157015800476074,0.6427519,-0.17942531,2.1128204,93.97005462646484,150.40115356445312
Step-Separation,0.017000828869640827,Q1-OUTERSKIN,1.9484832286834717,0.564949,0.31131223,1.8386147,86.41268157958984,140.77352905273438
Step-Separation,0.017000828869640827,Q2-CORE,2.463050365447998,0.68475044,-0.2156735,-2.3561025,196.08154296875,2.399129629135132
Step-Separation,0.017000828869640827,Q2-INNERSKIN,2.4648916721343994,0.6830737,-0.23289718,-2.3568752,196.11627197265625,93.59326171875
Step-Separation,0.017000828869640827,Q2-OUTERSKIN,2.2061150074005127,0.64107424,0.3407427,-2.0832334,175.44522094726562,146.04986572265625
Step-Separation,0.01900000311434269,ADAPTER,0.0,0.0,0.0,0.0,0.0,0.0
Step-Separation,0.01900000311434269,Q1-CORE,2.2467575073242188,0.6531196,-0.1454453,2.1448076,87.6231918334961,2.7599270343780518
Step-Separation,0.01900000311434269,Q1-INNERSKIN,2.2499125003814697,0.65177166,-0.16090536,2.1474192,87.62879180908203,140.7871856689453
Step-Separation,0.01900000311434269,Q1-OUTERSKIN,1.9820842742919922,0.5626025,0.31586272,1.8741311,74.0805892944336,154.25909423828125
Step-Separation,0.01900000311434269,Q2-CORE,2.6654486656188965,0.75708705,-0.21685356,-2.5464506,160.53607177734375,2.5149691104888916
Step-Separation,0.01900000311434269,Q2-INNERSKIN,2.6671841144561768,0.75582576,-0.23428322,-2.5470984,160.5477752685547,91.29591369628906
Step-Separation,0.01900000311434269,Q2-OUTERSKIN,2.407912492752075,0.6979667,0.36351997,-2.275684,148.6881866455078,159.54258728027344
Step-Separation,0.021099130623042583,ADAPTER,0.0,0.0,0.0,0.0,0.0,0.0
Step-Separation,0.021099130623042583,Q1-CORE,2.1731297969818115,0.62129706,-0.11507483,2.0792403,70.23674011230469,2.530843734741211
Step-Separation,0.021099130623042583,Q1-INNERSKIN,2.176342010498047,0.62011087,-0.1300032,2.0820727,66.27247619628906,133.637939453125
Step-Separation,0.021099130623042583,Q1-OUTERSKIN,1.9119865894317627,0.53531075,0.30630606,1.8097821,65.85282135009766,141.55709838867188
Step-Separation,0.021099130623042583,Q2-CORE,2.820542335510254,0.8123618,-0.21082363,-2.692783,120.60381317138672,2.4464313983917236
Step-Separation,0.021099130623042583,Q2-INNERSKIN,2.8221981525421143,0.8112795,-0.22866046,-2.6933885,116.43531036376953,95.9875717163086
Step-Separation,0.021099130623042583,Q2-OUTERSKIN,2.56150484085083,0.74401665,0.37895316,-2.4215987,116.30421447753906,158.4493865966797
Step-Separation,0.023098346777260303,ADAPTER,0.0,0.0,0.0,0.0,0.0,0.0
Step-Separation,0.023098346777260303,Q1-CORE,2.1095097064971924,0.5920947,-0.09932369,2.0222735,64.83954620361328,2.5814783573150635
Step-Separation,0.023098346777260303,Q1-INNERSKIN,2.112874984741211,0.5912323,-0.11405878,2.0252595,59.09890365600586,126.43888854980469
Step-Separation,0.023098346777260303,Q1-OUTERSKIN,1.8495889902114868,0.50862104,0.29568952,1.7535255,61.71319580078125,136.00701904296875
Step-Separation,0.023098346777260303,Q2-CORE,2.978027820587158,0.8702933,-0.20803669,-2.8404155,116.05439758300781,2.467808246612549
Step-Separation,0.023098346777260303,Q2-INNERSKIN,2.9796080589294434,0.8695227,-0.22608948,-2.840929,116.04773712158203,100.16631317138672
Step-Separation,0.023098346777260303,Q2-OUTERSKIN,2.7152864933013916,0.7907921,0.3889742,-2.5682929,106.6448745727539,165.0613555908203
Step-Separation,0.02509752381592989,ADAPTER,0.0,0.0,0.0,0.0,0.0,0.0
Step-Separation,0.02509752381592989,Q1-CORE,2.0868067741394043,0.57371396,-0.09276536,2.0042477,59.18624496459961,2.514050006866455
Step-Separation,0.02509752381592989,Q1-INNERSKIN,2.0903971195220947,0.57294124,-0.10743966,2.007475,54.08952713012695,128.79373168945312
Step-Separation,0.02509752381592989,Q1-OUTERSKIN,1.8306598663330078,0.49687457,0.29481858,1.737099,54.525814056396484,132.8827667236328
Step-Separation,0.02509752381592989,Q2-CORE,3.1506967544555664,0.93010473,-0.20482096,-3.0033054,85.16690826416016,2.5119621753692627
Step-Separation,0.02509752381592989,Q2-INNERSKIN,3.1522068977355957,0.92938286,-0.22310485,-3.003811,85.16519927978516,97.68831634521484
Step-Separation,0.02509752381592989,Q2-OUTERSKIN,2.8882174491882324,0.84363705,0.40615568,-2.7322361,75.10135650634766,180.20997619628906
Step-Separation,0.027096624486148357,ADAPTER,0.0,0.0,0.0,0.0,0.0,0.0
Step-Separation,0.027096624486148357,Q1-CORE,2.082036256790161,0.5682507,-0.084956445,2.0011868,53.5975227355957,2.5203583240509033
Step-Separation,0.027096624486148357,Q1-INNERSKIN,2.0858685970306396,0.567182,-0.099575415,2.0048037,51.04305648803711,134.91082763671875
Step-Separation,0.027096624486148357,Q1-OUTERSKIN,1.8236242532730103,0.49159104,0.29602373,1.7309864,49.96364974975586,131.75628662109375
Step-Separation,0.027096624486148357,Q2-CORE,3.2273850440979004,0.96435803,-0.19132477,-3.0739913,71.44721221923828,2.5827932357788086
Step-Separation,0.027096624486148357,Q2-INNERSKIN,3.228775978088379,0.96397966,-0.20951866,-3.0743845,67.71590423583984,103.86380004882812
Step-Separation,0.027096624486148357,Q2-OUTERSKIN,2.9592576026916504,0.8652679,0.41080818,-2.799956,66.95264434814453,184.723876953125
Step-Separation,0.029095725156366825,ADAPTER,0.0,0.0,0.0,0.0,0.0,0.0
Step-Separation,0.029095725156366825,Q1-CORE,2.076724052429199,0.55999595,-0.07683404,1.9983202,46.8305778503418,2.5059404373168945
Step-Separation,0.029095725156366825,Q1-INNERSKIN,2.0807712078094482,0.5589106,-0.09130235,2.0022216,41.69757080078125,132.07968139648438
Step-Separation,0.029095725156366825,Q1-OUTERSKIN,1.820939540863037,0.48170477,0.30020034,1.73022,43.182228088378906,129.58291625976562
Step-Separation,0.029095725156366825,Q2-CORE,3.2333338260650635,0.975045,-0.17719631,-3.077716,56.116050720214844,2.517957925796509
Step-Separation,0.029095725156366825,Q2-INNERSKIN,3.234622001647949,0.9746756,-0.19516367,-3.0780997,54.73639678955078,104.90985870361328
Step-Separation,0.029095725156366825,Q2-OUTERSKIN,2.9659149646759033,0.86839926,0.41094384,-2.806004,55.31290054321289,178.5181121826172
Step-Separation,0.031094838865101337,ADAPTER,0.0,0.0,0.0,0.0,0.0,0.0
Step-Separation,0.031094838865101337,Q1-CORE,2.107795238494873,0.5665426,-0.07437546,2.0288663,38.450862884521484,2.5939791202545166
Step-Separation,0.031094838865101337,Q1-INNERSKIN,2.112107038497925,0.5654213,-0.08905697,2.0330675,36.91157913208008,135.27740478515625
Step-Separation,0.031094838865101337,Q1-OUTERSKIN,1.848633885383606,0.48558056,0.30872732,1.7568,36.51186752319336,131.56997680664062
Step-Separation,0.031094838865101337,Q2-CORE,3.249685764312744,0.98747295,-0.1705949,-3.0913188,51.53367233276367,2.6316452026367188
Step-Separation,0.031094838865101337,Q2-INNERSKIN,3.2509305477142334,0.98722094,-0.18856595,-3.0916643,48.81549072265625,95.07268524169922
Step-Separation,0.031094838865101337,Q2-OUTERSKIN,2.985740900039673,0.93090504,0.39526436,-2.80924,50.684871673583984,182.1234588623047
Step-Separation,0.03309397492557764,ADAPTER,0.0,0.0,0.0,0.0,0.0,0.0
Step-Separation,0.03309397492557764,Q1-CORE,2.1365511417388916,0.571755,-0.06661077,2.0575495,35.64070129394531,2.535555839538574
Step-Separation,0.03309397492557764,Q1-INNERSKIN,2.1410863399505615,0.57045925,-0.081210405,2.062094,32.87382507324219,139.92288208007812
Step-Separation,0.03309397492557764,Q1-OUTERSKIN,1.8806020021438599,0.49134678,0.31769687,1.7872635,33.85256576538086,132.31797790527344
Step-Separation,0.03309397492557764,Q2-CORE,3.1986474990844727,0.9783239,-0.15593266,-3.0413668,59.33681106567383,2.563735246658325
Step-Separation,0.03309397492557764,Q2-INNERSKIN,3.1998047828674316,0.9781618,-0.17363535,-3.0416772,58.87527084350586,90.55857849121094
Step-Separation,0.03309397492557764,Q2-OUTERSKIN,2.951828718185425,0.9183234,0.39457327,-2.7774606,59.31294250488281,172.64524841308594
Step-Separation,0.03509317059069872,ADAPTER,0.0,0.0,0.0,0.0,0.0,0.0
Step-Separation,0.03509317059069872,Q1-CORE,2.1606321334838867,0.5737406,-0.058524698,2.082241,29.772171020507812,2.5615949630737305
Step-Separation,0.03509317059069872,Q1-INNERSKIN,2.165369987487793,0.57260776,-0.07314559,2.0870068,29.774015426635742,138.31663513183594
Step-Separation,0.03509317059069872,Q1-OUTERSKIN,1.9053400754928589,0.49004984,0.32861704,1.8116796,28.064208984375,132.82044982910156
Step-Separation,0.03509317059069872,Q2-CORE,3.1689021587371826,0.97237504,-0.14411171,-3.0125835,49.65966033935547,2.531240463256836
Step-Separation,0.03509317059069872,Q2-INNERSKIN,3.1699941158294678,0.97226906,-0.16172314,-3.0128727,49.67794418334961,88.30435180664062
Step-Separation,0.03509317059069872,Q2-OUTERSKIN,2.926309823989868,0.9084124,0.39933276,-2.7529275,47.366214752197266,166.98350524902344
Step-Separation,0.03709238488227129,ADAPTER,0.0,0.0,0.0,0.0,0.0,0.0
Step-Separation,0.03709238488227129,Q1-CORE,2.180373430252075,0.571995,-0.04956489,2.103424,27.06060028076172,2.5661873817443848
Step-Separation,0.03709238488227129,Q1-INNERSKIN,2.1853039264678955,0.57105553,-0.06413391,2.1083963,25.386661529541016,138.35142517089844
Step-Separation,0.03709238488227129,Q1-OUTERSKIN,1.9257533550262451,0.48760566,0.33720806,1.8322275,25.8091983795166,132.0633544921875
Step-Separation,0.03709238488227129,Q2-CORE,3.1743454933166504,0.97640043,-0.13452366,-3.0174518,41.94137954711914,2.55448317527771
Step-Separation,0.03709238488227129,Q2-INNERSKIN,3.175384521484375,0.97629106,-0.15216224,-3.0177424,39.13103485107422,88.18024444580078
Step-Separation,0.03709238488227129,Q2-OUTERSKIN,2.930264472961426,0.9101905,0.4079385,-2.7552838,39.11399841308594,167.7569122314453
Step-Separation,0.03909159917384386,ADAPTER,0.0,0.0,0.0,0.0,0.0,0.0
Step-Separation,0.03909159917384386,Q1-CORE,2.202630043029785,0.57092994,-0.04340844,2.126907,24.546531677246094,2.563014030456543
Step-Separation,0.03909159917384386,Q1-INNERSKIN,2.2077996730804443,0.5699312,-0.05797156,2.1321814,23.351991653442383,140.6932373046875
Step-Separation,0.03909159917384386,Q1-OUTERSKIN,1.9480293989181519,0.48692518,0.34435925,1.8544916,23.696420669555664,131.05137634277344
Step-Separation,0.03909159917384386,Q2-CORE,3.1698176860809326,0.9780435,-0.122692905,-3.0126603,38.39847946166992,2.5596306324005127
Step-Separation,0.03909159917384386,Q2-INNERSKIN,3.1707847118377686,0.9780594,-0.14022258,-3.0129075,37.22664260864258,90.95928192138672
Step-Separation,0.03909159917384386,Q2-OUTERSKIN,2.934030055999756,0.9103427,0.41535458,-2.7581315,36.3242301940918,165.71585083007812
Step-Separation,0.04109081346541643,ADAPTER,0.0,0.0,0.0,0.0,0.0,0.0
Step-Separation,0.04109081346541643,Q1-CORE,2.2165515422821045,0.5665937,-0.036053553,2.142609,21.99647331237793,2.5912904739379883
Step-Separation,0.04109081346541643,Q1-INNERSKIN,2.2219326496124268,0.5657046,-0.050446026,2.1481197,21.10164451599121,140.37838745117188
Step-Separation,0.04109081346541643,Q1-OUTERSKIN,1.9623537063598633,0.4811444,0.34841043,1.8702787,21.33534049987793,131.5463409423828
Step-Separation,0.04109081346541643,Q2-CORE,3.1810660362243652,0.98334146,-0.11367845,-3.023127,39.935848236083984,2.5272998809814453
Step-Separation,0.04109081346541643,Q2-INNERSKIN,3.1819794178009033,0.98330945,-0.13120696,-3.0233889,39.93889236450195,88.5282974243164
Step-Separation,0.04109081346541643,Q2-OUTERSKIN,2.9445927143096924,0.91292024,0.42228064,-2.7674685,36.31740951538086,165.34388732910156
Step-Separation,0.043090027756989,ADAPTER,0.0,0.0,0.0,0.0,0.0,0.0
Step-Separation,0.043090027756989,Q1-CORE,2.231583833694458,0.56232125,-0.032364525,2.1593318,21.569746017456055,2.561429500579834
Step-Separation,0.043090027756989,Q1-INNERSKIN,2.2372243404388428,0.5613875,-0.046749398,2.1651402,19.961206436157227,141.6640167236328
Step-Separation,0.043090027756989,Q1-OUTERSKIN,1.9779247045516968,0.4769007,0.35203937,1.8870136,20.25629997253418,130.7967529296875
Step-Separation,0.043090027756989,Q2-CORE,3.2001657485961914,0.9918762,-0.104746014,-3.0407681,35.72100830078125,2.5447378158569336
Step-Separation,0.043090027756989,Q2-INNERSKIN,3.201024055480957,0.9919076,-0.12222845,-3.041009,35.71539306640625,87.93635559082031
Step-Separation,0.043090027756989,Q2-OUTERSKIN,2.969459056854248,0.91905767,0.43100825,-2.7905648,33.889503479003906,166.35772705078125
Step-Separation,0.04508924204856157,ADAPTER,0.0,0.0,0.0,0.0,0.0,0.0
Step-Separation,0.04508924204856157,Q1-CORE,2.246131181716919,0.5586626,-0.02670817,2.1753824,20.05744171142578,2.5791101455688477
Step-Separation,0.04508924204856157,Q1-INNERSKIN,2.2520151138305664,0.5576818,-0.04097818,2.1814866,19.570409774780273,142.75526428222656
Step-Separation,0.04508924204856157,Q1-OUTERSKIN,1.9920555353164673,0.47214222,0.35487872,1.9024794,20.057432174682617,130.73138427734375
Step-Separation,0.04508924204856157,Q2-CORE,3.2120416164398193,0.9982685,-0.09772257,-3.051413,40.88465118408203,2.5738039016723633
Step-Separation,0.04508924204856157,Q2-INNERSKIN,3.212862730026245,0.99839264,-0.11521656,-3.0516264,38.70301818847656,86.31051635742188
Step-Separation,0.04508924204856157,Q2-OUTERSKIN,2.9886205196380615,0.92304504,0.4372075,-2.8086812,38.9521484375,165.79962158203125
Step-Separation,0.047088456340134144,ADAPTER,0.0,0.0,0.0,0.0,0.0,0.0
Step-Separation,0.047088456340134144,Q1-CORE,2.2580039501190186,0.5532651,-0.023066096,2.1890519,20.167600631713867,2.581085681915283
Step-Separation,0.047088456340134144,Q1-INNERSKIN,2.2641377449035645,0.5523265,-0.037259452,2.1954195,20.162691116333008,142.30477905273438
Step-Separation,0.047088456340134144,Q1-OUTERSKIN,2.00492787361145,0.4668124,0.3583793,1.916608,19.97313117980957,130.1077423095703
Step-Separation,0.047088456340134144,Q2-CORE,3.225048780441284,1.0034221,-0.089991175,-3.0636556,38.975341796875,2.5467441082000732
Step-Separation,0.047088456340134144,Q2-INNERSKIN,3.225820302963257,1.0035676,-0.10740068,-3.0638595,37.01521301269531,83.6241226196289
Step-Separation,0.047088456340134144,Q2-OUTERSKIN,3.0050644874572754,0.9256634,0.44343176,-2.8243456,36.901939392089844,164.13278198242188
Step-Separation,0.049087670631706715,ADAPTER,0.0,0.0,0.0,0.0,0.0,0.0
Step-Separation,0.049087670631706715,Q1-CORE,2.2711243629455566,0.5489876,-0.018434327,2.2036965,20.441852569580078,2.584951639175415
Step-Separation,0.049087670631706715,Q1-INNERSKIN,2.2775092124938965,0.5480114,-0.03251668,2.2103562,20.140850067138672,143.11407470703125
Step-Separation,0.049087670631706715,Q1-OUTERSKIN,2.0180444717407227,0.46205896,0.36144334,1.9308971,20.441875457763672,130.12579345703125
Step-Separation,0.049087670631706715,Q2-CORE,3.2492258548736572,1.0115238,-0.084867366,-3.0865977,35.57619857788086,2.5734362602233887
Step-Separation,0.049087670631706715,Q2-INNERSKIN,3.249969244003296,1.0117062,-0.10231376,-3.0867915,35.52414321899414,82.79029846191406
Step-Separation,0.049087670631706715,Q2-OUTERSKIN,3.0318400859832764,0.931845,0.45110443,-2.8496008,35.44418716430664,165.18069458007812
Step-Separation,0.051086884923279285,ADAPTER,0.0,0.0,0.0,0.0,0.0,0.0
Step-Separation,0.051086884923279285,Q1-CORE,2.285196542739868,0.54546934,-0.014364706,2.2190945,19.820947647094727,2.595451593399048
Step-Separation,0.051086884923279285,Q1-INNERSKIN,2.2918448448181152,0.54442054,-0.028417923,2.2260618,19.215351104736328,143.83753967285156
Step-Separation,0.051086884923279285,Q1-OUTERSKIN,2.0323233604431152,0.45821813,0.36497897,1.9460639,19.777080535888672,130.00717163085938
Step-Separation,0.051086884923279285,Q2-CORE,3.268918514251709,1.0181302,-0.07792577,-3.1053448,34.08812713623047,2.5760984420776367
Step-Separation,0.051086884923279285,Q2-INNERSKIN,3.269620180130005,1.0183411,-0.09533629,-3.1055288,33.256256103515625,84.01219177246094
Step-Separation,0.051086884923279285,Q2-OUTERSKIN,3.0566909313201904,0.9370954,0.4576925,-2.8732784,33.18701934814453,164.0286102294922
Step-Separation,0.053086099214851856,ADAPTER,0.0,0.0,0.0,0.0,0.0,0.0
Step-Separation,0.053086099214851856,Q1-CORE,2.2956206798553467,0.5404898,-0.009137939,2.2310674,19.47076988220215,2.600900650024414
Step-Separation,0.053086099214851856,Q1-INNERSKIN,2.3025169372558594,0.5394345,-0.02311887,2.2383163,19.472074508666992,143.60264587402344
Step-Separation,0.053086099214851856,Q1-OUTERSKIN,2.043119192123413,0.4529265,0.36836898,1.957932,19.245742797851562,129.71713256835938
Step-Separation,0.053086099214851856,Q2-CORE,3.3006274700164795,1.0271962,-0.073119156,-3.135867,37.97447204589844,2.567241907119751
Step-Separation,0.053086099214851856,Q2-INNERSKIN,3.3013012409210205,1.0273936,-0.09056726,-3.1360564,37.301300048828125,83.96004486083984
Step-Separation,0.053086099214851856,Q2-OUTERSKIN,3.0874805450439453,0.94473386,0.46505192,-2.902368,36.644039154052734,164.62591552734375
Step-Separation,0.05508531350642443,ADAPTER,0.0,0.0,0.0,0.0,0.0,0.0
Step-Separation,0.05508531350642443,Q1-CORE,2.306286096572876,0.53625417,-0.0035341782,2.2430725,19.17682647705078,2.607022762298584
Step-Separation,0.05508531350642443,Q1-INNERSKIN,2.313434600830078,0.5351486,-0.017444894,2.2506201,18.94712257385254,144.05642700195312
Step-Separation,0.05508531350642443,Q1-OUTERSKIN,2.054534673690796,0.44857776,0.37264377,1.9700325,19.17687225341797,129.30111694335938
Step-Separation,0.05508531350642443,Q2-CORE,3.332415819168091,1.0364145,-0.06771267,-3.1664262,35.46984100341797,2.563831329345703
Step-Separation,0.05508531350642443,Q2-INNERSKIN,3.333056688308716,1.0366423,-0.08515035,-3.1666052,33.14484786987305,85.13506317138672
Step-Separation,0.05508531350642443,Q2-OUTERSKIN,3.1213583946228027,0.95315206,0.47222373,-2.934516,32.81179428100586,165.29266357421875
Step-Separation,0.057084527797997,ADAPTER,0.0,0.0,0.0,0.0,0.0,0.0
Step-Separation,0.057084527797997,Q1-CORE,2.3173024654388428,0.5321136,0.0011614393,2.255381,18.919307708740234,2.5971314907073975
Step-Separation,0.057084527797997,Q1-INNERSKIN,2.3247077465057373,0.5309728,-0.012696452,2.2632217,18.777875900268555,144.82359313964844
Step-Separation,0.057084527797997,Q1-OUTERSKIN,2.0657780170440674,0.44406542,0.37589175,1.9821578,18.91933822631836,128.98243713378906
Step-Separation,0.057084527797997,Q2-CORE,3.363750457763672,1.0454365,-0.06325633,-3.1965415,32.47523498535156,2.5769689083099365
Step-Separation,0.057084527797997,Q2-INNERSKIN,3.3643672466278076,1.0456965,-0.08073409,-3.196712,32.10054397583008,86.14787292480469
Step-Separation,0.057084527797997,Q2-OUTERSKIN,3.1550376415252686,0.96088225,0.47835317,-2.966841,31.125085830688477,165.72689819335938
Step-Separation,0.05908374208956957,ADAPTER,0.0,0.0,0.0,0.0,0.0,0.0
Step-Separation,0.05908374208956957,Q1-CORE,2.3278918266296387,0.5282061,0.0056339577,2.2671673,18.674026489257812,2.6142208576202393
Step-Separation,0.05908374208956957,Q1-INNERSKIN,2.3355519771575928,0.52705973,-0.008174303,2.2752898,17.68283462524414,144.77061462402344
Step-Separation,0.05908374208956957,Q1-OUTERSKIN,2.0762572288513184,0.43956333,0.37855592,1.9935707,18.674053192138672,128.893310546875
Step-Separation,0.05908374208956957,Q2-CORE,3.393641233444214,1.053749,-0.059314705,-3.225352,33.05113220214844,2.572248697280884
Step-Separation,0.05908374208956957,Q2-INNERSKIN,3.394235372543335,1.0540246,-0.07679884,-3.2255182,31.932018280029297,86.2934341430664
Step-Separation,0.05908374208956957,Q2-OUTERSKIN,3.187788963317871,0.96813595,0.48377952,-2.9984443,31.7360897064209,165.96505737304688
Step-Separation,0.06108295638114214,ADAPTER,0.0,0.0,0.0,0.0,0.0,0.0
Step-Separation,0.06108295638114214,Q1-CORE,2.3381528854370117,0.5237708,0.010059783,2.2787106,18.45941162109375,2.6101040840148926
Step-Separation,0.06108295638114214,Q1-INNERSKIN,2.3460662364959717,0.52263284,-0.0036706133,2.2871091,18.255510330200195,145.1693572998047
Step-Separation,0.06108295638114214,Q1-OUTERSKIN,2.087096691131592,0.4348959,0.38130587,2.005354,18.45942497253418,128.44451904296875
Step-Separation,0.06108295638114214,Q2-CORE,3.433271646499634,1.4536965,-0.022751408,-3.1102417,33.03312301635742,2.5788018703460693
Step-Separation,0.06108295638114214,Q2-INNERSKIN,3.433955192565918,1.4520075,-0.038046844,-3.1116354,33.0375862121582,85.3705062866211
Step-Separation,0.06108295638114214,Q2-OUTERSKIN,3.2318127155303955,1.4034879,0.475837,-2.8720052,32.74216842651367,166.7044219970703
Step-Separation,0.06308217067271471,ADAPTER,0.0,0.0,0.0,0.0,0.0,0.0
Step-Separation,0.06308217067271471,Q1-CORE,2.349963426589966,0.5198105,0.014043564,2.2917085,18.276567459106445,2.6148898601531982
Step-Separation,0.06308217067271471,Q1-INNERSKIN,2.358135461807251,0.5186726,0.00035473332,2.3003871,17.439868927001953,145.88546752929688
Step-Separation,0.06308217067271471,Q1-OUTERSKIN,2.0990657806396484,0.43070018,0.38392514,2.0182111,18.276594161987305,128.43231201171875
Step-Separation,0.06308217067271471,Q2-CORE,3.4842023849487305,1.4717611,-0.018320872,-3.1580453,31.602581024169922,2.5755815505981445
Step-Separation,0.06308217067271471,Q2-INNERSKIN,3.4848618507385254,1.4700967,-0.033624247,-3.159422,30.563825607299805,85.50508117675781
Step-Separation,0.06308217067271471,Q2-OUTERSKIN,3.2824466228485107,1.4200847,0.48099872,-2.9200094,30.81402015686035,166.26217651367188
Step-Separation,0.06508138496428728,ADAPTER,0.0,0.0,0.0,0.0,0.0,0.0
Step-Separation,0.06508138496428728,Q1-CORE,2.3595874309539795,0.5149933,0.017625965,2.3026342,16.30514907836914,2.6066598892211914
Step-Separation,0.06508138496428728,Q1-INNERSKIN,2.368021011352539,0.5138603,0.0039880276,2.3115914,16.305944442749023,145.8816680908203
Step-Separation,0.06508138496428728,Q1-OUTERSKIN,2.1090645790100098,0.4258057,0.38606864,2.029235,16.07793617248535,127.85598754882812
Step-Separation,0.06508138496428728,Q2-CORE,3.541236400604248,1.4932979,-0.014423432,-3.2109513,28.650657653808594,2.5964207649230957
Step-Separation,0.06508138496428728,Q2-INNERSKIN,3.5418777465820312,1.4916472,-0.029764986,-3.21232,28.244295120239258,85.0449447631836
Step-Separation,0.06508138496428728,Q2-OUTERSKIN,3.3391151428222656,1.4405171,0.4870304,-2.972777,28.082639694213867,167.52279663085938
Step-Separation,0.06708059925585985,ADAPTER,0.0,0.0,0.0,0.0,0.0,0.0
Step-Separation,0.06708059925585985,Q1-CORE,2.3709042072296143,0.51088977,0.020753369,2.3151128,16.207489013671875,2.6139254570007324
Step-Separation,0.06708059925585985,Q1-INNERSKIN,2.379603147506714,0.5097507,0.007173937,2.3243523,15.954530715942383,146.44358825683594
Step-Separation,0.06708059925585985,Q1-OUTERSKIN,2.1205434799194336,0.42158788,0.38798428,2.041675,16.207502365112305,127.7917251586914
Step-Separation,0.06708059925585985,Q2-CORE,3.5932395458221436,1.5115834,-0.010378836,-3.2598126,27.678556442260742,2.5856993198394775
Step-Separation,0.06708059925585985,Q2-INNERSKIN,3.593864679336548,1.5099332,-0.02572995,-3.2611814,27.345964431762695,85.01602935791016
Step-Separation,0.06708059925585985,Q2-OUTERSKIN,3.3915579319000244,1.4587882,0.49241698,-3.021941,26.91611671447754,167.5496063232422
Step-Separation,0.06907975394278765,ADAPTER,0.0,0.0,0.0,0.0,0.0,0.0
Step-Separation,0.06907975394278765,Q1-CORE,2.3815786838531494,0.5064983,0.024098486,2.3269713,15.712075233459473,2.6115894317626953
Step-Separation,0.06907975394278765,Q1-INNERSKIN,2.3905444145202637,0.5053474,0.010572348,2.336496,15.710367202758789,146.8573760986328
Step-Separation,0.06907975394278765,Q1-OUTERSKIN,2.1316006183624268,0.41706654,0.3902517,2.0536504,15.550444602966309,127.4301528930664
Step-Separation,0.06907975394278765,Q2-CORE,3.642350912094116,1.5282443,-0.0059288386,-3.3062296,25.884883880615234,2.5895562171936035
Step-Separation,0.06907975394278765,Q2-INNERSKIN,3.642956018447876,1.5266056,-0.021284085,-3.30759,25.788583755493164,85.51055908203125
Step-Separation,0.06907975394278765,Q2-OUTERSKIN,3.4404218196868896,1.475006,0.49741602,-3.0681324,25.32356834411621,167.79054260253906
Step-Separation,0.07107889372855425,ADAPTER,0.0,0.0,0.0,0.0,0.0,0.0
Step-Separation,0.07107889372855425,Q1-CORE,2.3925209045410156,0.5023386,0.027901359,2.339024,14.811612129211426,2.618082284927368
Step-Separation,0.07107889372855425,Q1-INNERSKIN,2.401749849319458,0.5011801,0.014421284,2.3488321,14.812085151672363,147.370849609375
Step-Separation,0.07107889372855425,Q1-OUTERSKIN,2.142601728439331,0.4125033,0.39280224,2.0655,14.753254890441895,127.24410247802734
Step-Separation,0.07107889372855425,Q2-CORE,3.691662073135376,1.5450077,-0.0016674399,-3.3528073,25.25714111328125,2.593620538711548
Step-Separation,0.07107889372855425,Q2-INNERSKIN,3.692253589630127,1.5433605,-0.017041855,-3.3541744,25.1680908203125,85.98775482177734
Step-Separation,0.07107889372855425,Q2-OUTERSKIN,3.489668130874634,1.4914932,0.50271887,-3.1145632,24.96661949157715,168.25527954101562
Step-Separation,0.07307803351432085,ADAPTER,0.0,0.0,0.0,0.0,0.0,0.0
Step-Separation,0.07307803351432085,Q1-CORE,2.4031357765197754,0.49812734,0.031740062,2.3507283,14.79824161529541,2.6162564754486084
Step-Separation,0.07307803351432085,Q1-INNERSKIN,2.4126269817352295,0.49696732,0.018307894,2.3608172,14.735837936401367,147.72537231445312
Step-Separation,0.07307803351432085,Q1-OUTERSKIN,2.1537106037139893,0.40817955,0.3955897,2.0773463,14.798266410827637,126.8724365234375
Step-Separation,0.07307803351432085,Q2-CORE,3.7357256412506104,1.5586504,0.0027727634,-3.395033,24.773630142211914,2.588376760482788
Step-Separation,0.07307803351432085,Q2-INNERSKIN,3.736304759979248,1.5569915,-0.012609571,-3.3964086,24.680660247802734,85.34993743896484
Step-Separation,0.07307803351432085,Q2-OUTERSKIN,3.534295082092285,1.5055102,0.5075929,-3.1570604,24.266826629638672,167.92388916015625
Step-Separation,0.07507717330008745,ADAPTER,0.0,0.0,0.0,0.0,0.0,0.0
Step-Separation,0.07507717330008745,Q1-CORE,2.4145348072052,0.4940804,0.035355836,2.3631785,14.561731338500977,2.618140459060669
Step-Separation,0.07507717330008745,Q1-INNERSKIN,2.4242897033691406,0.49292013,0.021974642,2.3735476,14.561105728149414,148.24404907226562
Step-Separation,0.07507717330008745,Q1-OUTERSKIN,2.1653759479522705,0.40396193,0.39824444,2.0897534,14.544473648071289,126.69442749023438
Step-Separation,0.07507717330008745,Q2-CORE,3.777186870574951,1.5712554,0.006999813,-3.4348578,24.061145782470703,2.5865678787231445
Step-Separation,0.07507717330008745,Q2-INNERSKIN,3.777747631072998,1.5696106,-0.008377463,-3.4362233,23.321565628051758,85.39746856689453
Step-Separation,0.07507717330008745,Q2-OUTERSKIN,3.575665235519409,1.5175058,0.51177883,-3.1969736,23.500457763671875,167.36683654785156
Step-Separation,0.07707631308585405,ADAPTER,0.0,0.0,0.0,0.0,0.0,0.0
Step-Separation,0.07707631308585405,Q1-CORE,2.4254536628723145,0.48985884,0.039401516,2.3751445,14.552912712097168,2.618978977203369
Step-Separation,0.07707631308585405,Q1-INNERSKIN,2.4354724884033203,0.48869333,0.026064888,2.3857968,14.510578155517578,148.61305236816406
Step-Separation,0.07707631308585405,Q1-OUTERSKIN,2.176741361618042,0.39949745,0.4011497,2.1018286,14.551106452941895,126.36746978759766
Step-Separation,0.07707631308585405,Q2-CORE,3.8214926719665527,1.5858893,0.0108278915,-3.4768727,23.659996032714844,2.591153144836426
Step-Separation,0.07707631308585405,Q2-INNERSKIN,3.8220372200012207,1.584257,-0.0045668036,-3.4782293,23.101516723632812,85.10350036621094
Step-Separation,0.07707631308585405,Q2-OUTERSKIN,3.6195669174194336,1.5309906,0.5165556,-3.2389047,22.99330711364746,167.51467895507812
Step-Separation,0.07907545287162066,ADAPTER,0.0,0.0,0.0,0.0,0.0,0.0
Step-Separation,0.07907545287162066,Q1-CORE,2.4369585514068604,0.48599353,0.04316788,2.3876166,14.902162551879883,2.6200509071350098
Step-Separation,0.07907545287162066,Q1-INNERSKIN,2.4472405910491943,0.48482633,0.02988296,2.398549,14.716946601867676,149.11424255371094
Step-Separation,0.07907545287162066,Q1-OUTERSKIN,2.1885502338409424,0.39530367,0.40391535,2.1143177,14.899703979492188,126.09855651855469
Step-Separation,0.07907545287162066,Q2-CORE,3.8632113933563232,1.5989095,0.014785428,-3.5167701,23.608245849609375,2.5895934104919434
Step-Separation,0.07907545287162066,Q2-INNERSKIN,3.863740921020508,1.5972852,-0.0006087348,-3.5181208,23.321514129638672,84.74214935302734
Step-Separation,0.07907545287162066,Q2-OUTERSKIN,3.6613800525665283,1.5435348,0.52079445,-3.2790208,23.200950622558594,167.0932159423828
Step-Separation,0.08107459265738726,ADAPTER,0.0,0.0,0.0,0.0,0.0,0.0
Step-Separation,0.08107459265738726,Q1-CORE,2.448745012283325,0.4822249,0.046753727,2.4003386,14.845403671264648,2.6192967891693115
Step-Separation,0.08107459265738726,Q1-INNERSKIN,2.459294319152832,0.4810499,0.033520386,2.4115548,14.765828132629395,149.66648864746094
Step-Separation,0.08107459265738726,Q1-OUTERSKIN,2.2006640434265137,0.39143538,0.4064561,2.1270857,14.845436096191406,125.91228485107422
Step-Separation,0.08107459265738726,Q2-CORE,3.9051263332366943,1.6120613,0.018485006,-3.5568144,22.933223724365234,2.5930593013763428
Step-Separation,0.08107459265738726,Q2-INNERSKIN,3.9056432247161865,1.610441,0.0030830689,-3.5581625,22.567705154418945,84.52848052978516
Step-Separation,0.08107459265738726,Q2-OUTERSKIN,3.7030727863311768,1.5560201,0.5250169,-3.319022,22.611858367919922,166.88511657714844
Step-Separation,0.08307373244315386,ADAPTER,0.0,0.0,0.0,0.0,0.0,0.0
Step-Separation,0.08307373244315386,Q1-CORE,2.4605209827423096,0.47850838,0.05020432,2.4130216,14.779967308044434,2.6235122680664062
Step-Separation,0.08307373244315386,Q1-INNERSKIN,2.471338987350464,0.4773233,0.03701847,2.4245222,14.687206268310547,150.09754943847656
Step-Separation,0.08307373244315386,Q1-OUTERSKIN,2.212705612182617,0.3875092,0.4088713,2.139796,14.779983520507812,125.71051788330078
Step-Separation,0.08307373244315386,Q2-CORE,3.947604179382324,1.6255931,0.022024319,-3.5972962,22.769380569458008,2.596316337585449
Step-Separation,0.08307373244315386,Q2-INNERSKIN,3.948108196258545,1.6239833,0.006614797,-3.5986376,22.434850692749023,84.30592346191406
Step-Separation,0.08307373244315386,Q2-OUTERSKIN,3.745436429977417,1.568796,0.52922136,-3.3596275,22.167537689208984,167.37991333007812
Step-Separation,0.08507287222892046,ADAPTER,0.0,0.0,0.0,0.0,0.0,0.0
Step-Separation,0.08507287222892046,Q1-CORE,2.472186326980591,0.47490418,0.053590156,2.4255514,14.9749174118042,2.625839948654175
Step-Separation,0.08507287222892046,Q1-INNERSKIN,2.4832708835601807,0.4737189,0.040453322,2.4373322,14.84334659576416,150.4813690185547
Step-Separation,0.08507287222892046,Q1-OUTERSKIN,2.224672794342041,0.38361928,0.41117597,2.1524265,14.971529006958008,125.52498626708984
Step-Separation,0.08507287222892046,Q2-CORE,3.98899507522583,1.6384336,0.025621086,-3.6368887,22.4788818359375,2.592482089996338
Step-Separation,0.08507287222892046,Q2-INNERSKIN,3.9894871711730957,1.6368283,0.010204434,-3.6382272,22.240869522094727,84.15740966796875
Step-Separation,0.08507287222892046,Q2-OUTERSKIN,3.786672830581665,1.5810424,0.5333202,-3.3992302,22.287321090698242,167.2400665283203
Step-Separation,0.08707201201468706,ADAPTER,0.0,0.0,0.0,0.0,0.0,0.0
Step-Separation,0.08707201201468706,Q1-CORE,2.483882427215576,0.4713846,0.056851387,2.4380805,14.716693878173828,2.626112222671509
Step-Separation,0.08707201201468706,Q1-INNERSKIN,2.4952354431152344,0.47019255,0.043764994,2.4501436,14.697988510131836,150.961181640625
Step-Separation,0.08707201201468706,Q1-OUTERSKIN,2.2364954948425293,0.3798199,0.4133163,2.1649063,14.714401245117188,125.3932113647461
Step-Separation,0.08707201201468706,Q2-CORE,4.030297756195068,1.6513436,0.029071555,-3.6763458,22.02664566040039,2.593008279800415
Step-Separation,0.08707201201468706,Q2-INNERSKIN,4.0307769775390625,1.649752,0.013648953,-3.677675,22.026256561279297,84.14710998535156
Step-Separation,0.08707201201468706,Q2-OUTERSKIN,3.827711582183838,1.5931673,0.53733915,-3.4386716,21.652572631835938,167.00753784179688
Step-Separation,0.08907115180045366,ADAPTER,0.0,0.0,0.0,0.0,0.0,0.0
Step-Separation,0.08907115180045366,Q1-CORE,2.4949791431427,0.46776852,0.06019655,2.449998,14.578446388244629,2.6265358924865723
Step-Separation,0.08907115180045366,Q1-INNERSKIN,2.5065999031066895,0.46657515,0.04715932,2.4623418,14.539043426513672,151.2969512939453
Step-Separation,0.08907115180045366,Q1-OUTERSKIN,2.247795343399048,0.37595925,0.41552746,2.176827,14.576203346252441,125.16244506835938
Step-Separation,0.08907115180045366,Q2-CORE,4.071683883666992,1.6643175,0.032314993,-3.7158597,22.131502151489258,2.597465753555298
Step-Separation,0.08907115180045366,Q2-INNERSKIN,4.072153091430664,1.662729,0.01688248,-3.7171872,21.761089324951172,84.03312683105469
Step-Separation,0.08907115180045366,Q2-OUTERSKIN,3.868913412094116,1.605498,0.5413888,-3.4781842,21.77938461303711,167.1833038330078
Step-Separation,0.09107029158622026,ADAPTER,0.0,0.0,0.0,0.0,0.0,0.0
Step-Separation,0.09107029158622026,Q1-CORE,2.5059666633605957,0.46406862,0.06354359,2.4618025,14.606682777404785,2.6296021938323975
Step-Separation,0.09107029158622026,Q1-INNERSKIN,2.517854690551758,0.46287653,0.050555468,2.4744256,14.60620403289795,151.66168212890625
Step-Separation,0.09107029158622026,Q1-OUTERSKIN,2.2590198516845703,0.37203798,0.41767883,2.1886759,14.53935432434082,124.93834686279297
Step-Separation,0.09107029158622026,Q2-CORE,4.110770225524902,1.6758852,0.035586536,-3.7534752,21.626338958740234,2.597609519958496
Step-Separation,0.09107029158622026,Q2-INNERSKIN,4.111228942871094,1.6743016,0.020150017,-3.7547987,21.62794303894043,83.8235092163086
Step-Separation,0.09107029158622026,Q2-OUTERSKIN,3.9079997539520264,1.6166815,0.5451048,-3.5159159,21.570642471313477,166.9073944091797
Step-Separation,0.09306943137198687,ADAPTER,0.0,0.0,0.0,0.0,0.0,0.0
Step-Separation,0.09306943137198687,Q1-CORE,2.5168039798736572,0.4602612,0.066776395,2.4734597,14.481588363647461,2.631728172302246
Step-Separation,0.09306943137198687,Q1-INNERSKIN,2.5289626121520996,0.459065,0.053840928,2.4863653,14.481335639953613,152.1192626953125
Step-Separation,0.09306943137198687,Q1-OUTERSKIN,2.2701468467712402,0.368068,0.41976303,2.20043,14.473488807678223,124.7332992553711
Step-Separation,0.09306943137198687,Q2-CORE,4.150283336639404,1.6877651,0.038883425,-3.7914102,21.935832977294922,2.59464955329895
Step-Separation,0.09306943137198687,Q2-INNERSKIN,4.15073299407959,1.6861849,0.023439564,-3.792732,21.712736129760742,83.67515563964844
Step-Separation,0.09306943137198687,Q2-OUTERSKIN,3.9472997188568115,1.6278805,0.54901767,-3.5538373,21.52321434020996,166.67152404785156
Step-Separation,0.09506857115775347,ADAPTER,0.0,0.0,0.0,0.0,0.0,0.0
Step-Separation,0.09506857115775347,Q1-CORE,2.5272698402404785,0.4563723,0.07004132,2.4847357,14.368284225463867,2.632270574569702
Step-Separation,0.09506857115775347,Q1-INNERSKIN,2.539698362350464,0.4551739,0.05715625,2.4979227,14.323384284973145,152.46739196777344
Step-Separation,0.09506857115775347,Q1-OUTERSKIN,2.2807540893554688,0.3639231,0.42180625,2.2116687,14.36660099029541,124.45890808105469
Step-Separation,0.09506857115775347,Q2-CORE,4.190670490264893,1.7001178,0.042088397,-3.8300843,21.766006469726562,2.596778154373169
Step-Separation,0.09506857115775347,Q2-INNERSKIN,4.191110134124756,1.6985437,0.026632369,-3.8314025,21.53833770751953,83.57138061523438
Step-Separation,0.09506857115775347,Q2-OUTERSKIN,3.9876387119293213,1.6396447,0.55310136,-3.5926185,21.353906631469727,166.78956604003906
Step-Separation,0.09706771094352007,ADAPTER,0.0,0.0,0.0,0.0,0.0,0.0
Step-Separation,0.09706771094352007,Q1-CORE,2.5377986431121826,0.45250136,0.073348485,2.496054,14.359701156616211,2.632941246032715
Step-Separation,0.09706771094352007,Q1-INNERSKIN,2.5504963397979736,0.45130107,0.06051305,2.5095212,14.279946327209473,152.87355041503906
Step-Separation,0.09706771094352007,Q1-OUTERSKIN,2.2915234565734863,0.3598697,0.4239936,2.2230167,14.359715461730957,124.21538543701172
Step-Separation,0.09706771094352007,Q2-CORE,4.230116844177246,1.7117878,0.04542996,-3.8680239,21.35428237915039,2.5958549976348877
Step-Separation,0.09706771094352007,Q2-INNERSKIN,4.2305474281311035,1.7102185,0.029968321,-3.869339,21.353601455688477,83.443603515625
Step-Separation,0.09706771094352007,Q2-OUTERSKIN,4.026979923248291,1.6508684,0.5570072,-3.6305568,21.177799224853516,166.56492614746094
Step-Separation,0.09906685072928667,ADAPTER,0.0,0.0,0.0,0.0,0.0,0.0
Step-Separation,0.09906685072928667,Q1-CORE,2.548489570617676,0.44864666,0.07662272,2.5075176,14.330575942993164,2.6342380046844482
Step-Separation,0.09906685072928667,Q1-INNERSKIN,2.561457633972168,0.4474427,0.06383769,2.5212665,14.264195442199707,153.3193817138672
Step-Separation,0.09906685072928667,Q1-OUTERSKIN,2.3025062084198,0.35580513,0.42614836,2.2345772,14.330594062805176,123.97785186767578
Step-Separation,0.09906685072928667,Q2-CORE,4.269965171813965,1.7236423,0.0486015,-3.9063148,21.150188446044922,2.5970218181610107
Step-Separation,0.09906685072928667,Q2-INNERSKIN,4.270386219024658,1.7220775,0.033128344,-3.907627,21.056718826293945,83.381591796875
Step-Separation,0.09906685072928667,Q2-OUTERSKIN,4.066812992095947,1.6621702,0.5608747,-3.6690025,21.007991790771484,166.615234375
Step-Separation,0.10106599051505327,ADAPTER,0.0,0.0,0.0,0.0,0.0,0.0
Step-Separation,0.10106599051505327,Q1-CORE,2.559250593185425,0.44478083,0.07993104,2.5190365,14.361526489257812,2.6360254287719727
Step-Separation,0.10106599051505327,Q1-INNERSKIN,2.5724892616271973,0.4435754,0.0671951,2.5330665,14.283197402954102,153.72171020507812
Step-Separation,0.10106599051505327,Q1-OUTERSKIN,2.3134448528289795,0.35179156,0.4283712,2.246056,14.36154556274414,123.71317291259766
Step-Separation,0.10106599051505327,Q2-CORE,4.310480117797852,1.7359085,0.051777974,-3.9451466,20.997615814208984,2.5975756645202637
Step-Separation,0.10106599051505327,Q2-INNERSKIN,4.310892105102539,1.7343475,0.036294155,-3.9464555,20.996776580810547,83.44584655761719
Step-Separation,0.10106599051505327,Q2-OUTERSKIN,4.107124328613281,1.673781,0.5648042,-3.7078195,20.947641372680664,166.83053588867188
Step-Separation,0.10306513030081987,ADAPTER,0.0,0.0,0.0,0.0,0.0,0.0
Step-Separation,0.10306513030081987,Q1-CORE,2.570079803466797,0.440872,0.083204366,2.5306163,14.306540489196777,2.637723207473755
Step-Separation,0.10306513030081987,Q1-INNERSKIN,2.5835883617401123,0.43966678,0.07051679,2.5449262,14.207562446594238,154.0972137451172
Step-Separation,0.10306513030081987,Q1-OUTERSKIN,2.3245205879211426,0.34772524,0.43060258,2.2576678,14.306560516357422,123.47590637207031
Step-Separation,0.10306513030081987,Q2-CORE,4.34938907623291,1.7471538,0.054979555,-3.9826646,21.143497467041016,2.5982580184936523
Step-Separation,0.10306513030081987,Q2-INNERSKIN,4.349792003631592,1.7455975,0.039487228,-3.9839704,20.999103546142578,83.33222961425781
Step-Separation,0.10306513030081987,Q2-OUTERSKIN,4.145992279052734,1.6845969,0.5686244,-3.745404,20.965173721313477,166.763671875
Step-Separation,0.10506427008658648,ADAPTER,0.0,0.0,0.0,0.0,0.0,0.0
Step-Separation,0.10506427008658648,Q1-CORE,2.5812668800354004,0.43720326,0.086411454,2.5425036,14.41949462890625,2.639292001724243
Step-Separation,0.10506427008658648,Q1-INNERSKIN,2.59504771232605,0.43599373,0.07377175,2.557096,14.251526832580566,154.55206298828125
Step-Separation,0.10506427008658648,Q1-OUTERSKIN,2.335874080657959,0.34382913,0.432838,2.2695243,14.419509887695312,123.2715072631836
Step-Separation,0.10506427008658648,Q2-CORE,4.387770652770996,1.758288,0.058165632,-4.0196486,21.131654739379883,2.5988290309906006
Step-Separation,0.10506427008658648,Q2-INNERSKIN,4.388164520263672,1.7567357,0.042667232,-4.0209513,21.08683967590332,83.25675964355469
Step-Separation,0.10506427008658648,Q2-OUTERSKIN,4.184321403503418,1.6951844,0.57235456,-3.7824998,21.064897537231445,166.7241973876953
Step-Separation,0.10706340987235308,ADAPTER,0.0,0.0,0.0,0.0,0.0,0.0
Step-Separation,0.10706340987235308,Q1-CORE,2.5923266410827637,0.4335067,0.089593165,2.554252,14.184945106506348,2.6412153244018555
Step-Separation,0.10706340987235308,Q1-INNERSKIN,2.6063807010650635,0.4322934,0.07700104,2.569127,14.103364944458008,154.94898986816406
Step-Separation,0.10706340987235308,Q1-OUTERSKIN,2.3472037315368652,0.3398709,0.43500382,2.2813647,14.184965133666992,123.07138061523438
Step-Separation,0.10706340987235308,Q2-CORE,4.426576614379883,1.7695563,0.061222747,-4.057031,21.201379776000977,2.600670576095581
Step-Separation,0.10706340987235308,Q2-INNERSKIN,4.4269609451293945,1.7680104,0.045712657,-4.0583286,20.86194610595703,83.1726303100586
Step-Separation,0.10706340987235308,Q2-OUTERSKIN,4.222916603088379,1.7057564,0.5762159,-3.8198686,20.835878372192383,166.82090759277344
Step-Separation,0.10906254965811968,ADAPTER,0.0,0.0,0.0,0.0,0.0,0.0
Step-Separation,0.10906254965811968,Q1-CORE,2.6034512519836426,0.4298024,0.09282922,2.5660496,14.179811477661133,2.642697334289551
Step-Separation,0.10906254965811968,Q1-INNERSKIN,2.6177775859832764,0.4285869,0.0802852,2.5812063,14.16264820098877,155.3557586669922
Step-Separation,0.10906254965811968,Q1-OUTERSKIN,2.358476400375366,0.33591294,0.43723994,2.293119,14.179828643798828,122.83789825439453
Step-Separation,0.10906254965811968,Q2-CORE,4.464018821716309,1.7798989,0.06440119,-4.093321,20.94884490966797,2.599776029586792
Step-Separation,0.10906254965811968,Q2-INNERSKIN,4.4643940925598145,1.7783589,0.048885852,-4.0946145,20.877437591552734,83.0213394165039
Step-Separation,0.10906254965811968,Q2-OUTERSKIN,4.260310173034668,1.7156303,0.57990724,-3.8562367,20.655336380004883,166.6861572265625
Step-Separation,0.11106168944388628,ADAPTER,0.0,0.0,0.0,0.0,0.0,0.0
Step-Separation,0.11106168944388628,Q1-CORE,2.6145620346069336,0.42613107,0.0961019,2.5778115,14.22756290435791,2.6438612937927246
Step-Separation,0.11106168944388628,Q1-INNERSKIN,2.6291604042053223,0.4249131,0.083606206,2.5932496,14.187788009643555,155.7428436279297
Step-Separation,0.11106168944388628,Q1-OUTERSKIN,2.369844913482666,0.3320696,0.4394779,2.3049412,14.22751522064209,122.65178680419922
Step-Separation,0.11106168944388628,Q2-CORE,4.501768589019775,1.7905067,0.06749492,-4.1298246,20.64988899230957,2.599551200866699
Step-Separation,0.11106168944388628,Q2-INNERSKIN,4.50213623046875,1.7889719,0.051972374,-4.131115,20.6225528717041,82.90766143798828
Step-Separation,0.11106168944388628,Q2-OUTERSKIN,4.297962188720703,1.725602,0.583579,-3.892841,20.57465362548828,166.6544647216797
Step-Separation,0.11306082922965288,ADAPTER,0.0,0.0,0.0,0.0,0.0,0.0
Step-Separation,0.11306082922965288,Q1-CORE,2.625645875930786,0.42242578,0.09941604,2.5895345,14.240592002868652,2.64486026763916
Step-Separation,0.11306082922965288,Q1-INNERSKIN,2.6405155658721924,0.42120665,0.08696785,2.6052532,14.24008560180664,156.1485137939453
Step-Separation,0.11306082922965288,Q1-OUTERSKIN,2.381141424179077,0.32825336,0.44173053,2.3166697,14.16549015045166,122.3953857421875
Step-Separation,0.11306082922965288,Q2-CORE,4.540176868438721,1.8014209,0.07050132,-4.1669073,20.525161743164062,2.6014761924743652
Step-Separation,0.11306082922965288,Q2-INNERSKIN,4.540537357330322,1.7998915,0.05496896,-4.168195,20.271316528320312,82.85879516601562
Step-Separation,0.11306082922965288,Q2-OUTERSKIN,4.336197853088379,1.7358948,0.5873231,-3.9299278,20.20431137084961,166.7089385986328
Step-Separation,0.11505996901541948,ADAPTER,0.0,0.0,0.0,0.0,0.0,0.0
Step-Separation,0.11505996901541948,Q1-CORE,2.636716604232788,0.41882372,0.10268905,2.6012144,14.114175796508789,2.646862506866455
Step-Separation,0.11505996901541948,Q1-INNERSKIN,2.651858329772949,0.41760382,0.09029066,2.6172137,14.11382007598877,156.52220153808594
Step-Separation,0.11505996901541948,Q1-OUTERSKIN,2.392378568649292,0.32436946,0.44396523,2.3283374,14.088276863098145,122.18836212158203
Step-Separation,0.11505996901541948,Q2-CORE,4.577642917633057,1.8117176,0.073634245,-4.2032213,20.122703552246094,2.6014370918273926
Step-Separation,0.11505996901541948,Q2-INNERSKIN,4.5779948234558105,1.8101934,0.058096394,-4.204505,20.117000579833984,82.78592681884766
Step-Separation,0.11505996901541948,Q2-OUTERSKIN,4.37359619140625,1.7456769,0.59095854,-3.9663239,20.038541793823242,166.6404571533203
Step-Separation,0.11705910880118608,ADAPTER,0.0,0.0,0.0,0.0,0.0,0.0
Step-Separation,0.11705910880118608,Q1-CORE,2.6478569507598877,0.41511503,0.10591947,2.6129692,14.18572998046875,2.64864182472229
Step-Separation,0.11705910880118608,Q1-INNERSKIN,2.66327166557312,0.41389456,0.09356754,2.6292493,14.17977237701416,156.9326934814453
Step-Separation,0.11705910880118608,Q1-OUTERSKIN,2.403707265853882,0.32053328,0.44614723,2.3400896,14.183621406555176,121.99497985839844
Step-Separation,0.11705910880118608,Q2-CORE,4.615141868591309,1.8220277,0.07671716,-4.2395597,20.241119384765625,2.601379632949829
Step-Separation,0.11705910880118608,Q2-INNERSKIN,4.615485668182373,1.8205104,0.061171927,-4.240838,20.159809112548828,82.68408966064453
Step-Separation,0.11705910880118608,Q2-OUTERSKIN,4.411004066467285,1.7553948,0.5946276,-4.002744,20.072607040405273,166.63363647460938
Step-Separation,0.11905824858695269,ADAPTER,0.0,0.0,0.0,0.0,0.0,0.0
Step-Separation,0.11905824858695269,Q1-CORE,2.6588692665100098,0.4114612,0.109165035,2.6245701,14.15540885925293,2.650146961212158
Step-Separation,0.11905824858695269,Q1-INNERSKIN,2.6745569705963135,0.41023806,0.096862145,2.6411319,14.113354682922363,157.32723999023438
Step-Separation,0.11905824858695269,Q1-OUTERSKIN,2.4148943424224854,0.31663376,0.44833615,2.3516915,14.153234481811523,121.77189636230469
Step-Separation,0.11905824858695269,Q2-CORE,4.652655124664307,1.8322641,0.07976123,-4.275938,20.070899963378906,2.6021556854248047
Step-Separation,0.11905824858695269,Q2-INNERSKIN,4.65299129486084,1.8307513,0.06420825,-4.2772136,20.051029205322266,82.58291625976562
Step-Separation,0.11905824858695269,Q2-OUTERSKIN,4.448368549346924,1.765066,0.5982838,-4.039131,19.937114715576172,166.6924591064453
Step-Separation,0.12105738837271929,ADAPTER,0.0,0.0,0.0,0.0,0.0,0.0
Step-Separation,0.12105738837271929,Q1-CORE,2.66982364654541,0.4078005,0.11237354,2.6361012,14.125219345092773,2.6515145301818848
Step-Separation,0.12105738837271929,Q1-INNERSKIN,2.6857852935791016,0.40657547,0.100118004,2.6529446,14.083139419555664,157.70494079589844
Step-Separation,0.12105738837271929,Q1-OUTERSKIN,2.4260706901550293,0.31269878,0.45052013,2.3632753,14.12523078918457,121.54546356201172
Step-Separation,0.12105738837271929,Q2-CORE,4.689472675323486,1.8420677,0.08283696,-4.3117375,19.939205169677734,2.6016156673431396
Step-Separation,0.12105738837271929,Q2-INNERSKIN,4.689802646636963,1.8405613,0.06727814,-4.31301,19.93938446044922,82.48727416992188
Step-Separation,0.12105738837271929,Q2-OUTERSKIN,4.485046863555908,1.7743028,0.60184497,-4.0749574,19.791955947875977,166.5944061279297
Step-Separation,0.12305652815848589,ADAPTER,0.0,0.0,0.0,0.0,0.0,0.0
Step-Separation,0.12305652815848589,Q1-CORE,2.6808581352233887,0.40406084,0.11561587,2.6477098,14.094856262207031,2.6533355712890625
Step-Separation,0.12305652815848589,Q1-INNERSKIN,2.6970932483673096,0.40283462,0.103408776,2.6648345,14.086413383483887,158.11273193359375
Step-Separation,0.12305652815848589,Q1-OUTERSKIN,2.4372451305389404,0.3088637,0.45269105,2.3748343,14.094868659973145,121.34123229980469
Step-Separation,0.12305652815848589,Q2-CORE,4.726284027099609,1.8518764,0.08587744,-4.347521,20.144908905029297,2.602753162384033
Step-Separation,0.12305652815848589,Q2-INNERSKIN,4.7266058921813965,1.8503749,0.07031191,-4.3487897,19.8527774810791,82.37457275390625
Step-Separation,0.12305652815848589,Q2-OUTERSKIN,4.521754264831543,1.7834997,0.6054386,-4.1108193,19.839412689208984,166.55941772460938
Step-Separation,0.1250556679442525,ADAPTER,0.0,0.0,0.0,0.0,0.0,0.0
Step-Separation,0.1250556679442525,Q1-CORE,2.691815137863159,0.40038088,0.11882198,2.6592188,14.110457420349121,2.6543197631835938
Step-Separation,0.1250556679442525,Q1-INNERSKIN,2.7083241939544678,0.3991524,0.106662765,2.6766248,14.099957466125488,158.50511169433594
Step-Separation,0.1250556679442525,Q1-OUTERSKIN,2.4484171867370605,0.30494785,0.454885,2.386385,14.11047077178955,121.11138916015625
Step-Separation,0.1250556679442525,Q2-CORE,4.762815475463867,1.8614535,0.08891484,-4.383092,19.950937271118164,2.603302001953125
Step-Separation,0.1250556679442525,Q2-INNERSKIN,4.763129711151123,1.8599583,0.073342174,-4.3843565,19.875452041625977,82.29129028320312
Step-Separation,0.1250556679442525,Q2-OUTERSKIN,4.55820369720459,1.7925268,0.6090034,-4.1464663,19.69291877746582,166.54843139648438
Step-Separation,0.1270548077300191,ADAPTER,0.0,0.0,0.0,0.0,0.0,0.0
Step-Separation,0.1270548077300191,Q1-CORE,2.702833652496338,0.3966503,0.12205659,2.6707828,14.072712898254395,2.6564977169036865
Step-Separation,0.1270548077300191,Q1-INNERSKIN,2.719616174697876,0.39542025,0.10994521,2.6884692,14.018494606018066,158.88967895507812
Step-Separation,0.1270548077300191,Q1-OUTERSKIN,2.459611415863037,0.3011046,0.4570881,2.3979356,14.072725296020508,120.89897918701172
Step-Separation,0.1270548077300191,Q2-CORE,4.799038410186768,1.8707944,0.0919418,-4.418421,19.707414627075195,2.602898597717285
Step-Separation,0.1270548077300191,Q2-INNERSKIN,4.799346923828125,1.8693045,0.07636301,-4.419683,19.70734214782715,82.1695785522461
Step-Separation,0.1270548077300191,Q2-OUTERSKIN,4.594324588775635,1.8013561,0.6125201,-4.181836,19.565345764160156,166.44171142578125
Step-Separation,0.1290539475157857,ADAPTER,0.0,0.0,0.0,0.0,0.0,0.0
Step-Separation,0.1290539475157857,Q1-CORE,2.7138495445251465,0.3930152,0.12529552,2.682316,14.09308910369873,2.6577038764953613
Step-Separation,0.1290539475157857,Q1-INNERSKIN,2.730905771255493,0.39178345,0.11323181,2.7002835,14.029820442199707,159.26373291015625
Step-Separation,0.1290539475157857,Q1-OUTERSKIN,2.470839023590088,0.29716748,0.45930856,2.409517,14.093099594116211,120.68177032470703
Step-Separation,0.1290539475157857,Q2-CORE,4.835272789001465,1.880129,0.09492986,-4.4537587,19.59563636779785,2.6035115718841553
Step-Separation,0.1290539475157857,Q2-INNERSKIN,4.835573196411133,1.878644,0.07934429,-4.455016,19.531381607055664,82.07666015625
Step-Separation,0.1290539475157857,Q2-OUTERSKIN,4.630506992340088,1.8101566,0.6160404,-4.217277,19.514999389648438,166.4136505126953
Step-Separation,0.1310530947521329,ADAPTER,0.0,0.0,0.0,0.0,0.0,0.0
Step-Separation,0.1310530947521329,Q1-CORE,2.724886655807495,0.38933504,0.12850547,2.6938655,14.140558242797852,2.659268617630005
Step-Separation,0.1310530947521329,Q1-INNERSKIN,2.742217779159546,0.3881011,0.11648907,2.7121146,14.072492599487305,159.6501922607422
Step-Separation,0.1310530947521329,Q1-OUTERSKIN,2.4820446968078613,0.29331043,0.46150798,2.4210587,14.140567779541016,120.4574203491211
Step-Separation,0.1310530947521329,Q2-CORE,4.871532440185547,1.8894074,0.0979287,-4.48914,19.471660614013672,2.6039578914642334
Step-Separation,0.1310530947521329,Q2-INNERSKIN,4.871824741363525,1.8879278,0.08233671,-4.4903927,19.42542266845703,82.00825500488281
Step-Separation,0.1310530947521329,Q2-OUTERSKIN,4.666610240936279,1.8188897,0.61958367,-4.252647,19.409826278686523,166.40611267089844
Step-Separation,0.1330522345378995,ADAPTER,0.0,0.0,0.0,0.0,0.0,0.0
Step-Separation,0.1330522345378995,Q1-CORE,2.735947847366333,0.3856712,0.13171571,2.705424,14.071063041687012,2.6604201793670654
Step-Separation,0.1330522345378995,Q1-INNERSKIN,2.753553867340088,0.3844352,0.119747534,2.7239547,14.033002853393555,160.04507446289062
Step-Separation,0.1330522345378995,Q1-OUTERSKIN,2.4932827949523926,0.28949288,0.46369594,2.4326198,14.071076393127441,120.24723052978516
Step-Separation,0.1330522345378995,Q2-CORE,4.907487869262695,1.8984747,0.100923136,-4.524273,19.45087432861328,2.6042017936706543
Step-Separation,0.1330522345378995,Q2-INNERSKIN,4.907772541046143,1.8970004,0.08532496,-4.5255213,19.36618995666504,81.92915344238281
Step-Separation,0.1330522345378995,Q2-OUTERSKIN,4.7024993896484375,1.8274647,0.62309575,-4.287846,19.336278915405273,166.35794067382812
Step-Separation,0.1350513743236661,ADAPTER,0.0,0.0,0.0,0.0,0.0,0.0
Step-Separation,0.1350513743236661,Q1-CORE,2.747109889984131,0.38204584,0.13488978,2.717068,13.965840339660645,2.662801742553711
Step-Separation,0.1350513743236661,Q1-INNERSKIN,2.76499080657959,0.3808078,0.12296839,2.73588,13.913326263427734,160.44630432128906
Step-Separation,0.1350513743236661,Q1-OUTERSKIN,2.5046167373657227,0.2856851,0.46590126,2.4442637,13.965851783752441,120.0507583618164
Step-Separation,0.1350513743236661,Q2-CORE,4.943448066711426,1.9075502,0.10390152,-4.5594006,19.371685028076172,2.604592800140381
Step-Separation,0.1350513743236661,Q2-INNERSKIN,4.943727493286133,1.9060806,0.08829686,-4.560647,19.322450637817383,81.83283996582031
Step-Separation,0.1350513743236661,Q2-OUTERSKIN,4.7383599281311035,1.8359712,0.6266183,-4.323033,19.292707443237305,166.33193969726562
Step-Separation,0.1370505141094327,ADAPTER,0.0,0.0,0.0,0.0,0.0,0.0
Step-Separation,0.1370505141094327,Q1-CORE,2.7581863403320312,0.37841845,0.13808902,2.728612,13.962970733642578,2.666801929473877
Step-Separation,0.1370505141094327,Q1-INNERSKIN,2.7763426303863525,0.3771781,0.12621559,2.7477055,13.949187278747559,160.84071350097656
Step-Separation,0.1370505141094327,Q1-OUTERSKIN,2.515869379043579,0.28185776,0.46807754,2.4558213,13.962979316711426,119.83686065673828
Step-Separation,0.1370505141094327,Q2-CORE,4.979210376739502,1.9164587,0.10686213,-4.594377,19.239816665649414,2.6051838397979736
Step-Separation,0.1370505141094327,Q2-INNERSKIN,4.979483604431152,1.9149945,0.09125094,-4.59562,19.208999633789062,81.74513244628906
Step-Separation,0.1370505141094327,Q2-OUTERSKIN,4.774036884307861,1.8443475,0.63011855,-4.3580685,19.20344352722168,166.31509399414062
Step-Separation,0.1390496538951993,ADAPTER,0.0,0.0,0.0,0.0,0.0,0.0
Step-Separation,0.1390496538951993,Q1-CORE,2.769239902496338,0.37479484,0.1412825,2.74012,14.021830558776855,2.6786484718322754
Step-Separation,0.1390496538951993,Q1-INNERSKIN,2.7876710891723633,0.3735541,0.12945627,2.7594943,14.019962310791016,161.22299194335938
Step-Separation,0.1390496538951993,Q1-OUTERSKIN,2.527094841003418,0.278013,0.47024786,2.4673436,14.021839141845703,119.62992858886719
Step-Separation,0.1390496538951993,Q2-CORE,5.014778137207031,1.9251971,0.10982594,-4.6292067,19.207271575927734,2.605400323867798
Step-Separation,0.1390496538951993,Q2-INNERSKIN,5.015044689178467,1.9237379,0.0942087,-4.630446,19.18307876586914,81.66399383544922
Step-Separation,0.1390496538951993,Q2-OUTERSKIN,4.809491157531738,1.8525658,0.6335791,-4.3929243,19.166959762573242,166.26654052734375
Step-Separation,0.1410487936809659,ADAPTER,0.0,0.0,0.0,0.0,0.0,0.0
Step-Separation,0.1410487936809659,Q1-CORE,2.780324697494507,0.37119928,0.14444843,2.7516453,14.003716468811035,2.690739631652832
Step-Separation,0.1410487936809659,Q1-INNERSKIN,2.799031972885132,0.36995766,0.13266952,2.771301,13.94282054901123,161.6001739501953
Step-Separation,0.1410487936809659,Q1-OUTERSKIN,2.5383567810058594,0.27420315,0.47242355,2.4788876,14.0037260055542,119.4225082397461
Step-Separation,0.1410487936809659,Q2-CORE,5.050317287445068,1.9338921,0.11276491,-4.6640167,19.172840118408203,2.60536789894104
Step-Separation,0.1410487936809659,Q2-INNERSKIN,5.050576686859131,1.9324374,0.097141236,-4.6652517,19.13418197631836,81.57025909423828
Step-Separation,0.1410487936809659,Q2-OUTERSKIN,4.844946384429932,1.8607568,0.6370436,-4.4277835,19.13748550415039,166.23231506347656
Step-Separation,0.1430479334667325,ADAPTER,0.0,0.0,0.0,0.0,0.0,0.0
Step-Separation,0.1430479334667325,Q1-CORE,2.7913591861724854,0.36758223,0.14761981,2.7631102,13.996050834655762,2.703369379043579
Step-Separation,0.1430479334667325,Q1-INNERSKIN,2.8103420734405518,0.36633956,0.13588853,2.7830472,13.942923545837402,161.98374938964844
Step-Separation,0.1430479334667325,Q1-OUTERSKIN,2.5495688915252686,0.27040556,0.4745788,2.490373,13.996060371398926,119.20852661132812
Step-Separation,0.1430479334667325,Q2-CORE,5.085704326629639,1.942473,0.115704685,-4.698702,19.078540802001953,2.606295347213745
Step-Separation,0.1430479334667325,Q2-INNERSKIN,5.0859575271606445,1.9410233,0.10007481,-4.699934,19.05032730102539,81.50553131103516
Step-Separation,0.1430479334667325,Q2-OUTERSKIN,4.880247592926025,1.8688257,0.64049625,-4.4625187,19.031038284301758,166.22024536132812
Step-Separation,0.1450470732524991,ADAPTER,0.0,0.0,0.0,0.0,0.0,0.0
Step-Separation,0.1450470732524991,Q1-CORE,2.8024184703826904,0.36397392,0.15077423,2.774588,14.015650749206543,2.71645450592041
Step-Separation,0.1450470732524991,Q1-INNERSKIN,2.821676731109619,0.3627311,0.13909115,2.7948058,13.883398056030273,162.3498992919922
Step-Separation,0.1450470732524991,Q1-OUTERSKIN,2.560767889022827,0.26661497,0.47673893,2.501833,14.015658378601074,119.00331115722656
Step-Separation,0.1450470732524991,Q2-CORE,5.12092924118042,1.9509233,0.11864452,-4.7332587,19.00524139404297,2.60652756690979
Step-Separation,0.1450470732524991,Q2-INNERSKIN,5.121175765991211,1.9494786,0.10300836,-4.7344866,19.0052547454834,81.42929077148438
Step-Separation,0.1450470732524991,Q2-OUTERSKIN,4.915399551391602,1.876778,0.6439461,-4.4971313,18.988752365112305,166.17530822753906
Step-Separation,0.1470462130382657,ADAPTER,0.0,0.0,0.0,0.0,0.0,0.0
Step-Separation,0.1470462130382657,Q1-CORE,2.813450336456299,0.36036095,0.15392847,2.7860274,14.042491912841797,2.7272348403930664
Step-Separation,0.1470462130382657,Q1-INNERSKIN,2.832984685897827,0.359117,0.14229406,2.8065262,13.944345474243164,162.7189483642578
Step-Separation,0.1470462130382657,Q1-OUTERSKIN,2.5719847679138184,0.26281342,0.47890484,2.5133016,14.042498588562012,118.7857666015625
Step-Separation,0.1470462130382657,Q2-CORE,5.15609073638916,1.9593045,0.12155095,-4.767769,18.958065032958984,2.606463670730591
Step-Separation,0.1470462130382657,Q2-INNERSKIN,5.156330108642578,1.957864,0.10590863,-4.768993,18.946826934814453,81.3530502319336
Step-Separation,0.1470462130382657,Q2-OUTERSKIN,4.950504779815674,1.8846828,0.6473756,-4.5317073,18.94469451904297,166.1571502685547
Step-Separation,0.1490453528240323,ADAPTER,0.0,0.0,0.0,0.0,0.0,0.0
Step-Separation,0.1490453528240323,Q1-CORE,2.8246517181396484,0.35683143,0.15705317,2.7976174,14.052940368652344,2.740142583847046
Step-Separation,0.1490453528240323,Q1-INNERSKIN,2.8444626331329346,0.35558605,0.14546578,2.8183978,13.95373821258545,163.10914611816406
Step-Separation,0.1490453528240323,Q1-OUTERSKIN,2.5833446979522705,0.25905588,0.48109686,2.524897,14.052947044372559,118.60911560058594
Step-Separation,0.1490453528240323,Q2-CORE,5.191169738769531,1.9675988,0.124448135,-4.8022194,18.92862892150879,2.606675624847412
Step-Separation,0.1490453528240323,Q2-INNERSKIN,5.191402435302734,1.9661629,0.108799756,-4.8034387,18.928791046142578,81.28178405761719
Step-Separation,0.1490453528240323,Q2-OUTERSKIN,4.9854736328125,1.8924747,0.65079135,-4.5661755,18.85951805114746,166.1392822265625
Step-Separation,0.1510444926097989,ADAPTER,0.0,0.0,0.0,0.0,0.0,0.0
Step-Separation,0.1510444926097989,Q1-CORE,2.8357157707214355,0.35327798,0.16018096,2.8090603,13.882792472839355,2.75360369682312
Step-Separation,0.1510444926097989,Q1-INNERSKIN,2.855804681777954,0.35202447,0.14864166,2.8301246,13.748769760131836,163.50709533691406
Step-Separation,0.1510444926097989,Q1-OUTERSKIN,2.5945489406585693,0.2552896,0.48324853,2.5363324,13.882800102233887,118.39706420898438
Step-Separation,0.1510444926097989,Q2-CORE,5.226025581359863,1.9757552,0.12735347,-4.8364778,18.90950584411621,2.607062339782715
Step-Separation,0.1510444926097989,Q2-INNERSKIN,5.226253986358643,1.9743251,0.11170018,-4.837695,18.85618019104004,81.21707916259766
Step-Separation,0.1510444926097989,Q2-OUTERSKIN,5.020257949829102,1.9001237,0.65418094,-4.600497,18.795841217041016,166.10787963867188
Step-Separation,0.1530436323955655,ADAPTER,0.0,0.0,0.0,0.0,0.0,0.0
Step-Separation,0.1530436323955655,Q1-CORE,2.846640110015869,0.34966257,0.16331384,2.820359,13.778762817382812,2.7666850090026855
Step-Separation,0.1530436323955655,Q1-INNERSKIN,2.867006301879883,0.34840629,0.15182255,2.841705,13.728311538696289,163.85946655273438
Step-Separation,0.1530436323955655,Q1-OUTERSKIN,2.605663776397705,0.251502,0.4854011,2.5476687,13.778772354125977,118.1773910522461
Step-Separation,0.1530436323955655,Q2-CORE,5.2608232498168945,1.9838548,0.13023818,-4.87069,18.83596420288086,2.6075243949890137
Step-Separation,0.1530436323955655,Q2-INNERSKIN,5.261046409606934,1.9824286,0.114578635,-4.871905,18.823041915893555,81.13233184814453
Step-Separation,0.1530436323955655,Q2-OUTERSKIN,5.054993152618408,1.9077266,0.65756726,-4.634775,18.764036178588867,166.0917205810547
Step-Separation,0.1550427721813321,ADAPTER,0.0,0.0,0.0,0.0,0.0,0.0
Step-Separation,0.1550427721813321,Q1-CORE,2.857625722885132,0.34609526,0.16643819,2.8317027,13.830680847167969,2.777985095977783
Step-Separation,0.1550427721813321,Q1-INNERSKIN,2.878268003463745,0.34483972,0.15499198,2.8533297,13.802927017211914,164.22654724121094
Step-Separation,0.1550427721813321,Q1-OUTERSKIN,2.616813898086548,0.24769583,0.48755106,2.559034,13.830373764038086,117.97477722167969
Step-Separation,0.1550427721813321,Q2-CORE,5.295468330383301,1.9918195,0.1331172,-4.904785,18.754619598388672,2.607816696166992
Step-Separation,0.1550427721813321,Q2-INNERSKIN,5.295685291290283,1.9903983,0.11745156,-4.905997,18.754650115966797,81.06470489501953
Step-Separation,0.1550427721813321,Q2-OUTERSKIN,5.089559555053711,1.9152154,0.66093993,-4.6689105,18.694196701049805,166.0675811767578
Step-Separation,0.1570419119670987,ADAPTER,0.0,0.0,0.0,0.0,0.0,0.0
Step-Separation,0.1570419119670987,Q1-CORE,2.868583917617798,0.34248134,0.16957846,2.843013,13.790998458862305,2.7889292240142822
Step-Separation,0.1570419119670987,Q1-INNERSKIN,2.8895018100738525,0.34122717,0.15817955,2.8649197,13.754904747009277,164.61160278320312
Step-Separation,0.1570419119670987,Q1-OUTERSKIN,2.6278927326202393,0.24391794,0.48963937,2.5703263,13.790811538696289,117.7754898071289
Step-Separation,0.1570419119670987,Q2-CORE,5.329991340637207,1.9996766,0.13599113,-4.938786,18.681798934936523,2.608067035675049
Step-Separation,0.1570419119670987,Q2-INNERSKIN,5.330203533172607,1.9982606,0.12031937,-4.939995,18.625593185424805,80.99214172363281
Step-Separation,0.1570419119670987,Q2-OUTERSKIN,5.123979568481445,1.9226009,0.6643013,-4.702922,18.644432067871094,166.04376220703125
Step-Separation,0.15904105175286531,ADAPTER,0.0,0.0,0.0,0.0,0.0,0.0
Step-Separation,0.15904105175286531,Q1-CORE,2.879502534866333,0.33888844,0.17265186,2.854274,13.854631423950195,2.8022255897521973
Step-Separation,0.15904105175286531,Q1-INNERSKIN,2.9006969928741455,0.3376365,0.1613001,2.8764608,13.774147987365723,164.9534912109375
Step-Separation,0.15904105175286531,Q1-OUTERSKIN,2.638960838317871,0.24017882,0.49173507,2.5815935,13.854636192321777,117.56404113769531
Step-Separation,0.15904105175286531,Q2-CORE,5.364435195922852,2.007502,0.13884331,-4.9727077,18.609556198120117,2.608229637145996
Step-Separation,0.15904105175286531,Q2-INNERSKIN,5.36464262008667,2.0060906,0.1231658,-4.973914,18.609540939331055,80.92230987548828
Step-Separation,0.15904105175286531,Q2-OUTERSKIN,5.158370018005371,1.9299115,0.6676605,-4.736924,18.592798233032227,166.0186309814453
Step-Separation,0.16104019153863192,ADAPTER,0.0,0.0,0.0,0.0,0.0,0.0
Step-Separation,0.16104019153863192,Q1-CORE,2.8904483318328857,0.3353159,0.17575628,2.865548,13.774237632751465,2.8142480850219727
Step-Separation,0.16104019153863192,Q1-INNERSKIN,2.911919355392456,0.33406493,0.16445303,2.888015,13.724991798400879,165.4482879638672
Step-Separation,0.16104019153863192,Q1-OUTERSKIN,2.6500601768493652,0.23642212,0.49386325,2.592879,13.774242401123047,117.35760498046875
Step-Separation,0.16104019153863192,Q2-CORE,5.398752689361572,2.015218,0.14170408,-5.0065303,18.545515060424805,2.6086204051971436
Step-Separation,0.16104019153863192,Q2-INNERSKIN,5.39895486831665,2.0138113,0.12602077,-5.007734,18.545129776000977,80.85909271240234
Step-Separation,0.16104019153863192,Q2-OUTERSKIN,5.192610263824463,1.9371194,0.6710001,-4.7707996,18.533044815063477,165.9999542236328
Step-Separation,0.16303933132439852,ADAPTER,0.0,0.0,0.0,0.0,0.0,0.0
Step-Separation,0.16303933132439852,Q1-CORE,2.901510000228882,0.33181947,0.17884088,2.8769207,13.750996589660645,2.8254470825195312
Step-Separation,0.16303933132439852,Q1-INNERSKIN,2.9232585430145264,0.33056778,0.1675849,2.8996692,13.739303588867188,166.01986694335938
Step-Separation,0.16303933132439852,Q1-OUTERSKIN,2.661281108856201,0.23267066,0.49600562,2.6042774,13.75100040435791,117.17371368408203
Step-Separation,0.16303933132439852,Q2-CORE,5.432926654815674,2.0227826,0.14455482,-5.0402527,18.515573501586914,2.6089930534362793
Step-Separation,0.16303933132439852,Q2-INNERSKIN,5.433125019073486,2.0213807,0.12886563,-5.0414543,18.475149154663086,80.79460906982422
Step-Separation,0.16303933132439852,Q2-OUTERSKIN,5.226714611053467,1.9442636,0.6743293,-4.8045464,18.498565673828125,165.97561645507812
Step-Separation,0.16503847111016512,ADAPTER,0.0,0.0,0.0,0.0,0.0,0.0
Step-Separation,0.16503847111016512,Q1-CORE,2.9125006198883057,0.32828477,0.18194646,2.8882148,13.690621376037598,2.8370707035064697
Step-Separation,0.16503847111016512,Q1-INNERSKIN,2.934527635574341,0.32702905,0.17073911,2.911246,13.635065078735352,166.5748291015625
Step-Separation,0.16503847111016512,Q1-OUTERSKIN,2.6723809242248535,0.22894648,0.49811867,2.615546,13.690624237060547,116.97081756591797
Step-Separation,0.16503847111016512,Q2-CORE,5.467029571533203,2.0302956,0.14739677,-5.0739126,18.454639434814453,2.609398603439331
Step-Separation,0.16503847111016512,Q2-INNERSKIN,5.467222690582275,2.0288982,0.13170186,-5.075111,18.454368591308594,80.7184066772461
Step-Separation,0.16503847111016512,Q2-OUTERSKIN,5.260748386383057,1.9513283,0.67765605,-4.838241,18.4335880279541,165.954833984375
Step-Separation,0.16703761089593172,ADAPTER,0.0,0.0,0.0,0.0,0.0,0.0
Step-Separation,0.16703761089593172,Q1-CORE,2.9234540462493896,0.32476184,0.18502858,2.8994617,13.615697860717773,2.8489573001861572
Step-Separation,0.16703761089593172,Q1-INNERSKIN,2.945758819580078,0.32350326,0.17386705,2.9227746,13.548843383789062,167.14950561523438
Step-Separation,0.16703761089593172,Q1-OUTERSKIN,2.6835131645202637,0.22525445,0.5002507,2.6268332,13.615700721740723,117.1962890625
Step-Separation,0.16703761089593172,Q2-CORE,5.500981330871582,2.0377283,0.15023161,-5.1074347,18.409486770629883,2.6094260215759277
Step-Separation,0.16703761089593172,Q2-INNERSKIN,5.5011677742004395,2.0363357,0.1345309,-5.1086287,18.409469604492188,80.65071868896484
Step-Separation,0.16703761089593172,Q2-OUTERSKIN,5.294647216796875,1.958268,0.68096066,-4.8718343,18.37941551208496,165.9234161376953
Step-Separation,0.16903675068169832,ADAPTER,0.0,0.0,0.0,0.0,0.0,0.0
Step-Separation,0.16903675068169832,Q1-CORE,2.9344446659088135,0.32126242,0.18809894,2.9107344,13.623536109924316,2.86128568649292
Step-Separation,0.16903675068169832,Q1-INNERSKIN,2.957026958465576,0.32000405,0.17698252,2.9343283,13.570317268371582,167.6971893310547
Step-Separation,0.16903675068169832,Q1-OUTERSKIN,2.6946451663970947,0.22153857,0.502373,2.638116,13.623540878295898,117.97977447509766
Step-Separation,0.16903675068169832,Q2-CORE,5.534857749938965,2.0450797,0.15305825,-5.140902,18.3547420501709,2.6097209453582764
Step-Separation,0.16903675068169832,Q2-INNERSKIN,5.53503942489624,2.0436916,0.13735223,-5.1420927,18.354698181152344,80.58898162841797
Step-Separation,0.16903675068169832,Q2-OUTERSKIN,5.32844877243042,1.9651306,0.68425286,-4.9053464,18.331541061401367,165.90037536621094
Step-Separation,0.17103589046746492,ADAPTER,0.0,0.0,0.0,0.0,0.0,0.0
Step-Separation,0.17103589046746492,Q1-CORE,2.9454333782196045,0.31775466,0.1911566,2.9219973,13.563465118408203,2.8737337589263916
Step-Separation,0.17103589046746492,Q1-INNERSKIN,2.9682931900024414,0.31649578,0.18008685,2.9458723,13.532206535339355,168.24562072753906
Step-Separation,0.17103589046746492,Q1-OUTERSKIN,2.705784797668457,0.2178337,0.5044906,2.6493979,13.563146591186523,118.7710189819336
Step-Separation,0.17103589046746492,Q2-CORE,5.568659782409668,2.0523503,0.15587685,-5.1743145,18.357709884643555,2.609985113143921
Step-Separation,0.17103589046746492,Q2-INNERSKIN,5.568836212158203,2.0509663,0.14016499,-5.175503,18.357675552368164,80.52589416503906
Step-Separation,0.17103589046746492,Q2-OUTERSKIN,5.362185955047607,1.9719585,0.6875473,-4.938795,18.288047790527344,165.87994384765625
Step-Separation,0.17303503025323153,ADAPTER,0.0,0.0,0.0,0.0,0.0,0.0
Step-Separation,0.17303503025323153,Q1-CORE,2.956343650817871,0.31422845,0.19421437,2.933174,13.556224822998047,2.885942220687866
Step-Separation,0.17303503025323153,Q1-INNERSKIN,2.979480743408203,0.31297007,0.18319085,2.9573293,13.514771461486816,168.7880096435547
Step-Separation,0.17303503025323153,Q1-OUTERSKIN,2.7168514728546143,0.21413168,0.50659823,2.6605992,13.556049346923828,119.53864288330078
Step-Separation,0.17303503025323153,Q2-CORE,5.602344036102295,2.0595362,0.15869233,-5.207628,18.28285026550293,2.610243558883667
Step-Separation,0.17303503025323153,Q2-INNERSKIN,5.602514743804932,2.0581567,0.14297491,-5.2088118,18.282772064208984,80.46021270751953
Step-Separation,0.17303503025323153,Q2-OUTERSKIN,5.395808219909668,1.9786918,0.6908301,-4.9721503,18.250686645507812,165.85455322265625
Step-Separation,0.17503417003899813,ADAPTER,0.0,0.0,0.0,0.0,0.0,0.0
Step-Separation,0.17503417003899813,Q1-CORE,2.9672963619232178,0.31073382,0.1972568,2.9443815,13.625510215759277,2.8980517387390137
Step-Separation,0.17503417003899813,Q1-INNERSKIN,2.990711212158203,0.30947685,0.18627977,2.9688175,13.57537841796875,169.34840393066406
Step-Separation,0.17503417003899813,Q1-OUTERSKIN,2.727919578552246,0.21043876,0.5086875,2.6717968,13.625508308410645,120.3044204711914
Step-Separation,0.17503417003899813,Q2-CORE,5.6359381675720215,2.0666595,0.1614995,-5.2408624,18.257299423217773,2.6105551719665527
Step-Separation,0.17503417003899813,Q2-INNERSKIN,5.63610315322876,2.0652847,0.14577627,-5.2420425,18.213266372680664,80.39544677734375
Step-Separation,0.17503417003899813,Q2-OUTERSKIN,5.429347991943359,1.9853408,0.69410574,-5.005443,18.200571060180664,165.8309783935547
Step-Separation,0.17703330982476473,ADAPTER,0.0,0.0,0.0,0.0,0.0,0.0
Step-Separation,0.17703330982476473,Q1-CORE,2.978231191635132,0.30725387,0.20028943,2.955561,13.63502025604248,2.9084837436676025
Step-Separation,0.17703330982476473,Q1-INNERSKIN,3.001924514770508,0.3059956,0.18935841,2.9802787,13.58200740814209,169.9142608642578
Step-Separation,0.17703330982476473,Q1-OUTERSKIN,2.738983154296875,0.2067684,0.510787,2.6829782,13.635019302368164,121.07625579833984
Step-Separation,0.17703330982476473,Q2-CORE,5.669451713562012,2.0736957,0.1642974,-5.2740383,18.163467407226562,2.6108367443084717
Step-Separation,0.17703330982476473,Q2-INNERSKIN,5.66961145401001,2.0723248,0.1485687,-5.2752147,18.163501739501953,80.33234405517578
Step-Separation,0.17703330982476473,Q2-OUTERSKIN,5.462801456451416,1.9919332,0.69736886,-5.038658,18.141380310058594,165.81051635742188
Step-Separation,0.17903244961053133,ADAPTER,0.0,0.0,0.0,0.0,0.0,0.0
Step-Separation,0.17903244961053133,Q1-CORE,2.9890999794006348,0.3037689,0.20333159,2.9666646,13.552521705627441,2.919563055038452
Step-Separation,0.17903244961053133,Q1-INNERSKIN,3.0130717754364014,0.30250996,0.19244811,2.991664,13.4879150390625,170.4636688232422
Step-Separation,0.17903244961053133,Q1-OUTERSKIN,2.7500030994415283,0.20308343,0.5128473,2.694116,13.552523612976074,121.83617401123047
Step-Separation,0.17903244961053133,Q2-CORE,5.702882289886475,2.0806541,0.16709262,-5.3071485,18.131717681884766,2.610987663269043
Step-Separation,0.17903244961053133,Q2-INNERSKIN,5.703038215637207,2.0792878,0.15135838,-5.3083234,18.11015510559082,80.26904296875
Step-Separation,0.17903244961053133,Q2-OUTERSKIN,5.496160507202148,1.9984535,0.7006221,-5.071794,18.104297637939453,165.78427124023438
Step-Separation,0.18103158939629793,ADAPTER,0.0,0.0,0.0,0.0,0.0,0.0
Step-Separation,0.18103158939629793,Q1-CORE,2.9999828338623047,0.3002806,0.2063438,2.9777763,13.531524658203125,2.9313547611236572
Step-Separation,0.18103158939629793,Q1-INNERSKIN,3.0242321491241455,0.29902208,0.19550672,3.0030556,13.515122413635254,171.00323486328125
Step-Separation,0.18103158939629793,Q1-OUTERSKIN,2.761028528213501,0.19943279,0.5149276,2.7052457,13.531525611877441,122.61695861816406
Step-Separation,0.18103158939629793,Q2-CORE,5.736218452453613,2.0875626,0.16987923,-5.340171,18.135313034057617,2.6112303733825684
Step-Separation,0.18103158939629793,Q2-INNERSKIN,5.736369609832764,2.086201,0.15413956,-5.341343,18.08961296081543,80.21488952636719
Step-Separation,0.18103158939629793,Q2-OUTERSKIN,5.52944803237915,2.0048983,0.70386326,-5.1048756,18.075857162475586,165.7596435546875
Step-Separation,0.18303072918206453,ADAPTER,0.0,0.0,0.0,0.0,0.0,0.0
Step-Separation,0.18303072918206453,Q1-CORE,3.0108718872070312,0.29681098,0.20936355,2.9888828,13.481830596923828,2.9431729316711426
Step-Separation,0.18303072918206453,Q1-INNERSKIN,3.0353994369506836,0.2955529,0.19857323,3.0144432,13.463358879089355,171.55062866210938
Step-Separation,0.18303072918206453,Q1-OUTERSKIN,2.772040605545044,0.1957652,0.5170169,2.716354,13.481830596923828,123.37147521972656
Step-Separation,0.18303072918206453,Q2-CORE,5.769476890563965,2.0943997,0.17266002,-5.3731318,18.0966854095459,2.611513376235962
Step-Separation,0.18303072918206453,Q2-INNERSKIN,5.769623756408691,2.0930429,0.15691492,-5.374301,18.036718368530273,80.15704345703125
Step-Separation,0.18303072918206453,Q2-OUTERSKIN,5.562662601470947,2.0112798,0.70710623,-5.1378956,18.03073501586914,165.7392578125
Step-Separation,0.18502986896783113,ADAPTER,0.0,0.0,0.0,0.0,0.0,0.0
Step-Separation,0.18502986896783113,Q1-CORE,3.021700382232666,0.29334408,0.21238436,2.9999192,13.454096794128418,2.9548559188842773
Step-Separation,0.18502986896783113,Q1-INNERSKIN,3.046506643295288,0.29208738,0.20163946,3.025761,13.397685050964355,172.10377502441406
Step-Separation,0.18502986896783113,Q1-OUTERSKIN,2.7830162048339844,0.19209822,0.5190989,2.727419,13.454096794128418,124.15104675292969
Step-Separation,0.18502986896783113,Q2-CORE,5.802641868591309,2.1011322,0.17543875,-5.4060264,18.067392349243164,2.6117172241210938
Step-Separation,0.18502986896783113,Q2-INNERSKIN,5.802784442901611,2.0997794,0.15968831,-5.4071927,18.065488815307617,80.09284210205078
Step-Separation,0.18502986896783113,Q2-OUTERSKIN,5.595771312713623,2.017599,0.7103403,-5.170819,17.999374389648438,165.71377563476562
Step-Separation,0.18702900875359774,ADAPTER,0.0,0.0,0.0,0.0,0.0,0.0
Step-Separation,0.18702900875359774,Q1-CORE,3.032541275024414,0.28988078,0.21540006,3.0109599,13.413933753967285,2.966311454772949
Step-Separation,0.18702900875359774,Q1-INNERSKIN,3.057626247406006,0.28862423,0.2047018,3.0370827,13.37519645690918,172.65255737304688
Step-Separation,0.18702900875359774,Q1-OUTERSKIN,2.793978691101074,0.188444,0.52116436,2.7384655,13.413931846618652,124.89458465576172
Step-Separation,0.18702900875359774,Q2-CORE,5.8357439041137695,2.107822,0.17820604,-5.4388633,17.971088409423828,2.6119396686553955
Step-Separation,0.18702900875359774,Q2-INNERSKIN,5.835880756378174,2.1064734,0.16245024,-5.4400263,17.971181869506836,80.03128051757812
Step-Separation,0.18702900875359774,Q2-OUTERSKIN,5.628815174102783,2.0238526,0.7135646,-5.2036915,17.952974319458008,165.69052124023438
Step-Separation,0.18902795482426882,ADAPTER,0.0,0.0,0.0,0.0,0.0,0.0
Step-Separation,0.18902795482426882,Q1-CORE,3.043374538421631,0.28642786,0.21839972,3.0219843,13.447686195373535,2.9777917861938477
Step-Separation,0.18902795482426882,Q1-INNERSKIN,3.068737745285034,0.28517175,0.20774858,3.048388,13.398919105529785,173.20281982421875
Step-Separation,0.18902795482426882,Q1-OUTERSKIN,2.804938554763794,0.1847997,0.5232387,2.7495,13.447683334350586,125.6624984741211
Step-Separation,0.18902795482426882,Q2-CORE,5.868766784667969,2.114462,0.18096833,-5.4716287,17.958168029785156,2.612105131149292
Step-Separation,0.18902795482426882,Q2-INNERSKIN,5.868899345397949,2.113118,0.16520713,-5.472789,17.94940185546875,79.97357940673828
Step-Separation,0.18902795482426882,Q2-OUTERSKIN,5.661792278289795,2.0300348,0.7167784,-5.236514,17.90831184387207,165.66769409179688
Step-Separation,0.19102679658681154,ADAPTER,0.0,0.0,0.0,0.0,0.0,0.0
Step-Separation,0.19102679658681154,Q1-CORE,3.0542142391204834,0.28299388,0.22137676,3.033007,13.424232482910156,2.9895217418670654
Step-Separation,0.19102679658681154,Q1-INNERSKIN,3.079854965209961,0.28173837,0.21077134,3.0596905,13.410005569458008,173.75799560546875
Step-Separation,0.19102679658681154,Q1-OUTERSKIN,2.815904140472412,0.18115526,0.52530515,2.760535,13.424229621887207,126.40708923339844
Step-Separation,0.19102679658681154,Q2-CORE,5.901712417602539,2.1210134,0.18372123,-5.50434,17.934856414794922,2.612220525741577
Step-Separation,0.19102679658681154,Q2-INNERSKIN,5.9018402099609375,2.1196737,0.16795476,-5.5054965,17.891340255737305,79.91617584228516
Step-Separation,0.19102679658681154,Q2-OUTERSKIN,5.694684982299805,2.0361657,0.7199842,-5.269259,17.876832962036133,165.64520263671875
Step-Separation,0.19302563834935427,ADAPTER,0.0,0.0,0.0,0.0,0.0,0.0
Step-Separation,0.19302563834935427,Q1-CORE,3.065019130706787,0.2795369,0.22436292,3.043988,13.365860939025879,3.0002682209014893
Step-Separation,0.19302563834935427,Q1-INNERSKIN,3.090938091278076,0.27828223,0.21380402,3.070952,13.359355926513672,174.30079650878906
Step-Separation,0.19302563834935427,Q1-OUTERSKIN,2.8268322944641113,0.17754513,0.5273385,2.771529,13.36585807800293,127.15711212158203
Step-Separation,0.19302563834935427,Q2-CORE,5.934593200683594,2.1275072,0.18647067,-5.536997,17.888010025024414,2.612600088119507
Step-Separation,0.19302563834935427,Q2-INNERSKIN,5.934715270996094,2.126172,0.17069893,-5.53815,17.851564407348633,79.86479187011719
Step-Separation,0.19302563834935427,Q2-OUTERSKIN,5.727514266967773,2.0422373,0.72318923,-5.301951,17.85446548461914,165.62213134765625
Step-Separation,0.195024480111897,ADAPTER,0.0,0.0,0.0,0.0,0.0,0.0
Step-Separation,0.195024480111897,Q1-CORE,3.075867176055908,0.27612758,0.22732218,3.055002,13.34912395477295,3.012618064880371
Step-Separation,0.195024480111897,Q1-INNERSKIN,3.102064847946167,0.27487338,0.21680896,3.0822468,13.34871768951416,174.85113525390625
Step-Separation,0.195024480111897,Q1-OUTERSKIN,2.837818145751953,0.17395233,0.52939427,2.7825696,13.34763240814209,127.76152038574219
Step-Separation,0.195024480111897,Q2-CORE,5.96737813949585,2.1339505,0.18922065,-5.569565,17.871309280395508,2.6129884719848633
Step-Separation,0.195024480111897,Q2-INNERSKIN,5.9674973487854,2.1326194,0.17344372,-5.570716,17.83702850341797,79.80252075195312
Step-Separation,0.195024480111897,Q2-OUTERSKIN,5.76025915145874,2.048228,0.7263791,-5.3345776,17.819122314453125,165.61044311523438
Step-Separation,0.19702332187443972,ADAPTER,0.0,0.0,0.0,0.0,0.0,0.0
Step-Separation,0.19702332187443972,Q1-CORE,3.0866730213165283,0.27269915,0.23028986,3.0659666,13.343317985534668,3.0239269733428955
Step-Separation,0.19702332187443972,Q1-INNERSKIN,3.1131491661071777,0.2714461,0.2198226,3.093492,13.30804443359375,175.37542724609375
Step-Separation,0.19702332187443972,Q1-OUTERSKIN,2.8487308025360107,0.17035455,0.5314322,2.793533,13.343314170837402,128.50003051757812
Step-Separation,0.19702332187443972,Q2-CORE,6.000087261199951,2.1403036,0.1919614,-5.60208,17.791597366333008,2.6129579544067383
Step-Separation,0.19702332187443972,Q2-INNERSKIN,6.000202655792236,2.1389773,0.17617927,-5.6032286,17.791627883911133,79.78863525390625
Step-Separation,0.19702332187443972,Q2-OUTERSKIN,5.792910575866699,2.0541627,0.72955966,-5.36712,17.767131805419922,165.580078125
Step-Separation,0.19902216363698244,ADAPTER,0.0,0.0,0.0,0.0,0.0,0.0
Step-Separation,0.19902216363698244,Q1-CORE,3.0974044799804688,0.26929232,0.23326142,3.0768466,13.314992904663086,3.0351269245147705
Step-Separation,0.19902216363698244,Q1-INNERSKIN,3.124160051345825,0.26804096,0.2228408,3.1046534,13.254015922546387,175.9211883544922
Step-Separation,0.19902216363698244,Q1-OUTERSKIN,2.859595775604248,0.16674024,0.53346807,2.8044424,13.31498908996582,129.28826904296875
Step-Separation,0.19902216363698244,Q2-CORE,6.032735347747803,2.1466036,0.19469704,-5.634544,17.774627685546875,2.613340139389038
Step-Separation,0.19902216363698244,Q2-INNERSKIN,6.032846927642822,2.1452816,0.17890982,-5.63569,17.77063751220703,79.86029052734375
Step-Separation,0.19902216363698244,Q2-OUTERSKIN,5.825508117675781,2.0600436,0.732729,-5.399618,17.742244720458984,165.5639190673828
Step-Separation,0.20102100539952517,ADAPTER,0.0,0.0,0.0,0.0,0.0,0.0
Step-Separation,0.20102100539952517,Q1-CORE,3.1081676483154297,0.26586607,0.23621686,3.0877538,13.290993690490723,3.047024726867676
Step-Separation,0.20102100539952517,Q1-INNERSKIN,3.135202169418335,0.2646161,0.22584198,3.1158412,13.199503898620605,176.44859313964844
Step-Separation,0.20102100539952517,Q1-OUTERSKIN,2.870471954345703,0.1631486,0.5355094,2.8153546,13.29098892211914,130.0131378173828
Step-Separation,0.20102100539952517,Q2-CORE,6.065309524536133,2.1528585,0.19742231,-5.6669397,17.709962844848633,2.613368272781372
Step-Separation,0.20102100539952517,Q2-INNERSKIN,6.0654168128967285,2.1515403,0.18163018,-5.668083,17.70975685119629,79.92938232421875
Step-Separation,0.20102100539952517,Q2-OUTERSKIN,5.858052730560303,2.0658658,0.7358991,-5.4320745,17.6945743560791,165.5427703857422
Step-Separation,0.2030198471620679,ADAPTER,0.0,0.0,0.0,0.0,0.0,0.0
Step-Separation,0.2030198471620679,Q1-CORE,3.1189794540405273,0.26249883,0.23919986,3.0986948,13.303681373596191,3.056776762008667
Step-Separation,0.2030198471620679,Q1-INNERSKIN,3.146291971206665,0.26125154,0.22887088,3.1270623,13.249024391174316,176.981201171875
Step-Separation,0.2030198471620679,Q1-OUTERSKIN,2.8813955783843994,0.15954688,0.5375255,2.8263142,13.30367374420166,130.7635498046875
Step-Separation,0.2030198471620679,Q2-CORE,6.097825050354004,2.1590397,0.20014803,-5.6992946,17.691354751586914,2.613691568374634
Step-Separation,0.2030198471620679,Q2-INNERSKIN,6.097927570343018,2.1577253,0.18435074,-5.7004347,17.67387580871582,79.99947357177734
Step-Separation,0.2030198471620679,Q2-OUTERSKIN,5.8905205726623535,2.0716405,0.7390623,-5.4644604,17.667177200317383,165.52096557617188
Step-Separation,0.20500000286847353,ADAPTER,0.0,0.0,0.0,0.0,0.0,0.0
Step-Separation,0.20500000286847353,Q1-CORE,3.1296908855438232,0.2591536,0.24206515,3.1095352,13.260294914245605,3.0690579414367676
Step-Separation,0.20500000286847353,Q1-INNERSKIN,3.1572823524475098,0.2579088,0.23178066,3.138183,13.205846786499023,177.5061798095703
Step-Separation,0.20500000286847353,Q1-OUTERSKIN,2.8922152519226074,0.1560659,0.53956795,2.8371499,13.260287284851074,131.4881134033203
Step-Separation,0.20500000286847353,Q2-CORE,6.129964351654053,2.1651075,0.20283832,-5.7312856,17.663536071777344,2.613849639892578
Step-Separation,0.20500000286847353,Q2-INNERSKIN,6.130062103271484,2.1637971,0.1870359,-5.7324224,17.64616584777832,80.06693267822266
Step-Separation,0.20500000286847353,Q2-OUTERSKIN,5.922630310058594,2.0773058,0.7421907,-5.496499,17.635913848876953,165.4997100830078
