step,time_s,instance,u_mag_max_mm,u_x_max_mm,u_y_max_mm,u_z_max_mm,v_mag_max_mm_s,s_mises_max_MPa
Step-Preload,0.0,ADAPTER,0.0,0.0,0.0,0.0,0.0,0.0
Step-Preload,0.0,Q1-CORE,0.0,0.0,0.0,0.0,0.0,0.0
Step-Preload,0.0,Q1-INNERSKIN,0.0,0.0,0.0,0.0,0.0,0.0
Step-Preload,0.0,Q1-OUTERSKIN,0.0,0.0,0.0,0.0,0.0,0.0
Step-Preload,0.0,Q2-CORE,0.0,0.0,0.0,0.0,0.0,0.0
Step-Preload,0.0,Q2-INNERSKIN,0.0,0.0,0.0,0.0,0.0,0.0
Step-Preload,0.0,Q2-OUTERSKIN,0.0,0.0,0.0,0.0,0.0,0.0
Step-Preload,0.00029999989783391356,ADAPTER,0.0,0.0,0.0,0.0,0.0,0.0
Step-Preload,0.00029999989783391356,Q1-CORE,2.939386831712909e-06,-3.849629e-13,-2.9393868e-06,1.0493416e-13,0.019491801038384438,5.5349023142525766e-08
Step-Preload,0.00029999989783391356,Q1-INNERSKIN,2.9397610887826886e-06,-8.247627e-11,-2.9397606e-06,-1.6141284e-09,0.019495509564876556,5.947119916527299e-07
Step-Preload,0.00029999989783391356,Q1-OUTERSKIN,2.9394670946203405e-06,-7.381982e-13,-2.939467e-06,3.879753e-13,0.01949223503470421,8.092429197859019e-07
Step-Preload,0.00029999989783391356,Q2-CORE,2.93938728646026e-06,-1.26751e-12,-2.9393873e-06,3.043614e-13,0.019491801038384438,5.526797153265761e-08
Step-Preload,0.00029999989783391356,Q2-INNERSKIN,2.939762225651066e-06,-1.613982e-09,-2.9397618e-06,8.24934e-11,0.019495517015457153,5.947582621956826e-07
Step-Preload,0.00029999989783391356,Q2-OUTERSKIN,2.9394695957307704e-06,-5.5213175e-13,-2.9394696e-06,1.2483245e-13,0.019492246210575104,8.108819997687533e-07
Step-Preload,0.0005999997374601662,ADAPTER,0.0,0.0,0.0,0.0,0.0,0.0
Step-Preload,0.0005999997374601662,Q1-CORE,1.1643006473605055e-05,-6.8090654e-14,-1.16430065e-05,-2.5069923e-13,0.03842349350452423,3.570682451936591e-07
Step-Preload,0.0005999997374601662,Q1-INNERSKIN,1.1646454368019477e-05,-1.1072775e-09,-1.1646434e-05,-2.1605308e-08,0.03843614086508751,2.330929191884934e-06
Step-Preload,0.0005999997374601662,Q1-OUTERSKIN,1.164320383395534e-05,2.4140444e-13,-1.1643204e-05,-7.5802163e-13,0.03841520473361015,2.3238096673594555e-06
Step-Preload,0.0005999997374601662,Q2-CORE,1.1643008292594459e-05,-6.537438e-14,-1.1643008e-05,3.57993e-13,0.03842349350452423,3.5708953305402247e-07
Step-Preload,0.0005999997374601662,Q2-INNERSKIN,1.1646457096503582e-05,-2.1611605e-08,-1.1646437e-05,1.0875693e-09,0.03843614086508751,2.3306120056076907e-06
Step-Preload,0.0005999997374601662,Q2-OUTERSKIN,1.1643211109912954e-05,1.2979407e-13,-1.1643211e-05,7.0597483e-13,0.03841523081064224,2.322638692930923e-06
Step-Preload,0.0007999996305443347,ADAPTER,0.0,0.0,0.0,0.0,0.0,0.0
Step-Preload,0.0007999996305443347,Q1-CORE,2.0564606529660523e-05,-2.7492308e-09,-2.0564537e-05,-5.3806634e-08,0.05075051262974739,6.769475362489175e-07
Step-Preload,0.0007999996305443347,Q1-INNERSKIN,2.0572097128024325e-05,-2.7490974e-09,-2.0572026e-05,-5.3806733e-08,0.05076099932193756,4.066290784976445e-06
Step-Preload,0.0007999996305443347,Q1-OUTERSKIN,2.0562441932270303e-05,1.9700706e-14,-2.0562442e-05,3.38711e-13,0.050715669989585876,3.11864141622209e-06
Step-Preload,0.0007999996305443347,Q2-CORE,2.056461016763933e-05,-2.746951e-09,-2.056454e-05,5.3811274e-08,0.05075051262974739,6.770113714082981e-07
Step-Preload,0.0007999996305443347,Q2-INNERSKIN,2.0572097128024325e-05,-2.746825e-09,-2.0572026e-05,5.3811377e-08,0.05076100304722786,4.06632398153306e-06
Step-Preload,0.0007999996305443347,Q2-OUTERSKIN,2.0562456484185532e-05,-1.0958692e-12,-2.0562456e-05,-1.0240488e-12,0.050715673714876175,3.1273295917344512e-06
Step-Preload,0.0010999994119629264,ADAPTER,0.0,0.0,0.0,0.0,0.0,0.0
Step-Preload,0.0010999994119629264,Q1-CORE,3.851327710435726e-05,-1.257309e-07,-3.8513073e-05,-5.152661e-09,0.0687972754240036,9.410456982550386e-07
Step-Preload,0.0010999994119629264,Q1-INNERSKIN,3.852288136840798e-05,-1.2573098e-07,-3.8522678e-05,-5.1531277e-09,0.06880029290914536,8.06915522844065e-06
Step-Preload,0.0010999994119629264,Q1-OUTERSKIN,3.8492966268677264e-05,-2.0304797e-13,-3.8492966e-05,-1.818854e-13,0.06871544569730759,5.3891822062723804e-06
Step-Preload,0.0010999994119629264,Q2-CORE,3.8513280742336065e-05,-1.2573115e-07,-3.8513077e-05,5.1415316e-09,0.068797267973423,9.41122721087595e-07
Step-Preload,0.0010999994119629264,Q2-INNERSKIN,3.8522888644365594e-05,-1.2573122e-07,-3.8522685e-05,5.1419615e-09,0.06880029290914536,8.082283784460742e-06
Step-Preload,0.0010999994119629264,Q2-OUTERSKIN,3.8492991734528914e-05,-3.5468427e-13,-3.849299e-05,-1.7784286e-13,0.068715400993824,5.39482471140218e-06
Step-Preload,0.001304643228650093,ADAPTER,0.0,0.0,0.0,0.0,0.0,0.0
Step-Preload,0.001304643228650093,Q1-CORE,5.382622475735843e-05,-1.8419202e-07,-5.382591e-05,-7.0877144e-09,0.0807919055223465,9.983865538742975e-07
Step-Preload,0.001304643228650093,Q1-INNERSKIN,5.383585812523961e-05,-1.8419239e-07,-5.383554e-05,-7.0870794e-09,0.08078933507204056,1.2039603461744264e-05
Step-Preload,0.001304643228650093,Q1-OUTERSKIN,5.3785879572387785e-05,-4.4393697e-11,-5.378588e-05,-6.8859175e-11,0.08068618178367615,9.292280992667656e-06
Step-Preload,0.001304643228650093,Q2-CORE,5.382622839533724e-05,-1.8418595e-07,-5.3825912e-05,7.0605326e-09,0.0807919055223465,9.968429139917134e-07
Step-Preload,0.001304643228650093,Q2-INNERSKIN,5.3835865401197225e-05,-1.8418632e-07,-5.383555e-05,7.0598554e-09,0.08078933507204056,1.2041688023600727e-05
Step-Preload,0.001304643228650093,Q2-OUTERSKIN,5.3785890486324206e-05,-5.415199e-11,-5.378589e-05,6.077539e-11,0.08068619668483734,9.307342224929016e-06
Step-Preload,0.0015046430053189397,ADAPTER,0.0,0.0,0.0,0.0,0.0,0.0
Step-Preload,0.0015046430053189397,Q1-CORE,7.113728497643024e-05,-2.4271498e-07,-7.113686e-05,-1.5275651e-08,0.09225758165121078,1.0036235380539438e-06
Step-Preload,0.0015046430053189397,Q1-INNERSKIN,7.114592153811827e-05,-2.4272464e-07,-7.114551e-05,-1.5256463e-08,0.09225109219551086,1.7314270735369064e-05
Step-Preload,0.0015046430053189397,Q1-OUTERSKIN,7.107532292138785e-05,-2.1606e-10,-7.107532e-05,-1.6650237e-10,0.0921521931886673,1.3671822671312839e-05
Step-Preload,0.0015046430053189397,Q2-CORE,7.113728497643024e-05,-2.4270997e-07,-7.113686e-05,1.526127e-08,0.09225758165121078,1.0019236924563302e-06
Step-Preload,0.0015046430053189397,Q2-INNERSKIN,7.114592881407589e-05,-2.4271964e-07,-7.1145514e-05,1.524203e-08,0.09225108474493027,1.733995486574713e-05
Step-Preload,0.0015046430053189397,Q2-OUTERSKIN,7.10753447492607e-05,-1.6759515e-10,-7.1075345e-05,2.175862e-10,0.0921521931886673,1.3664891412190627e-05
Step-Preload,0.0018046424956992269,ADAPTER,0.0,0.0,0.0,0.0,0.0,0.0
Step-Preload,0.0018046424956992269,Q1-CORE,0.0001013413566397503,-3.3722122e-07,-0.00010134079,-2.1504084e-08,0.1089947372674942,9.822447282203939e-07
Step-Preload,0.0018046424956992269,Q1-INNERSKIN,0.00010134770127478987,-3.3723e-07,-0.000101347134,-2.1466604e-08,0.10898753255605698,2.700915138120763e-05
Step-Preload,0.0018046424956992269,Q1-OUTERSKIN,0.000101251425803639,7.4707496e-10,-0.000101251426,5.619138e-10,0.10892052203416824,2.0288558516767807e-05
Step-Preload,0.0018046424956992269,Q2-CORE,0.0001013413566397503,-3.37211e-07,-0.00010134079,2.152992e-08,0.1089949682354927,9.799980489333393e-07
Step-Preload,0.0018046424956992269,Q2-INNERSKIN,0.0001013477158267051,-3.3721975e-07,-0.00010134715,2.1492426e-08,0.10898775607347488,2.7068614144809544e-05
Step-Preload,0.0018046424956992269,Q2-OUTERSKIN,0.00010125145490746945,-5.6361105e-10,-0.000101251455,7.503479e-10,0.10892053693532944,2.029807546932716e-05
Step-Preload,0.0020046422723680735,ADAPTER,0.0,0.0,0.0,0.0,0.0,0.0
Step-Preload,0.0020046422723680735,Q1-CORE,0.00012423237785696983,-3.994322e-07,-0.00012423174,-2.6591119e-08,0.11987854540348053,1.0021641401181114e-06
Step-Preload,0.0020046422723680735,Q1-INNERSKIN,0.00012423745647538453,-3.9944078e-07,-0.00012423682,-2.65391e-08,0.11987157166004181,3.2771858968771994e-05
Step-Preload,0.0020046422723680735,Q1-OUTERSKIN,0.00012413064541760832,-1.5464026e-09,-0.00012413065,-7.6177326e-10,0.11981961131095886,2.406736348348204e-05
Step-Preload,0.0020046422723680735,Q2-CORE,0.00012423237785696983,-3.9942157e-07,-0.00012423174,2.6608935e-08,0.11987852305173874,1.0084995665238239e-06
Step-Preload,0.0020046422723680735,Q2-INNERSKIN,0.00012423747102729976,-3.994301e-07,-0.00012423683,2.6556922e-08,0.11987154185771942,3.278609801782295e-05
Step-Preload,0.0020046422723680735,Q2-OUTERSKIN,0.00012413064541760832,-9.92514e-10,-0.00012413065,1.3209353e-09,0.11981962621212006,2.4073973690974526e-05
Step-Preload,0.0023046417627483606,ADAPTER,0.0,0.0,0.0,0.0,0.0,0.0
Step-Preload,0.0023046417627483606,Q1-CORE,0.00016259218682534993,-4.808518e-07,-0.00016259147,-4.3578872e-08,0.13580872118473053,9.828831935010385e-07
Step-Preload,0.0023046417627483606,Q1-INNERSKIN,0.000162596843438223,-4.8085764e-07,-0.00016259613,-4.351284e-08,0.13580916821956635,3.862351877614856e-05
Step-Preload,0.0023046417627483606,Q1-OUTERSKIN,0.00016248281463049352,4.1972283e-09,-0.00016248281,1.2159883e-09,0.13576604425907135,2.924697400885634e-05
Step-Preload,0.0023046417627483606,Q2-CORE,0.0001625921722734347,-4.808493e-07,-0.00016259146,4.356248e-08,0.13580872118473053,9.89143018159666e-07
Step-Preload,0.0023046417627483606,Q2-INNERSKIN,0.00016259682888630778,-4.8085514e-07,-0.00016259612,4.349658e-08,0.13580916821956635,3.863448728225194e-05
Step-Preload,0.0023046417627483606,Q2-OUTERSKIN,0.00016248282918240875,-4.289259e-09,-0.00016248283,1.1644844e-09,0.13576605916023254,2.9259745133458637e-05
Step-Preload,0.0025046414230018854,ADAPTER,0.0,0.0,0.0,0.0,0.0,0.0
Step-Preload,0.0025046414230018854,Q1-CORE,0.00019078858895227313,-5.301846e-07,-0.00019078785,-5.9019712e-08,0.14617210626602173,9.174954698210058e-07
Step-Preload,0.0025046414230018854,Q1-INNERSKIN,0.0001907941186800599,-5.376898e-07,-0.00019079336,-5.003197e-08,0.14617909491062164,4.064572203787975e-05
Step-Preload,0.0025046414230018854,Q1-OUTERSKIN,0.00019067805260419846,7.8722975e-09,-0.00019067805,2.1167614e-09,0.1461363285779953,3.163650035276078e-05
Step-Preload,0.0025046414230018854,Q2-CORE,0.00019078855984844267,-5.3767326e-07,-0.00019078779,5.0087042e-08,0.14617210626602173,9.193567507281841e-07
Step-Preload,0.0025046414230018854,Q2-INNERSKIN,0.0001907941186800599,-5.376803e-07,-0.00019079335,5.000872e-08,0.14617910981178284,4.068767884746194e-05
Step-Preload,0.0025046414230018854,Q2-OUTERSKIN,0.0001906780817080289,-7.889521e-09,-0.00019067808,2.1298192e-09,0.14613626897335052,3.16416408168152e-05
Step-Preload,0.0028046411462128162,ADAPTER,0.0,0.0,0.0,0.0,0.0,0.0
Step-Preload,0.0028046411462128162,Q1-CORE,0.00023692053218837827,-6.1800387e-07,-0.00023691972,-7.090774e-08,0.16133606433868408,8.250751761806896e-07
Step-Preload,0.0028046411462128162,Q1-INNERSKIN,0.0002369285502936691,-6.180124e-07,-0.00023692774,-7.084136e-08,0.16134904325008392,4.140853707212955e-05
Step-Preload,0.0028046411462128162,Q1-OUTERSKIN,0.0002368072746321559,1.8235216e-08,-0.00023680727,4.8586224e-09,0.1613028645515442,3.524161729728803e-05
Step-Preload,0.0028046411462128162,Q2-CORE,0.00023692053218837827,-6.179845e-07,-0.00023691972,7.0898025e-08,0.16133631765842438,8.271277920357534e-07
Step-Preload,0.0028046411462128162,Q2-INNERSKIN,0.0002369285502936691,-6.17993e-07,-0.00023692774,7.083175e-08,0.16134929656982422,4.142065154155716e-05
Step-Preload,0.0028046411462128162,Q2-OUTERSKIN,0.00023680730373598635,-1.8254955e-08,-0.0002368073,4.871799e-09,0.16130287945270538,3.5224111343268305e-05
Step-Preload,0.0030046410392969847,ADAPTER,0.0,0.0,0.0,0.0,0.0,0.0
Step-Preload,0.0030046410392969847,Q1-CORE,0.00027017699903808534,-6.72895e-07,-0.00027017613,-9.102349e-08,0.17121629416942596,9.164284051621507e-07
Step-Preload,0.0030046410392969847,Q1-INNERSKIN,0.00027018674882128835,-6.729064e-07,-0.0002701859,-9.093329e-08,0.17122432589530945,4.0675673517398536e-05
Step-Preload,0.0030046410392969847,Q1-OUTERSKIN,0.00027005746960639954,2.7991879e-08,-0.00027005747,7.4110216e-09,0.17116288840770721,3.8092402974143624e-05
Step-Preload,0.0030046410392969847,Q2-CORE,0.00027017694083042443,-6.729142e-07,-0.0002701761,9.103544e-08,0.1712169349193573,9.160712011180294e-07
Step-Preload,0.0030046410392969847,Q2-INNERSKIN,0.00027018674882128835,-6.729257e-07,-0.0002701859,9.0945235e-08,0.17122498154640198,4.067410554853268e-05
Step-Preload,0.0030046410392969847,Q2-OUTERSKIN,0.00027005749871023,-2.8008985e-08,-0.0002700575,7.4198727e-09,0.1711629033088684,3.8075864722486585e-05
Step-Preload,0.0033046407625079155,ADAPTER,0.0,0.0,0.0,0.0,0.0,0.0
Step-Preload,0.0033046407625079155,Q1-CORE,0.00032371829729527235,-9.9577136e-08,-0.00032371734,-7.8471726e-07,0.18567584455013275,1.1460213045211276e-06
Step-Preload,0.0033046407625079155,Q1-INNERSKIN,0.0003237297059968114,-9.945191e-08,-0.00032372875,-7.847332e-07,0.1856778860092163,3.932242179871537e-05
Step-Preload,0.0033046407625079155,Q1-OUTERSKIN,0.00032357967575080693,9.781551e-09,-0.00032357968,2.6827784e-09,0.18558046221733093,4.2737796320579946e-05
Step-Preload,0.0033046407625079155,Q2-CORE,0.00032371829729527235,-9.9591595e-08,-0.00032371734,7.8482725e-07,0.18567585945129395,1.1460467703727772e-06
Step-Preload,0.0033046407625079155,Q2-INNERSKIN,0.00032372973510064185,-9.946752e-08,-0.00032372877,7.848431e-07,0.1856779307126999,3.954209387302399e-05
Step-Preload,0.0033046407625079155,Q2-OUTERSKIN,0.00032357964664697647,-9.972234e-09,-0.00032357965,2.4696516e-09,0.18558049201965332,4.273449303582311e-05
Step-Preload,0.0035046404227614403,ADAPTER,0.0,0.0,0.0,0.0,0.0,0.0
Step-Preload,0.0035046404227614403,Q1-CORE,0.00036179329617880285,-9.516508e-07,-0.00036179204,-7.3318624e-08,0.1950574517250061,1.1744409675884526e-06
Step-Preload,0.0035046404227614403,Q1-INNERSKIN,0.00036180514143779874,-9.5164995e-07,-0.0003618039,-7.326727e-08,0.19505475461483002,4.332253956818022e-05
Step-Preload,0.0035046404227614403,Q1-OUTERSKIN,0.0003616374742705375,1.6448592e-08,-0.00036163747,3.9901717e-09,0.19495238363742828,4.6190732973627746e-05
Step-Preload,0.0035046404227614403,Q2-CORE,0.00036179344169795513,-9.5283946e-07,-0.0003617922,7.320237e-08,0.195057213306427,1.1745271422114456e-06
Step-Preload,0.0035046404227614403,Q2-INNERSKIN,0.00036180534516461194,-9.5283906e-07,-0.0003618041,7.311428e-08,0.1950545310974121,4.3371368519729e-05
Step-Preload,0.0035046404227614403,Q2-OUTERSKIN,0.00036163750337436795,-1.6457808e-08,-0.0003616375,3.994616e-09,0.1949523240327835,4.615687794284895e-05
Step-Preload,0.0038046399131417274,ADAPTER,0.0,0.0,0.0,0.0,0.0,0.0
Step-Preload,0.0038046399131417274,Q1-CORE,0.0004223768482916057,-1.0812239e-06,-0.00042237545,-8.776803e-08,0.20874179899692535,1.0051106755781802e-06
Step-Preload,0.0038046399131417274,Q1-INNERSKIN,0.000422387063736096,-1.0812224e-06,-0.00042238567,-8.7706454e-08,0.2087346315383911,5.044178760726936e-05
Step-Preload,0.0038046399131417274,Q1-OUTERSKIN,0.0004221922135911882,-7.4617e-09,-0.0004221922,-3.052679e-08,0.20867325365543365,5.167408016859554e-05
Step-Preload,0.0038046399131417274,Q2-CORE,0.0004223769356030971,-1.0823254e-06,-0.00042237554,8.80753e-08,0.2087421417236328,1.005996978165058e-06
Step-Preload,0.0038046399131417274,Q2-INNERSKIN,0.0004223872092552483,-1.0823246e-06,-0.0004223858,8.797491e-08,0.20873497426509857,5.0325914344284683e-05
Step-Preload,0.0038046399131417274,Q2-OUTERSKIN,0.00042219224269501865,-7.457608e-09,-0.00042219224,3.051206e-08,0.2086735963821411,5.169480209588073e-05
Step-Preload,0.004004639573395252,ADAPTER,0.0,0.0,0.0,0.0,0.0,0.0
Step-Preload,0.004004639573395252,Q1-CORE,0.0004650174523703754,-1.160296e-06,-0.00046501597,-9.789092e-08,0.2176477015018463,8.202714525396004e-07
Step-Preload,0.004004639573395252,Q1-INNERSKIN,0.0004650260671041906,-1.1602941e-06,-0.0004650246,-9.783602e-08,0.21763917803764343,5.518219040823169e-05
Step-Preload,0.004004639573395252,Q1-OUTERSKIN,0.0004648207104764879,-9.967963e-09,-0.0004648207,-4.071866e-08,0.21759076416492462,5.526940731215291e-05
Step-Preload,0.004004639573395252,Q2-CORE,0.00046501768520101905,-1.1613059e-06,-0.00046501623,9.804859e-08,0.21764805912971497,8.217616596084554e-07
Step-Preload,0.004004639573395252,Q2-INNERSKIN,0.00046502635814249516,-1.1613047e-06,-0.0004650249,9.7957845e-08,0.21763953566551208,5.515304292202927e-05
Step-Preload,0.004004639573395252,Q2-OUTERSKIN,0.00046482073958031833,-9.962075e-09,-0.00046482074,4.0706325e-08,0.21759049594402313,5.525197047973052e-05
Step-Preload,0.004304133355617523,ADAPTER,0.0,0.0,0.0,0.0,0.0,0.0
Step-Preload,0.004304133355617523,Q1-CORE,0.0005321486387401819,1.2616438e-06,-0.0005321472,1.159529e-07,0.23068319261074066,6.848608791187871e-07
Step-Preload,0.004304133355617523,Q1-INNERSKIN,0.0005321552744135261,1.2616413e-06,-0.00053215376,1.15909444e-07,0.23067548871040344,6.152120477054268e-05
Step-Preload,0.004304133355617523,Q1-OUTERSKIN,0.0005319449119269848,-1.3270693e-08,-0.0005319449,-5.3791123e-08,0.23062662780284882,5.994348612148315e-05
Step-Preload,0.004304133355617523,Q2-CORE,0.0005321488133631647,1.2623929e-06,-0.0005321473,-1.1601189e-07,0.2306828796863556,6.863090789011039e-07
Step-Preload,0.004304133355617523,Q2-INNERSKIN,0.0005321556236594915,1.2623908e-06,-0.0005321541,-1.1595367e-07,0.23067517578601837,6.143132486613467e-05
Step-Preload,0.004304133355617523,Q2-OUTERSKIN,0.0005319449701346457,-1.3268823e-08,-0.00053194497,5.3781594e-08,0.2306271344423294,5.995473111397587e-05
Step-Preload,0.004503374453634024,ADAPTER,0.0,0.0,0.0,0.0,0.0,0.0
Step-Preload,0.004503374453634024,Q1-CORE,0.0005789385759271681,1.318231e-06,-0.00057893706,1.2978737e-07,0.23913142085075378,6.719632779095264e-07
Step-Preload,0.004503374453634024,Q1-INNERSKIN,0.000578944687731564,1.3182286e-06,-0.0005789432,1.2974388e-07,0.23912814259529114,6.438104173867032e-05
Step-Preload,0.004503374453634024,Q1-OUTERSKIN,0.0005787345580756664,-4.350393e-09,-0.00057873456,-1.6807368e-08,0.23908601701259613,6.299487722571939e-05
Step-Preload,0.004503374453634024,Q2-CORE,0.0005789384595118463,1.318857e-06,-0.00057893695,-1.3000442e-07,0.23913104832172394,6.711717901453085e-07
Step-Preload,0.004503374453634024,Q2-INNERSKIN,0.0005789448623545468,1.318855e-06,-0.00057894335,-1.2994718e-07,0.2391277551651001,6.46855914965272e-05
Step-Preload,0.004503374453634024,Q2-OUTERSKIN,0.0005787345580756664,-4.6273563e-09,-0.00057873456,1.6539405e-08,0.23908677697181702,6.30380236543715e-05
Step-Preload,0.004801602568477392,ADAPTER,0.0,0.0,0.0,0.0,0.0,0.0
Step-Preload,0.004801602568477392,Q1-CORE,0.0006520775496028364,1.3970381e-06,-0.00065207604,1.5207387e-07,0.2514497637748718,7.630441700712254e-07
Step-Preload,0.004801602568477392,Q1-INNERSKIN,0.0006520844763144851,1.397036e-06,-0.00065208296,1.5200406e-07,0.25145453214645386,6.678614590782672e-05
Step-Preload,0.004801602568477392,Q1-OUTERSKIN,0.0006518754526041448,8.539516e-09,-0.00065187545,2.8782523e-08,0.25141358375549316,6.700516678392887e-05
Step-Preload,0.004801602568477392,Q2-CORE,0.0006520772585645318,1.3976994e-06,-0.00065207575,-1.5228828e-07,0.25144946575164795,7.612838999193627e-07
Step-Preload,0.004801602568477392,Q2-INNERSKIN,0.000652084534522146,1.3976977e-06,-0.000652083,-1.5220776e-07,0.25145426392555237,6.684249092359096e-05
Step-Preload,0.004801602568477392,Q2-OUTERSKIN,0.0006518755108118057,-8.5296525e-09,-0.0006518755,2.8777846e-08,0.25141334533691406,6.699154619127512e-05
Step-Preload,0.004999999888241291,ADAPTER,0.0,0.0,0.0,0.0,0.0,0.0
Step-Preload,0.004999999888241291,Q1-CORE,0.0007027495885267854,1.4541796e-06,-0.0007027481,1.6658531e-07,0.25944608449935913,7.282594083335425e-07
Step-Preload,0.004999999888241291,Q1-INNERSKIN,0.0007027577375993133,1.4541778e-06,-0.0007027563,1.664844e-07,0.25945568084716797,6.776562076993287e-05
Step-Preload,0.004999999888241291,Q1-OUTERSKIN,0.0007025455124676228,1.075356e-08,-0.0007025455,3.6218648e-08,0.2593986988067627,6.919859879417345e-05
Step-Preload,0.004999999888241291,Q2-CORE,0.0007027494139038026,1.4550873e-06,-0.0007027479,-1.6662572e-07,0.2594456970691681,7.283657623702311e-07
Step-Preload,0.004999999888241291,Q2-INNERSKIN,0.0007027579704299569,1.4550857e-06,-0.00070275646,-1.6651789e-07,0.2594553232192993,6.767517334083095e-05
Step-Preload,0.004999999888241291,Q2-OUTERSKIN,0.0007025455706752837,-1.0729636e-08,-0.00070254557,3.6212853e-08,0.25939756631851196,6.926611240487546e-05
Step-Separation,0.004999999888241291,ADAPTER,0.0,0.0,0.0,0.0,0.0,0.0
Step-Separation,0.004999999888241291,Q1-CORE,0.0007027495885267854,1.4541796e-06,-0.0007027481,1.6658531e-07,0.25944608449935913,7.282594083335425e-07
Step-Separation,0.004999999888241291,Q1-INNERSKIN,0.0007027577375993133,1.4541778e-06,-0.0007027563,1.664844e-07,0.25945571064949036,6.776562076993287e-05
Step-Separation,0.004999999888241291,Q1-OUTERSKIN,0.0007025455124676228,1.075356e-08,-0.0007025455,3.6218648e-08,0.2593986988067627,6.919859879417345e-05
Step-Separation,0.004999999888241291,Q2-CORE,0.0007027494139038026,1.4550873e-06,-0.0007027479,-1.6662572e-07,0.2594456970691681,7.283657623702311e-07
Step-Separation,0.004999999888241291,Q2-INNERSKIN,0.0007027579704299569,1.4550857e-06,-0.00070275646,-1.6651789e-07,0.2594553232192993,6.767517334083095e-05
Step-Separation,0.004999999888241291,Q2-OUTERSKIN,0.0007025455706752837,-1.0729636e-08,-0.00070254557,3.6212853e-08,0.25939756631851196,6.926611240487546e-05
Step-Separation,0.007004641927778721,ADAPTER,0.0,0.0,0.0,0.0,0.0,0.0
Step-Separation,0.007004641927778721,Q1-CORE,0.0012979244347661734,2.126118e-06,-0.0012979226,3.194244e-07,0.33194267749786377,7.276708515746577e-07
Step-Separation,0.007004641927778721,Q1-INNERSKIN,0.0012979325838387012,2.126114e-06,-0.0012979308,3.1927425e-07,0.33194348216056824,8.97975914995186e-05
Step-Separation,0.007004641927778721,Q1-OUTERSKIN,0.001297612558118999,-2.1802165e-08,-0.0012976126,-6.192828e-08,0.33193838596343994,9.356497321277857e-05
Step-Separation,0.007004641927778721,Q2-CORE,0.0012979242019355297,2.1282008e-06,-0.0012979225,-3.190833e-07,0.3319427967071533,7.303385700652143e-07
Step-Separation,0.007004641927778721,Q2-INNERSKIN,0.001297932700254023,-2.1277094e-06,-0.001297931,3.192086e-07,0.3319435715675354,8.982830331660807e-05
Step-Separation,0.007004641927778721,Q2-OUTERSKIN,0.0012976126745343208,-2.1788555e-08,-0.0012976127,6.192008e-08,0.33193740248680115,9.365828736918047e-05
Step-Separation,0.009004638995975256,ADAPTER,0.0,0.0,0.0,0.0,0.0,0.0
Step-Separation,0.009004638995975256,Q1-CORE,0.0020229024812579155,2.6659748e-06,-0.0020229006,4.869055e-07,0.39110249280929565,7.172141067712801e-07
Step-Separation,0.009004638995975256,Q1-INNERSKIN,0.0020229099318385124,2.66597e-06,-0.002022908,4.8657097e-07,0.3910815715789795,0.00010612409823806956
Step-Separation,0.009004638995975256,Q1-OUTERSKIN,0.002022483153268695,-4.4274657e-08,-0.0020224832,-8.728864e-08,0.39110249280929565,0.00010829620441654697
Step-Separation,0.009004638995975256,Q2-CORE,0.002022902714088559,2.668122e-06,-0.0020229009,-4.866306e-07,0.391103059053421,7.133858730412612e-07
Step-Separation,0.009004638995975256,Q2-INNERSKIN,0.002022910164669156,2.6681182e-06,-0.0020229083,-4.8628283e-07,0.3910820484161377,0.00010613491031108424
Step-Separation,0.009004638995975256,Q2-OUTERSKIN,0.002022483153268695,-4.5669868e-08,-0.0020224832,8.597942e-08,0.391103059053421,0.00010845906945178285
Step-Separation,0.011004635598510504,ADAPTER,0.0,0.0,0.0,0.0,0.0,0.0
Step-Separation,0.011004635598510504,Q1-CORE,0.0028550145216286182,3.0689032e-06,-0.002855013,6.439801e-07,0.4394630789756775,8.078436621872243e-07
Step-Separation,0.011004635598510504,Q1-INNERSKIN,0.0028550224378705025,3.0688973e-06,-0.0028550208,6.4350536e-07,0.4394543766975403,0.00011076756345573813
Step-Separation,0.011004635598510504,Q1-OUTERSKIN,0.0028545355889946222,3.2947588e-07,-0.0028545356,-8.07041e-09,0.4394538104534149,0.00011251059913774952
Step-Separation,0.011004635598510504,Q2-CORE,0.002855014754459262,3.0710828e-06,-0.0028550131,-6.4371034e-07,0.4394632577896118,8.076971198534011e-07
Step-Separation,0.011004635598510504,Q2-INNERSKIN,0.002855022670701146,3.0710773e-06,-0.002855021,-6.4321165e-07,0.439454585313797,0.00011076770897489041
Step-Separation,0.011004635598510504,Q2-OUTERSKIN,0.002854536287486553,3.2984227e-07,-0.0028545363,8.105559e-09,0.4394526779651642,0.00011241192987654358
Step-Separation,0.013004632666707039,ADAPTER,0.0,0.0,0.0,0.0,0.0,0.0
Step-Separation,0.013004632666707039,Q1-CORE,0.0037747409660369158,3.3202352e-06,-0.0037747393,7.779832e-07,0.4790157079696655,7.968554882609169e-07
Step-Separation,0.013004632666707039,Q1-INNERSKIN,0.003774749580770731,-3.3209262e-06,-0.003774748,-7.771191e-07,0.4790109395980835,0.00010448662214912474
Step-Separation,0.013004632666707039,Q1-OUTERSKIN,0.003774248296394944,4.5034923e-07,-0.0037742483,-3.4816658e-08,0.479000061750412,0.00010692849173210561
Step-Separation,0.013004632666707039,Q2-CORE,0.0037747409660369158,3.3221445e-06,-0.0037747393,-7.778537e-07,0.479015588760376,7.968237127897737e-07
Step-Separation,0.013004632666707039,Q2-INNERSKIN,0.0037747498136013746,3.3221381e-06,-0.0037747484,-7.7716663e-07,0.47901082038879395,0.00010447746171848848
Step-Separation,0.013004632666707039,Q2-OUTERSKIN,0.0037742494605481625,4.503253e-07,-0.0037742495,3.487627e-08,0.47900012135505676,0.0001070317521225661
Step-Separation,0.015004629269242287,ADAPTER,0.0,0.0,0.0,0.0,0.0,0.0
Step-Separation,0.015004629269242287,Q1-CORE,0.004766116384416819,3.435727e-06,-0.0047661155,8.79854e-07,0.5113703012466431,7.704259701313276e-07
Step-Separation,0.015004629269242287,Q1-INNERSKIN,0.00476612476631999,-3.436585e-06,-0.0047661234,-8.785152e-07,0.5113707780838013,9.084366320166737e-05
Step-Separation,0.015004629269242287,Q1-OUTERSKIN,0.004765641875565052,-5.0534595e-07,-0.004765642,7.5886604e-08,0.5113514065742493,9.17039142223075e-05
Step-Separation,0.015004629269242287,Q2-CORE,0.004766116384416819,3.4379827e-06,-0.0047661155,-8.793686e-07,0.5113703012466431,7.700422202105983e-07
Step-Separation,0.015004629269242287,Q2-INNERSKIN,0.00476612476631999,3.437974e-06,-0.0047661234,-8.78532e-07,0.5113706588745117,9.084520570468158e-05
Step-Separation,0.015004629269242287,Q2-OUTERSKIN,0.004765642806887627,5.053532e-07,-0.004765643,7.591513e-08,0.5113509893417358,9.175679588224739e-05
Step-Separation,0.017004625871777534,ADAPTER,0.0,0.0,0.0,0.0,0.0,0.0
Step-Separation,0.017004625871777534,Q1-CORE,0.005816101562231779,3.4480602e-06,-0.0058161006,9.4214835e-07,0.5378271341323853,7.526505214627832e-07
Step-Separation,0.017004625871777534,Q1-INNERSKIN,0.005816109012812376,-3.4487057e-06,-0.005816108,-9.4099676e-07,0.5378322005271912,7.187084702309221e-05
Step-Separation,0.017004625871777534,Q1-OUTERSKIN,0.005815658252686262,-4.9222456e-07,-0.0058156583,1.2521653e-07,0.5378189086914062,7.304130849661306e-05
Step-Separation,0.017004625871777534,Q2-CORE,0.005816102493554354,3.4503628e-06,-0.0058161016,-9.4189824e-07,0.5378269553184509,7.49188359350228e-07
Step-Separation,0.017004625871777534,Q2-INNERSKIN,0.005816110409796238,3.4503526e-06,-0.0058161095,-9.4096856e-07,0.5378320217132568,7.188590097939596e-05
Step-Separation,0.017004625871777534,Q2-OUTERSKIN,0.0058156587183475494,4.919073e-07,-0.0058156587,1.253758e-07,0.5378186702728271,7.304187602130696e-05
Step-Separation,0.019004622474312782,ADAPTER,0.0,0.0,0.0,0.0,0.0,0.0
Step-Separation,0.019004622474312782,Q1-CORE,0.006914033088833094,-2.2853415e-06,-0.006914033,-7.70544e-07,0.5594723224639893,7.048530505926465e-07
Step-Separation,0.019004622474312782,Q1-INNERSKIN,0.006914038676768541,-2.2853344e-06,-0.0069140387,-7.698216e-07,0.5594772100448608,5.00678361277096e-05
Step-Separation,0.019004622474312782,Q1-OUTERSKIN,0.006913617718964815,4.240429e-07,-0.0069136177,-1.7715841e-07,0.5594640970230103,4.918371269013733e-05
Step-Separation,0.019004622474312782,Q2-CORE,0.006914034485816956,2.2857716e-06,-0.006914034,-7.70703e-07,0.5594722032546997,7.024100341368467e-07
Step-Separation,0.019004622474312782,Q2-INNERSKIN,0.006914038211107254,2.2857666e-06,-0.0069140377,-7.69972e-07,0.5594770312309265,5.008082735002972e-05
Step-Separation,0.019004622474312782,Q2-OUTERSKIN,0.006913619115948677,4.2391537e-07,-0.006913619,1.7711521e-07,0.559464156627655,4.932661249767989e-05
Step-Separation,0.021004620008170605,ADAPTER,0.0,0.0,0.0,0.0,0.0,0.0
Step-Separation,0.021004620008170605,Q1-CORE,0.008051164448261261,1.8087518e-06,-0.008051164,6.906797e-07,0.5771708488464355,6.670936159025587e-07
Step-Separation,0.021004620008170605,Q1-INNERSKIN,0.008051167242228985,1.8087455e-06,-0.008051167,6.900543e-07,0.5771698355674744,2.8222122637089342e-05
Step-Separation,0.021004620008170605,Q1-OUTERSKIN,0.008050807751715183,-3.2404587e-06,-0.008050808,-1.0370663e-06,0.577170729637146,2.554693492129445e-05
Step-Separation,0.021004620008170605,Q2-CORE,0.008051164448261261,1.8087615e-06,-0.008051164,-6.9052874e-07,0.5771707892417908,6.629358608734037e-07
Step-Separation,0.021004620008170605,Q2-INNERSKIN,0.00805116817355156,1.8087557e-06,-0.008051168,-6.899219e-07,0.5771699547767639,2.8269187168916687e-05
Step-Separation,0.021004620008170605,Q2-OUTERSKIN,0.008050807751715183,3.2424232e-06,-0.008050808,-1.0372625e-06,0.5771706700325012,2.5725561499712057e-05
Step-Separation,0.023004616610705853,ADAPTER,0.0,0.0,0.0,0.0,0.0,0.0
Step-Separation,0.023004616610705853,Q1-CORE,0.009220357052981853,-1.4170448e-06,-0.009220357,-6.0721356e-07,0.5916584730148315,6.053094807612069e-07
Step-Separation,0.023004616610705853,Q1-INNERSKIN,0.009220363572239876,1.4182101e-06,-0.009220364,6.063415e-07,0.5916426181793213,1.7370726709486917e-05
Step-Separation,0.023004616610705853,Q1-OUTERSKIN,0.009220057167112827,-3.0378471e-06,-0.009220057,-9.9269e-07,0.5916581749916077,1.6529273125343025e-05
Step-Separation,0.023004616610705853,Q2-CORE,0.009220357052981853,1.4181084e-06,-0.009220357,-6.0690934e-07,0.591658353805542,6.001554879730975e-07
Step-Separation,0.023004616610705853,Q2-INNERSKIN,0.009220363572239876,1.4181039e-06,-0.009220364,-6.0645084e-07,0.591642439365387,1.7379021301167086e-05
Step-Separation,0.023004616610705853,Q2-OUTERSKIN,0.009220057167112827,3.0400402e-06,-0.009220057,-9.931218e-07,0.5916581153869629,1.6530560969840735e-05
Step-Separation,0.0250046132132411,ADAPTER,0.0,0.0,0.0,0.0,0.0,0.0
Step-Separation,0.0250046132132411,Q1-CORE,0.010415790602564812,-1.0816527e-06,-0.010415791,-5.224347e-07,0.6035040020942688,5.086919259156275e-07
Step-Separation,0.0250046132132411,Q1-INNERSKIN,0.010415793396532536,1.0807843e-06,-0.010415793,5.218811e-07,0.6034795641899109,2.9495457056327723e-05
Step-Separation,0.0250046132132411,Q1-OUTERSKIN,0.010415524244308472,-2.7884023e-06,-0.010415524,-9.144141e-07,0.6035037040710449,2.7997757570119575e-05
Step-Separation,0.0250046132132411,Q2-CORE,0.010415789671242237,1.0798808e-06,-0.01041579,-5.221919e-07,0.6035042405128479,5.04647914567613e-07
Step-Separation,0.0250046132132411,Q2-INNERSKIN,0.010415790602564812,1.0798782e-06,-0.010415791,-5.218774e-07,0.6034795641899109,2.917334859375842e-05
Step-Separation,0.0250046132132411,Q2-OUTERSKIN,0.010415526106953621,2.7907693e-06,-0.010415526,-9.1479643e-07,0.6035038232803345,2.829686491168104e-05
Step-Separation,0.027004609815776348,ADAPTER,0.0,0.0,0.0,0.0,0.0,0.0
Step-Separation,0.027004609815776348,Q1-CORE,0.011632670648396015,-7.987373e-07,-0.011632671,-4.4241938e-07,0.6131879687309265,4.491224387948023e-07
Step-Separation,0.027004609815776348,Q1-INNERSKIN,0.01163266971707344,1.1762968e-06,-0.01163267,5.020095e-07,0.613168478012085,4.7627494495827705e-05
Step-Separation,0.027004609815776348,Q1-OUTERSKIN,0.011632438749074936,-2.4984392e-06,-0.011632439,-8.090779e-07,0.6131877899169922,4.5941378630232066e-05
Step-Separation,0.027004609815776348,Q2-CORE,0.01163266971707344,7.9849116e-07,-0.01163267,-4.4234025e-07,0.6131882667541504,4.4350235839374363e-07
Step-Separation,0.027004609815776348,Q2-INNERSKIN,0.011632667854428291,1.175422e-06,-0.011632668,-5.0195496e-07,0.6131684184074402,4.747824641526677e-05
Step-Separation,0.027004609815776348,Q2-OUTERSKIN,0.011632440611720085,2.5013117e-06,-0.011632441,-8.094884e-07,0.6131880879402161,4.619165702024475e-05
Step-Separation,0.029004606418311596,ADAPTER,0.0,0.0,0.0,0.0,0.0,0.0
Step-Separation,0.029004606418311596,Q1-CORE,0.012867100536823273,5.6490796e-07,-0.012867101,3.6892823e-07,0.621100902557373,4.979991672371398e-07
Step-Separation,0.029004606418311596,Q1-INNERSKIN,0.012867097742855549,-5.650107e-07,-0.012867098,-3.690824e-07,0.6210943460464478,6.26477412879467e-05
Step-Separation,0.029004606418311596,Q1-OUTERSKIN,0.01286690030246973,-4.2130856e-07,-0.0128669,7.481361e-08,0.6211008429527283,5.972354847472161e-05
Step-Separation,0.029004606418311596,Q2-CORE,0.012867097742855549,5.638104e-07,-0.012867098,-3.687765e-07,0.621100664138794,5.005098273613839e-07
Step-Separation,0.029004606418311596,Q2-INNERSKIN,0.012867096811532974,5.638115e-07,-0.012867097,-3.6873027e-07,0.6210944652557373,6.242976087378338e-05
Step-Separation,0.029004606418311596,Q2-OUTERSKIN,0.012866898439824581,2.1817796e-06,-0.012866898,-6.8634614e-07,0.6211007237434387,5.9932342992397025e-05
Step-Separation,0.031004603020846844,ADAPTER,0.0,0.0,0.0,0.0,0.0,0.0
Step-Separation,0.031004603020846844,Q1-CORE,0.014115890488028526,-3.6082704e-07,-0.0141158905,-3.0403066e-07,0.6275761723518372,5.624836489914742e-07
Step-Separation,0.031004603020846844,Q1-INNERSKIN,0.014115891419351101,3.6033822e-07,-0.014115891,3.0374096e-07,0.6275772452354431,7.44517965358682e-05
Step-Separation,0.031004603020846844,Q1-OUTERSKIN,0.014115729369223118,3.5754914e-07,-0.014115729,-6.6872175e-08,0.6275762915611267,7.063589873723686e-05
Step-Separation,0.031004603020846844,Q2-CORE,0.014115888625383377,3.5949088e-07,-0.014115889,-3.0379545e-07,0.6275762319564819,5.641551865664951e-07
Step-Separation,0.031004603020846844,Q2-INNERSKIN,0.014115889556705952,3.5949142e-07,-0.01411589,-3.038015e-07,0.6275772452354431,7.414510037051514e-05
Step-Separation,0.031004603020846844,Q2-OUTERSKIN,0.014115727506577969,4.887003e-07,-0.0141157275,6.388559e-08,0.6275763511657715,7.091733277775347e-05
Step-Separation,0.03300459962338209,ADAPTER,0.0,0.0,0.0,0.0,0.0,0.0
Step-Separation,0.03300459962338209,Q1-CORE,0.015376420691609383,-4.86757e-07,-0.015376421,-2.848369e-07,0.6328741908073425,6.219452188815922e-07
Step-Separation,0.03300459962338209,Q1-INNERSKIN,0.015376421622931957,4.862223e-07,-0.015376422,2.8450154e-07,0.6328760981559753,8.191679080482572e-05
Step-Separation,0.03300459962338209,Q1-OUTERSKIN,0.01537635549902916,-8.159558e-07,-0.0153763555,-4.1662938e-07,0.6328741312026978,7.769509829813614e-05
Step-Separation,0.03300459962338209,Q2-CORE,0.015376418828964233,4.8537623e-07,-0.015376419,-2.846329e-07,0.632874071598053,6.231190354810678e-07
Step-Separation,0.03300459962338209,Q2-INNERSKIN,0.015376419760286808,4.853761e-07,-0.01537642,-2.8458246e-07,0.6328759789466858,8.16678730188869e-05
Step-Separation,0.03300459962338209,Q2-OUTERSKIN,0.01537635549902916,-8.1534404e-07,-0.0153763555,4.1627e-07,0.6328741908073425,7.785268098814413e-05
Step-Separation,0.03500459622591734,ADAPTER,0.0,0.0,0.0,0.0,0.0,0.0
Step-Separation,0.03500459622591734,Q1-CORE,0.016646575182676315,-8.973581e-07,-0.016646575,-4.9402524e-07,0.6372097730636597,6.48513776013715e-07
Step-Separation,0.03500459622591734,Q1-INNERSKIN,0.01664656028151512,3.1820372e-07,-0.01664656,2.3028151e-07,0.6372079253196716,8.617068669991568e-05
Step-Separation,0.03500459622591734,Q1-OUTERSKIN,0.016646578907966614,-9.167267e-07,-0.016646579,-5.205297e-07,0.6372097730636597,8.122304279822856e-05
Step-Separation,0.03500459622591734,Q2-CORE,0.016646575182676315,-8.9682896e-07,-0.016646575,4.937249e-07,0.637209951877594,6.508594196930062e-07
Step-Separation,0.03500459622591734,Q2-INNERSKIN,0.01664656028151512,4.961503e-08,-0.01664656,-1.9794935e-07,0.637208104133606,8.59051724546589e-05
Step-Separation,0.03500459622591734,Q2-OUTERSKIN,0.016646578907966614,-9.161886e-07,-0.016646579,5.2009426e-07,0.6372097730636597,8.140713180182502e-05
Step-Separation,0.03700460586696863,ADAPTER,0.0,0.0,0.0,0.0,0.0,0.0
Step-Separation,0.03700460586696863,Q1-CORE,0.017924651503562927,-9.812898e-07,-0.017924652,-5.846209e-07,0.6407539248466492,6.57460986985825e-07
Step-Separation,0.03700460586696863,Q1-INNERSKIN,0.017924560233950615,-1.6954316e-07,-0.01792456,-1.8466469e-07,0.6407524347305298,8.733520371606573e-05
Step-Separation,0.03700460586696863,Q1-OUTERSKIN,0.017924655228853226,-9.988318e-07,-0.017924655,-6.106359e-07,0.6407538652420044,8.235868881456554e-05
Step-Separation,0.03700460586696863,Q2-CORE,0.017924651503562927,-9.805823e-07,-0.017924652,5.8425235e-07,0.6407539248466492,6.596156936211628e-07
Step-Separation,0.03700460586696863,Q2-INNERSKIN,0.017924562096595764,1.6852667e-07,-0.017924562,-1.844089e-07,0.6407524347305298,8.710871770745143e-05
Step-Separation,0.03700460586696863,Q2-OUTERSKIN,0.017924655228853226,-9.981807e-07,-0.017924655,6.1010803e-07,0.6407538652420044,8.256969158537686e-05
Step-Separation,0.039004639722406864,ADAPTER,0.0,0.0,0.0,0.0,0.0,0.0
Step-Separation,0.039004639722406864,Q1-CORE,0.01920914649963379,-1.1167189e-06,-0.019209146,-8.6056815e-07,0.6436547636985779,6.535692023135198e-07
Step-Separation,0.039004639722406864,Q1-INNERSKIN,0.019209004938602448,4.86305e-09,-0.019209005,-6.707045e-09,0.6436517238616943,8.810624422039837e-05
Step-Separation,0.039004639722406864,Q1-OUTERSKIN,0.019209150224924088,-1.1153063e-06,-0.01920915,-8.4885914e-07,0.6436544060707092,8.292682468891144e-05
Step-Separation,0.039004639722406864,Q2-CORE,0.01920914463698864,-1.0472761e-06,-0.019209145,6.60802e-07,0.6436545848846436,6.564458772118087e-07
Step-Separation,0.039004639722406864,Q2-INNERSKIN,0.0192090030759573,-6.4738925e-09,-0.019209003,-3.7398573e-09,0.6436516642570496,8.782293298281729e-05
Step-Separation,0.039004639722406864,Q2-OUTERSKIN,0.019209150224924088,-1.0604377e-06,-0.01920915,6.845143e-07,0.6436542272567749,8.314917795360088e-05
Step-Separation,0.0410046735778451,ADAPTER,0.0,0.0,0.0,0.0,0.0,0.0
Step-Separation,0.0410046735778451,Q1-CORE,0.020498894155025482,-1.125762e-06,-0.020498894,-9.798539e-07,0.6460254192352295,6.562895578099415e-07
Step-Separation,0.0410046735778451,Q1-INNERSKIN,0.020498741418123245,4.100705e-11,-0.020498741,-7.996749e-09,0.6460248231887817,8.909015741664916e-05
Step-Separation,0.0410046735778451,Q1-OUTERSKIN,0.02049889788031578,-1.1408167e-06,-0.020498898,-8.9430716e-07,0.6460252404212952,8.425732812611386e-05
Step-Separation,0.0410046735778451,Q2-CORE,0.020498894155025482,-1.1405556e-06,-0.020498894,8.771032e-07,0.6460256576538086,6.580854687854298e-07
Step-Separation,0.0410046735778451,Q2-INNERSKIN,0.020498741418123245,-6.6137024e-10,-0.020498741,-5.3116946e-09,0.6460248827934265,8.883220289135352e-05
Step-Separation,0.0410046735778451,Q2-OUTERSKIN,0.02049889788031578,-1.1400425e-06,-0.020498898,8.933315e-07,0.6460254788398743,8.44381283968687e-05
Step-Separation,0.04300470743328333,ADAPTER,0.0,0.0,0.0,0.0,0.0,0.0
Step-Separation,0.04300470743328333,Q1-CORE,0.02179293893277645,-1.156521e-06,-0.021792939,-9.377618e-07,0.6479661464691162,6.485055337179801e-07
Step-Separation,0.04300470743328333,Q1-INNERSKIN,0.021792782470583916,1.583295e-07,-0.021792782,1.6816891e-07,0.6479656100273132,8.784612873569131e-05
Step-Separation,0.04300470743328333,Q1-OUTERSKIN,0.02179294265806675,-1.157852e-06,-0.021792943,-9.283579e-07,0.6479659080505371,8.285244257422164e-05
Step-Separation,0.04300470743328333,Q2-CORE,0.021792937070131302,-1.1438532e-06,-0.021792937,7.7668295e-07,0.6479661464691162,6.510280741167662e-07
Step-Separation,0.04300470743328333,Q2-INNERSKIN,0.021792778745293617,6.432051e-08,-0.021792779,-1.2084942e-07,0.6479653120040894,8.756120223551989e-05
Step-Separation,0.04300470743328333,Q2-OUTERSKIN,0.02179294265806675,-1.1496159e-06,-0.021792943,7.959226e-07,0.6479659080505371,8.304931543534622e-05
Step-Separation,0.04500474128872156,ADAPTER,0.0,0.0,0.0,0.0,0.0,0.0
Step-Separation,0.04500474128872156,Q1-CORE,0.02309049665927887,-1.1294942e-06,-0.023090497,-1.0181151e-06,0.6495519876480103,6.403929546650033e-07
Step-Separation,0.04500474128872156,Q1-INNERSKIN,0.023090340197086334,9.00065e-08,-0.02309034,1.2444698e-07,0.6495527625083923,8.622195309726521e-05
Step-Separation,0.04500474128872156,Q1-OUTERSKIN,0.023090500384569168,-1.1671776e-06,-0.0230905,-9.54457e-07,0.6495513319969177,8.118459663819522e-05
Step-Separation,0.04500474128872156,Q2-CORE,0.02309049665927887,-1.1846444e-06,-0.023090497,8.7222213e-07,0.6495519280433655,6.416635187633801e-07
Step-Separation,0.04500474128872156,Q2-INNERSKIN,0.023090334609150887,8.973241e-08,-0.023090335,-1.2405424e-07,0.6495526432991028,8.596872794441879e-05
Step-Separation,0.04500474128872156,Q2-OUTERSKIN,0.023090500384569168,-1.1831452e-06,-0.0230905,8.394735e-07,0.6495514512062073,8.135971438605338e-05
Step-Separation,0.047004775144159794,ADAPTER,0.0,0.0,0.0,0.0,0.0,0.0
Step-Separation,0.047004775144159794,Q1-CORE,0.02439093217253685,-1.2113832e-06,-0.024390932,-9.085257e-07,0.6508507132530212,6.340747518152057e-07
Step-Separation,0.047004775144159794,Q1-INNERSKIN,0.024390771985054016,1.0924107e-07,-0.024390772,1.2107607e-07,0.6508511304855347,8.389310096390545e-05
Step-Separation,0.047004775144159794,Q1-OUTERSKIN,0.02439093217253685,-1.1497456e-06,-0.024390932,-1.0087904e-06,0.6508505344390869,7.907972030807287e-05
Step-Separation,0.047004775144159794,Q2-CORE,0.0243909303098917,-1.2105392e-06,-0.02439093,9.07174e-07,0.6508505940437317,6.366576030814031e-07
Step-Separation,0.047004775144159794,Q2-INNERSKIN,0.02439076639711857,1.0884898e-07,-0.024390766,-1.2060924e-07,0.6508511900901794,8.360041829291731e-05
Step-Separation,0.047004775144159794,Q2-OUTERSKIN,0.02439093217253685,-1.217368e-06,-0.024390932,8.7943454e-07,0.6508504152297974,7.92575374362059e-05
Step-Separation,0.049004808999598026,ADAPTER,0.0,0.0,0.0,0.0,0.0,0.0
Step-Separation,0.049004808999598026,Q1-CORE,0.02569371648132801,-1.2600213e-06,-0.025693716,-9.067765e-07,0.6519116163253784,6.539813171002606e-07
Step-Separation,0.049004808999598026,Q1-INNERSKIN,0.025693554431200027,5.4147726e-08,-0.025693554,9.132723e-08,0.6519124507904053,8.140475256368518e-05
Step-Separation,0.049004808999598026,Q1-OUTERSKIN,0.02569371834397316,-1.1852538e-06,-0.025693718,-9.961332e-07,0.6519109010696411,7.65782460803166e-05
Step-Separation,0.049004808999598026,Q2-CORE,0.02569371461868286,-1.2580107e-06,-0.025693715,9.0556e-07,0.6519114971160889,6.442061817324429e-07
Step-Separation,0.049004808999598026,Q2-INNERSKIN,0.02569355070590973,7.5859795e-08,-0.02569355,-9.955135e-08,0.6519123315811157,8.112999785225838e-05
Step-Separation,0.049004808999598026,Q2-OUTERSKIN,0.02569371834397316,-1.2503318e-06,-0.025693718,9.1650554e-07,0.6519108414649963,7.681426359340549e-05
Step-Separation,0.05100484285503626,ADAPTER,0.0,0.0,0.0,0.0,0.0,0.0
Step-Separation,0.05100484285503626,Q1-CORE,0.026998423039913177,-1.1888732e-06,-0.026998423,-1.0221304e-06,0.6527791023254395,6.707444413223129e-07
Step-Separation,0.05100484285503626,Q1-INNERSKIN,0.026998262852430344,-2.0831603e-08,-0.026998263,-1.4061634e-07,0.6527788639068604,7.902834477135912e-05
Step-Separation,0.05100484285503626,Q1-OUTERSKIN,0.026998426765203476,-1.1964978e-06,-0.026998427,-1.0179469e-06,0.6527788639068604,7.399957394227386e-05
Step-Separation,0.05100484285503626,Q2-CORE,0.026998423039913177,-1.2974755e-06,-0.026998423,9.474985e-07,0.6527791619300842,6.602398912036733e-07
Step-Separation,0.05100484285503626,Q2-INNERSKIN,0.026998260989785194,7.2310925e-08,-0.026998261,2.434023e-08,0.6527788639068604,7.872252172091976e-05
Step-Separation,0.05100484285503626,Q2-OUTERSKIN,0.026998426765203476,-1.2859391e-06,-0.026998427,9.55877e-07,0.6527789235115051,7.414526044158265e-05
Step-Separation,0.05300487298518419,ADAPTER,0.0,0.0,0.0,0.0,0.0,0.0
Step-Separation,0.05300487298518419,Q1-CORE,0.028304703533649445,-1.2011346e-06,-0.028304704,-1.0464515e-06,0.6534910798072815,6.862598525003705e-07
Step-Separation,0.05300487298518419,Q1-INNERSKIN,0.028304550796747208,-4.7141736e-08,-0.02830455,-1.7821573e-07,0.6534901261329651,7.738936255918816e-05
Step-Separation,0.05300487298518419,Q1-OUTERSKIN,0.028304709121584892,-1.2103056e-06,-0.02830471,-1.0436244e-06,0.6534910798072815,7.201910193543881e-05
Step-Separation,0.05300487298518419,Q2-CORE,0.028304703533649445,-1.1994147e-06,-0.028304704,1.0444073e-06,0.6534909009933472,6.760612905054586e-07
Step-Separation,0.05300487298518419,Q2-INNERSKIN,0.02830454520881176,4.101651e-08,-0.028304545,7.0131335e-08,0.6534899473190308,7.708684279350564e-05
Step-Separation,0.05300487298518419,Q2-OUTERSKIN,0.028304707258939743,-1.2085551e-06,-0.028304707,1.0416219e-06,0.6534909009933472,7.222096610348672e-05
Step-Separation,0.055004906840622425,ADAPTER,0.0,0.0,0.0,0.0,0.0,0.0
Step-Separation,0.055004906840622425,Q1-CORE,0.02961226925253868,-1.1906958e-06,-0.02961227,-1.0797213e-06,0.6540719866752625,7.054689490360033e-07
Step-Separation,0.055004906840622425,Q1-INNERSKIN,0.029612120240926743,-6.878218e-08,-0.02961212,-2.1234452e-07,0.6540712714195251,7.595046918140724e-05
Step-Separation,0.055004906840622425,Q1-OUTERSKIN,0.02961227484047413,-1.2267884e-06,-0.029612275,-1.0727429e-06,0.6540718078613281,7.054838351905346e-05
Step-Separation,0.055004906840622425,Q2-CORE,0.02961226925253868,-1.2146389e-06,-0.02961227,1.0725374e-06,0.6540719866752625,6.94891582497803e-07
Step-Separation,0.055004906840622425,Q2-INNERSKIN,0.029612116515636444,-2.8797961e-08,-0.029612117,1.4821532e-07,0.6540711522102356,7.56422959966585e-05
Step-Separation,0.055004906840622425,Q2-OUTERSKIN,0.02961227297782898,-1.2249666e-06,-0.029612273,1.0706407e-06,0.6540719270706177,7.072234438965097e-05
Step-Separation,0.05700494069606066,ADAPTER,0.0,0.0,0.0,0.0,0.0,0.0
Step-Separation,0.05700494069606066,Q1-CORE,0.030920889228582382,-1.2358485e-06,-0.03092089,-1.1060762e-06,0.6545473337173462,7.25548375157814e-07
Step-Separation,0.05700494069606066,Q1-INNERSKIN,0.030920742079615593,-8.7337e-08,-0.030920742,-2.439094e-07,0.654546320438385,7.484470552299172e-05
Step-Separation,0.05700494069606066,Q1-OUTERSKIN,0.03092089295387268,-1.2473782e-06,-0.030920893,-1.1050901e-06,0.6545473337173462,6.924539047759026e-05
Step-Separation,0.05700494069606066,Q2-CORE,0.030920889228582382,-1.2337842e-06,-0.03092089,1.1035771e-06,0.6545473337173462,7.144700475691934e-07
Step-Separation,0.05700494069606066,Q2-INNERSKIN,0.030920736491680145,-3.5826424e-08,-0.030920736,1.8029493e-07,0.6545462608337402,7.453760917996988e-05
Step-Separation,0.05700494069606066,Q2-OUTERSKIN,0.03092089295387268,-1.2452966e-06,-0.030920893,1.1026686e-06,0.6545473337173462,6.943452899577096e-05
Step-Separation,0.05900497455149889,ADAPTER,0.0,0.0,0.0,0.0,0.0,0.0
Step-Separation,0.05900497455149889,Q1-CORE,0.03223036974668503,-1.2263243e-06,-0.03223037,-1.1405606e-06,0.6549361944198608,7.463248152816959e-07
Step-Separation,0.05900497455149889,Q1-INNERSKIN,0.03223022446036339,-1.028295e-07,-0.032230224,-2.729577e-07,0.6549360752105713,7.393443229375407e-05
Step-Separation,0.05900497455149889,Q1-OUTERSKIN,0.03223037347197533,-1.2699096e-06,-0.032230373,-1.1396763e-06,0.6549361348152161,6.831416976638138e-05
Step-Separation,0.05900497455149889,Q2-CORE,0.03223036974668503,-1.2548629e-06,-0.03223037,1.1370757e-06,0.6549359560012817,7.345267363234598e-07
Step-Separation,0.05900497455149889,Q2-INNERSKIN,0.03223022073507309,-6.591125e-08,-0.03223022,2.1672197e-07,0.6549360752105713,7.361943426076323e-05
Step-Separation,0.05900497455149889,Q2-OUTERSKIN,0.03223036974668503,-1.2677083e-06,-0.03223037,1.1371259e-06,0.654935896396637,6.846844917163253e-05
Step-Separation,0.06100500840693712,ADAPTER,0.0,0.0,0.0,0.0,0.0,0.0
Step-Separation,0.06100500840693712,Q1-CORE,0.03354055434465408,-1.2829884e-06,-0.033540554,-1.1767918e-06,0.6552541255950928,7.668240300517937e-07
Step-Separation,0.06100500840693712,Q1-INNERSKIN,0.033540405333042145,-1.16701194e-07,-0.033540405,-3.0077973e-07,0.6552538871765137,7.335527334362268e-05
Step-Separation,0.06100500840693712,Q1-OUTERSKIN,0.03354055434465408,-1.2966524e-06,-0.033540554,-1.1773342e-06,0.655254065990448,6.774622306693345e-05
Step-Separation,0.06100500840693712,Q2-CORE,0.03354055434465408,-1.2806178e-06,-0.033540554,1.1739979e-06,0.6552539467811584,7.549636507064861e-07
Step-Separation,0.06100500840693712,Q2-INNERSKIN,0.03354039788246155,-5.3486247e-08,-0.033540398,2.259415e-07,0.6552538871765137,7.306450424948707e-05
Step-Separation,0.06100500840693712,Q2-OUTERSKIN,0.03354055434465408,-1.2943036e-06,-0.033540554,1.1746355e-06,0.6552539467811584,6.791903433622792e-05
Step-Separation,0.06300504226237535,ADAPTER,0.0,0.0,0.0,0.0,0.0,0.0
Step-Separation,0.06300504226237535,Q1-CORE,0.0348513089120388,-1.3100295e-06,-0.03485131,-1.2152481e-06,0.6555126309394836,7.879218628659146e-07
Step-Separation,0.06300504226237535,Q1-INNERSKIN,0.034851159900426865,-8.9962896e-08,-0.03485116,-2.696284e-07,0.6555129885673523,7.323238241951913e-05
Step-Separation,0.06300504226237535,Q1-OUTERSKIN,0.0348513126373291,-1.3250468e-06,-0.034851313,-1.2166256e-06,0.6555126309394836,6.759831740055233e-05
Step-Separation,0.06300504226237535,Q2-CORE,0.034851305186748505,-1.5662285e-06,-0.034851305,1.2355247e-06,0.6555126309394836,7.753239970043069e-07
Step-Separation,0.06300504226237535,Q2-INNERSKIN,0.034851156175136566,-6.990044e-08,-0.034851156,2.5816615e-07,0.655512809753418,7.28778395568952e-05
Step-Separation,0.06300504226237535,Q2-OUTERSKIN,0.0348513089120388,-1.5333165e-06,-0.03485131,1.2318519e-06,0.6555126309394836,6.773453060304746e-05
Step-Separation,0.06500507611781359,ADAPTER,0.0,0.0,0.0,0.0,0.0,0.0
Step-Separation,0.06500507611781359,Q1-CORE,0.03616253659129143,-1.3391633e-06,-0.036162537,-1.2558844e-06,0.6557250022888184,8.073506023720256e-07
Step-Separation,0.06500507611781359,Q1-INNERSKIN,0.03616239130496979,-9.848681e-08,-0.03616239,-2.9300926e-07,0.6557245254516602,7.35090725356713e-05
Step-Separation,0.06500507611781359,Q1-OUTERSKIN,0.036162540316581726,-1.3549345e-06,-0.03616254,-1.2577365e-06,0.6557250022888184,6.788868631701916e-05
Step-Separation,0.06500507611781359,Q2-CORE,0.03616253286600113,-1.6165103e-06,-0.036162533,1.2879339e-06,0.6557250022888184,7.954579359648051e-07
Step-Separation,0.06500507611781359,Q2-INNERSKIN,0.03616238385438919,-9.734922e-08,-0.036162384,2.8927647e-07,0.6557247042655945,7.314094546018168e-05
Step-Separation,0.06500507611781359,Q2-OUTERSKIN,0.036162540316581726,-1.5801382e-06,-0.03616254,1.2824256e-06,0.6557250618934631,6.80569137330167e-05
Step-Separation,0.06700510624796152,ADAPTER,0.0,0.0,0.0,0.0,0.0,0.0
Step-Separation,0.06700510624796152,Q1-CORE,0.03747415170073509,-1.3675875e-06,-0.03747415,-1.2965846e-06,0.6558990478515625,8.250331688941515e-07
Step-Separation,0.06700510624796152,Q1-INNERSKIN,0.037474002689123154,-9.8942756e-08,-0.037474003,-3.045756e-07,0.6558979153633118,7.388347876258194e-05
Step-Separation,0.06700510624796152,Q1-OUTERSKIN,0.03747415542602539,-1.3844402e-06,-0.037474155,-1.2992141e-06,0.6558990478515625,6.832325016148388e-05
Step-Separation,0.06700510624796152,Q2-CORE,0.037474147975444794,-1.3644036e-06,-0.037474148,1.2929123e-06,0.6558990478515625,8.121666610350076e-07
Step-Separation,0.06700510624796152,Q2-INNERSKIN,0.037473998963832855,-1.0411267e-07,-0.037474,3.1019763e-07,0.655897855758667,7.354225090239197e-05
Step-Separation,0.06700510624796152,Q2-OUTERSKIN,0.03747415170073509,-1.6270799e-06,-0.03747415,1.33392e-06,0.6558990478515625,6.844293238827959e-05
Step-Separation,0.06900513637810946,ADAPTER,0.0,0.0,0.0,0.0,0.0,0.0
Step-Separation,0.06900513637810946,Q1-CORE,0.03878607973456383,-1.3959542e-06,-0.03878608,-1.3379935e-06,0.6560407280921936,8.418442121183034e-07
Step-Separation,0.06900513637810946,Q1-INNERSKIN,0.03878593444824219,-1.07151656e-07,-0.038785934,-3.26961e-07,0.6560392379760742,7.454366277670488e-05
Step-Separation,0.06900513637810946,Q1-OUTERSKIN,0.038786083459854126,-1.4138313e-06,-0.038786083,-1.3412456e-06,0.6560406684875488,6.900422886246815e-05
Step-Separation,0.06900513637810946,Q2-CORE,0.03878607600927353,-1.3923527e-06,-0.038786076,1.3339458e-06,0.6560408473014832,8.287674972962122e-07
Step-Separation,0.06900513637810946,Q2-INNERSKIN,0.03878593072295189,-1.07206496e-07,-0.03878593,3.240727e-07,0.6560392379760742,7.41898620617576e-05
Step-Separation,0.06900513637810946,Q2-OUTERSKIN,0.03878607973456383,-1.6732345e-06,-0.03878608,1.3853573e-06,0.6560408473014832,6.914372352184728e-05
Step-Separation,0.07100517023354769,ADAPTER,0.0,0.0,0.0,0.0,0.0,0.0
Step-Separation,0.07100517023354769,Q1-CORE,0.04009826481342316,-1.3778752e-06,-0.040098265,-1.37014e-06,0.6561563014984131,8.587056754549849e-07
Step-Separation,0.07100517023354769,Q1-INNERSKIN,0.040098123252391815,-1.2262868e-07,-0.040098123,-3.5924458e-07,0.656155526638031,7.529743743361905e-05
Step-Separation,0.07100517023354769,Q1-OUTERSKIN,0.040098268538713455,-1.4425665e-06,-0.04009827,-1.3830353e-06,0.6561563014984131,6.979383033467457e-05
Step-Separation,0.07100517023354769,Q2-CORE,0.04009826108813286,-1.4198913e-06,-0.04009826,1.374773e-06,0.6561564803123474,8.440935062026256e-07
Step-Separation,0.07100517023354769,Q2-INNERSKIN,0.04009811580181122,-1.1835977e-07,-0.040098116,3.5193614e-07,0.6561555862426758,7.495671161450446e-05
Step-Separation,0.07100517023354769,Q2-OUTERSKIN,0.04009826481342316,-1.7173471e-06,-0.040098265,1.4359341e-06,0.6561563611030579,6.992192356847227e-05
Step-Separation,0.07300520408898592,ADAPTER,0.0,0.0,0.0,0.0,0.0,0.0
Step-Separation,0.07300520408898592,Q1-CORE,0.0414106622338295,-1.449456e-06,-0.041410662,-1.4192582e-06,0.6562513113021851,8.749256039664033e-07
Step-Separation,0.07300520408898592,Q1-INNERSKIN,0.04141052067279816,-1.1448137e-07,-0.04141052,-3.5869792e-07,0.6562503576278687,7.60287803132087e-05
Step-Separation,0.07300520408898592,Q1-OUTERSKIN,0.0414106659591198,-1.4692286e-06,-0.041410666,-1.4237563e-06,0.6562512516975403,7.046482642181218e-05
Step-Separation,0.07300520408898592,Q2-CORE,0.0414106547832489,-1.8077147e-06,-0.041410655,1.4971992e-06,0.656251072883606,8.600703154115763e-07
Step-Separation,0.07300520408898592,Q2-INNERSKIN,0.04141052067279816,-9.63934e-08,-0.04141052,3.2486523e-07,0.6562502384185791,7.568481669295579e-05
Step-Separation,0.07300520408898592,Q2-OUTERSKIN,0.0414106622338295,-1.7601864e-06,-0.041410662,1.4859606e-06,0.6562509536743164,7.058279879856855e-05
Step-Separation,0.07500523794442415,ADAPTER,0.0,0.0,0.0,0.0,0.0,0.0
Step-Separation,0.07500523794442415,Q1-CORE,0.04272323101758957,-1.2488679e-06,-0.04272323,-1.4119421e-06,0.6563284397125244,8.880579116521403e-07
Step-Separation,0.07500523794442415,Q1-INNERSKIN,0.042723093181848526,-1.2393411e-07,-0.042723093,-3.8226156e-07,0.6563280820846558,7.659879338461906e-05
Step-Separation,0.07500523794442415,Q1-OUTERSKIN,0.04272323474287987,-1.4941622e-06,-0.042723235,-1.4635177e-06,0.6563283801078796,7.096897024894133e-05
Step-Separation,0.07500523794442415,Q2-CORE,0.04272322729229927,-1.4689992e-06,-0.042723227,1.4534512e-06,0.6563284397125244,8.72744976732065e-07
Step-Separation,0.07500523794442415,Q2-INNERSKIN,0.042723093181848526,-1.0064872e-07,-0.042723093,3.4232082e-07,0.6563281416893005,7.62218187446706e-05
Step-Separation,0.07500523794442415,Q2-OUTERSKIN,0.04272323101758957,-1.8005185e-06,-0.04272323,1.5347875e-06,0.6563283801078796,7.109631405910477e-05
Step-Separation,0.07700527179986238,ADAPTER,0.0,0.0,0.0,0.0,0.0,0.0
Step-Separation,0.07700527179986238,Q1-CORE,0.04403594508767128,-1.4432243e-06,-0.044035945,-1.4831156e-06,0.6563917398452759,9.020935181069945e-07
Step-Separation,0.07700527179986238,Q1-INNERSKIN,0.04403580725193024,-1.0711904e-07,-0.044035807,-3.6225998e-07,0.6563915014266968,7.727654883638024e-05
Step-Separation,0.07700527179986238,Q1-OUTERSKIN,0.04403594881296158,-1.5172191e-06,-0.04403595,-1.5022858e-06,0.6563917398452759,7.162333349697292e-05
Step-Separation,0.07700527179986238,Q2-CORE,0.04403594136238098,-1.4907431e-06,-0.04403594,1.4912733e-06,0.6563916802406311,8.869200769368035e-07
Step-Separation,0.07700527179986238,Q2-INNERSKIN,0.04403580725193024,-1.0604077e-07,-0.044035807,3.6154628e-07,0.6563915610313416,7.692636427236721e-05
Step-Separation,0.07700527179986238,Q2-OUTERSKIN,0.04403594136238098,-1.8389229e-06,-0.04403594,1.5829455e-06,0.6563916206359863,7.171658944571391e-05
Step-Separation,0.07900530565530062,ADAPTER,0.0,0.0,0.0,0.0,0.0,0.0
Step-Separation,0.07900530565530062,Q1-CORE,0.045348770916461945,-1.2735802e-06,-0.04534877,-1.4736596e-06,0.6564438343048096,9.16324552235892e-07
Step-Separation,0.07900530565530062,Q1-INNERSKIN,0.0453486368060112,-1.0484187e-07,-0.045348637,-3.6894141e-07,0.6564432382583618,7.807336078258231e-05
Step-Separation,0.07900530565530062,Q1-OUTERSKIN,0.04534877464175224,-1.2924568e-06,-0.045348775,-1.4775252e-06,0.65644371509552,7.239938713610172e-05
Step-Separation,0.07900530565530062,Q2-CORE,0.04534876346588135,-8.6021583e-07,-0.045348763,1.3991046e-06,0.6564439535140991,9.018620517053932e-07
Step-Separation,0.07900530565530062,Q2-INNERSKIN,0.0453486368060112,-1.1250595e-07,-0.045348637,3.8253202e-07,0.6564432382583618,7.771379023324698e-05
Step-Separation,0.07900530565530062,Q2-OUTERSKIN,0.045348770916461945,-1.5335107e-06,-0.04534877,1.5346997e-06,0.65644371509552,7.250533235492185e-05
Step-Separation,0.08100533951073885,ADAPTER,0.0,0.0,0.0,0.0,0.0,0.0
Step-Separation,0.08100533951073885,Q1-CORE,0.04666169732809067,-1.2834006e-06,-0.046661697,-1.5026848e-06,0.6564861536026001,9.286836188948655e-07
Step-Separation,0.08100533951073885,Q1-INNERSKIN,0.04666156321763992,-1.6527378e-07,-0.046661563,-4.7117862e-07,0.6564855575561523,7.852310955058783e-05
Step-Separation,0.08100533951073885,Q1-OUTERSKIN,0.04666169732809067,-1.3027999e-06,-0.046661697,-1.5071216e-06,0.6564860939979553,7.27691876818426e-05
Step-Separation,0.08100533951073885,Q2-CORE,0.04666168987751007,-1.5285602e-06,-0.04666169,1.563866e-06,0.6564861536026001,9.138079235526675e-07
Step-Separation,0.08100533951073885,Q2-INNERSKIN,0.04666156321763992,-1.1915025e-07,-0.046661563,4.0425255e-07,0.6564855575561523,7.816511788405478e-05
Step-Separation,0.08100533951073885,Q2-OUTERSKIN,0.04666168987751007,-8.7951753e-07,-0.04666169,1.4219981e-06,0.6564861536026001,7.288999040611088e-05
Step-Separation,0.08300537336617708,ADAPTER,0.0,0.0,0.0,0.0,0.0,0.0
Step-Separation,0.08300537336617708,Q1-CORE,0.04797469824552536,-1.2917145e-06,-0.0479747,-1.5309894e-06,0.6565210223197937,9.409629342371773e-07
Step-Separation,0.08300537336617708,Q1-INNERSKIN,0.047974564135074615,-1.279208e-07,-0.047974564,-4.2928033e-07,0.6565202474594116,7.888284744694829e-05
Step-Separation,0.08300537336617708,Q1-OUTERSKIN,0.04797469824552536,-1.3116979e-06,-0.0479747,-1.5360278e-06,0.6565210223197937,7.303306483663619e-05
Step-Separation,0.08300537336617708,Q2-CORE,0.04797469079494476,-8.645656e-07,-0.04797469,1.4402333e-06,0.656521201133728,9.256107773580879e-07
Step-Separation,0.08300537336617708,Q2-INNERSKIN,0.047974564135074615,-1.2580401e-07,-0.047974564,4.265007e-07,0.6565202474594116,7.846879452699795e-05
Step-Separation,0.08300537336617708,Q2-OUTERSKIN,0.04797469452023506,-8.5322137e-07,-0.047974695,1.4385556e-06,0.6565210819244385,7.312888192245737e-05
Step-Separation,0.08500540722161531,ADAPTER,0.0,0.0,0.0,0.0,0.0,0.0
Step-Separation,0.08500540722161531,Q1-CORE,0.049287762492895126,-1.2997227e-06,-0.049287762,-1.5595739e-06,0.6565494537353516,9.51850893216033e-07
Step-Separation,0.08500540722161531,Q1-INNERSKIN,0.04928762838244438,-1.3463239e-07,-0.04928763,-4.5267953e-07,0.6565488576889038,7.899423508206382e-05
Step-Separation,0.08500540722161531,Q1-OUTERSKIN,0.049287762492895126,-1.32024e-06,-0.049287762,-1.5651199e-06,0.656549334526062,7.309048669412732e-05
Step-Separation,0.08500540722161531,Q2-CORE,0.04928775504231453,-8.6539075e-07,-0.049287755,1.4598946e-06,0.6565495133399963,9.35796208523243e-07
Step-Separation,0.08500540722161531,Q2-INNERSKIN,0.04928762838244438,-1.3256826e-07,-0.04928763,4.4968795e-07,0.656548798084259,7.861424091970548e-05
Step-Separation,0.08500540722161531,Q2-OUTERSKIN,0.04928775876760483,-8.540341e-07,-0.04928776,1.458137e-06,0.6565494537353516,7.320832082768902e-05
Step-Separation,0.08700544107705355,ADAPTER,0.0,0.0,0.0,0.0,0.0,0.0
Step-Separation,0.08700544107705355,Q1-CORE,0.05060087889432907,-1.3070991e-06,-0.05060088,-1.5878645e-06,0.6565727591514587,9.629383157516713e-07
Step-Separation,0.08700544107705355,Q1-INNERSKIN,0.050600744783878326,-1.2994047e-07,-0.050600745,-4.5918452e-07,0.6565722227096558,7.901447679614648e-05
Step-Separation,0.08700544107705355,Q1-OUTERSKIN,0.05060087889432907,-1.3281741e-06,-0.05060088,-1.5939498e-06,0.6565726399421692,7.30321480659768e-05
Step-Separation,0.08700544107705355,Q2-CORE,0.050600871443748474,-8.6566496e-07,-0.05060087,1.4790837e-06,0.656572699546814,9.472341844229959e-07
Step-Separation,0.08700544107705355,Q2-INNERSKIN,0.050600744783878326,-1.3948203e-07,-0.050600745,4.7369116e-07,0.656572163105011,7.86094315117225e-05
Step-Separation,0.08700544107705355,Q2-OUTERSKIN,0.05060087516903877,-8.5425773e-07,-0.050600875,1.4772007e-06,0.656572699546814,7.31464970158413e-05
Step-Separation,0.08900547493249178,ADAPTER,0.0,0.0,0.0,0.0,0.0,0.0
Step-Separation,0.08900547493249178,Q1-CORE,0.0519140362739563,-8.6775043e-07,-0.051914036,-1.4982861e-06,0.6565915942192078,9.723268021843978e-07
Step-Separation,0.08900547493249178,Q1-INNERSKIN,0.051913902163505554,-1.3596558e-07,-0.051913902,-4.829005e-07,0.6565914154052734,7.878058386268094e-05
Step-Separation,0.08900547493249178,Q1-OUTERSKIN,0.0519140362739563,-8.5607076e-07,-0.051914036,-1.4959863e-06,0.6565914750099182,7.277181430254132e-05
Step-Separation,0.08900547493249178,Q2-CORE,0.0519140288233757,-8.939623e-07,-0.05191403,1.5021525e-06,0.6565917730331421,9.562086233927403e-07
Step-Separation,0.08900547493249178,Q2-INNERSKIN,0.051913902163505554,-1.4656487e-07,-0.051913902,4.9839326e-07,0.6565916538238525,7.837502198526636e-05
Step-Separation,0.08900547493249178,Q2-OUTERSKIN,0.0519140362739563,-8.536236e-07,-0.051914036,1.49551e-06,0.6565915942192078,7.286038453457877e-05
Step-Separation,0.09100550878793001,ADAPTER,0.0,0.0,0.0,0.0,0.0,0.0
Step-Separation,0.09100550878793001,Q1-CORE,0.05322723090648651,-8.668134e-07,-0.05322723,-1.5163024e-06,0.6566071510314941,9.808400136535056e-07
Step-Separation,0.09100550878793001,Q1-INNERSKIN,0.05322709679603577,-9.7728055e-08,-0.053227097,-4.328131e-07,0.6566070914268494,7.856165029807016e-05
Step-Separation,0.09100550878793001,Q1-OUTERSKIN,0.05322723090648651,-8.551024e-07,-0.05322723,-1.5138411e-06,0.6566070914268494,7.242849824251607e-05
Step-Separation,0.09100550878793001,Q2-CORE,0.053227223455905914,-8.9307883e-07,-0.053227223,1.5205932e-06,0.6566071510314941,9.63943875831319e-07
Step-Separation,0.09100550878793001,Q2-INNERSKIN,0.05322709679603577,-1.5368516e-07,-0.053227097,5.23353e-07,0.6566071510314941,7.813874253770337e-05
Step-Separation,0.09100550878793001,Q2-OUTERSKIN,0.05322723090648651,-8.525491e-07,-0.05322723,1.5133052e-06,0.6566070914268494,7.247598114190623e-05
Step-Separation,0.09300554264336824,ADAPTER,0.0,0.0,0.0,0.0,0.0,0.0
Step-Separation,0.09300554264336824,Q1-CORE,0.054540447890758514,-8.664843e-07,-0.054540448,-1.5351822e-06,0.6566200852394104,9.889079137792578e-07
Step-Separation,0.09300554264336824,Q1-INNERSKIN,0.05454031750559807,-1.0212804e-07,-0.054540318,-4.5482054e-07,0.6566199064254761,7.834220014046878e-05
Step-Separation,0.09300554264336824,Q1-OUTERSKIN,0.054540447890758514,-8.5470265e-07,-0.054540448,-1.5325548e-06,0.6566197872161865,7.206232839962468e-05
Step-Separation,0.09300554264336824,Q2-CORE,0.054540447890758514,-8.635753e-07,-0.054540448,1.5343527e-06,0.6566199064254761,9.717074362924905e-07
Step-Separation,0.09300554264336824,Q2-INNERSKIN,0.05454032123088837,-1.4782312e-07,-0.05454032,5.306803e-07,0.6566199064254761,7.792468386469409e-05
Step-Separation,0.09300554264336824,Q2-OUTERSKIN,0.054540447890758514,-8.807975e-07,-0.054540448,1.5376521e-06,0.6566197872161865,7.217338134068996e-05
Step-Separation,0.09500557649880648,ADAPTER,0.0,0.0,0.0,0.0,0.0,0.0
Step-Separation,0.09500557649880648,Q1-CORE,0.05585368722677231,-8.668026e-07,-0.055853687,-1.5552541e-06,0.6566305756568909,9.963189313566545e-07
Step-Separation,0.09500557649880648,Q1-INNERSKIN,0.05585355684161186,-1.0609942e-07,-0.055853557,-4.7628762e-07,0.656630277633667,7.816660217940807e-05
Step-Separation,0.09500557649880648,Q1-OUTERSKIN,0.05585368722677231,-8.549048e-07,-0.055853687,-1.5524137e-06,0.6566303968429565,7.191830081865191e-05
Step-Separation,0.09500557649880648,Q2-CORE,0.05585368722677231,-8.637688e-07,-0.055853687,1.5543094e-06,0.6566304564476013,9.79092760644562e-07
Step-Separation,0.09500557649880648,Q2-INNERSKIN,0.05585356056690216,-1.536019e-07,-0.05585356,5.542801e-07,0.656630277633667,7.774792175041512e-05
Step-Separation,0.09500557649880648,Q2-OUTERSKIN,0.05585368722677231,-8.810641e-07,-0.055853687,1.5577718e-06,0.6566303372383118,7.200556137831882e-05
Step-Separation,0.09700561035424471,ADAPTER,0.0,0.0,0.0,0.0,0.0,0.0
Step-Separation,0.09700561035424471,Q1-CORE,0.05716695263981819,-8.676257e-07,-0.057166953,-1.5759865e-06,0.656639039516449,1.0034760862254188e-06
Step-Separation,0.09700561035424471,Q1-INNERSKIN,0.05716681852936745,-1.09843896e-07,-0.05716682,-4.972194e-07,0.6566387414932251,7.800669845892116e-05
Step-Separation,0.09700561035424471,Q1-OUTERSKIN,0.05716695263981819,-8.556098e-07,-0.057166953,-1.5729513e-06,0.6566389203071594,7.171984907472506e-05
Step-Separation,0.09700561035424471,Q2-CORE,0.05716694891452789,-8.643983e-07,-0.05716695,1.5748363e-06,0.6566389799118042,9.858079010882648e-07
Step-Separation,0.09700561035424471,Q2-INNERSKIN,0.057166822254657745,-1.5905621e-07,-0.057166822,5.773544e-07,0.6566387414932251,7.757802814012393e-05
Step-Separation,0.09700561035424471,Q2-OUTERSKIN,0.05716695263981819,-8.526188e-07,-0.057166953,1.572111e-06,0.6566389799118042,7.182516856119037e-05
Step-Separation,0.09900564420968294,ADAPTER,0.0,0.0,0.0,0.0,0.0,0.0
Step-Separation,0.09900564420968294,Q1-CORE,0.05848022922873497,-8.6880215e-07,-0.05848023,-1.5971771e-06,0.6566461324691772,1.0100500276166713e-06
Step-Separation,0.09900564420968294,Q1-INNERSKIN,0.058480098843574524,-1.133541e-07,-0.0584801,-5.1783974e-07,0.6566457748413086,7.790302333887666e-05
Step-Separation,0.09900564420968294,Q1-OUTERSKIN,0.05848022922873497,-8.566869e-07,-0.05848023,-1.5939945e-06,0.6566460132598877,7.154456397984177e-05
Step-Separation,0.09900564420968294,Q2-CORE,0.05848022550344467,-8.653713e-07,-0.058480226,1.5959065e-06,0.6566460132598877,9.926178563546273e-07
Step-Separation,0.09900564420968294,Q2-INNERSKIN,0.058480098843574524,-1.7969124e-07,-0.0584801,6.197394e-07,0.6566458940505981,7.752220699330792e-05
Step-Separation,0.09900564420968294,Q2-OUTERSKIN,0.05848022922873497,-8.535247e-07,-0.05848023,1.5930337e-06,0.6566460132598877,7.159918459365144e-05
Step-Separation,0.10100567806512117,ADAPTER,0.0,0.0,0.0,0.0,0.0,0.0
Step-Separation,0.10100567806512117,Q1-CORE,0.05979352071881294,-8.699517e-07,-0.05979352,-1.6182595e-06,0.6566517949104309,1.0182449159401585e-06
Step-Separation,0.10100567806512117,Q1-INNERSKIN,0.059793390333652496,-1.167206e-07,-0.05979339,-5.382116e-07,0.6566514372825623,7.786269270582125e-05
Step-Separation,0.10100567806512117,Q1-OUTERSKIN,0.05979352071881294,-8.5780437e-07,-0.05979352,-1.6149374e-06,0.6566517949104309,7.139892841223627e-05
Step-Separation,0.10100567806512117,Q2-CORE,0.059793516993522644,-8.6645423e-07,-0.059793517,1.6170131e-06,0.6566517949104309,1.000411543827795e-06
Step-Separation,0.10100567806512117,Q2-INNERSKIN,0.059793390333652496,-1.856244e-07,-0.05979339,6.4301116e-07,0.6566516160964966,7.744233880657703e-05
Step-Separation,0.10100567806512117,Q2-OUTERSKIN,0.05979352071881294,-8.5451757e-07,-0.05979352,1.6139948e-06,0.6566516757011414,7.148264558054507e-05
Step-Separation,0.1030057119205594,ADAPTER,0.0,0.0,0.0,0.0,0.0,0.0
Step-Separation,0.1030057119205594,Q1-CORE,0.06110682338476181,-8.714713e-07,-0.061106823,-1.6396309e-06,0.6566565632820129,1.0259358305120259e-06
Step-Separation,0.1030057119205594,Q1-INNERSKIN,0.061106692999601364,-1.2009106e-07,-0.061106693,-5.583817e-07,0.6566563248634338,7.778294093441218e-05
Step-Separation,0.1030057119205594,Q1-OUTERSKIN,0.06110682338476181,-8.5920766e-07,-0.061106823,-1.6361191e-06,0.6566564440727234,7.131107850000262e-05
Step-Separation,0.1030057119205594,Q2-CORE,0.06110681965947151,-8.677756e-07,-0.06110682,1.6382054e-06,0.6566565036773682,1.0083899724122602e-06
Step-Separation,0.1030057119205594,Q2-INNERSKIN,0.061106692999601364,-1.7440875e-07,-0.061106693,6.44878e-07,0.6566563844680786,7.73787687649019e-05
Step-Separation,0.1030057119205594,Q2-OUTERSKIN,0.06110682338476181,-8.557299e-07,-0.061106823,1.6350333e-06,0.6566565036773682,7.136634667403996e-05
Step-Separation,0.10500574577599764,ADAPTER,0.0,0.0,0.0,0.0,0.0,0.0
Step-Separation,0.10500574577599764,Q1-CORE,0.062420133501291275,-8.732575e-07,-0.062420134,-1.6613018e-06,0.6566604375839233,1.0346017234041938e-06
Step-Separation,0.10500574577599764,Q1-INNERSKIN,0.06242000684142113,-1.2335768e-07,-0.062420007,-5.782537e-07,0.6566601991653442,7.7835276897531e-05
Step-Separation,0.10500574577599764,Q1-OUTERSKIN,0.062420133501291275,-8.6089153e-07,-0.062420134,-1.6576384e-06,0.6566603183746338,7.126296986825764e-05
Step-Separation,0.10500574577599764,Q2-CORE,0.06242012977600098,-8.692604e-07,-0.06242013,1.659661e-06,0.6566603779792786,1.0161214731851942e-06
Step-Separation,0.10500574577599764,Q2-INNERSKIN,0.06242000311613083,-1.7922599e-07,-0.062420003,6.6685817e-07,0.6566601991653442,7.735948747722432e-05
Step-Separation,0.10500574577599764,Q2-OUTERSKIN,0.062420133501291275,-8.5715817e-07,-0.062420134,1.6563638e-06,0.6566603183746338,7.132308383006603e-05
Step-Separation,0.10700577963143587,ADAPTER,0.0,0.0,0.0,0.0,0.0,0.0
Step-Separation,0.10700577963143587,Q1-CORE,0.06373345106840134,-8.7524535e-07,-0.06373345,-1.6833475e-06,0.6566635966300964,1.0423312915008864e-06
Step-Separation,0.10700577963143587,Q1-INNERSKIN,0.06373331695795059,-9.061598e-08,-0.06373332,-5.3173125e-07,0.6566633582115173,7.790236122673377e-05
Step-Separation,0.10700577963143587,Q1-OUTERSKIN,0.06373345106840134,-8.6282836e-07,-0.06373345,-1.679596e-06,0.6566634774208069,7.127385470084846e-05
Step-Separation,0.10700577963143587,Q2-CORE,0.06373344361782074,-8.710063e-07,-0.06373344,1.6815079e-06,0.6566634178161621,1.0236885827907827e-06
Step-Separation,0.10700577963143587,Q2-INNERSKIN,0.06373331695795059,-1.8401116e-07,-0.06373332,6.886067e-07,0.6566634178161621,7.741079753031954e-05
Step-Separation,0.10700577963143587,Q2-OUTERSKIN,0.06373345106840134,-8.588628e-07,-0.06373345,1.6781171e-06,0.6566633582115173,7.132683822419494e-05
Step-Separation,0.1090058134868741,ADAPTER,0.0,0.0,0.0,0.0,0.0,0.0
Step-Separation,0.1090058134868741,Q1-CORE,0.0650467723608017,-8.775598e-07,-0.06504677,-1.7059988e-06,0.6566662788391113,1.0502277518753544e-06
Step-Separation,0.1090058134868741,Q1-INNERSKIN,0.06504664570093155,-9.289337e-08,-0.065046646,-5.499916e-07,0.6566659808158875,7.796222780598328e-05
Step-Separation,0.1090058134868741,Q1-OUTERSKIN,0.0650467723608017,-8.6507856e-07,-0.06504677,-1.7021254e-06,0.6566662192344666,7.134771294659004e-05
Step-Separation,0.1090058134868741,Q2-CORE,0.0650467723608017,-5.659383e-07,-0.06504677,1.6390157e-06,0.6566661596298218,1.0317493206457584e-06
Step-Separation,0.1090058134868741,Q2-INNERSKIN,0.06504664570093155,-9.1980844e-08,-0.065046646,5.4940904e-07,0.6566659808158875,7.749722135486081e-05
Step-Separation,0.1090058134868741,Q2-OUTERSKIN,0.0650467723608017,-8.609291e-07,-0.06504677,1.700492e-06,0.6566660404205322,7.135356281651184e-05
Step-Separation,0.11100584734231234,ADAPTER,0.0,0.0,0.0,0.0,0.0,0.0
Step-Separation,0.11100584734231234,Q1-CORE,0.06636010110378265,-8.483643e-07,-0.0663601,-1.7187833e-06,0.6566684246063232,1.0574822226772085e-06
Step-Separation,0.11100584734231234,Q1-INNERSKIN,0.0663599818944931,-1.3269394e-07,-0.06635998,-6.3711235e-07,0.656667947769165,7.805538916727528e-05
Step-Separation,0.11100584734231234,Q1-OUTERSKIN,0.06636010110378265,-8.3657847e-07,-0.0663601,-1.7152196e-06,0.6566683053970337,7.138312503229827e-05
Step-Separation,0.11100584734231234,Q2-CORE,0.06636010110378265,-8.753753e-07,-0.0663601,1.7268463e-06,0.6566681861877441,1.0387568636360811e-06
Step-Separation,0.11100584734231234,Q2-INNERSKIN,0.0663599744439125,-1.1830259e-07,-0.066359974,6.1304996e-07,0.656667947769165,7.758569699944928e-05
Step-Separation,0.11100584734231234,Q2-OUTERSKIN,0.06636010110378265,-8.937374e-07,-0.0663601,1.7319819e-06,0.6566680669784546,7.143300899770111e-05
Step-Separation,0.11300588119775057,ADAPTER,0.0,0.0,0.0,0.0,0.0,0.0
Step-Separation,0.11300588119775057,Q1-CORE,0.06767343729734421,-8.823878e-07,-0.06767344,-1.7518793e-06,0.6566698551177979,1.064670300365833e-06
Step-Separation,0.11300588119775057,Q1-INNERSKIN,0.06767331063747406,-9.701968e-08,-0.06767331,-5.862669e-07,0.6566696763038635,7.816005381755531e-05
Step-Separation,0.11300588119775057,Q1-OUTERSKIN,0.06767343729734421,-8.6967935e-07,-0.06767344,-1.7477721e-06,0.6566698551177979,7.142773392843083e-05
Step-Separation,0.11300588119775057,Q2-CORE,0.06767343729734421,-5.6800434e-07,-0.06767344,1.6812295e-06,0.6566699147224426,1.045329781845794e-06
Step-Separation,0.11300588119775057,Q2-INNERSKIN,0.06767331063747406,-9.5993755e-08,-0.06767331,5.8569447e-07,0.6566696166992188,7.765823829686269e-05
Step-Separation,0.11300588119775057,Q2-OUTERSKIN,0.06767343729734421,-8.6518025e-07,-0.06767344,1.7459715e-06,0.6566697955131531,7.147900760173798e-05
Step-Separation,0.1150059150531888,ADAPTER,0.0,0.0,0.0,0.0,0.0,0.0
Step-Separation,0.1150059150531888,Q1-CORE,0.06898676604032516,-8.526852e-07,-0.068986766,-1.7640386e-06,0.6566712856292725,1.0716441920521902e-06
Step-Separation,0.1150059150531888,Q1-INNERSKIN,0.06898663938045502,-6.2647945e-09,-0.06898664,-2.8859176e-07,0.6566709876060486,7.827191438991576e-05
Step-Separation,0.1150059150531888,Q1-OUTERSKIN,0.06898677349090576,-8.718436e-07,-0.06898677,-1.7705372e-06,0.6566711664199829,7.149821612983942e-05
Step-Separation,0.1150059150531888,Q2-CORE,0.06898676604032516,-8.795575e-07,-0.068986766,1.77245e-06,0.6566713452339172,1.052027641890163e-06
Step-Separation,0.1150059150531888,Q2-INNERSKIN,0.06898663938045502,-2.0228786e-07,-0.06898664,7.7493513e-07,0.6566709876060486,7.775826088618487e-05
Step-Separation,0.1150059150531888,Q2-OUTERSKIN,0.06898676604032516,-8.981818e-07,-0.068986766,1.7780053e-06,0.6566712260246277,7.154927880037576e-05
Step-Separation,0.11700594890862703,ADAPTER,0.0,0.0,0.0,0.0,0.0,0.0
Step-Separation,0.11700594890862703,Q1-CORE,0.07030010223388672,-8.8642184e-07,-0.0703001,-1.7973609e-06,0.6566723585128784,1.0784085588966263e-06
Step-Separation,0.11700594890862703,Q1-INNERSKIN,0.07029997557401657,-1.008116e-07,-0.070299976,-6.22212e-07,0.6566721200942993,7.837122393539175e-05
Step-Separation,0.11700594890862703,Q1-OUTERSKIN,0.07030010223388672,-8.735972e-07,-0.0703001,-1.7929484e-06,0.6566721796989441,7.15645364834927e-05
Step-Separation,0.11700594890862703,Q2-CORE,0.07030010223388672,-5.694164e-07,-0.0703001,1.722685e-06,0.6566723585128784,1.0586768439679872e-06
Step-Separation,0.11700594890862703,Q2-INNERSKIN,0.07029997557401657,-9.9694816e-08,-0.070299976,6.215276e-07,0.6566721796989441,7.784012268530205e-05
Step-Separation,0.11700594890862703,Q2-OUTERSKIN,0.07030010223388672,-8.6875053e-07,-0.0703001,1.7909867e-06,0.6566722989082336,7.16503054718487e-05
Step-Separation,0.11900598276406527,ADAPTER,0.0,0.0,0.0,0.0,0.0,0.0
Step-Separation,0.11900598276406527,Q1-CORE,0.07161343842744827,-4.9329975e-07,-0.07161344,-1.7231388e-06,0.65667325258255,1.0848575584532227e-06
Step-Separation,0.11900598276406527,Q1-INNERSKIN,0.07161331176757812,2.0428221e-09,-0.07161331,-7.5971506e-08,0.6566731333732605,7.840149191906676e-05
Step-Separation,0.11900598276406527,Q1-OUTERSKIN,0.07161344587802887,-8.7518976e-07,-0.071613446,-1.815205e-06,0.6566731929779053,7.155881758080795e-05
Step-Separation,0.11900598276406527,Q2-CORE,0.07161344587802887,-5.698416e-07,-0.071613446,1.7430457e-06,0.6566733717918396,1.0647439694366767e-06
Step-Separation,0.11900598276406527,Q2-INNERSKIN,0.07161331176757812,-2.1086686e-07,-0.07161331,8.1773635e-07,0.6566731333732605,7.790695235598832e-05
Step-Separation,0.11900598276406527,Q2-OUTERSKIN,0.07161344587802887,-4.3423896e-07,-0.071613446,1.712262e-06,0.6566731929779053,7.161284156609327e-05
Step-Separation,0.1210060166195035,ADAPTER,0.0,0.0,0.0,0.0,0.0,0.0
Step-Separation,0.1210060166195035,Q1-CORE,0.07292678952217102,-4.6734894e-07,-0.07292679,-1.7355724e-06,0.6566740274429321,1.091497324523516e-06
Step-Separation,0.1210060166195035,Q1-INNERSKIN,0.07292667031288147,-1.4659115e-07,-0.07292667,-7.336185e-07,0.6566739082336426,7.848507084418088e-05
Step-Separation,0.1210060166195035,Q1-OUTERSKIN,0.07292678952217102,-4.356093e-07,-0.07292679,-1.7267325e-06,0.6566739678382874,7.16317372280173e-05
Step-Separation,0.1210060166195035,Q2-CORE,0.07292679697275162,-5.7017746e-07,-0.0729268,1.7632267e-06,0.6566742658615112,1.0712733455875423e-06
Step-Separation,0.1210060166195035,Q2-INNERSKIN,0.07292666286230087,-1.3030959e-07,-0.07292666,7.0696046e-07,0.6566738486289978,7.791905954945832e-05
Step-Separation,0.1210060166195035,Q2-OUTERSKIN,0.07292679697275162,-4.344635e-07,-0.0729268,1.7319669e-06,0.6566741466522217,7.163675036281347e-05
Step-Separation,0.12300605047494173,ADAPTER,0.0,0.0,0.0,0.0,0.0,0.0
Step-Separation,0.12300605047494173,Q1-CORE,0.07424014061689377,-4.9397784e-07,-0.07424014,-1.7625723e-06,0.6566747426986694,1.0966732588713057e-06
Step-Separation,0.12300605047494173,Q1-INNERSKIN,0.07424001395702362,5.8551003e-10,-0.074240014,-8.175696e-08,0.6566743850708008,7.849495159462094e-05
Step-Separation,0.12300605047494173,Q1-OUTERSKIN,0.07424014806747437,-8.780769e-07,-0.07424015,-1.8595314e-06,0.6566746830940247,7.16267604730092e-05
Step-Separation,0.12300605047494173,Q2-CORE,0.07424014806747437,-5.7044286e-07,-0.07424015,1.783346e-06,0.6566747426986694,1.0760559234768152e-06
Step-Separation,0.12300605047494173,Q2-INNERSKIN,0.07424001395702362,-2.1932584e-07,-0.074240014,8.6036664e-07,0.6566745042800903,7.80175396357663e-05
Step-Separation,0.12300605047494173,Q2-OUTERSKIN,0.07424014806747437,-4.346614e-07,-0.07424015,1.7516015e-06,0.6566747426986694,7.164270209614187e-05
Step-Separation,0.12500608433037996,ADAPTER,0.0,0.0,0.0,0.0,0.0,0.0
Step-Separation,0.12500608433037996,Q1-CORE,0.07555349171161652,-4.6784461e-07,-0.07555349,-1.7749164e-06,0.6566752195358276,1.1026104402844794e-06
Step-Separation,0.12500608433037996,Q1-INNERSKIN,0.07555337250232697,-1.521762e-07,-0.07555337,-7.723922e-07,0.6566749811172485,7.889223343227059e-05
Step-Separation,0.12500608433037996,Q1-OUTERSKIN,0.07555349171161652,-4.3605473e-07,-0.07555349,-1.7658624e-06,0.6566751599311829,7.162505789892748e-05
Step-Separation,0.12500608433037996,Q2-CORE,0.07555349916219711,-5.708622e-07,-0.0755535,1.8036178e-06,0.6566755771636963,1.0814071629283717e-06
Step-Separation,0.12500608433037996,Q2-INNERSKIN,0.07555336505174637,-1.350243e-07,-0.075553365,7.4461286e-07,0.6566750407218933,7.843419734854251e-05
Step-Separation,0.12500608433037996,Q2-OUTERSKIN,0.07555349916219711,-4.3488959e-07,-0.0755535,1.7713967e-06,0.6566754579544067,7.167054718593135e-05
Step-Separation,0.1270061181858182,ADAPTER,0.0,0.0,0.0,0.0,0.0,0.0
Step-Separation,0.1270061181858182,Q1-CORE,0.07686683535575867,-3.889994e-07,-0.076866835,-1.7684756e-06,0.6566757559776306,1.10886412585387e-06
Step-Separation,0.1270061181858182,Q1-INNERSKIN,0.07686670869588852,-4.087588e-09,-0.07686671,-2.4394348e-07,0.6566755175590515,7.925485260784626e-05
Step-Separation,0.1270061181858182,Q1-OUTERSKIN,0.07686683535575867,-4.3631263e-07,-0.076866835,-1.7854884e-06,0.6566755771636963,7.16002905392088e-05
Step-Separation,0.1270061181858182,Q2-CORE,0.07686684280633926,-5.712569e-07,-0.07686684,1.8239635e-06,0.6566757559776306,1.0865799140447052e-06
Step-Separation,0.1270061181858182,Q2-INNERSKIN,0.07686670869588852,-1.376059e-07,-0.07686671,7.6371333e-07,0.6566754579544067,7.881204510340467e-05
Step-Separation,0.1270061181858182,Q2-OUTERSKIN,0.07686685025691986,-4.3514314e-07,-0.07686685,1.7912804e-06,0.6566756963729858,7.16707727406174e-05
Step-Separation,0.12900615204125643,ADAPTER,0.0,0.0,0.0,0.0,0.0,0.0
Step-Separation,0.12900615204125643,Q1-CORE,0.07818018645048141,-4.9486385e-07,-0.07818019,-1.8220029e-06,0.6566762328147888,1.114052679440647e-06
Step-Separation,0.12900615204125643,Q1-INNERSKIN,0.07818005979061127,-1.1235276e-07,-0.07818006,-7.304969e-07,0.6566757559776306,7.967228884808719e-05
Step-Separation,0.12900615204125643,Q1-OUTERSKIN,0.07818018645048141,-4.3654939e-07,-0.07818019,-1.8051088e-06,0.6566762328147888,7.165007264120504e-05
Step-Separation,0.12900615204125643,Q2-CORE,0.07818019390106201,-4.4084157e-07,-0.078180194,1.8129862e-06,0.6566761136054993,1.0925756441793055e-06
Step-Separation,0.12900615204125643,Q2-INNERSKIN,0.07818005979061127,-1.108994e-07,-0.07818006,7.2958113e-07,0.6566758751869202,7.918951450847089e-05
Step-Separation,0.12900615204125643,Q2-OUTERSKIN,0.07818019390106201,-4.3541047e-07,-0.078180194,1.8112629e-06,0.6566760540008545,7.166759314714e-05
Step-Separation,0.13100618589669466,ADAPTER,0.0,0.0,0.0,0.0,0.0,0.0
Step-Separation,0.13100618589669466,Q1-CORE,0.07949353754520416,-4.952128e-07,-0.07949354,-1.8418643e-06,0.6566764116287231,1.1203546819160692e-06
Step-Separation,0.13100618589669466,Q1-INNERSKIN,0.07949340343475342,-1.4935161e-09,-0.0794934,-1.2971444e-07,0.6566761136054993,8.003619586816058e-05
Step-Separation,0.13100618589669466,Q1-OUTERSKIN,0.07949353754520416,-4.3685964e-07,-0.07949354,-1.824838e-06,0.6566762328147888,7.164007547544315e-05
Step-Separation,0.13100618589669466,Q2-CORE,0.07949354499578476,-4.4109936e-07,-0.079493545,1.8329296e-06,0.6566765308380127,1.0977992133121006e-06
Step-Separation,0.13100618589669466,Q2-INNERSKIN,0.07949340343475342,-1.4292523e-07,-0.0794934,8.022348e-07,0.656676173210144,7.953878957778215e-05
Step-Separation,0.13100618589669466,Q2-OUTERSKIN,0.07949354499578476,-4.356617e-07,-0.079493545,1.8311752e-06,0.6566763520240784,7.165391434682533e-05
Step-Separation,0.1330062197521329,ADAPTER,0.0,0.0,0.0,0.0,0.0,0.0
Step-Separation,0.1330062197521329,Q1-CORE,0.08080688863992691,-4.955361e-07,-0.08080689,-1.8618168e-06,0.6566765904426575,1.1256305469942163e-06
Step-Separation,0.1330062197521329,Q1-INNERSKIN,0.08080675452947617,-1.7890582e-09,-0.080806755,-1.31763e-07,0.6566763520240784,8.043729758355767e-05
Step-Separation,0.1330062197521329,Q1-OUTERSKIN,0.08080688863992691,-4.3704608e-07,-0.08080689,-1.8443885e-06,0.6566764712333679,7.163596455939114e-05
Step-Separation,0.1330062197521329,Q2-CORE,0.08080689609050751,-4.412801e-07,-0.080806896,1.8526032e-06,0.6566765904426575,1.1032022939616581e-06
Step-Separation,0.1330062197521329,Q2-INNERSKIN,0.08080675452947617,-1.4559096e-07,-0.080806755,8.2161694e-07,0.6566763520240784,7.992490282049403e-05
Step-Separation,0.1330062197521329,Q2-OUTERSKIN,0.08080689609050751,-4.358344e-07,-0.080806896,1.8508547e-06,0.6566765308380127,7.1680624387227e-05
Step-Separation,0.13500625360757113,ADAPTER,0.0,0.0,0.0,0.0,0.0,0.0
Step-Separation,0.13500625360757113,Q1-CORE,0.08212023973464966,-4.957796e-07,-0.08212024,-1.8815423e-06,0.6566767692565918,1.1312406513752649e-06
Step-Separation,0.13500625360757113,Q1-INNERSKIN,0.08212010562419891,-2.0889328e-09,-0.082120106,-1.3383209e-07,0.6566765308380127,8.07894830359146e-05
Step-Separation,0.13500625360757113,Q1-OUTERSKIN,0.08212023973464966,-4.372817e-07,-0.08212024,-1.8639555e-06,0.656676709651947,7.163138798205182e-05
Step-Separation,0.13500625360757113,Q2-CORE,0.08212024718523026,-4.4143536e-07,-0.08212025,1.8722648e-06,0.6566768288612366,1.1085290907431045e-06
Step-Separation,0.13500625360757113,Q2-INNERSKIN,0.08212010562419891,-1.4831838e-07,-0.082120106,8.4095035e-07,0.656676709651947,8.030715980567038e-05
Step-Separation,0.13500625360757113,Q2-OUTERSKIN,0.08212024718523026,-4.3598334e-07,-0.08212025,1.8705006e-06,0.6566767692565918,7.170731987571344e-05
Step-Separation,0.13700628746300936,ADAPTER,0.0,0.0,0.0,0.0,0.0,0.0
Step-Separation,0.13700628746300936,Q1-CORE,0.0834335908293724,-4.960238e-07,-0.08343359,-1.9012753e-06,0.6566770672798157,1.136448645411292e-06
Step-Separation,0.13700628746300936,Q1-INNERSKIN,0.08343345671892166,-2.3679114e-09,-0.08343346,-1.3590105e-07,0.6566767692565918,8.115235687000677e-05
Step-Separation,0.13700628746300936,Q1-OUTERSKIN,0.0834335908293724,-4.3743316e-07,-0.08343359,-1.8833201e-06,0.6566768884658813,7.162153633544222e-05
Step-Separation,0.13700628746300936,Q2-CORE,0.083433598279953,-4.4150033e-07,-0.0834336,1.8919844e-06,0.6566770076751709,1.1138646414110553e-06
Step-Separation,0.13700628746300936,Q2-INNERSKIN,0.08343345671892166,-1.5097372e-07,-0.08343346,8.60255e-07,0.6566767692565918,8.067175804171711e-05
Step-Separation,0.13700628746300936,Q2-OUTERSKIN,0.083433598279953,-4.3606505e-07,-0.0834336,1.8902019e-06,0.6566768884658813,7.1660106186755e-05
Step-Separation,0.1390063213184476,ADAPTER,0.0,0.0,0.0,0.0,0.0,0.0
Step-Separation,0.1390063213184476,Q1-CORE,0.08474694192409515,-4.96147e-07,-0.08474694,-1.9208132e-06,0.6566771268844604,1.1419514294175315e-06
Step-Separation,0.1390063213184476,Q1-INNERSKIN,0.08474680781364441,-2.7058638e-09,-0.08474681,-1.3810379e-07,0.6566768288612366,8.149023778969422e-05
Step-Separation,0.1390063213184476,Q1-OUTERSKIN,0.08474694192409515,-4.375365e-07,-0.08474694,-1.9026555e-06,0.6566770076751709,7.160549284890294e-05
Step-Separation,0.1390063213184476,Q2-CORE,0.08474694937467575,-4.416418e-07,-0.08474695,1.9116824e-06,0.65667724609375,1.1196769946764107e-06
Step-Separation,0.1390063213184476,Q2-INNERSKIN,0.08474680781364441,-1.53538e-07,-0.08474681,8.795247e-07,0.6566768288612366,8.10101191746071e-05
Step-Separation,0.1390063213184476,Q2-OUTERSKIN,0.08474694937467575,-4.3619696e-07,-0.08474695,1.9098889e-06,0.6566770672798157,7.162429392337799e-05
Step-Separation,0.14100635517388582,ADAPTER,0.0,0.0,0.0,0.0,0.0,0.0
Step-Separation,0.14100635517388582,Q1-CORE,0.0860602930188179,-4.962723e-07,-0.08606029,-1.9404022e-06,0.6566774249076843,1.1469023775134701e-06
Step-Separation,0.14100635517388582,Q1-INNERSKIN,0.08606015890836716,-3.0446643e-09,-0.08606016,-1.4038461e-07,0.6566770076751709,8.184870966942981e-05
Step-Separation,0.14100635517388582,Q1-OUTERSKIN,0.0860602930188179,-4.37622e-07,-0.08606029,-1.9220247e-06,0.65667724609375,7.158116204664111e-05
Step-Separation,0.14100635517388582,Q2-CORE,0.0860603004693985,-4.4171787e-07,-0.0860603,1.9313213e-06,0.6566773653030396,1.1244383131270297e-06
Step-Separation,0.14100635517388582,Q2-INNERSKIN,0.08606015890836716,-1.5610644e-07,-0.08606016,8.988079e-07,0.6566770076751709,8.132989751175046e-05
Step-Separation,0.14100635517388582,Q2-OUTERSKIN,0.0860603004693985,-4.3628285e-07,-0.0860603,1.929508e-06,0.6566771864891052,7.165000715758651e-05
Step-Separation,0.14300638902932405,ADAPTER,0.0,0.0,0.0,0.0,0.0,0.0
Step-Separation,0.14300638902932405,Q1-CORE,0.08737364411354065,-4.9642597e-07,-0.087373644,-1.9600784e-06,0.65667724609375,1.1516442555148387e-06
Step-Separation,0.14300638902932405,Q1-INNERSKIN,0.0873735100030899,-3.4180943e-09,-0.08737351,-1.4272214e-07,0.6566770672798157,8.21518842712976e-05
Step-Separation,0.14300638902932405,Q1-OUTERSKIN,0.08737364411354065,-4.3771422e-07,-0.087373644,-1.94151e-06,0.6566771268844604,7.154105696827173e-05
Step-Separation,0.14300638902932405,Q2-CORE,0.08737365156412125,-4.418332e-07,-0.08737365,1.9511724e-06,0.6566773653030396,1.1294844171061413e-06
Step-Separation,0.14300638902932405,Q2-INNERSKIN,0.0873735100030899,-1.5867802e-07,-0.08737351,9.180772e-07,0.6566771268844604,8.164258179021999e-05
Step-Separation,0.14300638902932405,Q2-OUTERSKIN,0.08737365156412125,-4.363891e-07,-0.08737365,1.9493457e-06,0.6566773056983948,7.16184003977105e-05
Step-Separation,0.1450064228847623,ADAPTER,0.0,0.0,0.0,0.0,0.0,0.0
Step-Separation,0.1450064228847623,Q1-CORE,0.0886869952082634,-4.965202e-07,-0.088686995,-1.9798892e-06,0.6566775441169739,1.1574730933716637e-06
Step-Separation,0.1450064228847623,Q1-INNERSKIN,0.08868686109781265,-3.751969e-09,-0.08868686,-1.4498761e-07,0.6566771268844604,8.250110840890557e-05
Step-Separation,0.1450064228847623,Q1-OUTERSKIN,0.0886869952082634,-4.377761e-07,-0.088686995,-1.9609822e-06,0.6566774249076843,7.154377090046182e-05
Step-Separation,0.1450064228847623,Q2-CORE,0.088687002658844,-4.4190404e-07,-0.088687,1.9710542e-06,0.6566774845123291,1.1340100627421634e-06
Step-Separation,0.1450064228847623,Q2-INNERSKIN,0.08868686109781265,-1.6117104e-07,-0.08868686,9.3729057e-07,0.65667724609375,8.198773139156401e-05
Step-Separation,0.1450064228847623,Q2-OUTERSKIN,0.088687002658844,-4.3645335e-07,-0.088687,1.9691972e-06,0.6566773056983948,7.162809924921021e-05
Step-Separation,0.14700645674020052,ADAPTER,0.0,0.0,0.0,0.0,0.0,0.0
Step-Separation,0.14700645674020052,Q1-CORE,0.09000034630298615,-4.966582e-07,-0.09000035,-1.999746e-06,0.6566774249076843,1.1620768418652005e-06
Step-Separation,0.14700645674020052,Q1-INNERSKIN,0.0900002121925354,-4.081075e-09,-0.09000021,-1.4726467e-07,0.65667724609375,8.283418719656765e-05
Step-Separation,0.14700645674020052,Q1-OUTERSKIN,0.09000034630298615,-4.3786417e-07,-0.09000035,-1.980652e-06,0.6566773056983948,7.150995952542871e-05
Step-Separation,0.14700645674020052,Q2-CORE,0.09000035375356674,-4.420876e-07,-0.090000354,1.9910224e-06,0.6566774845123291,1.138683387580386e-06
Step-Separation,0.14700645674020052,Q2-INNERSKIN,0.0900002121925354,-1.6366347e-07,-0.09000021,9.565634e-07,0.65667724609375,8.230312232626602e-05
Step-Separation,0.14700645674020052,Q2-OUTERSKIN,0.09000035375356674,-4.3662376e-07,-0.090000354,1.9891477e-06,0.6566774845123291,7.163569534895942e-05
Step-Separation,0.14900649059563875,ADAPTER,0.0,0.0,0.0,0.0,0.0,0.0
Step-Separation,0.14900649059563875,Q1-CORE,0.09131369739770889,-4.9687463e-07,-0.0913137,-2.0197401e-06,0.6566777229309082,1.1673870403683395e-06
Step-Separation,0.14900649059563875,Q1-INNERSKIN,0.09131356328725815,-4.4154915e-09,-0.09131356,-1.4948773e-07,0.6566773056983948,8.317661558976397e-05
Step-Separation,0.14900649059563875,Q1-OUTERSKIN,0.09131369739770889,-4.3801023e-07,-0.0913137,-2.0004265e-06,0.6566776037216187,7.14939960744232e-05
Step-Separation,0.14900649059563875,Q2-CORE,0.09131370484828949,-4.4221633e-07,-0.091313705,2.011089e-06,0.6566776037216187,1.1434439102231408e-06
Step-Separation,0.14900649059563875,Q2-INNERSKIN,0.09131356328725815,-1.6618728e-07,-0.09131356,9.758393e-07,0.6566773653030396,8.262535993708298e-05
Step-Separation,0.14900649059563875,Q2-OUTERSKIN,0.09131370484828949,-4.3674066e-07,-0.091313705,2.0091918e-06,0.6566774845123291,7.161136454669759e-05
Step-Separation,0.15100652445107698,ADAPTER,0.0,0.0,0.0,0.0,0.0,0.0
Step-Separation,0.15100652445107698,Q1-CORE,0.09262704849243164,-3.904163e-07,-0.09262705,-2.0009948e-06,0.6566776037216187,1.1715111440935289e-06
Step-Separation,0.15100652445107698,Q1-INNERSKIN,0.0926269143819809,-4.751401e-09,-0.092626914,-1.517197e-07,0.65667724609375,8.3485349023249e-05
Step-Separation,0.15100652445107698,Q1-OUTERSKIN,0.09262704849243164,-4.3820705e-07,-0.09262705,-2.0203383e-06,0.6566774845123291,7.149107113946229e-05
Step-Separation,0.15100652445107698,Q2-CORE,0.09262705594301224,-4.423649e-07,-0.092627056,2.0312714e-06,0.6566775441169739,1.1487836673040874e-06
Step-Separation,0.15100652445107698,Q2-INNERSKIN,0.0926269143819809,-1.6873078e-07,-0.092626914,9.951916e-07,0.6566773056983948,8.297911699628457e-05
Step-Separation,0.15100652445107698,Q2-OUTERSKIN,0.09262705594301224,-4.3688453e-07,-0.092627056,2.0293608e-06,0.6566774845123291,7.162131805671379e-05
Step-Separation,0.15300655830651522,ADAPTER,0.0,0.0,0.0,0.0,0.0,0.0
Step-Separation,0.15300655830651522,Q1-CORE,0.09394039958715439,-4.9742573e-07,-0.0939404,-2.0601426e-06,0.6566775441169739,1.1757098263842636e-06
Step-Separation,0.15300655830651522,Q1-INNERSKIN,0.09394026547670364,-5.034431e-09,-0.093940265,-1.5392752e-07,0.6566773056983948,8.380931103602052e-05
Step-Separation,0.15300655830651522,Q1-OUTERSKIN,0.09394039958715439,-4.384017e-07,-0.0939404,-2.0404404e-06,0.6566774845123291,7.147766154957935e-05
Step-Separation,0.15300655830651522,Q2-CORE,0.09394040703773499,-4.4258172e-07,-0.09394041,2.051622e-06,0.6566775441169739,1.1536893680386129e-06
Step-Separation,0.15300655830651522,Q2-INNERSKIN,0.09394026547670364,-1.7125662e-07,-0.093940265,1.0145365e-06,0.65667724609375,8.32637379062362e-05
Step-Separation,0.15300655830651522,Q2-OUTERSKIN,0.09394040703773499,-4.371023e-07,-0.09394041,2.0496768e-06,0.6566774845123291,7.164482667576522e-05
Step-Separation,0.15500659216195345,ADAPTER,0.0,0.0,0.0,0.0,0.0,0.0
Step-Separation,0.15500659216195345,Q1-CORE,0.09525375068187714,-3.9081388e-07,-0.09525375,-2.0407774e-06,0.6566776037216187,1.1793198382292758e-06
Step-Separation,0.15500659216195345,Q1-INNERSKIN,0.09525361657142639,-5.358874e-09,-0.09525362,-1.5611634e-07,0.6566773653030396,8.411439193878323e-05
Step-Separation,0.15500659216195345,Q1-OUTERSKIN,0.09525375068187714,-4.3869275e-07,-0.09525375,-2.0605387e-06,0.6566774845123291,7.150496094254777e-05
Step-Separation,0.15500659216195345,Q2-CORE,0.09525375813245773,-4.427832e-07,-0.09525376,2.0720172e-06,0.6566777229309082,1.1593014050959027e-06
Step-Separation,0.15500659216195345,Q2-INNERSKIN,0.09525361657142639,-1.7385443e-07,-0.09525362,1.0339439e-06,0.6566773056983948,8.359964704141021e-05
Step-Separation,0.15500659216195345,Q2-OUTERSKIN,0.09525375813245773,-4.3729224e-07,-0.09525376,2.070049e-06,0.6566776037216187,7.163765985751525e-05
Step-Separation,0.15700662601739168,ADAPTER,0.0,0.0,0.0,0.0,0.0,0.0
Step-Separation,0.15700662601739168,Q1-CORE,0.09656709432601929,-3.9103426e-07,-0.096567094,-2.0607763e-06,0.6566776037216187,1.182920868814108e-06
Step-Separation,0.15700662601739168,Q1-INNERSKIN,0.09656696766614914,-5.2427183e-09,-0.09656697,-1.3425722e-07,0.65667724609375,8.442969556199387e-05
Step-Separation,0.15700662601739168,Q1-OUTERSKIN,0.09656710177659988,-4.389394e-07,-0.0965671,-2.080707e-06,0.6566774249076843,7.153287151595578e-05
Step-Separation,0.15700662601739168,Q2-CORE,0.09656710177659988,-5.7520094e-07,-0.0965671,2.129571e-06,0.6566776037216187,1.1650270153040765e-06
Step-Separation,0.15700662601739168,Q2-INNERSKIN,0.09656696766614914,-1.3946254e-07,-0.09656697,9.884986e-07,0.6566773653030396,8.387013076571748e-05
Step-Separation,0.15700662601739168,Q2-OUTERSKIN,0.09656710922718048,-4.3752672e-07,-0.09656711,2.0903374e-06,0.6566775441169739,7.166305294958875e-05
Step-Separation,0.15900665987282991,ADAPTER,0.0,0.0,0.0,0.0,0.0,0.0
Step-Separation,0.15900665987282991,Q1-CORE,0.09788044542074203,-3.9120778e-07,-0.097880445,-2.0807042e-06,0.6566776633262634,1.1875260952365352e-06
Step-Separation,0.15900665987282991,Q1-INNERSKIN,0.09788031876087189,-5.5198406e-09,-0.09788032,-1.3611368e-07,0.6566774845123291,8.475154027109966e-05
Step-Separation,0.15900665987282991,Q1-OUTERSKIN,0.09788045287132263,-4.3917743e-07,-0.09788045,-2.1008238e-06,0.6566774845123291,7.154898048611358e-05
Step-Separation,0.15900665987282991,Q2-CORE,0.09788045287132263,-5.755751e-07,-0.09788045,2.1504052e-06,0.6566776037216187,1.169383040178218e-06
Step-Separation,0.15900665987282991,Q2-INNERSKIN,0.09788031876087189,-1.4149745e-07,-0.09788032,1.0070568e-06,0.6566774845123291,8.418600191362202e-05
Step-Separation,0.15900665987282991,Q2-OUTERSKIN,0.09788046032190323,-4.3773943e-07,-0.09788046,2.1106434e-06,0.6566776037216187,7.17095608706586e-05
Step-Separation,0.16100669372826815,ADAPTER,0.0,0.0,0.0,0.0,0.0,0.0
Step-Separation,0.16100669372826815,Q1-CORE,0.09919379651546478,-3.9142782e-07,-0.0991938,-2.1006576e-06,0.656677782535553,1.1928881349376752e-06
Step-Separation,0.16100669372826815,Q1-INNERSKIN,0.09919366985559464,-5.7823084e-09,-0.09919367,-1.3788268e-07,0.6566773653030396,8.503017306793481e-05
Step-Separation,0.16100669372826815,Q1-OUTERSKIN,0.09919380396604538,-4.394347e-07,-0.099193804,-2.1209873e-06,0.6566776037216187,7.157857908168808e-05
Step-Separation,0.16100669372826815,Q2-CORE,0.09919380396604538,-5.758765e-07,-0.099193804,2.1711214e-06,0.6566778421401978,1.1737054137483938e-06
Step-Separation,0.16100669372826815,Q2-INNERSKIN,0.09919366985559464,-8.819353e-09,-0.09919367,1.2013467e-07,0.6566774845123291,8.447300206171349e-05
Step-Separation,0.16100669372826815,Q2-OUTERSKIN,0.09919381141662598,-4.3800247e-07,-0.09919381,2.1309884e-06,0.6566776633262634,7.171272591222078e-05
Step-Separation,0.16300672758370638,ADAPTER,0.0,0.0,0.0,0.0,0.0,0.0
Step-Separation,0.16300672758370638,Q1-CORE,0.10050714761018753,-3.9166974e-07,-0.10050715,-2.1205954e-06,0.6566775441169739,1.1973941127507715e-06
Step-Separation,0.16300672758370638,Q1-INNERSKIN,0.10050702095031738,-6.0101506e-09,-0.10050702,-1.3962877e-07,0.6566773653030396,8.53204692248255e-05
Step-Separation,0.16300672758370638,Q1-OUTERSKIN,0.10050715506076813,-4.3970059e-07,-0.100507155,-2.1410956e-06,0.6566775441169739,7.15595597284846e-05
Step-Separation,0.16300672758370638,Q2-CORE,0.10050715506076813,-5.7621503e-07,-0.100507155,2.1919338e-06,0.6566776633262634,1.1785525657614926e-06
Step-Separation,0.16300672758370638,Q2-INNERSKIN,0.10050702095031738,-1.4559853e-07,-0.10050702,1.0443068e-06,0.6566773056983948,8.473693742416799e-05
Step-Separation,0.16300672758370638,Q2-OUTERSKIN,0.10050716251134872,-4.3819955e-07,-0.10050716,2.15145e-06,0.6566776037216187,7.177820953074843e-05
Step-Separation,0.1650067614391446,ADAPTER,0.0,0.0,0.0,0.0,0.0,0.0
Step-Separation,0.1650067614391446,Q1-CORE,0.10182049870491028,-3.9185713e-07,-0.1018205,-2.140497e-06,0.656677782535553,1.2017763992844266e-06
Step-Separation,0.1650067614391446,Q1-INNERSKIN,0.10182037204504013,-6.2744028e-09,-0.10182037,-1.4130805e-07,0.6566773056983948,8.562322182115167e-05
Step-Separation,0.1650067614391446,Q1-OUTERSKIN,0.10182050615549088,-4.3994137e-07,-0.101820506,-2.1611654e-06,0.6566776037216187,7.160513632697985e-05
Step-Separation,0.1650067614391446,Q2-CORE,0.10182050615549088,-5.765723e-07,-0.101820506,2.2128427e-06,0.6566776633262634,1.182831852020172e-06
Step-Separation,0.1650067614391446,Q2-INNERSKIN,0.10182037204504013,-9.557634e-09,-0.10182037,1.236862e-07,0.6566774249076843,8.503096614731476e-05
Step-Separation,0.1650067614391446,Q2-OUTERSKIN,0.10182051360607147,-4.3842203e-07,-0.10182051,2.171824e-06,0.6566776633262634,7.175193604780361e-05
Step-Separation,0.16700679529458284,ADAPTER,0.0,0.0,0.0,0.0,0.0,0.0
Step-Separation,0.16700679529458284,Q1-CORE,0.10313384979963303,-3.9200157e-07,-0.10313385,-2.1603691e-06,0.6566776037216187,1.2063845815646346e-06
Step-Separation,0.16700679529458284,Q1-INNERSKIN,0.10313372313976288,-6.502466e-09,-0.10313372,-1.4303593e-07,0.6566773653030396,8.588684431742877e-05
Step-Separation,0.16700679529458284,Q1-OUTERSKIN,0.10313385725021362,-4.4017452e-07,-0.10313386,-2.181233e-06,0.6566775441169739,7.158653170336038e-05
Step-Separation,0.16700679529458284,Q2-CORE,0.10313385725021362,-5.7690653e-07,-0.10313386,2.2336521e-06,0.656677782535553,1.1869811942233355e-06
Step-Separation,0.16700679529458284,Q2-INNERSKIN,0.10313372313976288,-1.4969682e-07,-0.10313372,1.0815769e-06,0.6566774249076843,8.530309423804283e-05
Step-Separation,0.16700679529458284,Q2-OUTERSKIN,0.10313386470079422,-4.3855434e-07,-0.103133865,2.192203e-06,0.6566776037216187,7.175951031967998e-05
Step-Separation,0.16900682915002108,ADAPTER,0.0,0.0,0.0,0.0,0.0,0.0
Step-Separation,0.16900682915002108,Q1-CORE,0.10444720089435577,-3.9220959e-07,-0.1044472,-2.1802628e-06,0.6566776633262634,1.211398512168671e-06
Step-Separation,0.16900682915002108,Q1-INNERSKIN,0.10444707423448563,-6.728223e-09,-0.104447074,-1.44752e-07,0.6566773653030396,8.616195555077866e-05
Step-Separation,0.16900682915002108,Q1-OUTERSKIN,0.10444720834493637,-4.4042216e-07,-0.10444721,-2.2013148e-06,0.6566774845123291,7.161212124628946e-05
Step-Separation,0.16900682915002108,Q2-CORE,0.10444720834493637,-5.772861e-07,-0.10444721,2.2545617e-06,0.6566776037216187,1.191087676488678e-06
Step-Separation,0.16900682915002108,Q2-INNERSKIN,0.10444707423448563,-1.0279085e-08,-0.104447074,1.2713332e-07,0.6566773653030396,8.556284592486918e-05
Step-Separation,0.16900682915002108,Q2-OUTERSKIN,0.10444721579551697,-4.3882469e-07,-0.104447216,2.2125664e-06,0.6566776037216187,7.180249667726457e-05
Step-Separation,0.1710068630054593,ADAPTER,0.0,0.0,0.0,0.0,0.0,0.0
Step-Separation,0.1710068630054593,Q1-CORE,0.10576055198907852,-3.9238344e-07,-0.10576055,-2.2002162e-06,0.6566776037216187,1.2156310731370468e-06
Step-Separation,0.1710068630054593,Q1-INNERSKIN,0.10576042532920837,-6.9626376e-09,-0.105760425,-1.4642464e-07,0.6566773056983948,8.64670000737533e-05
Step-Separation,0.1710068630054593,Q1-OUTERSKIN,0.10576055943965912,-4.406379e-07,-0.10576056,-2.221508e-06,0.6566775441169739,7.160759560065344e-05
Step-Separation,0.1710068630054593,Q2-CORE,0.10576055943965912,-5.776767e-07,-0.10576056,2.275431e-06,0.6566776037216187,1.195083655147755e-06
Step-Separation,0.1710068630054593,Q2-INNERSKIN,0.10576042532920837,-1.5379437e-07,-0.105760425,1.1188516e-06,0.6566774249076843,8.585320028942078e-05
Step-Separation,0.1710068630054593,Q2-OUTERSKIN,0.10576056689023972,-4.390039e-07,-0.10576057,2.2328813e-06,0.6566776037216187,7.181530236266553e-05
Step-Separation,0.17300689686089754,ADAPTER,0.0,0.0,0.0,0.0,0.0,0.0
Step-Separation,0.17300689686089754,Q1-CORE,0.10707390308380127,-3.9260024e-07,-0.1070739,-2.2202148e-06,0.6566777229309082,1.2191849236842245e-06
Step-Separation,0.17300689686089754,Q1-INNERSKIN,0.10707377642393112,-7.1747013e-09,-0.10707378,-1.4807297e-07,0.6566774249076843,8.673903357703239e-05
Step-Separation,0.17300689686089754,Q1-OUTERSKIN,0.10707391053438187,-4.40917e-07,-0.10707391,-2.2416616e-06,0.6566776037216187,7.162986003095284e-05
Step-Separation,0.17300689686089754,Q2-CORE,0.10707391053438187,-5.78042e-07,-0.10707391,2.2963786e-06,0.6566778421401978,1.1995882687187986e-06
Step-Separation,0.17300689686089754,Q2-INNERSKIN,0.10707377642393112,-1.0991798e-08,-0.10707378,1.305755e-07,0.6566773653030396,8.612626697868109e-05
Step-Separation,0.17300689686089754,Q2-OUTERSKIN,0.10707391798496246,-4.392516e-07,-0.10707392,2.2533115e-06,0.6566777229309082,7.179704698501155e-05
Step-Separation,0.17500693071633577,ADAPTER,0.0,0.0,0.0,0.0,0.0,0.0
Step-Separation,0.17500693071633577,Q1-CORE,0.10838725417852402,-3.9282352e-07,-0.108387254,-2.2400297e-06,0.6566776037216187,1.2237184137120494e-06
Step-Separation,0.17500693071633577,Q1-INNERSKIN,0.10838712751865387,-7.3960473e-09,-0.10838713,-1.4974009e-07,0.6566774249076843,8.700029866304249e-05
Step-Separation,0.17500693071633577,Q1-OUTERSKIN,0.10838726162910461,-4.411972e-07,-0.10838726,-2.261808e-06,0.6566776037216187,7.163992995629087e-05
Step-Separation,0.17500693071633577,Q2-CORE,0.10838726162910461,-5.783767e-07,-0.10838726,2.3173227e-06,0.6566776037216187,1.2029526033074944e-06
Step-Separation,0.17500693071633577,Q2-INNERSKIN,0.10838712751865387,-1.5795788e-07,-0.10838713,1.1562934e-06,0.6566774845123291,8.640465239295736e-05
Step-Separation,0.17500693071633577,Q2-OUTERSKIN,0.10838726907968521,-4.3943953e-07,-0.10838727,2.2736947e-06,0.6566776037216187,7.184052810771391e-05
Step-Separation,0.177006964571774,ADAPTER,0.0,0.0,0.0,0.0,0.0,0.0
Step-Separation,0.177006964571774,Q1-CORE,0.10970060527324677,-3.9301457e-07,-0.109700605,-2.2599595e-06,0.656677782535553,1.2276901770746917e-06
Step-Separation,0.177006964571774,Q1-INNERSKIN,0.10970047861337662,-7.635275e-09,-0.10970048,-1.5148211e-07,0.6566774845123291,8.726958913030103e-05
Step-Separation,0.177006964571774,Q1-OUTERSKIN,0.10970061272382736,-4.4146094e-07,-0.10970061,-2.2819297e-06,0.6566776633262634,7.1672722697258e-05
Step-Separation,0.177006964571774,Q2-CORE,0.10970061272382736,-5.787661e-07,-0.10970061,2.3382445e-06,0.6566776633262634,1.2070936463715043e-06
Step-Separation,0.177006964571774,Q2-INNERSKIN,0.10970047861337662,-1.1709857e-08,-0.10970048,1.339415e-07,0.6566774249076843,8.665918721817434e-05
Step-Separation,0.177006964571774,Q2-OUTERSKIN,0.10970062017440796,-4.3967694e-07,-0.10970062,2.2940594e-06,0.6566776037216187,7.185839058365673e-05
Step-Separation,0.17900699842721224,ADAPTER,0.0,0.0,0.0,0.0,0.0,0.0
Step-Separation,0.17900699842721224,Q1-CORE,0.11101396381855011,-5.016287e-07,-0.111013964,-2.3249136e-06,0.6566776037216187,1.2315674666751875e-06
Step-Separation,0.17900699842721224,Q1-INNERSKIN,0.11101382970809937,-8.340537e-09,-0.11101383,-1.7943836e-07,0.6566774249076843,8.753211295697838e-05
Step-Separation,0.17900699842721224,Q1-OUTERSKIN,0.11101396381855011,-4.4165972e-07,-0.111013964,-2.3019684e-06,0.6566775441169739,7.167588773882017e-05
Step-Separation,0.17900699842721224,Q2-CORE,0.11101396381855011,-5.790968e-07,-0.111013964,2.359093e-06,0.656677782535553,1.2106060012229136e-06
Step-Separation,0.17900699842721224,Q2-INNERSKIN,0.11101382970809937,-1.6214823e-07,-0.11101383,1.1937437e-06,0.6566774249076843,8.692040137248114e-05
Step-Separation,0.17900699842721224,Q2-OUTERSKIN,0.1110139712691307,-4.3993944e-07,-0.11101397,2.314492e-06,0.6566777229309082,7.185203139670193e-05
Step-Separation,0.18100703228265047,ADAPTER,0.0,0.0,0.0,0.0,0.0,0.0
Step-Separation,0.18100703228265047,Q1-CORE,0.11232730746269226,-3.9336496e-07,-0.11232731,-2.2996098e-06,0.6566777229309082,1.2349639746389585e-06
Step-Separation,0.18100703228265047,Q1-INNERSKIN,0.11232718080282211,-8.104407e-09,-0.11232718,-1.5488736e-07,0.6566773653030396,8.779457857599482e-05
Step-Separation,0.18100703228265047,Q1-OUTERSKIN,0.11232731491327286,-4.4194996e-07,-0.112327315,-2.3220825e-06,0.6566776037216187,7.168656156864017e-05
Step-Separation,0.18100703228265047,Q2-CORE,0.11232732236385345,-4.4573065e-07,-0.11232732,2.3371322e-06,0.6566776633262634,1.2147498864578665e-06
Step-Separation,0.18100703228265047,Q2-INNERSKIN,0.11232718080282211,-1.2429146e-08,-0.11232718,1.3743116e-07,0.6566774845123291,8.715787407709286e-05
Step-Separation,0.18100703228265047,Q2-OUTERSKIN,0.11232732236385345,-4.401564e-07,-0.11232732,2.3349255e-06,0.6566776037216187,7.188825111370534e-05
Step-Separation,0.1830070661380887,ADAPTER,0.0,0.0,0.0,0.0,0.0,0.0
Step-Separation,0.1830070661380887,Q1-CORE,0.1136406660079956,-5.0231296e-07,-0.113640666,-2.3657171e-06,0.6566777229309082,1.2386092294036644e-06
Step-Separation,0.1830070661380887,Q1-INNERSKIN,0.11364053189754486,-8.841141e-09,-0.11364053,-1.8330313e-07,0.6566774249076843,8.803822129266337e-05
Step-Separation,0.1830070661380887,Q1-OUTERSKIN,0.1136406660079956,-4.422034e-07,-0.113640666,-2.3421283e-06,0.6566776633262634,7.167136209318414e-05
Step-Separation,0.1830070661380887,Q2-CORE,0.1136406660079956,-5.7996283e-07,-0.113640666,2.4010608e-06,0.6566776037216187,1.2179341410956113e-06
Step-Separation,0.1830070661380887,Q2-INNERSKIN,0.11364053189754486,-1.6642697e-07,-0.11364053,1.2312921e-06,0.6566774249076843,8.74220859259367e-05
Step-Separation,0.1830070661380887,Q2-OUTERSKIN,0.1136406734585762,-4.4045137e-07,-0.11364067,2.3553348e-06,0.6566776633262634,7.191830081865191e-05
Step-Separation,0.18500709999352694,ADAPTER,0.0,0.0,0.0,0.0,0.0,0.0
Step-Separation,0.18500709999352694,Q1-CORE,0.11495400965213776,-3.9376445e-07,-0.11495401,-2.3393889e-06,0.6566777229309082,1.2426904731910327e-06
Step-Separation,0.18500709999352694,Q1-INNERSKIN,0.11495388299226761,-8.5558325e-09,-0.11495388,-1.5832944e-07,0.6566774845123291,8.831723243929446e-05
Step-Separation,0.18500709999352694,Q1-OUTERSKIN,0.11495401710271835,-4.4247057e-07,-0.11495402,-2.3622508e-06,0.6566776037216187,7.168253796407953e-05
Step-Separation,0.18500709999352694,Q2-CORE,0.11495402455329895,-4.4631818e-07,-0.114954025,2.3780956e-06,0.6566777229309082,1.2218201845826115e-06
Step-Separation,0.18500709999352694,Q2-INNERSKIN,0.11495388299226761,-1.3165419e-08,-0.11495388,1.4089528e-07,0.6566774845123291,8.767217514105141e-05
Step-Separation,0.18500709999352694,Q2-OUTERSKIN,0.11495402455329895,-4.407207e-07,-0.114954025,2.3758298e-06,0.6566777229309082,7.190702308434993e-05
Step-Separation,0.18700713384896517,ADAPTER,0.0,0.0,0.0,0.0,0.0,0.0
Step-Separation,0.18700713384896517,Q1-CORE,0.1162673607468605,-3.9403614e-07,-0.11626736,-2.3592615e-06,0.6566776633262634,1.2464018936952925e-06
Step-Separation,0.18700713384896517,Q1-INNERSKIN,0.11626723408699036,-8.796607e-09,-0.116267234,-1.6000985e-07,0.6566774845123291,8.855099440552294e-05
Step-Separation,0.18700713384896517,Q1-OUTERSKIN,0.1162673681974411,-4.4277178e-07,-0.11626737,-2.3824014e-06,0.6566776037216187,7.170323806349188e-05
Step-Separation,0.18700713384896517,Q2-CORE,0.1162673681974411,-5.8078325e-07,-0.11626737,2.443051e-06,0.6566777229309082,1.2256609807081986e-06
Step-Separation,0.18700713384896517,Q2-INNERSKIN,0.11626723408699036,-1.3546502e-08,-0.116267234,1.4262228e-07,0.6566774249076843,8.789682760834694e-05
Step-Separation,0.18700713384896517,Q2-OUTERSKIN,0.1162673756480217,-4.4089833e-07,-0.116267376,2.396203e-06,0.6566776037216187,7.192499469965696e-05
Step-Separation,0.1890071677044034,ADAPTER,0.0,0.0,0.0,0.0,0.0,0.0
Step-Separation,0.1890071677044034,Q1-CORE,0.11758071184158325,-3.9418785e-07,-0.11758071,-2.3788946e-06,0.6566776037216187,1.2500627235567663e-06
Step-Separation,0.1890071677044034,Q1-INNERSKIN,0.1175805851817131,-9.030032e-09,-0.117580585,-1.6172316e-07,0.6566774845123291,8.880288078216836e-05
Step-Separation,0.1890071677044034,Q1-OUTERSKIN,0.11758071929216385,-4.4294038e-07,-0.11758072,-2.4024228e-06,0.6566775441169739,7.173554331529886e-05
Step-Separation,0.1890071677044034,Q2-CORE,0.11758071929216385,-5.8120895e-07,-0.11758072,2.4640783e-06,0.6566777229309082,1.2292845212868997e-06
Step-Separation,0.1890071677044034,Q2-INNERSKIN,0.1175805851817131,-1.391646e-08,-0.117580585,1.4433135e-07,0.6566774249076843,8.817637717584148e-05
Step-Separation,0.1890071677044034,Q2-OUTERSKIN,0.11758072674274445,-4.41164e-07,-0.11758073,2.416601e-06,0.6566776633262634,7.191071927081794e-05
Step-Separation,0.19100720155984163,ADAPTER,0.0,0.0,0.0,0.0,0.0,0.0
Step-Separation,0.19100720155984163,Q1-CORE,0.118894062936306,-3.9436128e-07,-0.11889406,-2.398636e-06,0.6566776633262634,1.2533990911833826e-06
Step-Separation,0.19100720155984163,Q1-INNERSKIN,0.11889393627643585,-9.237885e-09,-0.11889394,-1.6340694e-07,0.6566774249076843,8.905077265808359e-05
Step-Separation,0.19100720155984163,Q1-OUTERSKIN,0.1188940703868866,-4.4322945e-07,-0.11889407,-2.4224244e-06,0.6566776633262634,7.17330549377948e-05
Step-Separation,0.19100720155984163,Q2-CORE,0.1188940703868866,-5.816567e-07,-0.11889407,2.4850735e-06,0.6566776037216187,1.2325192528805928e-06
Step-Separation,0.19100720155984163,Q2-INNERSKIN,0.11889393627643585,-1.4263067e-08,-0.11889394,1.4601112e-07,0.6566774845123291,8.838359644869342e-05
Step-Separation,0.19100720155984163,Q2-OUTERSKIN,0.1188940778374672,-4.4136084e-07,-0.11889408,2.4368992e-06,0.6566776037216187,7.194700447143987e-05
Step-Separation,0.19300723541527987,ADAPTER,0.0,0.0,0.0,0.0,0.0,0.0
Step-Separation,0.19300723541527987,Q1-CORE,0.12020741403102875,-3.9456538e-07,-0.120207414,-2.4183978e-06,0.6566776633262634,1.2572293144330615e-06
Step-Separation,0.19300723541527987,Q1-INNERSKIN,0.1202072873711586,-9.458215e-09,-0.12020729,-1.6506881e-07,0.6566773653030396,8.930258627515286e-05
Step-Separation,0.19300723541527987,Q1-OUTERSKIN,0.12020742148160934,-4.434619e-07,-0.12020742,-2.4424246e-06,0.6566776037216187,7.174189522629604e-05
Step-Separation,0.19300723541527987,Q2-CORE,0.12020742893218994,-4.4727446e-07,-0.12020743,2.4597434e-06,0.6566776633262634,1.2365053407847881e-06
Step-Separation,0.19300723541527987,Q2-INNERSKIN,0.1202072873711586,-1.4601748e-08,-0.12020729,1.4771295e-07,0.6566774845123291,8.865359995979816e-05
Step-Separation,0.19300723541527987,Q2-OUTERSKIN,0.12020742893218994,-4.416472e-07,-0.12020743,2.457383e-06,0.6566776037216187,7.196010847110301e-05
Step-Separation,0.1950072692707181,ADAPTER,0.0,0.0,0.0,0.0,0.0,0.0
Step-Separation,0.1950072692707181,Q1-CORE,0.1215207651257515,-3.9479963e-07,-0.121520765,-2.4381998e-06,0.6566777229309082,1.2611319561983692e-06
Step-Separation,0.1950072692707181,Q1-INNERSKIN,0.12152063846588135,-9.679807e-09,-0.12152064,-1.6670207e-07,0.6566774845123291,8.953177166404203e-05
Step-Separation,0.1950072692707181,Q1-OUTERSKIN,0.12152077257633209,-4.4376398e-07,-0.12152077,-2.4624742e-06,0.6566776037216187,7.17258735676296e-05
Step-Separation,0.1950072692707181,Q2-CORE,0.12152077257633209,-5.825359e-07,-0.12152077,2.5270442e-06,0.6566777229309082,1.2393625183904078e-06
Step-Separation,0.1950072692707181,Q2-INNERSKIN,0.12152063846588135,-1.4957454e-08,-0.12152064,1.4933944e-07,0.6566776037216187,8.887478907126933e-05
Step-Separation,0.1950072692707181,Q2-OUTERSKIN,0.12152078002691269,-4.4193237e-07,-0.12152078,2.4777357e-06,0.6566776633262634,7.197661034297198e-05
Step-Separation,0.19700730312615633,ADAPTER,0.0,0.0,0.0,0.0,0.0,0.0
Step-Separation,0.19700730312615633,Q1-CORE,0.12283411622047424,-3.9496348e-07,-0.122834116,-2.4579376e-06,0.6566776633262634,1.2646167988350498e-06
Step-Separation,0.19700730312615633,Q1-INNERSKIN,0.1228339895606041,-9.874263e-09,-0.12283399,-1.683577e-07,0.6566773653030396,8.977509423857555e-05
Step-Separation,0.19700730312615633,Q1-OUTERSKIN,0.12283412367105484,-4.4402844e-07,-0.12283412,-2.48245e-06,0.6566776037216187,7.17291550245136e-05
Step-Separation,0.19700730312615633,Q2-CORE,0.12283413112163544,-4.478183e-07,-0.12283413,2.5004588e-06,0.6566776037216187,1.242282792190963e-06
Step-Separation,0.19700730312615633,Q2-INNERSKIN,0.1228339895606041,-1.529113e-08,-0.12283399,1.5098834e-07,0.6566774249076843,8.911328768590465e-05
Step-Separation,0.19700730312615633,Q2-OUTERSKIN,0.12283413112163544,-4.4217688e-07,-0.12283413,2.498065e-06,0.6566776633262634,7.201633707154542e-05
Step-Separation,0.19900733698159456,ADAPTER,0.0,0.0,0.0,0.0,0.0,0.0
Step-Separation,0.19900733698159456,Q1-CORE,0.12414746731519699,-3.951817e-07,-0.12414747,-2.477706e-06,0.6566776633262634,1.2672761613430339e-06
Step-Separation,0.19900733698159456,Q1-INNERSKIN,0.12414734065532684,-1.0072541e-08,-0.12414734,-1.6999373e-07,0.6566774249076843,9.002013393910602e-05
Step-Separation,0.19900733698159456,Q1-OUTERSKIN,0.12414747476577759,-4.443375e-07,-0.124147475,-2.502413e-06,0.6566776633262634,7.177577936090529e-05
Step-Separation,0.19900733698159456,Q2-CORE,0.12414747476577759,-5.835473e-07,-0.124147475,2.569121e-06,0.6566776037216187,1.2459154277166817e-06
Step-Separation,0.19900733698159456,Q2-INNERSKIN,0.12414734065532684,-1.563812e-08,-0.12414734,1.5265475e-07,0.6566774249076843,8.934248035075143e-05
Step-Separation,0.19900733698159456,Q2-OUTERSKIN,0.12414748221635818,-4.4244956e-07,-0.12414748,2.5184402e-06,0.6566775441169739,7.200997060863301e-05
Step-Separation,0.2010073708370328,ADAPTER,0.0,0.0,0.0,0.0,0.0,0.0
Step-Separation,0.2010073708370328,Q1-CORE,0.12546081840991974,-2.877979e-07,-0.12546082,-2.4416338e-06,0.6566777229309082,1.2713520618490293e-06
Step-Separation,0.2010073708370328,Q1-INNERSKIN,0.125460684299469,-4.8580735e-09,-0.12546068,-1.2588637e-07,0.6566774249076843,9.020855941344053e-05
Step-Separation,0.2010073708370328,Q1-OUTERSKIN,0.12546081840991974,-2.843529e-07,-0.12546082,-2.4399922e-06,0.6566776037216187,7.17427974450402e-05
Step-Separation,0.2010073708370328,Q2-CORE,0.12546083331108093,-4.4838868e-07,-0.12546083,2.5412285e-06,0.6566776633262634,1.249013735105109e-06
Step-Separation,0.2010073708370328,Q2-INNERSKIN,0.125460684299469,-2.3464213e-07,-0.12546068,1.4837216e-06,0.6566774249076843,8.958629769040272e-05
Step-Separation,0.2010073708370328,Q2-OUTERSKIN,0.12546083331108093,-4.4272568e-07,-0.12546083,2.5387694e-06,0.6566776037216187,7.204483699752018e-05
Step-Separation,0.20300740469247103,ADAPTER,0.0,0.0,0.0,0.0,0.0,0.0
Step-Separation,0.20300740469247103,Q1-CORE,0.12677417695522308,-3.9564196e-07,-0.12677418,-2.5172558e-06,0.6566777229309082,1.2746779702865751e-06
Step-Separation,0.20300740469247103,Q1-INNERSKIN,0.12677404284477234,-1.10358815e-08,-0.12677404,-2.0203204e-07,0.6566773653030396,9.04610933503136e-05
Step-Separation,0.20300740469247103,Q1-OUTERSKIN,0.12677417695522308,-4.4486953e-07,-0.12677418,-2.5425388e-06,0.6566776037216187,7.175279461080208e-05
Step-Separation,0.20300740469247103,Q2-CORE,0.12677417695522308,-5.8447426e-07,-0.12677418,2.6111543e-06,0.6566776633262634,1.2515457683548448e-06
Step-Separation,0.20300740469247103,Q2-INNERSKIN,0.12677404284477234,-1.8807728e-07,-0.12677404,1.4195978e-06,0.6566774845123291,8.978565892903134e-05
Step-Separation,0.20300740469247103,Q2-OUTERSKIN,0.12677419185638428,-4.430053e-07,-0.12677419,2.5591464e-06,0.6566776633262634,7.206385635072365e-05
Step-Separation,0.20500000286847353,ADAPTER,0.0,0.0,0.0,0.0,0.0,0.0
Step-Separation,0.20500000286847353,Q1-CORE,0.12808264791965485,-5.0646804e-07,-0.12808265,-2.5897593e-06,0.6566776633262634,1.2781317764165578e-06
Step-Separation,0.20500000286847353,Q1-INNERSKIN,0.1280825138092041,-1.1247248e-08,-0.12808251,-2.0385824e-07,0.6566774249076843,9.069981751963496e-05
Step-Separation,0.20500000286847353,Q1-OUTERSKIN,0.12808264791965485,-4.4520783e-07,-0.12808265,-2.5625768e-06,0.6566775441169739,7.178503437899053e-05
Step-Separation,0.20500000286847353,Q2-CORE,0.12808264791965485,-5.849978e-07,-0.12808265,2.6321425e-06,0.6566779017448425,1.254838821296289e-06
Step-Separation,0.20500000286847353,Q2-INNERSKIN,0.1280825138092041,-7.9471604e-08,-0.12808251,7.0288684e-07,0.6566775441169739,9.003512968774885e-05
Step-Separation,0.20500000286847353,Q2-OUTERSKIN,0.12808264791965485,-5.5104186e-07,-0.12808265,2.6208977e-06,0.656677782535553,7.203266432043165e-05
