step,time_s,instance,u_mag_max_mm,u_x_max_mm,u_y_max_mm,u_z_max_mm,v_mag_max_mm_s,s_mises_max_MPa
Step-Preload,0.0,ADAPTER,0.0,0.0,0.0,0.0,0.0,0.0
Step-Preload,0.0,Q1-CORE,0.0,0.0,0.0,0.0,0.0,0.0
Step-Preload,0.0,Q1-INNERSKIN,0.0,0.0,0.0,0.0,0.0,0.0
Step-Preload,0.0,Q1-OUTERSKIN,0.0,0.0,0.0,0.0,0.0,0.0
Step-Preload,0.0,Q2-CORE,0.0,0.0,0.0,0.0,0.0,0.0
Step-Preload,0.0,Q2-INNERSKIN,0.0,0.0,0.0,0.0,0.0,0.0
Step-Preload,0.0,Q2-OUTERSKIN,0.0,0.0,0.0,0.0,0.0,0.0
Step-Preload,0.00029999989783391356,ADAPTER,0.0,0.0,0.0,0.0,0.0,0.0
Step-Preload,0.00029999989783391356,Q1-CORE,2.939386831712909e-06,1.0387278e-12,-2.9393868e-06,8.220422e-13,0.019498206675052643,1.0478225703991484e-05
Step-Preload,0.00029999989783391356,Q1-INNERSKIN,2.939877731478191e-06,1.8769214e-11,-2.9398777e-06,3.519918e-11,0.01952395774424076,0.0001460371568100527
Step-Preload,0.00029999989783391356,Q1-OUTERSKIN,2.9394670946203405e-06,-5.4763534e-13,-2.939467e-06,5.944986e-13,0.01949223503470421,3.6917774650646606e-06
Step-Preload,0.00029999989783391356,Q2-CORE,2.942738092315267e-06,8.8949365e-10,-2.942736e-06,-3.3158263e-09,0.01964416541159153,1.4695922345708823e-06
Step-Preload,0.00029999989783391356,Q2-INNERSKIN,2.944251036751666e-06,8.894742e-10,-2.944249e-06,-3.3101726e-09,0.01967102847993374,2.916455559898168e-05
Step-Preload,0.00029999989783391356,Q2-OUTERSKIN,2.9394695957307704e-06,-2.860332e-13,-2.9394696e-06,3.5176197e-13,0.019492246210575104,2.83224676422833e-06
Step-Preload,0.0005999997374601662,ADAPTER,0.0,0.0,0.0,0.0,0.0,0.0
Step-Preload,0.0005999997374601662,Q1-CORE,1.1645981430774555e-05,9.591075e-09,-1.1645977e-05,-2.8319505e-09,0.038854483515024185,2.0997202227590606e-05
Step-Preload,0.0005999997374601662,Q1-INNERSKIN,1.1651138265733607e-05,9.596026e-09,-1.1651134e-05,-2.838529e-09,0.03886594995856285,0.0003054218541365117
Step-Preload,0.0005999997374601662,Q1-OUTERSKIN,1.164320383395534e-05,3.4302972e-13,-1.1643204e-05,7.800297e-14,0.03841520473361015,7.020087650744244e-05
Step-Preload,0.0005999997374601662,Q2-CORE,1.1643008292594459e-05,-5.3987484e-13,-1.1643008e-05,4.5868566e-13,0.03879348188638687,9.060794354809332e-07
Step-Preload,0.0005999997374601662,Q2-INNERSKIN,1.1647925020952243e-05,5.366518e-10,-1.1647925e-05,-1.3124071e-10,0.03880712389945984,1.6314725144184195e-05
Step-Preload,0.0005999997374601662,Q2-OUTERSKIN,1.1643211109912954e-05,7.0734553e-13,-1.1643211e-05,4.5268956e-13,0.03841523081064224,1.0451191883475985e-05
Step-Preload,0.0007999996305443347,ADAPTER,0.0,0.0,0.0,0.0,0.0,0.0
Step-Preload,0.0007999996305443347,Q1-CORE,2.0564606529660523e-05,-5.381386e-08,-2.0564536e-05,-2.6012306e-09,0.05090988427400589,2.3157732357503846e-05
Step-Preload,0.0007999996305443347,Q1-INNERSKIN,2.0572097128024325e-05,-2.749053e-09,-2.0572026e-05,-5.380698e-08,0.05143217742443085,0.00036053897929377854
Step-Preload,0.0007999996305443347,Q1-OUTERSKIN,2.0562441932270303e-05,-4.3471865e-14,-2.0562442e-05,3.315876e-14,0.050726015120744705,0.00016408503870479763
Step-Preload,0.0007999996305443347,Q2-CORE,2.056461016763933e-05,-2.7478766e-09,-2.056454e-05,5.381147e-08,0.05099444463849068,7.767436613903556e-07
Step-Preload,0.0007999996305443347,Q2-INNERSKIN,2.058025711448863e-05,4.4750433e-08,-2.0580197e-05,2.1293316e-08,0.05097522586584091,1.4475921489065513e-05
Step-Preload,0.0007999996305443347,Q2-OUTERSKIN,2.0562456484185532e-05,5.1650313e-13,-2.0562456e-05,1.1202841e-12,0.05071567744016647,1.4787158761464525e-05
Step-Preload,0.0010999994119629264,ADAPTER,0.0,0.0,0.0,0.0,0.0,0.0
Step-Preload,0.0010999994119629264,Q1-CORE,3.851326255244203e-05,-1.2529631e-07,-3.851306e-05,-5.882753e-09,0.06885886192321777,2.421140561637003e-05
Step-Preload,0.0010999994119629264,Q1-INNERSKIN,3.852288136840798e-05,-1.2529705e-07,-3.8522678e-05,-5.8771943e-09,0.068842813372612,0.0004514155734796077
Step-Preload,0.0010999994119629264,Q1-OUTERSKIN,3.8492966268677264e-05,9.206538e-14,-3.8492966e-05,-4.3707895e-13,0.06876731663942337,0.00031802061130292714
Step-Preload,0.0010999994119629264,Q2-CORE,3.851426299661398e-05,1.2511488e-07,-3.851406e-05,9.216742e-09,0.0688706487417221,9.61945715971524e-07
Step-Preload,0.0010999994119629264,Q2-INNERSKIN,3.852385270874947e-05,1.2511308e-07,-3.852365e-05,9.216641e-09,0.06887853890657425,1.2801609045709483e-05
Step-Preload,0.0010999994119629264,Q2-OUTERSKIN,3.8492991734528914e-05,6.564783e-15,-3.849299e-05,3.5248963e-13,0.06878352910280228,1.5762876500957645e-05
Step-Preload,0.0013046989915892482,ADAPTER,0.0,0.0,0.0,0.0,0.0,0.0
Step-Preload,0.0013046989915892482,Q1-CORE,5.383064126363024e-05,-1.8308992e-07,-5.383033e-05,-8.964716e-09,0.08079543709754944,2.5638622901169583e-05
Step-Preload,0.0013046989915892482,Q1-INNERSKIN,5.3840307373320684e-05,-1.8309153e-07,-5.3839995e-05,-8.945575e-09,0.0807928666472435,0.0004924732493236661
Step-Preload,0.0013046989915892482,Q1-OUTERSKIN,5.3790383390150964e-05,4.0247656e-11,-5.3790383e-05,6.590631e-11,0.08077608793973923,0.0004195881774649024
Step-Preload,0.0013046989915892482,Q2-CORE,5.38347740075551e-05,1.8242974e-07,-5.3834465e-05,5.513802e-10,0.0808119848370552,1.1981544503214536e-06
Step-Preload,0.0013046989915892482,Q2-INNERSKIN,5.384437463362701e-05,1.8242706e-07,-5.3844065e-05,5.34596e-10,0.08081258088350296,1.2895241525257006e-05
Step-Preload,0.0013046989915892482,Q2-OUTERSKIN,5.379039066610858e-05,5.1487408e-11,-5.379039e-05,-6.021469e-11,0.0807243213057518,1.4907490367477294e-05
Step-Preload,0.0015046987682580948,ADAPTER,0.0,0.0,0.0,0.0,0.0,0.0
Step-Preload,0.0015046987682580948,Q1-CORE,7.114256004570052e-05,-2.433684e-07,-7.1142145e-05,-1.7131823e-08,0.09233784675598145,3.541418118402362e-05
Step-Preload,0.0015046987682580948,Q1-INNERSKIN,7.115121115930378e-05,-2.4337723e-07,-7.115079e-05,-1.7120712e-08,0.09231030941009521,0.0006141327321529388
Step-Preload,0.0015046987682580948,Q1-OUTERSKIN,7.108046702342108e-05,2.1543127e-10,-7.108047e-05,1.6342451e-10,0.09220870584249496,0.00048737323959358037
Step-Preload,0.0015046987682580948,Q2-CORE,7.114771869964898e-05,2.421552e-07,-7.114731e-05,-1.09981215e-08,0.09237900376319885,1.03791114725027e-06
Step-Preload,0.0015046987682580948,Q2-INNERSKIN,7.115636253729463e-05,2.4215174e-07,-7.115595e-05,-1.0985058e-08,0.09237915277481079,1.7343731087748893e-05
Step-Preload,0.0015046987682580948,Q2-OUTERSKIN,7.108048885129392e-05,-1.6798841e-10,-7.108049e-05,2.172785e-10,0.09219815582036972,1.7947982996702194e-05
Step-Preload,0.001804698258638382,ADAPTER,0.0,0.0,0.0,0.0,0.0,0.0
Step-Preload,0.001804698258638382,Q1-CORE,0.00010134760668734089,-3.391012e-07,-0.00010134704,-2.5366985e-08,0.10929735749959946,4.66003330075182e-05
Step-Preload,0.001804698258638382,Q1-INNERSKIN,0.00010135393677046522,-3.391072e-07,-0.00010135337,-2.5358029e-08,0.10899210721254349,0.0007699640700593591
Step-Preload,0.001804698258638382,Q1-OUTERSKIN,0.00010125751578016207,7.4637013e-10,-0.000101257516,5.619488e-10,0.1089867502450943,0.0005864599952474236
Step-Preload,0.001804698258638382,Q2-CORE,0.0001013499204418622,3.3329738e-07,-0.00010134937,-2.8936844e-08,0.10905390977859497,9.812748658077908e-07
Step-Preload,0.001804698258638382,Q2-INNERSKIN,0.00010135626507690176,3.3329928e-07,-0.00010135571,-2.8911224e-08,0.10904427617788315,2.705049882933963e-05
Step-Preload,0.001804698258638382,Q2-OUTERSKIN,0.00010125754488399252,5.617375e-10,-0.000101257545,-7.494529e-10,0.10894258320331573,2.538543412811123e-05
Step-Preload,0.0020046979188919067,ADAPTER,0.0,0.0,0.0,0.0,0.0,0.0
Step-Preload,0.0020046979188919067,Q1-CORE,0.00012423917360138148,-4.0238555e-07,-0.00012423852,-3.185582e-08,0.12004100531339645,5.247517765383236e-05
Step-Preload,0.0020046979188919067,Q1-INNERSKIN,0.0001242442085640505,-4.023887e-07,-0.00012424355,-3.1861372e-08,0.12063608318567276,0.0008235980058088899
Step-Preload,0.0020046979188919067,Q1-OUTERSKIN,0.00012413732474669814,7.589121e-10,-0.00012413732,1.5483471e-09,0.12003464251756668,0.0006730544264428318
Step-Preload,0.0020046979188919067,Q2-CORE,0.0001242395956069231,3.8870272e-07,-0.00012423898,-4.239748e-08,0.11991015821695328,1.0083265351568116e-06
Step-Preload,0.0020046979188919067,Q2-INNERSKIN,0.00012424460146576166,3.8870527e-07,-0.00012424399,-4.2382887e-08,0.11991013586521149,3.277231371612288e-05
Step-Preload,0.0020046979188919067,Q2-OUTERSKIN,0.00012413733929861337,-9.931129e-10,-0.00012413734,1.322183e-09,0.11987688392400742,2.934938129328657e-05
Step-Preload,0.002304697409272194,ADAPTER,0.0,0.0,0.0,0.0,0.0,0.0
Step-Preload,0.002304697409272194,Q1-CORE,0.0001626000739634037,-4.8408043e-07,-0.00016259935,-4.7499014e-08,0.1360221654176712,5.802885425509885e-05
Step-Preload,0.002304697409272194,Q1-INNERSKIN,0.00016260473057627678,-4.840891e-07,-0.000162604,-4.740344e-08,0.13586834073066711,0.0008150912472046912
Step-Preload,0.002304697409272194,Q1-OUTERSKIN,0.0001625232835067436,7.461262e-08,-0.00016252314,2.0097146e-07,0.13601569831371307,0.0008990957285277545
Step-Preload,0.002304697409272194,Q2-CORE,0.00016260005941148847,-4.840994e-07,-0.00016259933,4.7491987e-08,0.13584348559379578,1.0067089988297084e-06
Step-Preload,0.002304697409272194,Q2-INNERSKIN,0.00016260471602436155,-4.841081e-07,-0.00016260399,4.739647e-08,0.13583320379257202,3.8621721614617854e-05
Step-Preload,0.002304697409272194,Q2-OUTERSKIN,0.00016249042528215796,4.2008956e-09,-0.00016249043,-1.2145659e-09,0.1358293890953064,3.320712858112529e-05
Step-Preload,0.0025046970695257187,ADAPTER,0.0,0.0,0.0,0.0,0.0,0.0
Step-Preload,0.0025046970695257187,Q1-CORE,0.00019079710182268173,-5.4252683e-07,-0.00019079632,-5.497895e-08,0.1464935541152954,5.815864642499946e-05
Step-Preload,0.0025046970695257187,Q1-INNERSKIN,0.0001908026752062142,-5.425391e-07,-0.00019080189,-5.4847153e-08,0.14620214700698853,0.0008353721350431442
Step-Preload,0.0025046970695257187,Q1-OUTERSKIN,0.0001907468686113134,6.5146764e-08,-0.00019074671,2.3550267e-07,0.1463353931903839,0.0010819024173542857
Step-Preload,0.0025046970695257187,Q2-CORE,0.0001907970872707665,-5.42555e-07,-0.0001907963,5.496434e-08,0.14619579911231995,1.020552872432745e-06
Step-Preload,0.0025046970695257187,Q2-INNERSKIN,0.00019080266065429896,-5.425673e-07,-0.00019080187,5.4832583e-08,0.14619247615337372,4.0646842535352334e-05
Step-Preload,0.0025046970695257187,Q2-OUTERSKIN,0.00019068621622864157,7.881008e-09,-0.00019068622,-2.1150213e-09,0.14614883065223694,3.301501055830158e-05
Step-Preload,0.002804696559906006,ADAPTER,0.0,0.0,0.0,0.0,0.0,0.0
Step-Preload,0.002804696559906006,Q1-CORE,0.00023693000548519194,-6.238504e-07,-0.00023692916,-7.4468694e-08,0.16149894893169403,6.507178477477282e-05
Step-Preload,0.002804696559906006,Q1-INNERSKIN,0.000236938038142398,-6.238603e-07,-0.0002369372,-7.439322e-08,0.16149231791496277,0.0009329522727057338
Step-Preload,0.002804696559906006,Q1-OUTERSKIN,0.0002368501154705882,7.541305e-08,-0.00023684998,2.3891235e-07,0.16139598190784454,0.0012940731830894947
Step-Preload,0.002804696559906006,Q2-CORE,0.00023693147522863,6.2191776e-07,-0.00023693065,-6.9431195e-08,0.1613920032978058,8.859207696332305e-07
Step-Preload,0.002804696559906006,Q2-INNERSKIN,0.0002369394787820056,6.219272e-07,-0.00023693865,-6.935802e-08,0.16140080988407135,4.14091809943784e-05
Step-Preload,0.002804696559906006,Q2-OUTERSKIN,0.00023681657330598682,-1.8347084e-08,-0.00023681657,3.9557873e-09,0.16132894158363342,3.5220145946368575e-05
Step-Preload,0.0030046964529901743,ADAPTER,0.0,0.0,0.0,0.0,0.0,0.0
Step-Preload,0.0030046964529901743,Q1-CORE,0.0002701868361327797,-6.771692e-07,-0.00027018596,-9.326322e-08,0.17133976519107819,7.029602420516312e-05
Step-Preload,0.0030046964529901743,Q1-INNERSKIN,0.00027019664412364364,-6.7718395e-07,-0.00027019577,-9.314687e-08,0.17133046686649323,0.001133595360442996
Step-Preload,0.0030046964529901743,Q1-OUTERSKIN,0.0002700726327020675,7.549723e-08,-0.00027007246,2.8761374e-07,0.17123831808567047,0.001407388597726822
Step-Preload,0.0030046964529901743,Q2-CORE,0.0002701900084502995,6.7643396e-07,-0.00027018916,-8.919164e-08,0.17125968635082245,9.165554502033046e-07
Step-Preload,0.0030046964529901743,Q2-INNERSKIN,0.0002701998455449939,6.7644834e-07,-0.000270199,-8.907892e-08,0.17126452922821045,4.058860577060841e-05
Step-Preload,0.0030046964529901743,Q2-OUTERSKIN,0.0002700677141547203,-2.7975872e-08,-0.0002700677,6.7927197e-09,0.1711938977241516,3.80591991415713e-05
Step-Preload,0.003304696176201105,ADAPTER,0.0,0.0,0.0,0.0,0.0,0.0
Step-Preload,0.003304696176201105,Q1-CORE,0.0003237287746742368,-7.862014e-07,-0.0003237278,-1.1076523e-07,0.18569177389144897,7.658819231437519e-05
Step-Preload,0.003304696176201105,Q1-INNERSKIN,0.0003237402706872672,-7.8621963e-07,-0.00032373928,-1.10621265e-07,0.18567757308483124,0.0010307647753506899
Step-Preload,0.003304696176201105,Q1-OUTERSKIN,0.0003235900367144495,9.7906065e-09,-0.00032359004,2.6669493e-09,0.18562771379947662,0.0015269698342308402
Step-Preload,0.003304696176201105,Q2-CORE,0.0003237301134504378,7.710539e-07,-0.00032372918,-1.1920168e-07,0.1856803148984909,1.1464925364634837e-06
Step-Preload,0.003304696176201105,Q2-INNERSKIN,0.00032374149304814637,7.710692e-07,-0.00032374056,-1.1909607e-07,0.18568123877048492,3.935649510822259e-05
Step-Preload,0.003304696176201105,Q2-OUTERSKIN,0.0003235908516217023,-9.800936e-09,-0.00032359085,2.112167e-09,0.18560588359832764,4.27511113230139e-05
Step-Preload,0.00350469583645463,ADAPTER,0.0,0.0,0.0,0.0,0.0,0.0
Step-Preload,0.00350469583645463,Q1-CORE,0.0003618021437432617,-1.0915393e-07,-0.00036180113,-8.6350684e-07,0.19530804455280304,8.423224790021777e-05
Step-Preload,0.00350469583645463,Q1-INNERSKIN,0.0003618135815486312,-1.0901257e-07,-0.00036181253,-8.635251e-07,0.19508764147758484,0.0022309289779514074
Step-Preload,0.00350469583645463,Q1-OUTERSKIN,0.0003616486210376024,2.0973647e-07,-0.00036164836,3.7635564e-07,0.19502222537994385,0.0015954795526340604
Step-Preload,0.00350469583645463,Q2-CORE,0.0003618022601585835,8.3470934e-07,-0.00036180127,-1.4584006e-07,0.19505244493484497,1.1751139936677646e-06
Step-Preload,0.00350469583645463,Q2-INNERSKIN,0.00036181361065246165,-1.090422e-07,-0.00036181256,8.636415e-07,0.1950550377368927,4.330481169745326e-05
Step-Preload,0.00350469583645463,Q2-OUTERSKIN,0.00036164961056783795,-1.6027919e-08,-0.0003616496,4.405698e-09,0.19498130679130554,4.6139310143189505e-05
Step-Preload,0.003804695326834917,ADAPTER,0.0,0.0,0.0,0.0,0.0,0.0
Step-Preload,0.003804695326834917,Q1-CORE,0.0004223781288601458,-1.3976849e-07,-0.00042237702,-9.639991e-07,0.20932726562023163,8.635377162136137e-05
Step-Preload,0.003804695326834917,Q1-INNERSKIN,0.0004223879368510097,-1.39658e-07,-0.00042238683,-9.640246e-07,0.2088330239057541,0.002060391241684556
Step-Preload,0.003804695326834917,Q1-OUTERSKIN,0.0004222039133310318,7.4695174e-09,-0.0004222039,3.052846e-08,0.2088884562253952,0.001858744421042502
Step-Preload,0.003804695326834917,Q2-CORE,0.0004223781288601458,-1.3976802e-07,-0.00042237702,9.640474e-07,0.20875827968120575,1.0048460126199643e-06
Step-Preload,0.003804695326834917,Q2-INNERSKIN,0.0004223879368510097,-1.3965578e-07,-0.00042238683,9.64073e-07,0.20875249803066254,5.045954094384797e-05
Step-Preload,0.003804695326834917,Q2-OUTERSKIN,0.0004222049319650978,-2.9634569e-08,-0.00042220493,8.583038e-09,0.20869770646095276,5.167492781765759e-05
Step-Preload,0.004004694987088442,ADAPTER,0.0,0.0,0.0,0.0,0.0,0.0
Step-Preload,0.004004694987088442,Q1-CORE,0.00046501486212946475,-1.6651158e-07,-0.00046501373,-1.0163335e-06,0.2180793732404709,8.843193063512444e-05
Step-Preload,0.004004694987088442,Q1-INNERSKIN,0.00046502301120199263,-1.4905301e-07,-0.00046502185,-1.0333584e-06,0.21900750696659088,0.0016182411927729845
Step-Preload,0.004004694987088442,Q1-OUTERSKIN,0.00046483290498144925,9.972691e-09,-0.0004648329,4.0714575e-08,0.21763665974140167,0.0019233948551118374
Step-Preload,0.004004694987088442,Q2-CORE,0.0004650148330256343,-1.6651246e-07,-0.0004650137,1.0164357e-06,0.21765324473381042,8.290045343528618e-07
Step-Preload,0.004004694987088442,Q2-INNERSKIN,0.0004650230403058231,-1.6640152e-07,-0.0004650219,1.0164566e-06,0.21764013171195984,5.512870484380983e-05
Step-Preload,0.004004694987088442,Q2-OUTERSKIN,0.00046483351616188884,-3.979479e-08,-0.00046483352,1.0976459e-08,0.21761856973171234,5.527268149307929e-05
Step-Preload,0.004304182715713978,ADAPTER,0.0,0.0,0.0,0.0,0.0,0.0
Step-Preload,0.004304182715713978,Q1-CORE,0.0005321395001374185,-1.98242e-07,-0.0005321384,-1.0840423e-06,0.2321610003709793,9.431920625502244e-05
Step-Preload,0.004304182715713978,Q1-INNERSKIN,0.0005321456119418144,-1.9812451e-07,-0.0005321445,-1.0840669e-06,0.23171547055244446,0.0067763542756438255
Step-Preload,0.004304182715713978,Q1-OUTERSKIN,0.0005319564952515066,1.3266776e-08,-0.0005319565,5.3781616e-08,0.23073194921016693,0.0018149930983781815
Step-Preload,0.004304182715713978,Q2-CORE,0.0005321395583450794,1.9822072e-07,-0.00053213845,-1.0840602e-06,0.23067763447761536,6.847607778581732e-07
Step-Preload,0.004304182715713978,Q2-INNERSKIN,0.0005321457283571362,1.9810372e-07,-0.0005321446,-1.0840846e-06,0.23067039251327515,6.142436905065551e-05
Step-Preload,0.004304182715713978,Q2-OUTERSKIN,0.0005319564952515066,-1.327826e-08,-0.0005319565,5.378333e-08,0.23066116869449615,5.994850289425813e-05
Step-Preload,0.004503414500504732,ADAPTER,0.0,0.0,0.0,0.0,0.0,0.0
Step-Preload,0.004503414500504732,Q1-CORE,0.0005789225688204169,-2.0578165e-07,-0.00057892146,-1.1300981e-06,0.23969361186027527,9.611790301278234e-05
Step-Preload,0.004503414500504732,Q1-INNERSKIN,0.0005789281567558646,-2.0564534e-07,-0.00057892705,-1.1301265e-06,0.2394593358039856,0.004541326314210892
Step-Preload,0.004503414500504732,Q1-OUTERSKIN,0.000578744278755039,4.345054e-09,-0.0005787443,1.6809718e-08,0.23915347456932068,0.001818108488805592
Step-Preload,0.004503414500504732,Q2-CORE,0.0005789226270280778,2.0575065e-07,-0.0005789215,-1.1301273e-06,0.23914222419261932,7.092899636518268e-07
Step-Preload,0.004503414500504732,Q2-INNERSKIN,0.0005789282731711864,2.056146e-07,-0.00057892717,-1.1301556e-06,0.23915010690689087,6.449564534705132e-05
Step-Preload,0.004503414500504732,Q2-OUTERSKIN,0.0005787446862086654,-1.6136903e-08,-0.0005787447,4.9054925e-09,0.23909667134284973,6.303052941802889e-05
Step-Preload,0.004801621660590172,ADAPTER,0.0,0.0,0.0,0.0,0.0,0.0
Step-Preload,0.004801621660590172,Q1-CORE,0.0006520469323731959,-2.1617907e-07,-0.0006520458,-1.1946616e-06,0.2520145773887634,0.0001064035968738608
Step-Preload,0.004801621660590172,Q1-INNERSKIN,0.0006520532188005745,-2.160166e-07,-0.0006520521,-1.1946954e-06,0.25279831886291504,0.003840995952486992
Step-Preload,0.004801621660590172,Q1-OUTERSKIN,0.0006518803420476615,8.532093e-09,-0.00065188034,2.8792572e-08,0.25142768025398254,0.001889290171675384
Step-Preload,0.004801621660590172,Q2-CORE,0.0006520473980344832,1.172665e-06,-0.0006520463,-2.5760994e-07,0.2514716386795044,7.687259540034574e-07
Step-Preload,0.004801621660590172,Q2-INNERSKIN,0.00065205356804654,1.1726988e-06,-0.00065205246,-2.5745905e-07,0.2514823079109192,6.69235159875825e-05
Step-Preload,0.004801621660590172,Q2-OUTERSKIN,0.0006518802838400006,-8.534262e-09,-0.0006518803,2.8771233e-08,0.2514088749885559,6.70151857775636e-05
Step-Preload,0.004999999888241291,ADAPTER,0.0,0.0,0.0,0.0,0.0,0.0
Step-Preload,0.004999999888241291,Q1-CORE,0.0007027082610875368,-2.4526784e-07,-0.00070270716,-1.2214944e-06,0.2603321969509125,0.0001092331440304406
Step-Preload,0.004999999888241291,Q1-INNERSKIN,0.0007027155952528119,-2.4510575e-07,-0.0007027145,-1.2215309e-06,0.2595548927783966,0.004149566870182753
Step-Preload,0.004999999888241291,Q1-OUTERSKIN,0.0007025455124676228,1.07485585e-08,-0.0007025455,3.6230123e-08,0.259429395198822,0.0020413976162672043
Step-Preload,0.004999999888241291,Q2-CORE,0.0007027115789242089,6.0355296e-07,-0.00070271135,-1.3889255e-07,0.2594428062438965,7.360525273725216e-07
Step-Preload,0.004999999888241291,Q2-INNERSKIN,0.0007027156534604728,2.4506966e-07,-0.00070271455,-1.2215997e-06,0.2594539523124695,6.763643614249304e-05
Step-Preload,0.004999999888241291,Q2-OUTERSKIN,0.0007025454542599618,-1.0746288e-08,-0.00070254545,3.6200994e-08,0.2594051659107208,6.925362686160952e-05
Step-Separation,0.004999999888241291,ADAPTER,0.0,0.0,0.0,0.0,0.0,0.0
Step-Separation,0.004999999888241291,Q1-CORE,0.0007027082610875368,-2.4526784e-07,-0.00070270716,-1.2214944e-06,0.2603321969509125,0.0001092331440304406
Step-Separation,0.004999999888241291,Q1-INNERSKIN,0.0007027155952528119,-2.4510575e-07,-0.0007027145,-1.2215309e-06,0.2595548927783966,0.004149566870182753
Step-Separation,0.004999999888241291,Q1-OUTERSKIN,0.0007025455124676228,1.07485585e-08,-0.0007025455,3.6230123e-08,0.259429395198822,0.0020413976162672043
Step-Separation,0.004999999888241291,Q2-CORE,0.0007027115789242089,6.0355296e-07,-0.00070271135,-1.3889255e-07,0.2594428062438965,7.360525273725216e-07
Step-Separation,0.004999999888241291,Q2-INNERSKIN,0.0007027156534604728,2.4506966e-07,-0.00070271455,-1.2215997e-06,0.2594539523124695,6.763643614249304e-05
Step-Separation,0.004999999888241291,Q2-OUTERSKIN,0.0007025454542599618,-1.0746288e-08,-0.00070254545,3.6200994e-08,0.2594051659107208,6.925362686160952e-05
Step-Separation,0.007004325743764639,ADAPTER,0.0,0.0,0.0,0.0,0.0,0.0
Step-Separation,0.007004325743764639,Q1-CORE,0.7711843252182007,0.20367919,-0.11767142,0.7344341,408.0394592285156,2.5630502700805664
Step-Separation,0.007004325743764639,Q1-INNERSKIN,0.7735338807106018,0.20325159,-0.13017799,0.734913,409.9350891113281,99.25081634521484
Step-Separation,0.007004325743764639,Q1-OUTERSKIN,0.49684858322143555,0.14665622,0.12779368,0.45718622,362.63909912109375,78.6144790649414
Step-Separation,0.007004325743764639,Q2-CORE,0.7800880670547485,0.18286088,-0.11966906,-0.74885154,417.60601806640625,2.59081768989563
Step-Separation,0.007004325743764639,Q2-INNERSKIN,0.7822524905204773,0.18242286,-0.13236432,-0.7490798,419.4226379394531,98.2294692993164
Step-Separation,0.007004325743764639,Q2-OUTERSKIN,0.5042974352836609,0.13298182,0.13027133,-0.4686802,375.5524597167969,78.41483306884766
Step-Separation,0.009003890678286552,ADAPTER,0.0,0.0,0.0,0.0,0.0,0.0
Step-Separation,0.009003890678286552,Q1-CORE,1.2332119941711426,0.3499215,-0.16275512,1.1712718,270.37493896484375,2.2004191875457764
Step-Separation,0.009003890678286552,Q1-INNERSKIN,1.2359023094177246,0.3493185,-0.17730306,1.1721752,270.4099426269531,101.84429168701172
Step-Separation,0.009003890678286552,Q1-OUTERSKIN,0.9717695713043213,0.2988114,0.19317727,0.9042844,247.70216369628906,93.38257598876953
Step-Separation,0.009003890678286552,Q2-CORE,1.248963475227356,0.31351215,-0.16354345,-1.197862,273.8338317871094,2.165891170501709
Step-Separation,0.009003890678286552,Q2-INNERSKIN,1.2511786222457886,0.31285456,-0.178373,-1.1982291,273.8637390136719,99.39197540283203
Step-Separation,0.009003890678286552,Q2-OUTERSKIN,0.982667863368988,0.26816064,0.19712497,-0.9245906,252.77281188964844,92.18281555175781
Step-Separation,0.01100323535501957,ADAPTER,0.0,0.0,0.0,0.0,0.0,0.0
Step-Separation,0.01100323535501957,Q1-CORE,1.6832658052444458,0.495863,-0.19479305,1.5967339,220.68211364746094,2.585169553756714
Step-Separation,0.01100323535501957,Q1-INNERSKIN,1.6861555576324463,0.49511817,-0.21064486,1.598001,220.74449157714844,108.44277954101562
Step-Separation,0.01100323535501957,Q1-OUTERSKIN,1.424454927444458,0.4419366,0.25602075,1.3297433,207.2803192138672,122.26065826416016
Step-Separation,0.01100323535501957,Q2-CORE,1.7074191570281982,0.44697076,-0.19649452,-1.6361195,231.61831665039062,2.5975749492645264
Step-Separation,0.01100323535501957,Q2-INNERSKIN,1.709587812423706,0.44619212,-0.21274582,-1.6365641,231.83766174316406,108.94998168945312
Step-Separation,0.01100323535501957,Q2-OUTERSKIN,1.4451029300689697,0.4013482,0.26149467,-1.3634012,197.66371154785156,127.43753814697266
Step-Separation,0.013002618215978146,ADAPTER,0.0,0.0,0.0,0.0,0.0,0.0
Step-Separation,0.013002618215978146,Q1-CORE,2.0545637607574463,0.6082998,-0.2115519,1.9510124,203.68385314941406,2.4240100383758545
Step-Separation,0.013002618215978146,Q1-INNERSKIN,2.057556390762329,0.6072647,-0.22762756,1.9526786,182.18341064453125,133.9520263671875
Step-Separation,0.013002618215978146,Q1-OUTERSKIN,1.793586015701294,0.5539675,0.3065523,1.6781229,199.24374389648438,142.46646118164062
Step-Separation,0.013002618215978146,Q2-CORE,2.053044319152832,0.5473493,-0.2119639,-1.9673513,248.89747619628906,2.30639910697937
Step-Separation,0.013002618215978146,Q2-INNERSKIN,2.0550270080566406,0.5463647,-0.22831036,-1.967866,248.95191955566406,105.08671569824219
Step-Separation,0.013002618215978146,Q2-OUTERSKIN,1.789758563041687,0.5029191,0.30318588,-1.6906763,193.2183074951172,143.1488037109375
Step-Separation,0.015001813881099224,ADAPTER,0.0,0.0,0.0,0.0,0.0,0.0
Step-Separation,0.015001813881099224,Q1-CORE,2.3219146728515625,0.68002737,-0.20880918,2.21026,175.96722412109375,2.6625728607177734
Step-Separation,0.015001813881099224,Q1-INNERSKIN,2.325101852416992,0.67820644,-0.22566792,2.2125118,175.803466796875,158.7350311279297
Step-Separation,0.015001813881099224,Q1-OUTERSKIN,2.0807085037231445,0.65126437,0.3390916,1.9468485,168.0301971435547,155.94683837890625
Step-Separation,0.015001813881099224,Q2-CORE,2.3061091899871826,0.6252824,-0.21816957,-2.2089734,198.9508514404297,2.6627745628356934
Step-Separation,0.015001813881099224,Q2-INNERSKIN,2.3080599308013916,0.6237724,-0.23529711,-2.2096796,194.64695739746094,92.8367919921875
Step-Separation,0.015001813881099224,Q2-OUTERSKIN,2.0578558444976807,0.59477186,0.3291674,-1.9423351,185.2921142578125,153.54209899902344
Step-Separation,0.017001054249703884,ADAPTER,0.0,0.0,0.0,0.0,0.0,0.0
Step-Separation,0.017001054249703884,Q1-CORE,2.432725667953491,0.7029188,-0.19673322,2.3206367,135.1101531982422,2.4737565517425537
Step-Separation,0.017001054249703884,Q1-INNERSKIN,2.4360227584838867,0.7007976,-0.21330379,2.3232715,134.61854553222656,171.86119079589844
Step-Separation,0.017001054249703884,Q1-OUTERSKIN,2.190755844116211,0.6869826,0.3481193,2.0509214,135.10975646972656,147.5938720703125
Step-Separation,0.017001054249703884,Q2-CORE,2.4661591053009033,0.68415815,-0.21775997,-2.3593323,196.78712463378906,2.4075138568878174
Step-Separation,0.017001054249703884,Q2-INNERSKIN,2.468017816543579,0.6823863,-0.23498861,-2.3601358,196.82249450683594,93.32799530029297
Step-Separation,0.017001054249703884,Q2-OUTERSKIN,2.2097082138061523,0.64344555,0.3432246,-2.0859015,175.91952514648438,145.1194305419922
Step-Separation,0.019000260159373283,ADAPTER,0.0,0.0,0.0,0.0,0.0,0.0
Step-Separation,0.019000260159373283,Q1-CORE,2.5433146953582764,0.7272909,-0.18148555,2.4303415,105.3636703491211,2.6559865474700928
Step-Separation,0.019000260159373283,Q1-INNERSKIN,2.5466935634613037,0.7255005,-0.19798422,2.4331255,105.35350799560547,179.78353881835938
Step-Separation,0.019000260159373283,Q1-OUTERSKIN,2.30886173248291,0.7199802,0.35905856,2.1641505,101.57099914550781,157.38319396972656
Step-Separation,0.019000260159373283,Q2-CORE,2.667764663696289,0.75831175,-0.21820228,-2.5483954,160.78280639648438,2.5041418075561523
Step-Separation,0.019000260159373283,Q2-INNERSKIN,2.6695053577423096,0.75695616,-0.23559302,-2.5490727,160.7914276123047,91.22262573242188
Step-Separation,0.019000260159373283,Q2-OUTERSKIN,2.410660982131958,0.698252,0.3655912,-2.2781732,149.29669189453125,159.95535278320312
Step-Separation,0.021099419333040714,ADAPTER,0.0,0.0,0.0,0.0,0.0,0.0
Step-Separation,0.021099419333040714,Q1-CORE,2.5822298526763916,0.7244189,-0.1635025,2.4731348,78.4932861328125,2.5823256969451904
Step-Separation,0.021099419333040714,Q1-INNERSKIN,2.585757255554199,0.7228133,-0.17999586,2.4761426,78.59142303466797,179.9272003173828
Step-Separation,0.021099419333040714,Q1-OUTERSKIN,2.3497352600097656,0.7279853,0.3638289,2.204296,74.20203399658203,151.89187622070312
Step-Separation,0.021099419333040714,Q2-CORE,2.8229920864105225,0.81357825,-0.2119624,-2.6948926,121.60250854492188,2.449244737625122
Step-Separation,0.021099419333040714,Q2-INNERSKIN,2.8246543407440186,0.81237674,-0.2297861,-2.6955361,117.7094497680664,96.23590087890625
Step-Separation,0.021099419333040714,Q2-OUTERSKIN,2.5649454593658447,0.74435174,0.38031435,-2.424922,117.60726928710938,159.0357666015625
Step-Separation,0.02309864293783903,ADAPTER,0.0,0.0,0.0,0.0,0.0,0.0
Step-Separation,0.02309864293783903,Q1-CORE,2.6101179122924805,0.7251244,-0.15215142,2.5027506,69.73822021484375,2.562162399291992
Step-Separation,0.02309864293783903,Q1-INNERSKIN,2.6138060092926025,0.72385,-0.16860573,2.505912,60.11037063598633,179.71885681152344
Step-Separation,0.02309864293783903,Q1-OUTERSKIN,2.3778769969940186,0.7308623,0.36263326,2.2335255,67.23040771484375,152.6272430419922
Step-Separation,0.02309864293783903,Q2-CORE,2.9787216186523438,0.87040967,-0.20936216,-2.8410099,113.98595428466797,2.463348150253296
Step-Separation,0.02309864293783903,Q2-INNERSKIN,2.9803097248077393,0.8695403,-0.22740114,-2.8415549,113.97917175292969,100.00605773925781
Step-Separation,0.02309864293783903,Q2-OUTERSKIN,2.7170608043670654,0.7914377,0.39003676,-2.5698087,103.55545043945312,164.52139282226562
Step-Separation,0.025097819976508617,ADAPTER,0.0,0.0,0.0,0.0,0.0,0.0
Step-Separation,0.025097819976508617,Q1-CORE,2.6179964542388916,0.7156633,-0.1417184,2.5142887,51.95254135131836,2.5667102336883545
Step-Separation,0.025097819976508617,Q1-INNERSKIN,2.621886730194092,0.71428704,-0.15801567,2.51776,51.541786193847656,176.74661254882812
Step-Separation,0.025097819976508617,Q1-OUTERSKIN,2.3921096324920654,0.73230225,0.36277163,2.2481813,47.061012268066406,147.5655975341797
Step-Separation,0.025097819976508617,Q2-CORE,3.1505677700042725,0.93052906,-0.20514138,-3.0030167,83.86380004882812,2.5062978267669678
Step-Separation,0.025097819976508617,Q2-INNERSKIN,3.152080774307251,0.92971355,-0.22342378,-3.0035524,83.8584976196289,97.47428894042969
Step-Separation,0.025097819976508617,Q2-OUTERSKIN,2.8891441822052,0.84340185,0.40667865,-2.7332106,80.00464630126953,180.2930908203125
Step-Separation,0.027096937410533428,ADAPTER,0.0,0.0,0.0,0.0,0.0,0.0
Step-Separation,0.027096937410533428,Q1-CORE,2.6533315181732178,0.71845174,-0.13258472,2.550768,44.80389404296875,2.6934874057769775
Step-Separation,0.027096937410533428,Q1-INNERSKIN,2.6574325561523438,0.71696174,-0.14886168,2.5545557,44.77973937988281,173.26153564453125
Step-Separation,0.027096937410533428,Q1-OUTERSKIN,2.432987689971924,0.68808526,0.34224755,2.3084269,42.05358123779297,149.4981231689453
Step-Separation,0.027096937410533428,Q2-CORE,3.22695255279541,0.96490186,-0.19165914,-3.073346,72.35138702392578,2.5814013481140137
Step-Separation,0.027096937410533428,Q2-INNERSKIN,3.2283473014831543,0.9644501,-0.20985888,-3.0737634,67.11607360839844,104.14241790771484
Step-Separation,0.027096937410533428,Q2-OUTERSKIN,2.9596190452575684,0.8646668,0.41104355,-2.8004892,67.5068588256836,184.74403381347656
Step-Separation,0.029096062295138836,ADAPTER,0.0,0.0,0.0,0.0,0.0,0.0
Step-Separation,0.029096062295138836,Q1-CORE,2.694871425628662,0.7280916,-0.12465496,2.591655,43.65165328979492,2.6429922580718994
Step-Separation,0.029096062295138836,Q1-INNERSKIN,2.699167251586914,0.7267856,-0.14092162,2.5956554,43.66018295288086,173.12051391601562
Step-Separation,0.029096062295138836,Q1-OUTERSKIN,2.4668667316436768,0.7425321,0.37487963,2.3224003,41.24702072143555,153.38943481445312
Step-Separation,0.029096062295138836,Q2-CORE,3.2332723140716553,0.9753843,-0.1776172,-3.0775197,59.695220947265625,2.523515224456787
Step-Separation,0.029096062295138836,Q2-INNERSKIN,3.2345645427703857,0.9749276,-0.19558771,-3.0779326,55.966041564941406,104.87930297851562
Step-Separation,0.029096062295138836,Q2-OUTERSKIN,2.966644763946533,0.8682633,0.4114203,-2.806748,57.89948272705078,178.1824951171875
Step-Separation,0.031095200218260288,ADAPTER,0.0,0.0,0.0,0.0,0.0,0.0
Step-Separation,0.031095200218260288,Q1-CORE,2.6975834369659424,0.7286558,-0.11406118,2.594804,47.61492156982422,2.562758207321167
Step-Separation,0.031095200218260288,Q1-INNERSKIN,2.702059030532837,0.72751117,-0.13015474,2.599021,47.60818099975586,178.77149963378906
Step-Separation,0.031095200218260288,Q1-OUTERSKIN,2.4670803546905518,0.73620814,0.37576446,2.3244965,44.045318603515625,150.75479125976562
Step-Separation,0.031095200218260288,Q2-CORE,3.2492589950561523,0.9876064,-0.17109922,-3.0907996,51.745513916015625,2.628377676010132
Step-Separation,0.031095200218260288,Q2-INNERSKIN,3.2505087852478027,0.987274,-0.18906559,-3.0911732,48.842193603515625,95.05840301513672
Step-Separation,0.031095200218260288,Q2-OUTERSKIN,2.985799789428711,0.93133354,0.3954252,-2.8091383,50.75429916381836,182.19314575195312
Step-Separation,0.03309434186667204,ADAPTER,0.0,0.0,0.0,0.0,0.0,0.0
Step-Separation,0.03309434186667204,Q1-CORE,2.7136995792388916,0.7310038,-0.1048316,2.611285,43.50241470336914,2.6480627059936523
Step-Separation,0.03309434186667204,Q1-INNERSKIN,2.718414068222046,0.72954416,-0.12090275,2.6158981,42.63656234741211,176.7974853515625
Step-Separation,0.03309434186667204,Q1-OUTERSKIN,2.48462176322937,0.73498625,0.3830743,2.3423054,43.502079010009766,150.8314971923828
Step-Separation,0.03309434186667204,Q2-CORE,3.1989200115203857,0.97854245,-0.156282,-3.0415652,59.68203353881836,2.5688698291778564
Step-Separation,0.03309434186667204,Q2-INNERSKIN,3.2000808715820312,0.9782936,-0.17398028,-3.0419056,59.71013641357422,90.58818817138672
Step-Separation,0.03309434186667204,Q2-OUTERSKIN,2.952305555343628,0.91882867,0.39495474,-2.777746,59.24675369262695,172.45025634765625
Step-Separation,0.03509353939443827,ADAPTER,0.0,0.0,0.0,0.0,0.0,0.0
Step-Separation,0.03509353939443827,Q1-CORE,2.721026659011841,0.73242325,-0.09389926,2.6189167,34.80185317993164,2.5630898475646973
Step-Separation,0.03509353939443827,Q1-INNERSKIN,2.7259325981140137,0.7311548,-0.109972976,2.623743,34.801788330078125,175.54998779296875
Step-Separation,0.03509353939443827,Q1-OUTERSKIN,2.4888017177581787,0.7263158,0.3920176,2.3479612,32.24858474731445,152.70481872558594
Step-Separation,0.03509353939443827,Q2-CORE,3.169440984725952,0.9726618,-0.14468062,-3.0130303,50.7674560546875,2.538837194442749
Step-Separation,0.03509353939443827,Q2-INNERSKIN,3.1705374717712402,0.97247064,-0.1622903,-3.0133486,50.78889083862305,88.2596664428711
Step-Separation,0.03509353939443827,Q2-OUTERSKIN,2.9266958236694336,0.909002,0.39963552,-2.7530992,47.95322036743164,166.56141662597656
Step-Separation,0.03709275368601084,ADAPTER,0.0,0.0,0.0,0.0,0.0,0.0
Step-Separation,0.03709275368601084,Q1-CORE,2.693725824356079,0.7187708,-0.079183444,2.594852,31.48263168334961,2.544724464416504
Step-Separation,0.03709275368601084,Q1-INNERSKIN,2.698791980743408,0.7176833,-0.09498569,2.5998821,31.025005340576172,176.32803344726562
Step-Separation,0.03709275368601084,Q1-OUTERSKIN,2.462949514389038,0.70994884,0.39556444,2.3249993,30.061986923217773,147.5482177734375
Step-Separation,0.03709275368601084,Q2-CORE,3.174420118331909,0.97665447,-0.13491458,-3.0174303,40.9644889831543,2.561084747314453
Step-Separation,0.03709275368601084,Q2-INNERSKIN,3.1754608154296875,0.97644687,-0.15253174,-3.0177536,39.53602600097656,88.32329559326172
Step-Separation,0.03709275368601084,Q2-OUTERSKIN,2.9300014972686768,0.91057724,0.40795118,-2.7548745,38.51687240600586,167.40711975097656
Step-Separation,0.03909196797758341,ADAPTER,0.0,0.0,0.0,0.0,0.0,0.0
Step-Separation,0.03909196797758341,Q1-CORE,2.680732011795044,0.7073062,-0.069828704,2.5847952,28.427473068237305,2.5716493129730225
Step-Separation,0.03909196797758341,Q1-INNERSKIN,2.686018228530884,0.70624787,-0.08561296,2.5900924,27.577743530273438,174.02871704101562
Step-Separation,0.03909196797758341,Q1-OUTERSKIN,2.4504191875457764,0.6982851,0.40158427,2.3142347,27.72701072692871,143.49964904785156
Step-Separation,0.03909196797758341,Q2-CORE,3.1698663234710693,0.9781662,-0.1230999,-3.012655,38.45882797241211,2.568133592605591
Step-Separation,0.03909196797758341,Q2-INNERSKIN,3.1708359718322754,0.9780793,-0.14061546,-3.012937,36.507850646972656,91.06925964355469
Step-Separation,0.03909196797758341,Q2-OUTERSKIN,2.9338321685791016,0.9106871,0.41529664,-2.757816,36.45901870727539,165.3020477294922
Step-Separation,0.04109118226915598,ADAPTER,0.0,0.0,0.0,0.0,0.0,0.0
Step-Separation,0.04109118226915598,Q1-CORE,2.6793951988220215,0.6995607,-0.06156245,2.585727,27.000038146972656,2.5488550662994385
Step-Separation,0.04109118226915598,Q1-INNERSKIN,2.6848881244659424,0.6986773,-0.077254705,2.5912364,26.999313354492188,171.6597900390625
Step-Separation,0.04109118226915598,Q1-OUTERSKIN,2.4493038654327393,0.6895521,0.40738598,2.3146584,24.37204360961914,144.14454650878906
Step-Separation,0.04109118226915598,Q2-CORE,3.1807141304016113,0.9832231,-0.11422614,-3.0227747,39.278316497802734,2.5344998836517334
Step-Separation,0.04109118226915598,Q2-INNERSKIN,3.181631326675415,0.98309344,-0.1317343,-3.0230699,39.281795501708984,88.55579376220703
Step-Separation,0.04109118226915598,Q2-OUTERSKIN,2.944214105606079,0.9132707,0.42231148,-2.7669454,35.93611526489258,164.99005126953125
Step-Separation,0.04309039656072855,ADAPTER,0.0,0.0,0.0,0.0,0.0,0.0
Step-Separation,0.04309039656072855,Q1-CORE,2.675135374069214,0.6895359,-0.055203266,2.584152,23.842830657958984,2.5651097297668457
Step-Separation,0.04309039656072855,Q1-INNERSKIN,2.680861473083496,0.68865997,-0.070776194,2.5899336,23.59063148498535,172.72930908203125
Step-Separation,0.04309039656072855,Q1-OUTERSKIN,2.447084903717041,0.68157035,0.4107455,2.314082,23.756877899169922,141.33477783203125
Step-Separation,0.04309039656072855,Q2-CORE,3.1996185779571533,0.9917847,-0.10523698,-3.0402052,36.55976867675781,2.55405855178833
Step-Separation,0.04309039656072855,Q2-INNERSKIN,3.2004802227020264,0.9917179,-0.12270386,-3.040479,36.554691314697266,88.17623138427734
Step-Separation,0.04309039656072855,Q2-OUTERSKIN,2.96859073638916,0.91938734,0.43100056,-2.7895334,34.19892120361328,166.0236053466797
Step-Separation,0.04508961085230112,ADAPTER,0.0,0.0,0.0,0.0,0.0,0.0
Step-Separation,0.04508961085230112,Q1-CORE,2.6881093978881836,0.6855971,-0.049393527,2.5987399,24.132089614868164,2.5806241035461426
Step-Separation,0.04508961085230112,Q1-INNERSKIN,2.6940746307373047,0.6847264,-0.06494275,2.6047976,24.15380096435547,172.33457946777344
Step-Separation,0.04508961085230112,Q1-OUTERSKIN,2.4608330726623535,0.67827547,0.4167039,2.3285186,22.332368850708008,140.97747802734375
Step-Separation,0.04508961085230112,Q2-CORE,3.2112441062927246,0.9982332,-0.098017715,-3.0505755,41.6752815246582,2.582254648208618
Step-Separation,0.04508961085230112,Q2-INNERSKIN,3.212066888809204,0.9982614,-0.11549585,-3.050821,39.85243225097656,86.36983489990234
Step-Separation,0.04508961085230112,Q2-OUTERSKIN,2.9877028465270996,0.9231874,0.43724447,-2.807652,39.378170013427734,165.47755432128906
Step-Separation,0.04708882514387369,ADAPTER,0.0,0.0,0.0,0.0,0.0,0.0
Step-Separation,0.04708882514387369,Q1-CORE,2.706482410430908,0.6830675,-0.044741027,2.618485,25.50102996826172,2.5757577419281006
Step-Separation,0.04708882514387369,Q1-INNERSKIN,2.7126874923706055,0.6822694,-0.060272194,2.624795,25.389013290405273,174.4387969970703
Step-Separation,0.04708882514387369,Q1-OUTERSKIN,2.4799628257751465,0.6759971,0.4232372,2.348215,24.85079574584961,140.5501251220703
Step-Separation,0.04708882514387369,Q2-CORE,3.2242846488952637,1.0033059,-0.09024271,-3.0628817,38.02671432495117,2.555601119995117
Step-Separation,0.04708882514387369,Q2-INNERSKIN,3.225058078765869,1.0033581,-0.10764307,-3.063117,36.83154296875,83.79167938232422
Step-Separation,0.04708882514387369,Q2-OUTERSKIN,3.0042495727539062,0.9258956,0.44336393,-2.8234131,36.9411735534668,163.75616455078125
Step-Separation,0.04908803943544626,ADAPTER,0.0,0.0,0.0,0.0,0.0,0.0
Step-Separation,0.04908803943544626,Q1-CORE,2.7290008068084717,0.68150616,-0.03945334,2.6422412,24.56313133239746,2.5721404552459717
Step-Separation,0.04908803943544626,Q1-INNERSKIN,2.735442876815796,0.68073446,-0.054906532,2.6488175,23.732620239257812,176.86727905273438
Step-Separation,0.04908803943544626,Q1-OUTERSKIN,2.503601551055908,0.6756229,0.42952096,2.3721437,24.064008712768555,140.5221405029297
Step-Separation,0.04908803943544626,Q2-CORE,3.2486701011657715,1.011457,-0.0851805,-3.086026,36.081398010253906,2.5826337337493896
Step-Separation,0.04908803943544626,Q2-INNERSKIN,3.2494165897369385,1.0115452,-0.1026226,-3.0862522,35.04315185546875,82.96177673339844
Step-Separation,0.04908803943544626,Q2-OUTERSKIN,3.0307586193084717,0.9318826,0.45105246,-2.848446,35.7070198059082,164.7654571533203
Step-Separation,0.05108725372701883,ADAPTER,0.0,0.0,0.0,0.0,0.0,0.0
Step-Separation,0.05108725372701883,Q1-CORE,2.75981068611145,0.6827586,-0.035451535,2.6737874,22.77553939819336,2.5897603034973145
Step-Separation,0.05108725372701883,Q1-INNERSKIN,2.766507148742676,0.681962,-0.05091895,2.6806524,22.759990692138672,178.92245483398438
Step-Separation,0.05108725372701883,Q1-OUTERSKIN,2.534757375717163,0.6778989,0.4363286,2.4031365,21.837078094482422,141.19107055664062
Step-Separation,0.05108725372701883,Q2-CORE,3.2683072090148926,1.0180936,-0.07822047,-3.104706,34.27339553833008,2.584591865539551
Step-Separation,0.05108725372701883,Q2-INNERSKIN,3.269011974334717,1.018213,-0.09562614,-3.1049213,33.755836486816406,84.05013275146484
Step-Separation,0.05108725372701883,Q2-OUTERSKIN,3.0557539463043213,0.9372023,0.45765004,-2.8722537,33.49221420288086,163.5894775390625
Step-Separation,0.053086468018591404,ADAPTER,0.0,0.0,0.0,0.0,0.0,0.0
Step-Separation,0.053086468018591404,Q1-CORE,2.788601875305176,0.6832389,-0.029835233,2.7034411,24.100534439086914,2.603530168533325
Step-Separation,0.053086468018591404,Q1-INNERSKIN,2.7955384254455566,0.6824713,-0.04529353,2.7105749,24.069786071777344,181.2477569580078
Step-Separation,0.053086468018591404,Q1-OUTERSKIN,2.564143419265747,0.6796706,0.44302717,2.4324076,22.209674835205078,141.5916290283203
Step-Separation,0.053086468018591404,Q2-CORE,3.299941301345825,1.0270878,-0.07347333,-3.1351724,37.40022277832031,2.5728490352630615
Step-Separation,0.053086468018591404,Q2-INNERSKIN,3.3006186485290527,1.0271991,-0.09092104,-3.1353912,37.107635498046875,84.04906463623047
Step-Separation,0.053086468018591404,Q2-OUTERSKIN,3.0866029262542725,0.9449775,0.4649579,-2.9013703,37.08588790893555,164.2837677001953
Step-Separation,0.055085682310163975,ADAPTER,0.0,0.0,0.0,0.0,0.0,0.0
Step-Separation,0.055085682310163975,Q1-CORE,2.8158724308013916,0.6834248,-0.02448205,2.7315688,22.58715057373047,2.599005937576294
Step-Separation,0.055085682310163975,Q1-INNERSKIN,2.823052167892456,0.68266135,-0.03989149,2.7389789,22.588645935058594,183.6727752685547
Step-Separation,0.055085682310163975,Q1-OUTERSKIN,2.5929176807403564,0.6813797,0.44923472,2.4611242,21.04296112060547,141.6215362548828
Step-Separation,0.055085682310163975,Q2-CORE,3.3313801288604736,1.0361232,-0.06809696,-3.1654234,35.02562713623047,2.5709636211395264
Step-Separation,0.055085682310163975,Q2-INNERSKIN,3.3320250511169434,1.0362622,-0.085528366,-3.1656334,32.88319396972656,85.12247467041016
Step-Separation,0.055085682310163975,Q2-OUTERSKIN,3.1202645301818848,0.9532898,0.47214404,-2.9333205,32.51309585571289,164.861572265625
Step-Separation,0.057084896601736546,ADAPTER,0.0,0.0,0.0,0.0,0.0,0.0
Step-Separation,0.057084896601736546,Q1-CORE,2.843823194503784,0.68379354,-0.019761546,2.76032,20.787899017333984,2.599669933319092
Step-Separation,0.057084896601736546,Q1-INNERSKIN,2.851247549057007,0.68307227,-0.03516213,2.7679935,19.964351654052734,185.2517852783203
Step-Separation,0.057084896601736546,Q1-OUTERSKIN,2.6207163333892822,0.682229,0.4545162,2.4892032,19.835763931274414,142.25035095214844
Step-Separation,0.057084896601736546,Q2-CORE,3.362985610961914,1.0453118,-0.063646734,-3.1957698,32.59628677368164,2.586054563522339
Step-Separation,0.057084896601736546,Q2-INNERSKIN,3.3636062145233154,1.0454818,-0.08112305,-3.1959715,32.2968635559082,86.2296371459961
Step-Separation,0.057084896601736546,Q2-OUTERSKIN,3.1536905765533447,0.96095854,0.47827694,-2.965396,31.23084259033203,165.36679077148438
Step-Separation,0.059084110893309116,ADAPTER,0.0,0.0,0.0,0.0,0.0,0.0
Step-Separation,0.059084110893309116,Q1-CORE,2.8681347370147705,0.68300235,-0.015454736,2.7855818,20.82277488708496,2.603083848953247
Step-Separation,0.059084110893309116,Q1-INNERSKIN,2.8758089542388916,0.68230516,-0.030835912,2.7935257,20.318378448486328,186.93638610839844
Step-Separation,0.059084110893309116,Q1-OUTERSKIN,2.645712375640869,0.68257666,0.45862946,2.5146654,19.78653335571289,142.15768432617188
Step-Separation,0.059084110893309116,Q2-CORE,3.3926217555999756,1.0536104,-0.059684806,-3.2243178,32.427734375,2.580537796020508
Step-Separation,0.059084110893309116,Q2-INNERSKIN,3.3932199478149414,1.0537915,-0.07715835,-3.224517,31.801881790161133,86.33808898925781
Step-Separation,0.059084110893309116,Q2-OUTERSKIN,3.1863560676574707,0.96819997,0.4835523,-2.9969368,31.54204750061035,165.5918426513672
Step-Separation,0.06108332518488169,ADAPTER,0.0,0.0,0.0,0.0,0.0,0.0
Step-Separation,0.06108332518488169,Q1-CORE,2.8920838832855225,0.68169624,-0.0112381,2.8105717,18.440290451049805,2.601928472518921
Step-Separation,0.06108332518488169,Q1-INNERSKIN,2.900005340576172,0.68104446,-0.02657491,2.8187768,18.174522399902344,188.06629943847656
Step-Separation,0.06108332518488169,Q1-OUTERSKIN,2.669863700866699,0.68221897,0.4624957,2.539458,17.74853515625,142.38775634765625
Step-Separation,0.06108332518488169,Q2-CORE,3.434046506881714,1.4543585,-0.023038223,-3.1107855,33.34817123413086,2.588860511779785
Step-Separation,0.06108332518488169,Q2-INNERSKIN,3.43473219871521,1.4526708,-0.03835679,-3.1121795,32.8400993347168,85.49427032470703
Step-Separation,0.06108332518488169,Q2-OUTERSKIN,3.2326500415802,1.4038761,0.47606295,-2.8727202,32.58028030395508,166.32826232910156
Step-Separation,0.06308253947645426,ADAPTER,0.0,0.0,0.0,0.0,0.0,0.0
Step-Separation,0.06308253947645426,Q1-CORE,2.915381669998169,0.6804352,-0.006893385,2.8348563,17.794139862060547,2.609923839569092
Step-Separation,0.06308253947645426,Q1-INNERSKIN,2.923551082611084,0.67981976,-0.022202477,2.843326,17.743661880493164,189.42636108398438
Step-Separation,0.06308253947645426,Q1-OUTERSKIN,2.6936073303222656,0.6817155,0.46633485,2.5638478,17.79416847229004,142.81565856933594
Step-Separation,0.06308253947645426,Q2-CORE,3.4850587844848633,1.4725044,-0.018474579,-3.1586428,32.47763442993164,2.5835111141204834
Step-Separation,0.06308253947645426,Q2-INNERSKIN,3.4857189655303955,1.470842,-0.03379988,-3.1600187,30.775815963745117,85.58629608154297
Step-Separation,0.06308253947645426,Q2-OUTERSKIN,3.2833802700042725,1.420561,0.4812531,-2.9207854,31.134916305541992,165.85015869140625
Step-Separation,0.06508175376802683,ADAPTER,0.0,0.0,0.0,0.0,0.0,0.0
Step-Separation,0.06508175376802683,Q1-CORE,2.9340972900390625,0.67762464,-0.0028381273,2.8547754,17.279233932495117,2.6050236225128174
Step-Separation,0.06508175376802683,Q1-INNERSKIN,2.9425196647644043,0.6770339,-0.018122155,2.8635151,17.19266700744629,190.50869750976562
Step-Separation,0.06508175376802683,Q1-OUTERSKIN,2.712759256362915,0.67984533,0.4696631,2.5838518,17.279050827026367,142.24929809570312
Step-Separation,0.06508175376802683,Q2-CORE,3.5421292781829834,1.4940709,-0.014568899,-3.211576,28.83652114868164,2.6058452129364014
Step-Separation,0.06508175376802683,Q2-INNERSKIN,3.5427703857421875,1.4924225,-0.029933318,-3.2129428,28.322586059570312,85.17594146728516
Step-Separation,0.06508175376802683,Q2-OUTERSKIN,3.340022563934326,1.4409078,0.48730132,-2.9735625,28.201932907104492,167.08248901367188
Step-Separation,0.0670809680595994,ADAPTER,0.0,0.0,0.0,0.0,0.0,0.0
Step-Separation,0.0670809680595994,Q1-CORE,2.9532344341278076,0.6752346,0.0010119826,2.8750045,16.89421844482422,2.609269857406616
Step-Separation,0.0670809680595994,Q1-INNERSKIN,2.9619107246398926,0.67466384,-0.014231045,2.8840148,16.898176193237305,191.48284912109375
Step-Separation,0.0670809680595994,Q1-OUTERSKIN,2.7321865558624268,0.67817664,0.472778,2.6041124,16.07052993774414,142.2484130859375
Step-Separation,0.0670809680595994,Q2-CORE,3.5941035747528076,1.5123316,-0.010542018,-3.2604175,28.19054412841797,2.593325138092041
Step-Separation,0.0670809680595994,Q2-INNERSKIN,3.5947279930114746,1.5106832,-0.025917552,-3.2617838,27.75615119934082,85.10435485839844
Step-Separation,0.0670809680595994,Q2-OUTERSKIN,3.392381429672241,1.4592245,0.4927251,-3.0226045,27.10975456237793,167.1613006591797
Step-Separation,0.0690801264718175,ADAPTER,0.0,0.0,0.0,0.0,0.0,0.0
Step-Separation,0.0690801264718175,Q1-CORE,2.9723215103149414,0.6728523,0.0050794184,2.8951578,16.536319732666016,2.611868143081665
Step-Separation,0.0690801264718175,Q1-INNERSKIN,2.981250762939453,0.6723078,-0.010138204,2.9044373,16.539203643798828,192.24197387695312
Step-Separation,0.0690801264718175,Q1-OUTERSKIN,2.7517740726470947,0.67653084,0.47657964,2.624393,16.453536987304688,142.1935577392578
Step-Separation,0.0690801264718175,Q2-CORE,3.642974853515625,1.5288185,-0.0060554296,-3.306651,25.76653289794922,2.5988194942474365
Step-Separation,0.0690801264718175,Q2-INNERSKIN,3.6435787677764893,1.5271817,-0.021433918,-3.308009,25.769689559936523,85.59148406982422
Step-Separation,0.0690801264718175,Q2-OUTERSKIN,3.4410226345062256,1.4753041,0.4976628,-3.0686228,25.378969192504883,167.39891052246094
Step-Separation,0.0710792662575841,ADAPTER,0.0,0.0,0.0,0.0,0.0,0.0
Step-Separation,0.0710792662575841,Q1-CORE,2.9893407821655273,0.6698386,0.009833336,2.9133105,16.641624450683594,2.612806797027588
Step-Separation,0.0710792662575841,Q1-INNERSKIN,2.9985198974609375,0.6693138,-0.0053482167,2.9228604,16.652576446533203,193.19595336914062
Step-Separation,0.0710792662575841,Q1-OUTERSKIN,2.7691879272460938,0.6739796,0.48040566,2.6426055,16.06402015686035,141.80517578125
Step-Separation,0.0710792662575841,Q2-CORE,3.692354202270508,1.5456343,-0.0018125735,-3.3532805,25.35124969482422,2.602426767349243
Step-Separation,0.0710792662575841,Q2-INNERSKIN,3.6929447650909424,1.5439885,-0.017210819,-3.3546453,25.345111846923828,86.04949188232422
Step-Separation,0.0710792662575841,Q2-OUTERSKIN,3.490288496017456,1.4917885,0.50295556,-3.115079,25.048725128173828,167.8733673095703
Step-Separation,0.0730784060433507,ADAPTER,0.0,0.0,0.0,0.0,0.0,0.0
Step-Separation,0.0730784060433507,Q1-CORE,3.006998062133789,0.66724324,0.014269307,2.9319994,16.287250518798828,2.6079981327056885
Step-Separation,0.0730784060433507,Q1-INNERSKIN,3.0164287090301514,0.66674876,-0.00088825077,2.941817,16.30796241760254,194.0458221435547
Step-Separation,0.0730784060433507,Q1-OUTERSKIN,2.787146806716919,0.6716831,0.48442385,2.6612709,15.633509635925293,141.66110229492188
Step-Separation,0.0730784060433507,Q2-CORE,3.736246109008789,1.559209,0.0026476122,-3.3953493,24.580167770385742,2.5970420837402344
Step-Separation,0.0730784060433507,Q2-INNERSKIN,3.7368249893188477,1.5575504,-0.012758397,-3.396724,24.464879989624023,85.42028045654297
Step-Separation,0.0730784060433507,Q2-OUTERSKIN,3.5348715782165527,1.5057377,0.5077944,-3.1575649,24.09792709350586,167.52684020996094
Step-Separation,0.0750775458291173,ADAPTER,0.0,0.0,0.0,0.0,0.0,0.0
Step-Separation,0.0750775458291173,Q1-CORE,3.024301290512085,0.6644748,0.018834926,2.9503417,15.773322105407715,2.6121857166290283
Step-Separation,0.0750775458291173,Q1-INNERSKIN,3.033980131149292,0.6640233,0.0037157685,2.9604213,15.776328086853027,194.76165771484375
Step-Separation,0.0750775458291173,Q1-OUTERSKIN,2.804802179336548,0.6692659,0.4882801,2.6796606,15.608736991882324,141.4244384765625
Step-Separation,0.0750775458291173,Q2-CORE,3.7777163982391357,1.5718095,0.00682934,-3.435187,24.156951904296875,2.595827579498291
Step-Separation,0.0750775458291173,Q2-INNERSKIN,3.7782771587371826,1.570165,-0.008569112,-3.4365516,23.553857803344727,85.48343658447266
Step-Separation,0.0750775458291173,Q2-OUTERSKIN,3.5761678218841553,1.5177158,0.51197284,-3.1974049,23.434463500976562,166.99530029296875
Step-Separation,0.0770766856148839,ADAPTER,0.0,0.0,0.0,0.0,0.0,0.0
Step-Separation,0.0770766856148839,Q1-CORE,3.0416345596313477,0.66169274,0.023476377,2.9686954,15.860102653503418,2.611360549926758
Step-Separation,0.0770766856148839,Q1-INNERSKIN,3.0515642166137695,0.6612728,0.00837893,2.979042,15.866265296936035,195.57569885253906
Step-Separation,0.0770766856148839,Q1-OUTERSKIN,2.8226048946380615,0.6667719,0.49247083,2.698145,15.372345924377441,141.09805297851562
Step-Separation,0.0770766856148839,Q2-CORE,3.8219940662384033,1.5864557,0.010654286,-3.477166,23.880126953125,2.601243734359741
Step-Separation,0.0770766856148839,Q2-INNERSKIN,3.822538375854492,1.5848248,-0.004761804,-3.4785209,23.024765014648438,85.19044494628906
Step-Separation,0.0770766856148839,Q2-OUTERSKIN,3.620037317276001,1.5311705,0.5167628,-3.239312,23.093036651611328,167.1414337158203
Step-Separation,0.0790758254006505,ADAPTER,0.0,0.0,0.0,0.0,0.0,0.0
Step-Separation,0.0790758254006505,Q1-CORE,3.0595862865448,0.65911114,0.02795688,2.9876175,15.675145149230957,2.6064746379852295
Step-Separation,0.0790758254006505,Q1-INNERSKIN,3.069765090942383,0.6587332,0.012896758,2.9982264,15.66994571685791,196.39089965820312
Step-Separation,0.0790758254006505,Q1-OUTERSKIN,2.840806245803833,0.66446334,0.49638847,2.7170327,15.381901741027832,140.99765014648438
Step-Separation,0.0790758254006505,Q2-CORE,3.863694906234741,1.5994474,0.014617592,-3.5170574,23.80640411376953,2.598745584487915
Step-Separation,0.0790758254006505,Q2-INNERSKIN,3.864224433898926,1.597824,-0.00079555437,-3.518407,23.456594467163086,84.8220443725586
Step-Separation,0.0790758254006505,Q2-OUTERSKIN,3.661801338195801,1.5436718,0.52098686,-3.279396,23.24095344543457,166.70457458496094
Step-Separation,0.0810749651864171,ADAPTER,0.0,0.0,0.0,0.0,0.0,0.0
Step-Separation,0.0810749651864171,Q1-CORE,3.077781915664673,0.65635073,0.03229852,3.0068092,15.512761116027832,2.609121322631836
Step-Separation,0.0810749651864171,Q1-INNERSKIN,3.088214159011841,0.6560033,0.01726503,3.017686,15.316256523132324,197.35865783691406
Step-Separation,0.0810749651864171,Q1-OUTERSKIN,2.859544515609741,0.66252726,0.50041914,2.736354,15.5126371383667,140.7684783935547
Step-Separation,0.0810749651864171,Q2-CORE,3.905653715133667,1.61261,0.018299036,-3.5571456,22.81913948059082,2.6020803451538086
Step-Separation,0.0810749651864171,Q2-INNERSKIN,3.906169891357422,1.6109915,0.002877038,-3.5584915,22.41388702392578,84.63458251953125
Step-Separation,0.0810749651864171,Q2-OUTERSKIN,3.70353102684021,1.5561926,0.5251977,-3.319424,22.607868194580078,166.48373413085938
Step-Separation,0.0830741124227643,ADAPTER,0.0,0.0,0.0,0.0,0.0,0.0
Step-Separation,0.0830741124227643,Q1-CORE,3.09656023979187,0.6538825,0.03644243,3.0265152,15.238642692565918,2.612147331237793
Step-Separation,0.0830741124227643,Q1-INNERSKIN,3.107245922088623,0.65356535,0.021436196,3.0376587,15.238503456115723,198.26370239257812
Step-Separation,0.0830741124227643,Q1-OUTERSKIN,2.8786962032318115,0.6605616,0.5042616,2.7561333,15.023755073547363,140.66140747070312
Step-Separation,0.0830741124227643,Q2-CORE,3.948148727416992,1.6261849,0.021796,-3.5976279,22.987079620361328,2.605313539505005
Step-Separation,0.0830741124227643,Q2-INNERSKIN,3.9486517906188965,1.6245762,0.0063675717,-3.5989668,22.29957389831543,84.38895416259766
Step-Separation,0.0830741124227643,Q2-OUTERSKIN,3.7459559440612793,1.5689832,0.52940756,-3.36009,22.179412841796875,166.9983673095703
Step-Separation,0.0850732522085309,ADAPTER,0.0,0.0,0.0,0.0,0.0,0.0
Step-Separation,0.0850732522085309,Q1-CORE,3.11557936668396,0.651596,0.04054673,3.0464098,15.283329963684082,2.6118314266204834
Step-Separation,0.0850732522085309,Q1-INNERSKIN,3.126518726348877,0.651313,0.025563251,3.0578191,15.276284217834473,199.28811645507812
Step-Separation,0.0850732522085309,Q1-OUTERSKIN,2.8980579376220703,0.6586217,0.5082031,2.776092,15.213800430297852,140.57334899902344
Step-Separation,0.0850732522085309,Q2-CORE,3.989583969116211,1.639057,0.025398415,-3.6372554,22.62700653076172,2.6017346382141113
Step-Separation,0.0850732522085309,Q2-INNERSKIN,3.9900755882263184,1.6374522,0.009962238,-3.6385925,22.278181076049805,84.26055908203125
Step-Separation,0.0850732522085309,Q2-OUTERSKIN,3.787217140197754,1.5812439,0.5335426,-3.3997078,22.395151138305664,166.83157348632812
Step-Separation,0.0870723919942975,ADAPTER,0.0,0.0,0.0,0.0,0.0,0.0
Step-Separation,0.0870723919942975,Q1-CORE,3.134324073791504,0.64914423,0.044691086,3.06604,15.113191604614258,2.6119699478149414
Step-Separation,0.0870723919942975,Q1-INNERSKIN,3.1455180644989014,0.6488889,0.029737763,3.077717,15.107625007629395,200.2710418701172
Step-Separation,0.0870723919942975,Q1-OUTERSKIN,2.917243242263794,0.6567874,0.5120302,2.7958477,15.113064765930176,140.32412719726562
Step-Separation,0.0870723919942975,Q2-CORE,4.030867576599121,1.6519275,0.028852053,-3.6767101,22.105894088745117,2.6021065711975098
Step-Separation,0.0870723919942975,Q2-INNERSKIN,4.031346321105957,1.6503351,0.013409138,-3.6780386,22.105205535888672,84.23340606689453
Step-Separation,0.0870723919942975,Q2-OUTERSKIN,3.8282670974731445,1.5933908,0.537591,-3.4391465,21.712738037109375,166.6038055419922
Step-Separation,0.0890715317800641,ADAPTER,0.0,0.0,0.0,0.0,0.0,0.0
Step-Separation,0.0890715317800641,Q1-CORE,3.15392804145813,0.64699763,0.04874921,3.0864673,15.317008018493652,2.6113944053649902
Step-Separation,0.0890715317800641,Q1-INNERSKIN,3.165377616882324,0.64677197,0.033818066,3.0984123,15.319628715515137,201.25469970703125
Step-Separation,0.0890715317800641,Q1-OUTERSKIN,2.937206268310547,0.655229,0.5160368,2.8163028,15.193923950195312,140.2766571044922
Step-Separation,0.0890715317800641,Q2-CORE,4.072241306304932,1.6649027,0.032127008,-3.7162101,22.070852279663086,2.6057894229888916
Step-Separation,0.0890715317800641,Q2-INNERSKIN,4.072710990905762,1.6633128,0.016674805,-3.7175379,21.814130783081055,84.13705444335938
Step-Separation,0.0890715317800641,Q2-OUTERSKIN,3.869450092315674,1.6057116,0.54161865,-3.4786468,21.735811233520508,166.79083251953125
Step-Separation,0.09107067156583071,ADAPTER,0.0,0.0,0.0,0.0,0.0,0.0
Step-Separation,0.09107067156583071,Q1-CORE,3.1734282970428467,0.64476866,0.05281768,3.106788,14.964542388916016,2.6131510734558105
Step-Separation,0.09107067156583071,Q1-INNERSKIN,3.1851327419281006,0.6445797,0.037913322,3.1189983,14.970992088317871,202.2751007080078
Step-Separation,0.09107067156583071,Q1-OUTERSKIN,2.9570469856262207,0.6535357,0.519935,2.836668,14.964424133300781,140.19512939453125
Step-Separation,0.09107067156583071,Q2-CORE,4.111346244812012,1.6764858,0.03539838,-3.7538393,21.74808692932129,2.606537342071533
Step-Separation,0.09107067156583071,Q2-INNERSKIN,4.1118059158325195,1.6749007,0.01994168,-3.755164,21.74943733215332,83.90845489501953
Step-Separation,0.09107067156583071,Q2-OUTERSKIN,3.9085588455200195,1.616885,0.545331,-3.5164084,21.587968826293945,166.51025390625
Step-Separation,0.09306981135159731,ADAPTER,0.0,0.0,0.0,0.0,0.0,0.0
Step-Separation,0.09306981135159731,Q1-CORE,3.1927261352539062,0.64233917,0.056800924,3.1269271,14.952486038208008,2.6149237155914307
Step-Separation,0.09306981135159731,Q1-INNERSKIN,3.204686164855957,0.64218014,0.041923262,3.1394045,14.952981948852539,203.26806640625
Step-Separation,0.09306981135159731,Q1-OUTERSKIN,2.9767918586730957,0.65180904,0.5236819,2.856955,14.946662902832031,139.97117614746094
Step-Separation,0.09306981135159731,Q2-CORE,4.15082311630249,1.6883439,0.038703322,-3.7917447,21.74039077758789,2.604067087173462
Step-Separation,0.09306981135159731,Q2-INNERSKIN,4.151272296905518,1.6867626,0.023239598,-3.7930667,21.7425594329834,83.75770568847656
Step-Separation,0.09306981135159731,Q2-OUTERSKIN,3.947819948196411,1.6280663,0.54921824,-3.554299,21.483842849731445,166.27313232421875
Step-Separation,0.09506895113736391,ADAPTER,0.0,0.0,0.0,0.0,0.0,0.0
Step-Separation,0.09506895113736391,Q1-CORE,3.2126405239105225,0.6401446,0.06075159,3.1476314,14.874580383300781,2.6154232025146484
Step-Separation,0.09506895113736391,Q1-INNERSKIN,3.2248570919036865,0.6400165,0.04589725,3.1603758,14.876336097717285,204.1999053955078
Step-Separation,0.09506895113736391,Q1-OUTERSKIN,2.9969911575317383,0.6502202,0.5275153,2.877655,14.805978775024414,139.91297912597656
Step-Separation,0.09506895113736391,Q2-CORE,4.191159248352051,1.7006711,0.041917656,-3.8303754,21.551494598388672,2.6062393188476562
Step-Separation,0.09506895113736391,Q2-INNERSKIN,4.191598892211914,1.6990958,0.026441354,-3.8316934,21.372966766357422,83.65544891357422
Step-Separation,0.09506895113736391,Q2-OUTERSKIN,3.9881396293640137,1.6398307,0.55330056,-3.5930588,21.36053466796875,166.39013671875
Step-Separation,0.09706809837371111,ADAPTER,0.0,0.0,0.0,0.0,0.0,0.0
Step-Separation,0.09706809837371111,Q1-CORE,3.2323365211486816,0.6378624,0.0648465,3.1681108,14.923849105834961,2.614272117614746
Step-Separation,0.09706809837371111,Q1-INNERSKIN,3.24480938911438,0.63776594,0.05001736,3.1811225,14.922819137573242,205.2085723876953
Step-Separation,0.09706809837371111,Q1-OUTERSKIN,3.017092704772949,0.64856994,0.53139675,2.8982446,14.817739486694336,139.77577209472656
Step-Separation,0.09706809837371111,Q2-CORE,4.230593204498291,1.7123345,0.045250993,-3.8683047,21.461036682128906,2.6053502559661865
Step-Separation,0.09706809837371111,Q2-INNERSKIN,4.231022357940674,1.7107636,0.029768836,-3.8696194,21.152585983276367,83.52627563476562
Step-Separation,0.09706809837371111,Q2-OUTERSKIN,4.027486324310303,1.6510495,0.55721277,-3.6310048,21.2211856842041,166.1690216064453
Step-Separation,0.0990672679618001,ADAPTER,0.0,0.0,0.0,0.0,0.0,0.0
Step-Separation,0.0990672679618001,Q1-CORE,3.252379894256592,0.635609,0.06883402,3.1889243,15.073820114135742,2.615339994430542
Step-Separation,0.0990672679618001,Q1-INNERSKIN,3.2651093006134033,0.6355417,0.05403102,3.2022033,15.075647354125977,206.1671600341797
Step-Separation,0.0990672679618001,Q1-OUTERSKIN,3.037543535232544,0.6469567,0.53520095,2.9191914,14.886123657226562,139.68650817871094
Step-Separation,0.0990672679618001,Q2-CORE,4.270473003387451,1.7242072,0.048416946,-3.9066234,21.163793563842773,2.6067261695861816
Step-Separation,0.0990672679618001,Q2-INNERSKIN,4.270893573760986,1.7226415,0.03292342,-3.9079347,21.060697555541992,83.47140502929688
Step-Separation,0.0990672679618001,Q2-OUTERSKIN,4.067316055297852,1.662358,0.5610761,-3.669444,20.908849716186523,166.23179626464844
Step-Separation,0.1010664151981473,ADAPTER,0.0,0.0,0.0,0.0,0.0,0.0
Step-Separation,0.1010664151981473,Q1-CORE,3.272777795791626,0.6334891,0.07281846,3.2100565,15.031854629516602,2.617335796356201
Step-Separation,0.1010664151981473,Q1-INNERSKIN,3.285763740539551,0.63345236,0.058038462,3.2236023,15.034134864807129,207.11712646484375
Step-Separation,0.1010664151981473,Q1-OUTERSKIN,3.0582046508789062,0.6454296,0.53906643,2.9403133,14.842653274536133,139.6412811279297
Step-Separation,0.1010664151981473,Q2-CORE,4.311018466949463,1.7364905,0.05159257,-3.9454808,21.028331756591797,2.607346773147583
Step-Separation,0.1010664151981473,Q2-INNERSKIN,4.311429500579834,1.7349292,0.03608882,-3.9467888,20.894227981567383,83.53409576416016
Step-Separation,0.1010664151981473,Q2-OUTERSKIN,4.107670783996582,1.6739779,0.56503206,-3.7083008,20.906333923339844,166.44839477539062
Step-Separation,0.1030655624344945,ADAPTER,0.0,0.0,0.0,0.0,0.0,0.0
Step-Separation,0.1030655624344945,Q1-CORE,3.2927229404449463,0.6311158,0.076818466,3.230761,14.882431983947754,2.6166698932647705
Step-Separation,0.1030655624344945,Q1-INNERSKIN,3.3059654235839844,0.6311116,0.062063728,3.2445729,14.883086204528809,208.08016967773438
Step-Separation,0.1030655624344945,Q1-OUTERSKIN,3.0784854888916016,0.64368176,0.542883,2.961085,14.783753395080566,139.48843383789062
Step-Separation,0.1030655624344945,Q2-CORE,4.349946022033691,1.7477367,0.05479076,-3.9830196,21.417020797729492,2.6074976921081543
Step-Separation,0.1030655624344945,Q2-INNERSKIN,4.350347995758057,1.7461804,0.03927804,-3.9843237,21.0584774017334,83.42609405517578
Step-Separation,0.1030655624344945,Q2-OUTERSKIN,4.146533489227295,1.684794,0.56886,-3.7458787,21.01773452758789,166.38291931152344
Step-Separation,0.10506471712142229,ADAPTER,0.0,0.0,0.0,0.0,0.0,0.0
Step-Separation,0.10506471712142229,Q1-CORE,3.312924861907959,0.62895405,0.08076738,3.251671,14.774887084960938,2.617698907852173
Step-Separation,0.10506471712142229,Q1-INNERSKIN,3.326425552368164,0.6289783,0.06603825,3.2657514,14.776002883911133,209.0712127685547
Step-Separation,0.10506471712142229,Q1-OUTERSKIN,3.0989813804626465,0.64202666,0.54666716,2.9820535,14.747688293457031,139.4074249267578
Step-Separation,0.10506471712142229,Q2-CORE,4.388323783874512,1.7588687,0.057975773,-4.0200005,21.24567222595215,2.6076393127441406
Step-Separation,0.10506471712142229,Q2-INNERSKIN,4.388716220855713,1.7573178,0.042458188,-4.021301,21.00125503540039,83.34831237792969
Step-Separation,0.10506471712142229,Q2-OUTERSKIN,4.184847831726074,1.6953824,0.5725789,-3.7829595,21.049205780029297,166.33761596679688
Step-Separation,0.10706385690718889,ADAPTER,0.0,0.0,0.0,0.0,0.0,0.0
Step-Separation,0.10706385690718889,Q1-CORE,3.3332300186157227,0.62672836,0.08466844,3.2726846,14.77291488647461,2.6184592247009277
Step-Separation,0.10706385690718889,Q1-INNERSKIN,3.3469886779785156,0.62678117,0.06996246,3.2870328,14.719209671020508,209.95738220214844
Step-Separation,0.10706385690718889,Q1-OUTERSKIN,3.119617223739624,0.64034826,0.55045235,3.0031598,14.772966384887695,139.35707092285156
Step-Separation,0.10706385690718889,Q2-CORE,4.4271159172058105,1.7701422,0.06102516,-4.0573673,21.23664665222168,2.609788417816162
Step-Separation,0.10706385690718889,Q2-INNERSKIN,4.427501201629639,1.7685963,0.04549546,-4.0586653,20.865148544311523,83.25663757324219
Step-Separation,0.10706385690718889,Q2-OUTERSKIN,4.223444938659668,1.7059499,0.57644844,-3.8203309,20.85301399230957,166.4345703125
Step-Separation,0.1090629966929555,ADAPTER,0.0,0.0,0.0,0.0,0.0,0.0
Step-Separation,0.1090629966929555,Q1-CORE,3.3532567024230957,0.624307,0.08869727,3.2934334,14.72962474822998,2.6188621520996094
Step-Separation,0.1090629966929555,Q1-INNERSKIN,3.3672728538513184,0.62439007,0.074016675,3.3080485,14.731059074401855,210.89378356933594
Step-Separation,0.1090629966929555,Q1-OUTERSKIN,3.1399123668670654,0.63853335,0.5542497,3.0239267,14.671186447143555,139.21363830566406
Step-Separation,0.1090629966929555,Q2-CORE,4.464535236358643,1.7804751,0.064210236,-4.0936365,20.950862884521484,2.608844041824341
Step-Separation,0.1090629966929555,Q2-INNERSKIN,4.464909553527832,1.7789351,0.04867575,-4.0949283,20.923110961914062,83.10553741455078
Step-Separation,0.1090629966929555,Q2-OUTERSKIN,4.2607879638671875,1.7157996,0.58011204,-3.8566587,20.673545837402344,166.29591369628906
Step-Separation,0.11106216628104448,ADAPTER,0.0,0.0,0.0,0.0,0.0,0.0
Step-Separation,0.11106216628104448,Q1-CORE,3.373401641845703,0.62195504,0.0927486,3.3142734,14.859112739562988,2.619129180908203
Step-Separation,0.11106216628104448,Q1-INNERSKIN,3.3876752853393555,0.622068,0.07809344,3.3291554,14.863874435424805,211.78028869628906
Step-Separation,0.11106216628104448,Q1-OUTERSKIN,3.1604042053222656,0.6367959,0.55811083,3.0448577,14.692750930786133,139.11424255371094
Step-Separation,0.11106216628104448,Q2-CORE,4.502285003662109,1.7910732,0.06730951,-4.1301446,20.72262954711914,2.6087119579315186
Step-Separation,0.11106216628104448,Q2-INNERSKIN,4.502652645111084,1.789539,0.05176639,-4.1314344,20.647594451904297,82.99874114990234
Step-Separation,0.11106216628104448,Q2-OUTERSKIN,4.298427104949951,1.7257725,0.58378136,-3.8932486,20.582612991333008,166.27206420898438
Step-Separation,0.11306132841855288,ADAPTER,0.0,0.0,0.0,0.0,0.0,0.0
Step-Separation,0.11306132841855288,Q1-CORE,3.3936588764190674,0.6196293,0.09685935,3.3352058,14.745969772338867,2.6200997829437256
Step-Separation,0.11306132841855288,Q1-INNERSKIN,3.4081897735595703,0.6197716,0.082228124,3.350355,14.744898796081543,212.69766235351562
Step-Separation,0.11306132841855288,Q1-OUTERSKIN,3.180988311767578,0.6350698,0.5620487,3.0658562,14.717631340026855,139.01345825195312
Step-Separation,0.11306132841855288,Q2-CORE,4.540634632110596,1.8019528,0.07032038,-4.167179,20.564727783203125,2.610478639602661
Step-Separation,0.11306132841855288,Q2-INNERSKIN,4.540996074676514,1.8004239,0.054767776,-4.1684675,20.25926399230957,82.94120788574219
Step-Separation,0.11306132841855288,Q2-OUTERSKIN,4.336633205413818,1.7360493,0.5875265,-3.9303095,20.205162048339844,166.3254852294922
Step-Separation,0.11506050545722246,ADAPTER,0.0,0.0,0.0,0.0,0.0,0.0
Step-Separation,0.11506050545722246,Q1-CORE,3.413891315460205,0.61724305,0.10096623,3.3561096,14.692251205444336,2.620391368865967
Step-Separation,0.11506050545722246,Q1-INNERSKIN,3.4286797046661377,0.61741513,0.086360246,3.3715255,14.642721176147461,213.606201171875
Step-Separation,0.11506050545722246,Q1-OUTERSKIN,3.2014968395233154,0.633273,0.56594557,3.086787,14.691255569458008,138.8828125
Step-Separation,0.11506050545722246,Q2-CORE,4.578090190887451,1.8122423,0.07345836,-4.2034855,20.167360305786133,2.610504388809204
Step-Separation,0.11506050545722246,Q2-INNERSKIN,4.578442573547363,1.8107187,0.057900738,-4.2047687,20.147144317626953,82.86499786376953
Step-Separation,0.11506050545722246,Q2-OUTERSKIN,4.374014854431152,1.7458183,0.59115857,-3.9666936,20.055877685546875,166.26165771484375
Step-Separation,0.11705967504531145,ADAPTER,0.0,0.0,0.0,0.0,0.0,0.0
Step-Separation,0.11705967504531145,Q1-CORE,3.4343297481536865,0.61486393,0.105015725,3.3772082,14.779934883117676,2.6207621097564697
Step-Separation,0.11705967504531145,Q1-INNERSKIN,3.449375867843628,0.6150655,0.090434045,3.392891,14.736065864562988,214.47657775878906
Step-Separation,0.11705967504531145,Q1-OUTERSKIN,3.222235918045044,0.6314883,0.56983846,3.107943,14.778400421142578,138.8013916015625
Step-Separation,0.11705967504531145,Q2-CORE,4.615576267242432,1.8225511,0.07653952,-4.2398105,20.172195434570312,2.61016583442688
Step-Separation,0.11705967504531145,Q2-INNERSKIN,4.615917682647705,1.8210342,0.06097434,-4.2410865,20.05057716369629,82.7637939453125
Step-Separation,0.11705967504531145,Q2-OUTERSKIN,4.411424160003662,1.7555332,0.59482586,-4.0031176,20.043231964111328,166.24549865722656
Step-Separation,0.11905884463340044,ADAPTER,0.0,0.0,0.0,0.0,0.0,0.0
Step-Separation,0.11905884463340044,Q1-CORE,3.454805850982666,0.61249393,0.10908094,3.3983283,14.91683292388916,2.621220111846924
Step-Separation,0.11905884463340044,Q1-INNERSKIN,3.470109462738037,0.61272466,0.09452355,3.414278,14.839591979980469,215.3758087158203
Step-Separation,0.11905884463340044,Q1-OUTERSKIN,3.2430169582366943,0.62969834,0.57375073,3.1291292,14.916876792907715,138.6963348388672
Step-Separation,0.11905884463340044,Q2-CORE,4.653101921081543,1.832792,0.07958731,-4.2762012,20.153831481933594,2.6110308170318604
Step-Separation,0.11905884463340044,Q2-INNERSKIN,4.653435230255127,1.8312796,0.06401533,-4.277473,20.009918212890625,82.66709899902344
Step-Separation,0.11905884463340044,Q2-OUTERSKIN,4.448788642883301,1.7652035,0.59848845,-4.0395036,19.94215965270996,166.3065643310547
Step-Separation,0.12105802167207003,ADAPTER,0.0,0.0,0.0,0.0,0.0,0.0
Step-Separation,0.12105802167207003,Q1-CORE,3.475407123565674,0.6101465,0.11314526,3.4195576,14.877388000488281,2.622138738632202
Step-Separation,0.12105802167207003,Q1-INNERSKIN,3.49096941947937,0.61040556,0.098611385,3.4357748,14.830348014831543,216.28196716308594
Step-Separation,0.12105802167207003,Q1-OUTERSKIN,3.2639169692993164,0.6279247,0.5776696,3.1504226,14.877434730529785,138.6082305908203
Step-Separation,0.12105802167207003,Q2-CORE,4.689944744110107,1.842604,0.08264923,-4.312025,19.946796417236328,2.6104419231414795
Step-Separation,0.12105802167207003,Q2-INNERSKIN,4.690269947052002,1.8410974,0.06707157,-4.313293,19.946887969970703,82.57144927978516
Step-Separation,0.12105802167207003,Q2-OUTERSKIN,4.485476016998291,1.7744507,0.60204333,-4.075336,19.787477493286133,166.20907592773438
Step-Separation,0.12305719871073961,ADAPTER,0.0,0.0,0.0,0.0,0.0,0.0
Step-Separation,0.12305719871073961,Q1-CORE,3.4960761070251465,0.60775757,0.11721724,3.4408486,14.939611434936523,2.622203826904297
Step-Separation,0.12305719871073961,Q1-INNERSKIN,3.511896848678589,0.60804546,0.102707416,3.4573328,14.90162467956543,217.20558166503906
Step-Separation,0.12305719871073961,Q1-OUTERSKIN,3.2848570346832275,0.626157,0.5816118,3.171741,14.939658164978027,138.51385498046875
Step-Separation,0.12305719871073961,Q2-CORE,4.726754188537598,1.8524219,0.085691005,-4.3478036,20.100948333740234,2.6116650104522705
Step-Separation,0.12305719871073961,Q2-INNERSKIN,4.727073669433594,1.8509203,0.070106566,-4.3490696,19.820480346679688,82.46075439453125
Step-Separation,0.12305719871073961,Q2-OUTERSKIN,4.5221757888793945,1.7836342,0.60562855,-4.1111965,19.836679458618164,166.1781768798828
Step-Separation,0.1250563757494092,ADAPTER,0.0,0.0,0.0,0.0,0.0,0.0
Step-Separation,0.1250563757494092,Q1-CORE,3.5168304443359375,0.6053567,0.121305615,3.4622138,14.974465370178223,2.62288761138916
Step-Separation,0.1250563757494092,Q1-INNERSKIN,3.532909393310547,0.6056725,0.10681939,3.4789653,14.925822257995605,218.11080932617188
Step-Separation,0.1250563757494092,Q1-OUTERSKIN,3.3059167861938477,0.6244201,0.5855899,3.1931598,14.974053382873535,138.41336059570312
Step-Separation,0.1250563757494092,Q2-CORE,4.763300895690918,1.8620018,0.08872597,-4.3833904,19.86941909790039,2.612121105194092
Step-Separation,0.1250563757494092,Q2-INNERSKIN,4.763611793518066,1.8605067,0.07313372,-4.384651,19.80030632019043,82.37577056884766
Step-Separation,0.1250563757494092,Q2-OUTERSKIN,4.558639049530029,1.7926617,0.609205,-4.1468573,19.698339462280273,166.16201782226562
Step-Separation,0.12705559004098177,ADAPTER,0.0,0.0,0.0,0.0,0.0,0.0
Step-Separation,0.12705559004098177,Q1-CORE,3.537698984146118,0.6029922,0.12540385,3.4836745,14.970806121826172,2.62359619140625
Step-Separation,0.12705559004098177,Q1-INNERSKIN,3.5540366172790527,0.60333633,0.11094089,3.5006933,14.9182767868042,219.0079803466797
Step-Separation,0.12705559004098177,Q1-OUTERSKIN,3.3270936012268066,0.6226452,0.5895856,3.2146933,14.970166206359863,138.33154296875
Step-Separation,0.12705559004098177,Q2-CORE,4.799499988555908,1.871323,0.09175469,-4.418702,19.6855525970459,2.611924886703491
Step-Separation,0.12705559004098177,Q2-INNERSKIN,4.799802780151367,1.8698331,0.0761563,-4.4199586,19.683345794677734,82.25540924072266
Step-Separation,0.12705559004098177,Q2-OUTERSKIN,4.594760417938232,1.8014948,0.61272943,-4.1822248,19.561094284057617,166.05661010742188
Step-Separation,0.12905479688197374,ADAPTER,0.0,0.0,0.0,0.0,0.0,0.0
Step-Separation,0.12905479688197374,Q1-CORE,3.5586109161376953,0.6006245,0.12952489,3.5051656,15.10842514038086,2.624556303024292
Step-Separation,0.12905479688197374,Q1-INNERSKIN,3.575207233428955,0.60099715,0.115085274,3.5224516,15.038019180297852,219.94720458984375
Step-Separation,0.12905479688197374,Q1-OUTERSKIN,3.3483057022094727,0.6208501,0.5935957,3.236254,15.108469009399414,138.23934936523438
Step-Separation,0.12905479688197374,Q2-CORE,4.835743427276611,1.8806592,0.094741344,-4.4540496,19.696067810058594,2.6124699115753174
Step-Separation,0.12905479688197374,Q2-INNERSKIN,4.836041450500488,1.8791748,0.079135805,-4.455304,19.550395965576172,82.15965270996094
Step-Separation,0.12905479688197374,Q2-OUTERSKIN,4.630956172943115,1.8103087,0.6162409,-4.217675,19.521900177001953,166.0272674560547
Step-Separation,0.13105400372296572,ADAPTER,0.0,0.0,0.0,0.0,0.0,0.0
Step-Separation,0.13105400372296572,Q1-CORE,3.579524040222168,0.59821165,0.13363284,3.5266523,15.12174129486084,2.6246652603149414
Step-Separation,0.13105400372296572,Q1-INNERSKIN,3.596379041671753,0.598612,0.119216144,3.5442057,15.09482479095459,220.8834991455078
Step-Separation,0.13105400372296572,Q1-OUTERSKIN,3.3695147037506104,0.6190673,0.5975951,3.2578006,15.121786117553711,138.13623046875
Step-Separation,0.13105400372296572,Q2-CORE,4.872002601623535,1.8899451,0.09773739,-4.489428,19.44561004638672,2.612931966781616
Step-Separation,0.13105400372296572,Q2-INNERSKIN,4.872292518615723,1.8884656,0.08212525,-4.490678,19.39818000793457,82.09197235107422
Step-Separation,0.13105400372296572,Q2-OUTERSKIN,4.667049884796143,1.8190373,0.61978185,-4.253038,19.417512893676758,166.02182006835938
Step-Separation,0.13305314350873232,ADAPTER,0.0,0.0,0.0,0.0,0.0,0.0
Step-Separation,0.13305314350873232,Q1-CORE,3.600572109222412,0.5958227,0.13773087,3.5482593,15.163674354553223,2.6246178150177
Step-Separation,0.13305314350873232,Q1-INNERSKIN,3.6176867485046387,0.5962506,0.12333709,3.5660806,15.136343002319336,221.8116455078125
Step-Separation,0.13305314350873232,Q1-OUTERSKIN,3.390841007232666,0.61731815,0.60159284,3.2794523,15.163299560546875,138.05323791503906
Step-Separation,0.13305314350873232,Q2-CORE,4.90795373916626,1.8990158,0.10073656,-4.524555,19.525480270385742,2.6131272315979004
Step-Separation,0.13305314350873232,Q2-INNERSKIN,4.908236980438232,1.8975412,0.08511785,-4.5258017,19.320741653442383,82.01082611083984
Step-Separation,0.13305314350873232,Q2-OUTERSKIN,4.702937602996826,1.8276086,0.62329596,-4.2882366,19.331714630126953,165.97364807128906
Step-Separation,0.13505228329449892,ADAPTER,0.0,0.0,0.0,0.0,0.0,0.0
Step-Separation,0.13505228329449892,Q1-CORE,3.6216847896575928,0.59344244,0.14183296,3.5699174,15.233917236328125,2.6252551078796387
Step-Separation,0.13505228329449892,Q1-INNERSKIN,3.6390578746795654,0.5938989,0.12746233,3.588005,15.175426483154297,222.73374938964844
Step-Separation,0.13505228329449892,Q1-OUTERSKIN,3.4128212928771973,0.5660082,0.5848171,3.3143585,15.233962059020996,137.97117614746094
Step-Separation,0.13505228329449892,Q2-CORE,4.943902492523193,1.908082,0.10371767,-4.559675,19.44403648376465,2.6135013103485107
Step-Separation,0.13505228329449892,Q2-INNERSKIN,4.944179058074951,1.9066123,0.088092506,-4.5609183,19.3476505279541,81.91878509521484
Step-Separation,0.13505228329449892,Q2-OUTERSKIN,4.738789081573486,1.8361117,0.6268153,-4.3234153,19.303844451904297,165.94715881347656
Step-Separation,0.13705142308026552,ADAPTER,0.0,0.0,0.0,0.0,0.0,0.0
Step-Separation,0.13705142308026552,Q1-CORE,3.6428534984588623,0.59105295,0.1459358,3.591621,15.278342247009277,2.626511335372925
Step-Separation,0.13705142308026552,Q1-INNERSKIN,3.6604855060577393,0.5915365,0.13158798,3.6099756,15.266780853271484,223.6494140625
Step-Separation,0.13705142308026552,Q1-OUTERSKIN,3.4352307319641113,0.56456214,0.5890264,3.3369339,15.278264045715332,137.87954711914062
Step-Separation,0.13705142308026552,Q2-CORE,4.97967004776001,1.9169908,0.10667673,-4.594658,19.225961685180664,2.61407208442688
Step-Separation,0.13705142308026552,Q2-INNERSKIN,4.979940414428711,1.9155258,0.09104508,-4.5958977,19.20243263244629,81.82868957519531
Step-Separation,0.13705142308026552,Q2-OUTERSKIN,4.774471759796143,1.8444935,0.63032055,-4.358454,19.207128524780273,165.92962646484375
Step-Separation,0.13905056286603212,ADAPTER,0.0,0.0,0.0,0.0,0.0,0.0
Step-Separation,0.13905056286603212,Q1-CORE,3.664088249206543,0.5886744,0.15003116,3.6133773,15.330217361450195,2.6267991065979004
Step-Separation,0.13905056286603212,Q1-INNERSKIN,3.6819798946380615,0.5891861,0.13570595,3.6319993,15.303725242614746,224.57009887695312
Step-Separation,0.13905056286603212,Q1-OUTERSKIN,3.4576752185821533,0.5631067,0.5932409,3.3595378,15.32967472076416,137.79835510253906
Step-Separation,0.13905056286603212,Q2-CORE,5.015239715576172,1.9257287,0.109638676,-4.62949,19.228023529052734,2.614206552505493
Step-Separation,0.13905056286603212,Q2-INNERSKIN,5.015502452850342,1.924269,0.094001085,-4.6307254,19.18030548095703,81.7492904663086
Step-Separation,0.13905056286603212,Q2-OUTERSKIN,4.809925079345703,1.8527057,0.63378775,-4.39331,19.176965713500977,165.882568359375
Step-Separation,0.14104970265179873,ADAPTER,0.0,0.0,0.0,0.0,0.0,0.0
Step-Separation,0.14104970265179873,Q1-CORE,3.6853408813476562,0.5862721,0.15412182,3.6351435,15.387645721435547,2.6267220973968506
Step-Separation,0.14104970265179873,Q1-INNERSKIN,3.7034921646118164,0.5868115,0.13981926,3.654033,15.322244644165039,225.50013732910156
Step-Separation,0.14104970265179873,Q1-OUTERSKIN,3.480187177658081,0.5616522,0.597458,3.3822024,15.387688636779785,137.71722412109375
Step-Separation,0.14104970265179873,Q2-CORE,5.050766944885254,1.9344193,0.112580016,-4.664289,19.218122482299805,2.6141645908355713
Step-Separation,0.14104970265179873,Q2-INNERSKIN,5.051022529602051,1.9329636,0.09693594,-4.6655207,19.159025192260742,81.65337371826172
Step-Separation,0.14104970265179873,Q2-OUTERSKIN,4.845369815826416,1.860888,0.6372507,-4.4281616,19.157814025878906,165.8469696044922
Step-Separation,0.14304884243756533,ADAPTER,0.0,0.0,0.0,0.0,0.0,0.0
Step-Separation,0.14304884243756533,Q1-CORE,3.706660509109497,0.5838714,0.15821907,3.656965,15.411788940429688,2.6272475719451904
Step-Separation,0.14304884243756533,Q1-INNERSKIN,3.725071430206299,0.5844387,0.14393915,3.6761217,15.32689094543457,226.4086151123047
Step-Separation,0.14304884243756533,Q1-OUTERSKIN,3.5027201175689697,0.56018627,0.60167444,3.404883,15.411833763122559,137.6346893310547
Step-Separation,0.14304884243756533,Q2-CORE,5.0861430168151855,1.9429908,0.11552039,-4.698967,19.143829345703125,2.615140914916992
Step-Separation,0.14304884243756533,Q2-INNERSKIN,5.086392879486084,1.9415404,0.09987034,-4.700196,19.050077438354492,81.58794403076172
Step-Separation,0.14304884243756533,Q2-OUTERSKIN,4.880667686462402,1.8689574,0.6407012,-4.4628935,19.02881622314453,165.83360290527344
Step-Separation,0.14504798222333193,ADAPTER,0.0,0.0,0.0,0.0,0.0,0.0
Step-Separation,0.14504798222333193,Q1-CORE,3.7280447483062744,0.58147156,0.16232122,3.6788397,15.471261978149414,2.628255844116211
Step-Separation,0.14504798222333193,Q1-INNERSKIN,3.746715545654297,0.5820662,0.14806375,3.6982636,15.379929542541504,227.34490966796875
Step-Separation,0.14504798222333193,Q1-OUTERSKIN,3.525285482406616,0.55871147,0.60590136,3.4275885,15.471304893493652,137.55850219726562
Step-Separation,0.14504798222333193,Q2-CORE,5.121377944946289,1.9514475,0.11845204,-4.733533,18.979381561279297,2.615384340286255
Step-Separation,0.14504798222333193,Q2-INNERSKIN,5.121622562408447,1.9500017,0.10279553,-4.734759,18.96116065979004,81.5138168334961
Step-Separation,0.14504798222333193,Q2-OUTERSKIN,4.915822505950928,1.8769128,0.6441438,-4.497509,18.964740753173828,165.78956604003906
Step-Separation,0.14704712200909853,ADAPTER,0.0,0.0,0.0,0.0,0.0,0.0
Step-Separation,0.14704712200909853,Q1-CORE,3.7494120597839355,0.57905114,0.16642994,3.7006881,15.493424415588379,2.6287894248962402
Step-Separation,0.14704712200909853,Q1-INNERSKIN,3.768342971801758,0.57967275,0.15219486,3.7203796,15.440652847290039,228.26434326171875
Step-Separation,0.14704712200909853,Q1-OUTERSKIN,3.5478806495666504,0.55723494,0.6101197,3.4503188,15.493468284606934,137.4716033935547
Step-Separation,0.14704712200909853,Q2-CORE,5.156528472900391,1.9598193,0.121369824,-4.7680354,19.011428833007812,2.6153554916381836
Step-Separation,0.14704712200909853,Q2-INNERSKIN,5.156766414642334,1.9583778,0.1057072,-4.769258,18.941987991333008,81.4344253540039
Step-Separation,0.14704712200909853,Q2-OUTERSKIN,4.950911521911621,1.8848076,0.64757437,-4.5320716,18.927173614501953,165.7698211669922
Step-Separation,0.14904626179486513,ADAPTER,0.0,0.0,0.0,0.0,0.0,0.0
Step-Separation,0.14904626179486513,Q1-CORE,3.770843982696533,0.576644,0.17052414,3.7225888,15.474729537963867,2.6288723945617676
Step-Separation,0.14904626179486513,Q1-INNERSKIN,3.790034294128418,0.5772926,0.15631126,3.7425473,15.416915893554688,229.15199279785156
Step-Separation,0.14904626179486513,Q1-OUTERSKIN,3.570533514022827,0.5557678,0.6143422,3.4730988,15.474773406982422,137.39010620117188
Step-Separation,0.14904626179486513,Q2-CORE,5.191608905792236,1.9681095,0.12426986,-4.8024893,18.978229522705078,2.6156115531921387
Step-Separation,0.14904626179486513,Q2-INNERSKIN,5.1918416023254395,1.9666729,0.10860123,-4.803709,18.890275955200195,81.36490631103516
Step-Separation,0.14904626179486513,Q2-OUTERSKIN,4.985889911651611,1.8926041,0.65099305,-4.5665474,18.854835510253906,165.75291442871094
Step-Separation,0.15104540158063173,ADAPTER,0.0,0.0,0.0,0.0,0.0,0.0
Step-Separation,0.15104540158063173,Q1-CORE,3.792320728302002,0.574221,0.17462255,3.7445257,15.496045112609863,2.6293227672576904
Step-Separation,0.15104540158063173,Q1-INNERSKIN,3.8117711544036865,0.57489663,0.16043167,3.7647517,15.43677806854248,230.0619659423828
Step-Separation,0.15104540158063173,Q1-OUTERSKIN,3.593226909637451,0.554287,0.61857295,3.4959137,15.495841026306152,137.3118438720703
Step-Separation,0.15104540158063173,Q2-CORE,5.226494312286377,1.976283,0.12716663,-4.8367734,18.850425720214844,2.6159961223602295
Step-Separation,0.15104540158063173,Q2-INNERSKIN,5.226721286773682,1.9748516,0.11149238,-4.83799,18.790666580200195,81.301025390625
Step-Separation,0.15104540158063173,Q2-OUTERSKIN,5.020696640014648,1.9002626,0.6543849,-4.6008887,18.800113677978516,165.72325134277344
Step-Separation,0.15304454136639833,ADAPTER,0.0,0.0,0.0,0.0,0.0,0.0
Step-Separation,0.15304454136639833,Q1-CORE,3.8138279914855957,0.5717829,0.17872979,3.7664843,15.537089347839355,2.629823684692383
Step-Separation,0.15304454136639833,Q1-INNERSKIN,3.833538770675659,0.5724856,0.16456106,3.7869775,15.482301712036133,230.97312927246094
Step-Separation,0.15304454136639833,Q1-OUTERSKIN,3.6159281730651855,0.5527859,0.6228102,3.5187314,15.537039756774902,137.22877502441406
Step-Separation,0.15304454136639833,Q2-CORE,5.261306285858154,1.9843949,0.13005292,-4.8709965,18.82625389099121,2.6165108680725098
Step-Separation,0.15304454136639833,Q2-INNERSKIN,5.2615275382995605,1.982968,0.114372775,-4.8722095,18.779409408569336,81.21781921386719
Step-Separation,0.15304454136639833,Q2-OUTERSKIN,5.055443286895752,1.9078671,0.6577726,-4.635179,18.749296188354492,165.7067413330078
Step-Separation,0.15504368115216494,ADAPTER,0.0,0.0,0.0,0.0,0.0,0.0
Step-Separation,0.15504368115216494,Q1-CORE,3.835383653640747,0.56936103,0.18282825,3.7884784,15.553285598754883,2.6302688121795654
Step-Separation,0.15504368115216494,Q1-INNERSKIN,3.8553543090820312,0.5700908,0.16868156,3.8092387,15.50340747833252,231.86215209960938
Step-Separation,0.15504368115216494,Q1-OUTERSKIN,3.638669729232788,0.55130816,0.6270327,3.5415826,15.553327560424805,137.15460205078125
Step-Separation,0.15504368115216494,Q2-CORE,5.295958518981934,1.9923619,0.13293208,-4.9050994,18.751808166503906,2.616807222366333
Step-Separation,0.15504368115216494,Q2-INNERSKIN,5.2961745262146,1.9909397,0.117245615,-4.90631,18.75187873840332,81.1447982788086
Step-Separation,0.15504368115216494,Q2-OUTERSKIN,5.090023040771484,1.9153652,0.6611488,-4.669325,18.69845199584961,165.68077087402344
Step-Separation,0.15704282093793154,ADAPTER,0.0,0.0,0.0,0.0,0.0,0.0
Step-Separation,0.15704282093793154,Q1-CORE,3.857006311416626,0.5669459,0.18693796,3.810528,15.572958946228027,2.6308727264404297
Step-Separation,0.15704282093793154,Q1-INNERSKIN,3.877237319946289,0.5677021,0.17281309,3.8315556,15.538439750671387,232.76206970214844
Step-Separation,0.15704282093793154,Q1-OUTERSKIN,3.661508798599243,0.5498352,0.6312621,3.5645247,15.572999954223633,137.07757568359375
Step-Separation,0.15704282093793154,Q2-CORE,5.330480098724365,2.0002177,0.13580528,-4.9391,18.725730895996094,2.6169862747192383
Step-Separation,0.15704282093793154,Q2-INNERSKIN,5.330690383911133,1.9987999,0.120113015,-4.9403067,18.640901565551758,81.07299041748047
Step-Separation,0.15704282093793154,Q2-OUTERSKIN,5.124445915222168,1.9227511,0.6645083,-4.7033396,18.63886833190918,165.6587677001953
Step-Separation,0.15904196072369814,ADAPTER,0.0,0.0,0.0,0.0,0.0,0.0
Step-Separation,0.15904196072369814,Q1-CORE,3.8787806034088135,0.5645485,0.19102013,3.832719,15.570237159729004,2.6317901611328125
Step-Separation,0.15904196072369814,Q1-INNERSKIN,3.8992717266082764,0.5653316,0.17691669,3.8540137,15.503721237182617,233.6527099609375
Step-Separation,0.15904196072369814,Q1-OUTERSKIN,3.6844937801361084,0.54841155,0.6355111,3.5875988,15.570280075073242,137.01368713378906
Step-Separation,0.15904196072369814,Q2-CORE,5.364925384521484,2.0080419,0.13866109,-4.973024,18.672286987304688,2.617204189300537
Step-Separation,0.15904196072369814,Q2-INNERSKIN,5.36513090133667,2.0066285,0.12296276,-4.974229,18.619348526000977,81.00267791748047
Step-Separation,0.15904196072369814,Q2-OUTERSKIN,5.158830165863037,1.9300584,0.6678622,-4.737337,18.593847274780273,165.6350860595703
Step-Separation,0.16104110050946474,ADAPTER,0.0,0.0,0.0,0.0,0.0,0.0
Step-Separation,0.16104110050946474,Q1-CORE,3.900588274002075,0.5621774,0.19508886,3.85493,15.596023559570312,2.6346237659454346
Step-Separation,0.16104110050946474,Q1-INNERSKIN,3.921339273452759,0.56299084,0.1810056,3.8764906,15.552041053771973,234.55224609375
Step-Separation,0.16104110050946474,Q1-OUTERSKIN,3.707399606704712,0.54698014,0.6397662,3.6105847,15.595976829528809,136.94845581054688
Step-Separation,0.16104110050946474,Q2-CORE,5.399242401123047,2.0157592,0.14151613,-5.006846,18.58368682861328,2.6175026893615723
Step-Separation,0.16104110050946474,Q2-INNERSKIN,5.399442195892334,2.0143507,0.12581223,-5.0080476,18.562606811523438,80.94014739990234
Step-Separation,0.16104110050946474,Q2-OUTERSKIN,5.193072319030762,1.9372642,0.671203,-4.7712154,18.541027069091797,165.6114044189453
Step-Separation,0.16304024029523134,ADAPTER,0.0,0.0,0.0,0.0,0.0,0.0
Step-Separation,0.16304024029523134,Q1-CORE,3.9223225116729736,0.5597856,0.19920701,3.8770568,15.642885208129883,2.638733148574829
Step-Separation,0.16304024029523134,Q1-INNERSKIN,3.943333387374878,0.56062424,0.1851474,3.8988843,15.58540153503418,235.4616241455078
Step-Separation,0.16304024029523134,Q1-OUTERSKIN,3.7302889823913574,0.54548484,0.64398533,3.6335638,15.642745018005371,136.8794403076172
Step-Separation,0.16304024029523134,Q2-CORE,5.433422088623047,2.0233305,0.14437054,-5.040572,18.534643173217773,2.617879629135132
Step-Separation,0.16304024029523134,Q2-INNERSKIN,5.4336161613464355,2.0219266,0.12866084,-5.04177,18.50562858581543,80.87615966796875
Step-Separation,0.16304024029523134,Q2-OUTERSKIN,5.227182388305664,1.944407,0.6745303,-4.804969,18.498985290527344,165.58995056152344
Step-Separation,0.16503938008099794,ADAPTER,0.0,0.0,0.0,0.0,0.0,0.0
Step-Separation,0.16503938008099794,Q1-CORE,3.944100856781006,0.5573639,0.20331639,3.899223,15.650053024291992,2.6418142318725586
Step-Separation,0.16503938008099794,Q1-INNERSKIN,3.965374231338501,0.55822676,0.18928134,3.9213197,15.589079856872559,236.36415100097656
Step-Separation,0.16503938008099794,Q1-OUTERSKIN,3.7532451152801514,0.54399836,0.648264,3.6565924,15.650094032287598,136.80592346191406
Step-Separation,0.16503938008099794,Q2-CORE,5.467525482177734,2.0308433,0.14721575,-5.0742326,18.463626861572266,2.6181747913360596
Step-Separation,0.16503938008099794,Q2-INNERSKIN,5.467715740203857,2.029443,0.1315003,-5.0754294,18.431156158447266,80.80364990234375
Step-Separation,0.16503938008099794,Q2-OUTERSKIN,5.2612175941467285,1.9514779,0.6778559,-4.8386626,18.427610397338867,165.56961059570312
Step-Separation,0.16703851986676455,ADAPTER,0.0,0.0,0.0,0.0,0.0,0.0
Step-Separation,0.16703851986676455,Q1-CORE,3.9659082889556885,0.5549364,0.2074098,3.9214098,15.603994369506836,2.6443021297454834
Step-Separation,0.16703851986676455,Q1-INNERSKIN,3.9874417781829834,0.5558263,0.19339606,3.9437733,15.532315254211426,237.25389099121094
Step-Separation,0.16703851986676455,Q1-OUTERSKIN,3.7762250900268555,0.542519,0.65252507,3.6796412,15.604035377502441,136.7365264892578
Step-Separation,0.16703851986676455,Q2-CORE,5.501476287841797,2.0382676,0.15005064,-5.107758,18.407472610473633,2.6183433532714844
Step-Separation,0.16703851986676455,Q2-INNERSKIN,5.501661777496338,2.0368721,0.13432963,-5.108952,18.399768829345703,80.73652648925781
Step-Separation,0.16703851986676455,Q2-OUTERSKIN,5.295116424560547,1.9584197,0.68116266,-4.872255,18.386058807373047,165.5396728515625
Step-Separation,0.16903765965253115,ADAPTER,0.0,0.0,0.0,0.0,0.0,0.0
Step-Separation,0.16903765965253115,Q1-CORE,3.9877066612243652,0.55250525,0.21150345,3.9435782,15.674250602722168,2.646777629852295
Step-Separation,0.16903765965253115,Q1-INNERSKIN,4.009500503540039,0.5534226,0.19750959,3.9662085,15.605559349060059,238.15176391601562
Step-Separation,0.16903765965253115,Q1-OUTERSKIN,3.79923415184021,0.5410359,0.65679866,3.702712,15.674291610717773,136.66098022460938
Step-Separation,0.16903765965253115,Q2-CORE,5.535360813140869,2.0456283,0.1528777,-5.1412306,18.35230827331543,2.6185760498046875
Step-Separation,0.16903765965253115,Q2-INNERSKIN,5.5355424880981445,2.0442374,0.13715126,-5.142423,18.334890365600586,80.67466735839844
Step-Separation,0.16903765965253115,Q2-OUTERSKIN,5.328925609588623,1.9652853,0.6844581,-4.905774,18.341928482055664,165.51548767089844
Step-Separation,0.17103679943829775,ADAPTER,0.0,0.0,0.0,0.0,0.0,0.0
Step-Separation,0.17103679943829775,Q1-CORE,4.00955057144165,0.5500776,0.2156077,3.9657817,15.682168006896973,2.649432897567749
Step-Separation,0.17103679943829775,Q1-INNERSKIN,4.031604766845703,0.5510215,0.20163432,3.9886787,15.612146377563477,239.04624938964844
Step-Separation,0.17103679943829775,Q1-OUTERSKIN,3.8222618103027344,0.53955257,0.6610572,3.7257981,15.682207107543945,136.58840942382812
Step-Separation,0.17103679943829775,Q2-CORE,5.569168567657471,2.0528991,0.15569359,-5.1746497,18.304969787597656,2.618898868560791
Step-Separation,0.17103679943829775,Q2-INNERSKIN,5.569344520568848,2.051513,0.1399616,-5.1758385,18.29915428161621,80.61018371582031
Step-Separation,0.17103679943829775,Q2-OUTERSKIN,5.362667560577393,1.9721117,0.6877527,-4.939228,18.2883243560791,165.49510192871094
Step-Separation,0.17303593922406435,ADAPTER,0.0,0.0,0.0,0.0,0.0,0.0
Step-Separation,0.17303593922406435,Q1-CORE,4.031407833099365,0.54764503,0.21971926,3.9879892,15.70297622680664,2.6519947052001953
Step-Separation,0.17303593922406435,Q1-INNERSKIN,4.053722381591797,0.54861635,0.20576671,4.0111527,15.65597915649414,239.9339141845703
Step-Separation,0.17303593922406435,Q1-OUTERSKIN,3.845301389694214,0.5380641,0.66531354,3.7488916,15.70301628112793,136.5160675048828
Step-Separation,0.17303593922406435,Q2-CORE,5.602851390838623,2.0600853,0.15851203,-5.2079616,18.291948318481445,2.6191611289978027
Step-Separation,0.17303593922406435,Q2-INNERSKIN,5.603024482727051,2.0587037,0.14277443,-5.2091494,18.255666732788086,80.54244995117188
Step-Separation,0.17303593922406435,Q2-OUTERSKIN,5.396292686462402,1.978845,0.69103605,-4.9725866,18.248886108398438,165.46937561035156
Step-Separation,0.17503507900983095,ADAPTER,0.0,0.0,0.0,0.0,0.0,0.0
Step-Separation,0.17503507900983095,Q1-CORE,4.053326606750488,0.54520136,0.22382316,4.010251,15.716350555419922,2.653869152069092
Step-Separation,0.17503507900983095,Q1-INNERSKIN,4.075901985168457,0.54619884,0.20989153,4.033682,15.681623458862305,240.8495635986328
Step-Separation,0.17503507900983095,Q1-OUTERSKIN,3.868394136428833,0.5365948,0.6695617,3.772032,15.716389656066895,136.4318389892578
Step-Separation,0.17503507900983095,Q2-CORE,5.636444568634033,2.0672066,0.16131893,-5.2411966,18.211715698242188,2.619370460510254
Step-Separation,0.17503507900983095,Q2-INNERSKIN,5.636612415313721,2.0658288,0.14557528,-5.242381,18.198440551757812,80.4783706665039
Step-Separation,0.17503507900983095,Q2-OUTERSKIN,5.429835319519043,1.985499,0.6943107,-5.0058804,18.195114135742188,165.44508361816406
Step-Separation,0.17703421879559755,ADAPTER,0.0,0.0,0.0,0.0,0.0,0.0
Step-Separation,0.17703421879559755,Q1-CORE,4.075308322906494,0.54279906,0.22792566,4.0325623,15.750069618225098,2.656381845474243
Step-Separation,0.17703421879559755,Q1-INNERSKIN,4.09814453125,0.5438238,0.21401587,4.0562596,15.678054809570312,241.7476348876953
Step-Separation,0.17703421879559755,Q1-OUTERSKIN,3.8915746212005615,0.53513724,0.67384636,3.7952487,15.75010871887207,136.37464904785156
Step-Separation,0.17703421879559755,Q2-CORE,5.6699724197387695,2.0742478,0.16411623,-5.274386,18.148523330688477,2.619631767272949
Step-Separation,0.17703421879559755,Q2-INNERSKIN,5.6701340675354,2.0728748,0.14836729,-5.275566,18.141014099121094,80.4149398803711
Step-Separation,0.17703421879559755,Q2-OUTERSKIN,5.463295936584473,1.9920934,0.6975763,-5.0391026,18.141347885131836,165.4243621826172
Step-Separation,0.17903335858136415,ADAPTER,0.0,0.0,0.0,0.0,0.0,0.0
Step-Separation,0.17903335858136415,Q1-CORE,4.097333908081055,0.54039854,0.23201084,4.0549088,15.778424263000488,2.658844232559204
Step-Separation,0.17903335858136415,Q1-INNERSKIN,4.120431423187256,0.54144955,0.2181204,4.0788736,15.701655387878418,242.6345672607422
Step-Separation,0.17903335858136415,Q1-OUTERSKIN,3.9147303104400635,0.5336692,0.6781388,3.8184342,15.778463363647461,136.30841064453125
Step-Separation,0.17903335858136415,Q2-CORE,5.703404903411865,2.0812085,0.16691136,-5.3074985,18.124799728393555,2.619777202606201
Step-Separation,0.17903335858136415,Q2-INNERSKIN,5.703563213348389,2.0798392,0.15115696,-5.308677,18.107078552246094,80.3528060913086
Step-Separation,0.17903335858136415,Q2-OUTERSKIN,5.496657848358154,1.9986154,0.70082986,-5.0722404,18.112060546875,165.39663696289062
Step-Separation,0.18103249836713076,ADAPTER,0.0,0.0,0.0,0.0,0.0,0.0
Step-Separation,0.18103249836713076,Q1-CORE,4.1193037033081055,0.5379672,0.23611829,4.077193,15.811684608459473,2.6617846488952637
Step-Separation,0.18103249836713076,Q1-INNERSKIN,4.142662048339844,0.5390453,0.2222504,4.1014247,15.733185768127441,243.5460968017578
Step-Separation,0.18103249836713076,Q1-OUTERSKIN,3.937872886657715,0.5321903,0.68238795,3.8416095,15.811722755432129,136.22821044921875
Step-Separation,0.18103249836713076,Q2-CORE,5.73675012588501,2.0881197,0.16969684,-5.34053,18.124181747436523,2.620063543319702
Step-Separation,0.18103249836713076,Q2-INNERSKIN,5.736904621124268,2.086755,0.1539371,-5.3417068,18.08183479309082,80.30052947998047
Step-Separation,0.18103249836713076,Q2-OUTERSKIN,5.529955863952637,2.0050645,0.7040808,-5.1053305,18.07304573059082,165.3728485107422
Step-Separation,0.18303163815289736,ADAPTER,0.0,0.0,0.0,0.0,0.0,0.0
Step-Separation,0.18303163815289736,Q1-CORE,4.141373157501221,0.535558,0.24020821,4.099567,15.755126953125,2.6644835472106934
Step-Separation,0.18303163815289736,Q1-INNERSKIN,4.1649932861328125,0.5366628,0.22636145,4.1240664,15.699124336242676,244.43202209472656
Step-Separation,0.18303163815289736,Q1-OUTERSKIN,3.9610862731933594,0.5307165,0.6866766,3.864844,15.755167007446289,136.16851806640625
Step-Separation,0.18303163815289736,Q2-CORE,5.770005702972412,2.0949605,0.1724771,-5.3734865,18.063600540161133,2.620398759841919
Step-Separation,0.18303163815289736,Q2-INNERSKIN,5.770153045654297,2.0935996,0.156712,-5.374658,18.050525665283203,80.23834991455078
Step-Separation,0.18303163815289736,Q2-OUTERSKIN,5.563159465789795,2.0114338,0.70732456,-5.138343,18.02577018737793,165.35260009765625
Step-Separation,0.18503077793866396,ADAPTER,0.0,0.0,0.0,0.0,0.0,0.0
Step-Separation,0.18503077793866396,Q1-CORE,4.163420677185059,0.5331303,0.24430749,4.121912,15.782963752746582,2.6672024726867676
Step-Separation,0.18503077793866396,Q1-INNERSKIN,4.1873016357421875,0.5342626,0.23048267,4.146678,15.7399263381958,245.32473754882812
Step-Separation,0.18503077793866396,Q1-OUTERSKIN,3.9842922687530518,0.52924055,0.69094473,3.8880694,15.783002853393555,136.1020965576172
Step-Separation,0.18503077793866396,Q2-CORE,5.803139686584473,2.1016693,0.17525873,-5.4063573,18.082855224609375,2.62062931060791
Step-Separation,0.18503077793866396,Q2-INNERSKIN,5.803284645080566,2.1003127,0.15948829,-5.4075284,18.0579891204834,80.17439270019531
Step-Separation,0.18503077793866396,Q2-OUTERSKIN,5.596250057220459,2.017745,0.7105454,-5.171252,18.001792907714844,165.32916259765625
Step-Separation,0.18702991772443056,ADAPTER,0.0,0.0,0.0,0.0,0.0,0.0
Step-Separation,0.18702991772443056,Q1-CORE,4.18549919128418,0.53070843,0.24839914,4.144279,15.81698989868164,2.6698999404907227
Step-Separation,0.18702991772443056,Q1-INNERSKIN,4.209641456604004,0.53186685,0.23459473,4.169312,15.759639739990234,246.2279510498047
Step-Separation,0.18702991772443056,Q1-OUTERSKIN,4.007506847381592,0.5277644,0.6952159,3.9112978,15.817028045654297,136.04087829589844
Step-Separation,0.18702991772443056,Q2-CORE,5.836234092712402,2.1083531,0.17802173,-5.43919,17.986486434936523,2.6208837032318115
Step-Separation,0.18702991772443056,Q2-INNERSKIN,5.8363752365112305,2.1070015,0.16224587,-5.440358,17.986595153808594,80.11305236816406
Step-Separation,0.18702991772443056,Q2-OUTERSKIN,5.6292901039123535,2.0239975,0.7137685,-5.204121,17.955747604370117,165.30677795410156
Step-Separation,0.18902905751019716,ADAPTER,0.0,0.0,0.0,0.0,0.0,0.0
Step-Separation,0.18902905751019716,Q1-CORE,4.207608699798584,0.5283138,0.25250655,4.166665,15.804353713989258,2.672938823699951
Step-Separation,0.18902905751019716,Q1-INNERSKIN,4.2320122718811035,0.52949834,0.23872331,4.191965,15.753636360168457,247.1162109375
Step-Separation,0.18902905751019716,Q1-OUTERSKIN,4.030769348144531,0.5262629,0.6994654,3.934577,15.80439281463623,135.9868927001953
Step-Separation,0.18902905751019716,Q2-CORE,5.869256496429443,2.1149912,0.1807856,-5.471956,18.023181915283203,2.620929479598999
Step-Separation,0.18902905751019716,Q2-INNERSKIN,5.869392395019531,2.1136434,0.16500452,-5.473121,17.92945671081543,80.05818939208984
Step-Separation,0.18902905751019716,Q2-OUTERSKIN,5.662262439727783,2.030178,0.71698457,-5.236939,17.915315628051758,165.28616333007812
Step-Separation,0.19102819729596376,ADAPTER,0.0,0.0,0.0,0.0,0.0,0.0
Step-Separation,0.19102819729596376,Q1-CORE,4.229790210723877,0.52590406,0.25659648,4.189118,15.80337905883789,2.675917148590088
Step-Separation,0.19102819729596376,Q1-INNERSKIN,4.25445556640625,0.52711475,0.2428334,4.2146854,15.743268013000488,248.0247344970703
Step-Separation,0.19102819729596376,Q1-OUTERSKIN,4.0540642738342285,0.524822,0.70377195,3.9578662,15.802993774414062,135.92514038085938
Step-Separation,0.19102819729596376,Q2-CORE,5.902200698852539,2.1215446,0.18354502,-5.5046644,17.896848678588867,2.6212410926818848
Step-Separation,0.19102819729596376,Q2-INNERSKIN,5.902331352233887,2.1202009,0.16775951,-5.505826,17.87552833557129,80.00121307373047
Step-Separation,0.19102819729596376,Q2-OUTERSKIN,5.695154666900635,2.0362983,0.72019094,-5.269687,17.88180160522461,165.26304626464844
Step-Separation,0.19302733708173037,ADAPTER,0.0,0.0,0.0,0.0,0.0,0.0
Step-Separation,0.19302733708173037,Q1-CORE,4.251936435699463,0.5234933,0.26066646,4.2115283,15.84221076965332,2.678415060043335
Step-Separation,0.19302733708173037,Q1-INNERSKIN,4.276863098144531,0.5247303,0.24692339,4.237363,15.778822898864746,248.90545654296875
Step-Separation,0.19302733708173037,Q1-OUTERSKIN,4.077373027801514,0.5233491,0.70803344,3.9811761,15.841630935668945,135.84457397460938
Step-Separation,0.19302733708173037,Q2-CORE,5.935074806213379,2.128033,0.1862998,-5.5373173,17.88580322265625,2.621490240097046
Step-Separation,0.19302733708173037,Q2-INNERSKIN,5.935201168060303,2.1266928,0.17050904,-5.538476,17.836530685424805,79.94696807861328
Step-Separation,0.19302733708173037,Q2-OUTERSKIN,5.727982997894287,2.0423746,0.7233902,-5.302377,17.848468780517578,165.2428741455078
Step-Separation,0.19502647686749697,ADAPTER,0.0,0.0,0.0,0.0,0.0,0.0
Step-Separation,0.19502647686749697,Q1-CORE,4.274177551269531,0.52110296,0.26477116,4.234022,15.83657169342041,2.6807024478912354
Step-Separation,0.19502647686749697,Q1-INNERSKIN,4.299365997314453,0.52236634,0.2510484,4.2601237,15.77840518951416,249.76686096191406
Step-Separation,0.19502647686749697,Q1-OUTERSKIN,4.100711345672607,0.52187616,0.712324,4.0045066,15.836121559143066,135.79095458984375
Step-Separation,0.19502647686749697,Q2-CORE,5.9678778648376465,2.1344802,0.18904346,-5.5699034,17.852209091186523,2.621724843978882
Step-Separation,0.19502647686749697,Q2-INNERSKIN,5.968000411987305,2.1331441,0.17324737,-5.5710597,17.819122314453125,79.8879165649414
Step-Separation,0.19502647686749697,Q2-OUTERSKIN,5.76074743270874,2.048376,0.72658265,-5.3350205,17.807621002197266,165.22178649902344
Step-Separation,0.19702561665326357,ADAPTER,0.0,0.0,0.0,0.0,0.0,0.0
Step-Separation,0.19702561665326357,Q1-CORE,4.296391010284424,0.5186888,0.26884893,4.256484,15.808018684387207,2.6831469535827637
Step-Separation,0.19702561665326357,Q1-INNERSKIN,4.321840286254883,0.5199786,0.25514686,4.2828526,15.761665344238281,250.6520233154297
Step-Separation,0.19702561665326357,Q1-OUTERSKIN,4.12405252456665,0.5204107,0.7165965,4.0278373,15.807709693908691,135.72361755371094
Step-Separation,0.19702561665326357,Q2-CORE,6.000612258911133,2.1408474,0.19178125,-5.6024404,17.786041259765625,2.6218433380126953
Step-Separation,0.19702561665326357,Q2-INNERSKIN,6.000729560852051,2.1395156,0.1759798,-5.6035933,17.78614616394043,79.83451843261719
Step-Separation,0.19702561665326357,Q2-OUTERSKIN,5.793428421020508,2.0543225,0.729765,-5.367589,17.769052505493164,165.19773864746094
Step-Separation,0.19902475643903017,ADAPTER,0.0,0.0,0.0,0.0,0.0,0.0
Step-Separation,0.19902475643903017,Q1-CORE,4.318601131439209,0.51629114,0.27294645,4.278932,15.829065322875977,2.6860451698303223
Step-Separation,0.19902475643903017,Q1-INNERSKIN,4.344311714172363,0.5176075,0.25926536,4.3055673,15.789262771606445,251.51866149902344
Step-Separation,0.19902475643903017,Q1-OUTERSKIN,4.147396087646484,0.5189373,0.72087085,4.0511656,15.828849792480469,135.66497802734375
Step-Separation,0.19902475643903017,Q2-CORE,6.033276081085205,2.147158,0.19451398,-5.6349177,17.752988815307617,2.6219968795776367
Step-Separation,0.19902475643903017,Q2-INNERSKIN,6.033390045166016,2.1458306,0.17870715,-5.636069,17.7531795501709,79.87828063964844
Step-Separation,0.19902475643903017,Q2-OUTERSKIN,5.826046943664551,2.0602157,0.7329414,-5.4001045,17.735870361328125,165.1761016845703
Step-Separation,0.20102389622479677,ADAPTER,0.0,0.0,0.0,0.0,0.0,0.0
Step-Separation,0.20102389622479677,Q1-CORE,4.340859889984131,0.51389545,0.27702513,4.301422,15.844439506530762,2.688849925994873
Step-Separation,0.20102389622479677,Q1-INNERSKIN,4.366831302642822,0.5152384,0.2633636,4.328324,15.801957130432129,252.40675354003906
Step-Separation,0.20102389622479677,Q1-OUTERSKIN,4.1707682609558105,0.5174616,0.72515017,4.074518,15.844073295593262,135.61183166503906
Step-Separation,0.20102389622479677,Q2-CORE,6.065863132476807,2.153415,0.19724321,-5.667327,17.719125747680664,2.622224807739258
Step-Separation,0.20102389622479677,Q2-INNERSKIN,6.065972805023193,2.1520915,0.18143094,-5.668475,17.712921142578125,79.94853210449219
Step-Separation,0.20102389622479677,Q2-OUTERSKIN,5.858603477478027,2.066048,0.73611647,-5.4325695,17.696138381958008,165.1556854248047
Step-Separation,0.20302303601056337,ADAPTER,0.0,0.0,0.0,0.0,0.0,0.0
Step-Separation,0.20302303601056337,Q1-CORE,4.363097190856934,0.5114725,0.28111333,4.3238854,15.828502655029297,2.6915571689605713
Step-Separation,0.20302303601056337,Q1-INNERSKIN,4.3893303871154785,0.5128422,0.2674716,4.351054,15.780393600463867,253.29847717285156
Step-Separation,0.20302303601056337,Q1-OUTERSKIN,4.194126605987549,0.51598346,0.7294201,4.0978537,15.828414916992188,135.54795837402344
Step-Separation,0.20302303601056337,Q2-CORE,6.098389148712158,2.1596086,0.19996837,-5.699689,17.683509826660156,2.6225078105926514
Step-Separation,0.20302303601056337,Q2-INNERSKIN,6.0984954833984375,2.1582887,0.18415117,-5.700835,17.66356658935547,80.0179443359375
Step-Separation,0.20302303601056337,Q2-OUTERSKIN,5.891079425811768,2.0718179,0.7392783,-5.464966,17.668209075927734,165.1338653564453
Step-Separation,0.20500000286847353,ADAPTER,0.0,0.0,0.0,0.0,0.0,0.0
Step-Separation,0.20500000286847353,Q1-CORE,4.385113716125488,0.5090874,0.28515038,4.346118,15.854711532592773,2.693819761276245
Step-Separation,0.20500000286847353,Q1-INNERSKIN,4.411609172821045,0.5104836,0.27152914,4.3735538,15.796998023986816,254.15817260742188
Step-Separation,0.20500000286847353,Q1-OUTERSKIN,4.2172441482543945,0.51451504,0.7336491,4.120944,15.854748725891113,135.488525390625
Step-Separation,0.20500000286847353,Q2-CORE,6.130483150482178,2.165663,0.20265433,-5.731637,17.659303665161133,2.6227221488952637
Step-Separation,0.20500000286847353,Q2-INNERSKIN,6.13058614730835,2.1643467,0.18683192,-5.7327814,17.64307403564453,80.08509063720703
Step-Separation,0.20500000286847353,Q2-OUTERSKIN,5.923141002655029,2.0774822,0.74240077,-5.4969544,17.6358699798584,165.1083221435547
