step,time_s,instance,u_mag_max_mm,u_x_max_mm,u_y_max_mm,u_z_max_mm,v_mag_max_mm_s,s_mises_max_MPa
Step-Preload,0.0,ADAPTER,0.0,0.0,0.0,0.0,0.0,0.0
Step-Preload,0.0,Q1-CORE,0.0,0.0,0.0,0.0,0.0,0.0
Step-Preload,0.0,Q1-INNERSKIN,0.0,0.0,0.0,0.0,0.0,0.0
Step-Preload,0.0,Q1-OUTERSKIN,0.0,0.0,0.0,0.0,0.0,0.0
Step-Preload,0.0,Q2-CORE,0.0,0.0,0.0,0.0,0.0,0.0
Step-Preload,0.0,Q2-INNERSKIN,0.0,0.0,0.0,0.0,0.0,0.0
Step-Preload,0.0,Q2-OUTERSKIN,0.0,0.0,0.0,0.0,0.0,0.0
Step-Preload,0.00029999989783391356,ADAPTER,0.0,0.0,0.0,0.0,0.0,0.0
Step-Preload,0.00029999989783391356,Q1-CORE,2.939386831712909e-06,1.0387278e-12,-2.9393868e-06,8.220422e-13,0.019498441368341446,1.1419003385526594e-05
Step-Preload,0.00029999989783391356,Q1-INNERSKIN,2.94013375423674e-06,3.7500995e-11,-2.9401338e-06,7.422954e-13,0.01952395774424076,0.00015984984929673374
Step-Preload,0.00029999989783391356,Q1-OUTERSKIN,2.9394670946203405e-06,-5.4763534e-13,-2.939467e-06,5.944986e-13,0.01949223503470421,3.903186552633997e-06
Step-Preload,0.00029999989783391356,Q2-CORE,2.942738092315267e-06,8.8949365e-10,-2.942736e-06,-3.3158263e-09,0.01964416541159153,1.4695922345708823e-06
Step-Preload,0.00029999989783391356,Q2-INNERSKIN,2.944251036751666e-06,8.894742e-10,-2.944249e-06,-3.3101726e-09,0.01967102847993374,2.916455559898168e-05
Step-Preload,0.00029999989783391356,Q2-OUTERSKIN,2.9394695957307704e-06,-2.860332e-13,-2.9394696e-06,3.5176197e-13,0.019492246210575104,2.83224676422833e-06
Step-Preload,0.0005999997374601662,ADAPTER,0.0,0.0,0.0,0.0,0.0,0.0
Step-Preload,0.0005999997374601662,Q1-CORE,1.164683089882601e-05,9.532209e-09,-1.1646825e-05,-5.749422e-09,0.038854483515024185,2.3792950742063113e-05
Step-Preload,0.0005999997374601662,Q1-INNERSKIN,1.1651999557216186e-05,9.536123e-09,-1.1651994e-05,-5.7583143e-09,0.03886594995856285,0.0003450951480772346
Step-Preload,0.0005999997374601662,Q1-OUTERSKIN,1.164320383395534e-05,3.4302972e-13,-1.1643204e-05,7.800297e-14,0.03841520473361015,7.701036520302296e-05
Step-Preload,0.0005999997374601662,Q2-CORE,1.1643008292594459e-05,-5.3987484e-13,-1.1643008e-05,4.5868566e-13,0.03879348188638687,9.060794354809332e-07
Step-Preload,0.0005999997374601662,Q2-INNERSKIN,1.1647925020952243e-05,5.366518e-10,-1.1647925e-05,-1.3124071e-10,0.03880712389945984,1.6314725144184195e-05
Step-Preload,0.0005999997374601662,Q2-OUTERSKIN,1.1643211109912954e-05,7.0734553e-13,-1.1643211e-05,4.5268956e-13,0.03841523081064224,1.0451191883475985e-05
Step-Preload,0.0007999996305443347,ADAPTER,0.0,0.0,0.0,0.0,0.0,0.0
Step-Preload,0.0007999996305443347,Q1-CORE,2.0566107195918448e-05,3.6744723e-08,-2.056607e-05,-9.974935e-09,0.05114639177918434,2.720557495194953e-05
Step-Preload,0.0007999996305443347,Q1-INNERSKIN,2.057395613519475e-05,3.6753335e-08,-2.057392e-05,-1.0000067e-08,0.05161745846271515,0.0004166772705502808
Step-Preload,0.0007999996305443347,Q1-OUTERSKIN,2.0562441932270303e-05,-4.3471865e-14,-2.0562442e-05,3.315876e-14,0.050725169479846954,0.00017741619376465678
Step-Preload,0.0007999996305443347,Q2-CORE,2.056461016763933e-05,-2.7478766e-09,-2.056454e-05,5.381147e-08,0.05099444463849068,7.767436613903556e-07
Step-Preload,0.0007999996305443347,Q2-INNERSKIN,2.058025711448863e-05,4.4750433e-08,-2.0580197e-05,2.1293316e-08,0.05097522586584091,1.4475921489065513e-05
Step-Preload,0.0007999996305443347,Q2-OUTERSKIN,2.0562456484185532e-05,5.1650313e-13,-2.0562456e-05,1.1202841e-12,0.05071567744016647,1.4787158761464525e-05
Step-Preload,0.0010999994119629264,ADAPTER,0.0,0.0,0.0,0.0,0.0,0.0
Step-Preload,0.0010999994119629264,Q1-CORE,3.851326255244203e-05,-1.2529631e-07,-3.851306e-05,-5.882753e-09,0.06895928829908371,2.9477298085112125e-05
Step-Preload,0.0010999994119629264,Q1-INNERSKIN,3.852288136840798e-05,-1.2529705e-07,-3.8522678e-05,-5.8771943e-09,0.06885053217411041,0.0005143374437466264
Step-Preload,0.0010999994119629264,Q1-OUTERSKIN,3.8492966268677264e-05,9.206538e-14,-3.8492966e-05,-4.3707895e-13,0.06876731663942337,0.0003269864246249199
Step-Preload,0.0010999994119629264,Q2-CORE,3.851426299661398e-05,1.2511488e-07,-3.851406e-05,9.216742e-09,0.0688706487417221,9.61945715971524e-07
Step-Preload,0.0010999994119629264,Q2-INNERSKIN,3.852385270874947e-05,1.2511308e-07,-3.852365e-05,9.216641e-09,0.06887853890657425,1.2801609045709483e-05
Step-Preload,0.0010999994119629264,Q2-OUTERSKIN,3.8492991734528914e-05,6.564783e-15,-3.849299e-05,3.5248963e-13,0.06878352910280228,1.5762876500957645e-05
Step-Preload,0.0013046989915892482,ADAPTER,0.0,0.0,0.0,0.0,0.0,0.0
Step-Preload,0.0013046989915892482,Q1-CORE,5.383064126363024e-05,-1.8308992e-07,-5.383033e-05,-8.964716e-09,0.0807986706495285,3.141079287161119e-05
Step-Preload,0.0013046989915892482,Q1-INNERSKIN,5.3840307373320684e-05,-1.8309153e-07,-5.3839995e-05,-8.945575e-09,0.0807928666472435,0.0005507242167368531
Step-Preload,0.0013046989915892482,Q1-OUTERSKIN,5.3790383390150964e-05,4.0247656e-11,-5.3790383e-05,6.590631e-11,0.08077608793973923,0.0004480623174458742
Step-Preload,0.0013046989915892482,Q2-CORE,5.38347740075551e-05,1.8242974e-07,-5.3834465e-05,5.513802e-10,0.0808119848370552,1.1981544503214536e-06
Step-Preload,0.0013046989915892482,Q2-INNERSKIN,5.384437463362701e-05,1.8242706e-07,-5.3844065e-05,5.34596e-10,0.08081258088350296,1.2895241525257006e-05
Step-Preload,0.0013046989915892482,Q2-OUTERSKIN,5.379039066610858e-05,5.1487408e-11,-5.379039e-05,-6.021469e-11,0.0807243213057518,1.4907490367477294e-05
Step-Preload,0.0015046987682580948,ADAPTER,0.0,0.0,0.0,0.0,0.0,0.0
Step-Preload,0.0015046987682580948,Q1-CORE,7.114256004570052e-05,-2.433684e-07,-7.1142145e-05,-1.7131823e-08,0.0923515185713768,4.247657852829434e-05
Step-Preload,0.0015046987682580948,Q1-INNERSKIN,7.115121115930378e-05,-2.4337723e-07,-7.115079e-05,-1.7120712e-08,0.09232085198163986,0.0006753617781214416
Step-Preload,0.0015046987682580948,Q1-OUTERSKIN,7.108046702342108e-05,2.1543127e-10,-7.108047e-05,1.6342451e-10,0.09220870584249496,0.0005521076382137835
Step-Preload,0.0015046987682580948,Q2-CORE,7.114771869964898e-05,2.421552e-07,-7.114731e-05,-1.09981215e-08,0.09237900376319885,1.03791114725027e-06
Step-Preload,0.0015046987682580948,Q2-INNERSKIN,7.115636253729463e-05,2.4215174e-07,-7.115595e-05,-1.0985058e-08,0.09237915277481079,1.7343731087748893e-05
Step-Preload,0.0015046987682580948,Q2-OUTERSKIN,7.108048885129392e-05,-1.6798841e-10,-7.108049e-05,2.172785e-10,0.09219815582036972,1.7947982996702194e-05
Step-Preload,0.001804698258638382,ADAPTER,0.0,0.0,0.0,0.0,0.0,0.0
Step-Preload,0.001804698258638382,Q1-CORE,0.00010134760668734089,-3.391012e-07,-0.00010134704,-2.5366985e-08,0.10932479053735733,5.619519288302399e-05
Step-Preload,0.001804698258638382,Q1-INNERSKIN,0.00010135393677046522,-3.391072e-07,-0.00010135337,-2.5358029e-08,0.10907253623008728,0.000823396781925112
Step-Preload,0.001804698258638382,Q1-OUTERSKIN,0.00010125751578016207,7.4637013e-10,-0.000101257516,5.619488e-10,0.10899245738983154,0.0006907653878442943
Step-Preload,0.001804698258638382,Q2-CORE,0.0001013499204418622,3.3329738e-07,-0.00010134937,-2.8936844e-08,0.10905390977859497,9.812748658077908e-07
Step-Preload,0.001804698258638382,Q2-INNERSKIN,0.00010135626507690176,3.3329928e-07,-0.00010135571,-2.8911224e-08,0.10904427617788315,2.705049882933963e-05
Step-Preload,0.001804698258638382,Q2-OUTERSKIN,0.00010125754488399252,5.617375e-10,-0.000101257545,-7.494529e-10,0.10894258320331573,2.538543412811123e-05
Step-Preload,0.0020046979188919067,ADAPTER,0.0,0.0,0.0,0.0,0.0,0.0
Step-Preload,0.0020046979188919067,Q1-CORE,0.00012423917360138148,-4.0238555e-07,-0.00012423852,-3.185582e-08,0.12005172669887543,6.423176819225773e-05
Step-Preload,0.0020046979188919067,Q1-INNERSKIN,0.0001242442085640505,-4.023887e-07,-0.00012424355,-3.1861372e-08,0.120694600045681,0.0008528254693374038
Step-Preload,0.0020046979188919067,Q1-OUTERSKIN,0.00012413732474669814,7.589121e-10,-0.00012413732,1.5483471e-09,0.12004799395799637,0.0007903707446530461
Step-Preload,0.0020046979188919067,Q2-CORE,0.0001242395956069231,3.8870272e-07,-0.00012423898,-4.239748e-08,0.11991015821695328,1.0083265351568116e-06
Step-Preload,0.0020046979188919067,Q2-INNERSKIN,0.00012424460146576166,3.8870527e-07,-0.00012424399,-4.2382887e-08,0.11991013586521149,3.277231371612288e-05
Step-Preload,0.0020046979188919067,Q2-OUTERSKIN,0.00012413733929861337,-9.931129e-10,-0.00012413734,1.322183e-09,0.11987688392400742,2.934938129328657e-05
Step-Preload,0.002304697409272194,ADAPTER,0.0,0.0,0.0,0.0,0.0,0.0
Step-Preload,0.002304697409272194,Q1-CORE,0.0001626000739634037,-4.8408043e-07,-0.00016259935,-4.7499014e-08,0.13602271676063538,7.284421735676005e-05
Step-Preload,0.002304697409272194,Q1-INNERSKIN,0.00016260473057627678,-4.840891e-07,-0.000162604,-4.740344e-08,0.13587822020053864,0.0009930497035384178
Step-Preload,0.002304697409272194,Q1-OUTERSKIN,0.00016252273053396493,1.546778e-07,-0.00016252254,1.9690937e-07,0.13602104783058167,0.0010415149154141545
Step-Preload,0.002304697409272194,Q2-CORE,0.00016260005941148847,-4.840994e-07,-0.00016259933,4.7491987e-08,0.13584348559379578,1.0067089988297084e-06
Step-Preload,0.002304697409272194,Q2-INNERSKIN,0.00016260471602436155,-4.841081e-07,-0.00016260399,4.739647e-08,0.13583320379257202,3.8621721614617854e-05
Step-Preload,0.002304697409272194,Q2-OUTERSKIN,0.00016249042528215796,4.2008956e-09,-0.00016249043,-1.2145659e-09,0.1358293890953064,3.320712858112529e-05
Step-Preload,0.0025046970695257187,ADAPTER,0.0,0.0,0.0,0.0,0.0,0.0
Step-Preload,0.0025046970695257187,Q1-CORE,0.00019079710182268173,-5.4252683e-07,-0.00019079632,-5.497895e-08,0.1465194821357727,7.447141251759604e-05
Step-Preload,0.0025046970695257187,Q1-INNERSKIN,0.0001908026752062142,-5.425391e-07,-0.00019080189,-5.4847153e-08,0.1462073177099228,0.001011703279800713
Step-Preload,0.0025046970695257187,Q1-OUTERSKIN,0.0001907482073875144,1.5968168e-07,-0.000190748,2.331386e-07,0.14642268419265747,0.0012466184562072158
Step-Preload,0.0025046970695257187,Q2-CORE,0.0001907970872707665,-5.42555e-07,-0.0001907963,5.496434e-08,0.14619579911231995,1.020552872432745e-06
Step-Preload,0.0025046970695257187,Q2-INNERSKIN,0.00019080266065429896,-5.425673e-07,-0.00019080187,5.4832583e-08,0.14619247615337372,4.0646842535352334e-05
Step-Preload,0.0025046970695257187,Q2-OUTERSKIN,0.00019068621622864157,7.881008e-09,-0.00019068622,-2.1150213e-09,0.14614883065223694,3.301501055830158e-05
Step-Preload,0.002804696559906006,ADAPTER,0.0,0.0,0.0,0.0,0.0,0.0
Step-Preload,0.002804696559906006,Q1-CORE,0.00023693000548519194,-6.238504e-07,-0.00023692916,-7.4468694e-08,0.16161751747131348,8.427372085861862e-05
Step-Preload,0.002804696559906006,Q1-INNERSKIN,0.000236938038142398,-6.238603e-07,-0.0002369372,-7.439322e-08,0.16150164604187012,0.0011814981698989868
Step-Preload,0.002804696559906006,Q1-OUTERSKIN,0.0002368470304645598,1.7882805e-07,-0.00023684686,2.2997021e-07,0.16143202781677246,0.0015041425358504057
Step-Preload,0.002804696559906006,Q2-CORE,0.00023693147522863,6.2191776e-07,-0.00023693065,-6.9431195e-08,0.1613920032978058,8.859207696332305e-07
Step-Preload,0.002804696559906006,Q2-INNERSKIN,0.0002369394787820056,6.219272e-07,-0.00023693865,-6.935802e-08,0.16140080988407135,4.14091809943784e-05
Step-Preload,0.002804696559906006,Q2-OUTERSKIN,0.00023681657330598682,-1.8347084e-08,-0.00023681657,3.9557873e-09,0.16132894158363342,3.5220145946368575e-05
Step-Preload,0.0030046964529901743,ADAPTER,0.0,0.0,0.0,0.0,0.0,0.0
Step-Preload,0.0030046964529901743,Q1-CORE,0.0002701868361327797,-6.771692e-07,-0.00027018596,-9.326322e-08,0.17134904861450195,9.122132905758917e-05
Step-Preload,0.0030046964529901743,Q1-INNERSKIN,0.00027019664412364364,-6.7718395e-07,-0.00027019577,-9.314687e-08,0.17133969068527222,0.00113401107955724
Step-Preload,0.0030046964529901743,Q1-OUTERSKIN,0.0002700708282645792,1.9413672e-07,-0.0002700706,2.9022615e-07,0.17130737006664276,0.0016405221540480852
Step-Preload,0.0030046964529901743,Q2-CORE,0.0002701900084502995,6.7643396e-07,-0.00027018916,-8.919164e-08,0.17125968635082245,9.165554502033046e-07
Step-Preload,0.0030046964529901743,Q2-INNERSKIN,0.0002701998455449939,6.7644834e-07,-0.000270199,-8.907892e-08,0.17126452922821045,4.058860577060841e-05
Step-Preload,0.0030046964529901743,Q2-OUTERSKIN,0.0002700677141547203,-2.7975872e-08,-0.0002700677,6.7927197e-09,0.1711938977241516,3.80591991415713e-05
Step-Preload,0.003304696176201105,ADAPTER,0.0,0.0,0.0,0.0,0.0,0.0
Step-Preload,0.003304696176201105,Q1-CORE,0.0003237287746742368,-7.862014e-07,-0.0003237278,-1.1076523e-07,0.18575364351272583,0.00010275090608047321
Step-Preload,0.003304696176201105,Q1-INNERSKIN,0.0003237402706872672,-7.8621963e-07,-0.00032373928,-1.10621265e-07,0.18569836020469666,0.0019154531182721257
Step-Preload,0.003304696176201105,Q1-OUTERSKIN,0.0003235900367144495,9.7906065e-09,-0.00032359004,2.6669493e-09,0.18563617765903473,0.001829043379984796
Step-Preload,0.003304696176201105,Q2-CORE,0.0003237301134504378,7.710539e-07,-0.00032372918,-1.1920168e-07,0.1856803148984909,1.1464925364634837e-06
Step-Preload,0.003304696176201105,Q2-INNERSKIN,0.00032374149304814637,7.710692e-07,-0.00032374056,-1.1909607e-07,0.18568123877048492,3.935649510822259e-05
Step-Preload,0.003304696176201105,Q2-OUTERSKIN,0.0003235908516217023,-9.800936e-09,-0.00032359085,2.112167e-09,0.18560588359832764,4.27511113230139e-05
Step-Preload,0.00350469583645463,ADAPTER,0.0,0.0,0.0,0.0,0.0,0.0
Step-Preload,0.00350469583645463,Q1-CORE,0.0003618021437432617,-1.0915393e-07,-0.00036180113,-8.6350684e-07,0.1955251842737198,0.00011056676157750189
Step-Preload,0.00350469583645463,Q1-INNERSKIN,0.0003618135815486312,-1.0901257e-07,-0.00036181253,-8.635251e-07,0.1955188661813736,0.0020958706736564636
Step-Preload,0.00350469583645463,Q1-OUTERSKIN,0.0003616483591031283,1.645697e-08,-0.00036164836,3.9620973e-09,0.19512367248535156,0.00212894007563591
Step-Preload,0.00350469583645463,Q2-CORE,0.0003618022601585835,8.3470934e-07,-0.00036180127,-1.4584006e-07,0.19505244493484497,1.1751139936677646e-06
Step-Preload,0.00350469583645463,Q2-INNERSKIN,0.00036181361065246165,-1.090422e-07,-0.00036181256,8.636415e-07,0.1950550377368927,4.330481169745326e-05
Step-Preload,0.00350469583645463,Q2-OUTERSKIN,0.00036164961056783795,-1.6027919e-08,-0.0003616496,4.405698e-09,0.19498130679130554,4.6139310143189505e-05
Step-Preload,0.003804695326834917,ADAPTER,0.0,0.0,0.0,0.0,0.0,0.0
Step-Preload,0.003804695326834917,Q1-CORE,0.0004223781288601458,-1.3976849e-07,-0.00042237702,-9.639991e-07,0.2096913605928421,0.00011627805361058563
Step-Preload,0.003804695326834917,Q1-INNERSKIN,0.0004223879368510097,-1.39658e-07,-0.00042238683,-9.640246e-07,0.20937438309192657,0.009431496262550354
Step-Preload,0.003804695326834917,Q1-OUTERSKIN,0.0004222039133310318,7.4695174e-09,-0.0004222039,3.052846e-08,0.20942242443561554,0.00222718995064497
Step-Preload,0.003804695326834917,Q2-CORE,0.0004223781288601458,-1.3976802e-07,-0.00042237702,9.640474e-07,0.20875827968120575,1.0048460126199643e-06
Step-Preload,0.003804695326834917,Q2-INNERSKIN,0.0004223879368510097,-1.3965578e-07,-0.00042238683,9.64073e-07,0.20875249803066254,5.045954094384797e-05
Step-Preload,0.003804695326834917,Q2-OUTERSKIN,0.0004222049319650978,-2.9634569e-08,-0.00042220493,8.583038e-09,0.20869770646095276,5.167492781765759e-05
Step-Preload,0.004004694987088442,ADAPTER,0.0,0.0,0.0,0.0,0.0,0.0
Step-Preload,0.004004694987088442,Q1-CORE,0.00046501486212946475,-1.6651158e-07,-0.00046501373,-1.0163335e-06,0.2190486043691635,0.00012045715993735939
Step-Preload,0.004004694987088442,Q1-INNERSKIN,0.00046502301120199263,-1.4905301e-07,-0.00046502185,-1.0333584e-06,0.21878916025161743,0.014681490138173103
Step-Preload,0.004004694987088442,Q1-OUTERSKIN,0.00046483290498144925,9.972691e-09,-0.0004648329,4.0714575e-08,0.2181149125099182,0.0022464098874479532
Step-Preload,0.004004694987088442,Q2-CORE,0.0004650148330256343,-1.6651246e-07,-0.0004650137,1.0164357e-06,0.21765324473381042,8.290045343528618e-07
Step-Preload,0.004004694987088442,Q2-INNERSKIN,0.0004650230403058231,-1.6640152e-07,-0.0004650219,1.0164566e-06,0.21764013171195984,5.512870484380983e-05
Step-Preload,0.004004694987088442,Q2-OUTERSKIN,0.00046483351616188884,-3.979479e-08,-0.00046483352,1.0976459e-08,0.21761856973171234,5.527268149307929e-05
Step-Preload,0.004304182715713978,ADAPTER,0.0,0.0,0.0,0.0,0.0,0.0
Step-Preload,0.004304182715713978,Q1-CORE,0.0005321395001374185,-1.98242e-07,-0.0005321384,-1.0840423e-06,0.23351842164993286,0.00012933228572364897
Step-Preload,0.004304182715713978,Q1-INNERSKIN,0.0005321456119418144,-1.9812451e-07,-0.0005321445,-1.0840669e-06,0.23445738852024078,0.00739615922793746
Step-Preload,0.004304182715713978,Q1-OUTERSKIN,0.0005319564952515066,1.3266776e-08,-0.0005319565,5.3781616e-08,0.23076827824115753,0.002382107311859727
Step-Preload,0.004304182715713978,Q2-CORE,0.0005321395583450794,1.9822072e-07,-0.00053213845,-1.0840602e-06,0.23067763447761536,6.847607778581732e-07
Step-Preload,0.004304182715713978,Q2-INNERSKIN,0.0005321457283571362,1.9810372e-07,-0.0005321446,-1.0840846e-06,0.23067039251327515,6.142436905065551e-05
Step-Preload,0.004304182715713978,Q2-OUTERSKIN,0.0005319564952515066,-1.327826e-08,-0.0005319565,5.378333e-08,0.23066116869449615,5.994850289425813e-05
Step-Preload,0.004503414500504732,ADAPTER,0.0,0.0,0.0,0.0,0.0,0.0
Step-Preload,0.004503414500504732,Q1-CORE,0.0005789225688204169,-2.0578165e-07,-0.00057892146,-1.1300981e-06,0.24252107739448547,0.00013262640277389437
Step-Preload,0.004503414500504732,Q1-INNERSKIN,0.0005789281567558646,-2.0564534e-07,-0.00057892705,-1.1301265e-06,0.243490070104599,0.008847358636558056
Step-Preload,0.004503414500504732,Q1-OUTERSKIN,0.000578744278755039,4.345054e-09,-0.0005787443,1.6809718e-08,0.23948147892951965,0.0024371047038584948
Step-Preload,0.004503414500504732,Q2-CORE,0.0005789226270280778,2.0575065e-07,-0.0005789215,-1.1301273e-06,0.23914222419261932,7.092899636518268e-07
Step-Preload,0.004503414500504732,Q2-INNERSKIN,0.0005789282731711864,2.056146e-07,-0.00057892717,-1.1301556e-06,0.23915010690689087,6.449564534705132e-05
Step-Preload,0.004503414500504732,Q2-OUTERSKIN,0.0005787446862086654,-1.6136903e-08,-0.0005787447,4.9054925e-09,0.23909667134284973,6.303052941802889e-05
Step-Preload,0.004801621660590172,ADAPTER,0.0,0.0,0.0,0.0,0.0,0.0
Step-Preload,0.004801621660590172,Q1-CORE,0.0006520469323731959,-2.1617907e-07,-0.0006520458,-1.1946616e-06,0.25220629572868347,0.0001465970417484641
Step-Preload,0.004801621660590172,Q1-INNERSKIN,0.0006520532188005745,-2.160166e-07,-0.0006520521,-1.1946954e-06,0.25248345732688904,0.013320122845470905
Step-Preload,0.004801621660590172,Q1-OUTERSKIN,0.0006518803420476615,8.532093e-09,-0.00065188034,2.8792572e-08,0.25167402625083923,0.0024177038576453924
Step-Preload,0.004801621660590172,Q2-CORE,0.0006520473980344832,1.172665e-06,-0.0006520463,-2.5760994e-07,0.2514716386795044,7.687259540034574e-07
Step-Preload,0.004801621660590172,Q2-INNERSKIN,0.00065205356804654,1.1726988e-06,-0.00065205246,-2.5745905e-07,0.2514823079109192,6.69235159875825e-05
Step-Preload,0.004801621660590172,Q2-OUTERSKIN,0.0006518802838400006,-8.534262e-09,-0.0006518803,2.8771233e-08,0.2514088749885559,6.70151857775636e-05
Step-Preload,0.004999999888241291,ADAPTER,0.0,0.0,0.0,0.0,0.0,0.0
Step-Preload,0.004999999888241291,Q1-CORE,0.0007027082610875368,-2.4526784e-07,-0.00070270716,-1.2214944e-06,0.26055604219436646,0.00015615622396580875
Step-Preload,0.004999999888241291,Q1-INNERSKIN,0.0007027155952528119,-2.4510575e-07,-0.0007027145,-1.2215309e-06,0.2602335810661316,0.010123913176357746
Step-Preload,0.004999999888241291,Q1-OUTERSKIN,0.0007025455124676228,1.07485585e-08,-0.0007025455,3.6230123e-08,0.26007652282714844,0.0025445136707276106
Step-Preload,0.004999999888241291,Q2-CORE,0.0007027115789242089,6.0355296e-07,-0.00070271135,-1.3889255e-07,0.2594428062438965,7.360525273725216e-07
Step-Preload,0.004999999888241291,Q2-INNERSKIN,0.0007027156534604728,2.4506966e-07,-0.00070271455,-1.2215997e-06,0.2594539523124695,6.763643614249304e-05
Step-Preload,0.004999999888241291,Q2-OUTERSKIN,0.0007025454542599618,-1.0746288e-08,-0.00070254545,3.6200994e-08,0.2594051659107208,6.925362686160952e-05
Step-Separation,0.004999999888241291,ADAPTER,0.0,0.0,0.0,0.0,0.0,0.0
Step-Separation,0.004999999888241291,Q1-CORE,0.0007027082610875368,-2.4526784e-07,-0.00070270716,-1.2214944e-06,0.26055601239204407,0.00015615622396580875
Step-Separation,0.004999999888241291,Q1-INNERSKIN,0.0007027155952528119,-2.4510575e-07,-0.0007027145,-1.2215309e-06,0.2602335810661316,0.010123913176357746
Step-Separation,0.004999999888241291,Q1-OUTERSKIN,0.0007025455124676228,1.07485585e-08,-0.0007025455,3.6230123e-08,0.26007652282714844,0.0025445136707276106
Step-Separation,0.004999999888241291,Q2-CORE,0.0007027115789242089,6.0355296e-07,-0.00070271135,-1.3889255e-07,0.2594428062438965,7.360525273725216e-07
Step-Separation,0.004999999888241291,Q2-INNERSKIN,0.0007027156534604728,2.4506966e-07,-0.00070271455,-1.2215997e-06,0.2594539523124695,6.763643614249304e-05
Step-Separation,0.004999999888241291,Q2-OUTERSKIN,0.0007025454542599618,-1.0746288e-08,-0.00070254545,3.6200994e-08,0.2594051659107208,6.925362686160952e-05
Step-Separation,0.007004318526014686,ADAPTER,0.0,0.0,0.0,0.0,0.0,0.0
Step-Separation,0.007004318526014686,Q1-CORE,0.7677001953125,0.19669472,-0.11527499,0.7330665,399.8464660644531,2.592003583908081
Step-Separation,0.007004318526014686,Q1-INNERSKIN,0.7700450420379639,0.19614153,-0.12781626,0.7335945,398.3138732910156,99.52095031738281
Step-Separation,0.007004318526014686,Q1-OUTERSKIN,0.500100314617157,0.1457012,0.12800807,0.4609614,363.7781066894531,80.34017944335938
Step-Separation,0.007004318526014686,Q2-CORE,0.780085027217865,0.18285967,-0.11966733,-0.7488489,417.6031799316406,2.5908091068267822
Step-Separation,0.007004318526014686,Q2-INNERSKIN,0.7822493314743042,0.18242167,-0.13236257,-0.7490771,419.41973876953125,98.22930145263672
Step-Separation,0.007004318526014686,Q2-OUTERSKIN,0.5042945742607117,0.13298155,0.13026984,-0.4686776,375.54852294921875,78.41446685791016
Step-Separation,0.009003908839076757,ADAPTER,0.0,0.0,0.0,0.0,0.0,0.0
Step-Separation,0.009003908839076757,Q1-CORE,1.1242049932479858,0.26491165,-0.13155231,1.084598,279.2899475097656,2.6758992671966553
Step-Separation,0.009003908839076757,Q1-INNERSKIN,1.1268422603607178,0.26287368,-0.14574262,1.0860157,279.2949523925781,124.75714111328125
Step-Separation,0.009003908839076757,Q1-OUTERSKIN,0.911180317401886,0.23130473,0.18408522,0.8618935,260.9952697753906,90.18236541748047
Step-Separation,0.009003908839076757,Q2-CORE,1.2489768266677856,0.31351915,-0.16360246,-1.1978661,273.82952880859375,2.165172576904297
Step-Separation,0.009003908839076757,Q2-INNERSKIN,1.2511928081512451,0.31286174,-0.17843203,-1.1982332,273.8594970703125,99.39191436767578
Step-Separation,0.009003908839076757,Q2-OUTERSKIN,0.9826802015304565,0.26815572,0.19717447,-0.9245946,252.76979064941406,92.28338623046875
Step-Separation,0.011003135703504086,ADAPTER,0.0,0.0,0.0,0.0,0.0,0.0
Step-Separation,0.011003135703504086,Q1-CORE,1.3915791511535645,0.6999429,-0.16605023,1.1912179,241.638427734375,3.0405735969543457
Step-Separation,0.011003135703504086,Q1-INNERSKIN,1.3939995765686035,0.6986022,-0.17920458,1.1929274,200.52752685546875,127.84477996826172
Step-Separation,0.011003135703504086,Q1-OUTERSKIN,1.1328176259994507,0.5764301,0.19618905,0.9552559,225.12142944335938,123.82129669189453
Step-Separation,0.011003135703504086,Q2-CORE,1.7070437669754028,0.44714287,-0.19610646,-1.6357273,233.52627563476562,2.596773624420166
Step-Separation,0.011003135703504086,Q2-INNERSKIN,1.7092071771621704,0.4463686,-0.21234635,-1.6361703,233.72525024414062,109.04405975341797
Step-Separation,0.011003135703504086,Q2-OUTERSKIN,1.4446130990982056,0.40113974,0.26107675,-1.3630234,197.64532470703125,126.81197357177734
Step-Separation,0.01300244964659214,ADAPTER,0.0,0.0,0.0,0.0,0.0,0.0
Step-Separation,0.01300244964659214,Q1-CORE,1.5179330110549927,0.78008795,-0.1571444,1.2926288,113.44181060791016,3.0206663608551025
Step-Separation,0.01300244964659214,Q1-INNERSKIN,1.5202140808105469,0.7781127,-0.16920786,1.2949749,99.13922882080078,127.73822021484375
Step-Separation,0.01300244964659214,Q1-OUTERSKIN,1.2988542318344116,0.68972,0.20038079,1.0821998,109.65409851074219,125.79145812988281
Step-Separation,0.01300244964659214,Q2-CORE,2.052260637283325,0.54732966,-0.21265517,-1.9664643,249.18133544921875,2.2928218841552734
Step-Separation,0.01300244964659214,Q2-INNERSKIN,2.0542473793029785,0.54635787,-0.22899109,-1.9669744,249.23562622070312,104.59228515625
Step-Separation,0.01300244964659214,Q2-OUTERSKIN,1.7891960144042969,0.5026623,0.30430838,-1.6899554,192.95303344726562,143.53964233398438
Step-Separation,0.015001652762293816,ADAPTER,0.0,0.0,0.0,0.0,0.0,0.0
Step-Separation,0.015001652762293816,Q1-CORE,1.5839285850524902,0.7930219,-0.15159519,1.362705,86.2481918334961,3.1757187843322754
Step-Separation,0.015001652762293816,Q1-INNERSKIN,1.5864274501800537,0.79061896,-0.16389234,1.3655816,84.8382797241211,128.4252471923828
Step-Separation,0.015001652762293816,Q1-OUTERSKIN,1.3487358093261719,0.33728597,0.21127905,1.2886767,73.6998062133789,131.1513671875
Step-Separation,0.015001652762293816,Q2-CORE,2.304701328277588,0.62532204,-0.21853392,-2.2074564,199.86572265625,2.64913010597229
Step-Separation,0.015001652762293816,Q2-INNERSKIN,2.306652784347534,0.62381953,-0.23563948,-2.20816,195.47872924804688,92.51778411865234
Step-Separation,0.015001652762293816,Q2-OUTERSKIN,2.0562121868133545,0.5938897,0.32924587,-1.9408505,186.06204223632812,153.75628662109375
Step-Separation,0.01700092013925314,ADAPTER,0.0,0.0,0.0,0.0,0.0,0.0
Step-Separation,0.01700092013925314,Q1-CORE,1.5384230613708496,0.7444007,-0.13534187,1.3395132,100.0963363647461,3.302961587905884
Step-Separation,0.01700092013925314,Q1-INNERSKIN,1.5410844087600708,0.7416874,-0.14723898,1.3428185,98.86666107177734,143.38096618652344
Step-Separation,0.01700092013925314,Q1-OUTERSKIN,1.353340744972229,0.3272434,0.21290773,1.295806,76.7717514038086,120.633544921875
Step-Separation,0.01700092013925314,Q2-CORE,2.4644429683685303,0.68509525,-0.21751823,-2.3572886,196.44151306152344,2.3990471363067627
Step-Separation,0.01700092013925314,Q2-INNERSKIN,2.466295003890991,0.68339354,-0.23472635,-2.3580687,196.47418212890625,92.96668243408203
Step-Separation,0.01700092013925314,Q2-OUTERSKIN,2.2073376178741455,0.64152277,0.34200326,-2.0841837,175.9055633544922,145.50772094726562
Step-Separation,0.019000076688826084,ADAPTER,0.0,0.0,0.0,0.0,0.0,0.0
Step-Separation,0.019000076688826084,Q1-CORE,1.482360601425171,0.6948745,-0.11838344,1.3040428,92.2463607788086,2.999101161956787
Step-Separation,0.019000076688826084,Q1-INNERSKIN,1.4851809740066528,0.6918315,-0.12971957,1.3077861,90.93375396728516,132.759765625
Step-Separation,0.019000076688826084,Q1-OUTERSKIN,1.2662228345870972,0.29071012,0.19323145,1.2171563,65.32426452636719,119.74300384521484
Step-Separation,0.019000076688826084,Q2-CORE,2.6658689975738525,0.75714403,-0.21606196,-2.5469408,160.44090270996094,2.5250654220581055
Step-Separation,0.019000076688826084,Q2-INNERSKIN,2.6675944328308105,0.755824,-0.23343721,-2.5476062,160.45045471191406,91.3671875
Step-Separation,0.019000076688826084,Q2-OUTERSKIN,2.408503293991089,0.6982514,0.3635513,-2.276217,148.6881866455078,159.77813720703125
Step-Separation,0.021099279634654522,ADAPTER,0.0,0.0,0.0,0.0,0.0,0.0
Step-Separation,0.021099279634654522,Q1-CORE,1.3965798616409302,0.6227373,-0.10501979,1.2456341,58.113616943359375,3.0156073570251465
Step-Separation,0.021099279634654522,Q1-INNERSKIN,1.399606466293335,0.6199218,-0.116369635,1.2494212,55.6305046081543,127.68277740478516
Step-Separation,0.021099279634654522,Q1-OUTERSKIN,1.1948741674423218,0.2632821,0.19188054,1.1496037,56.62545394897461,104.31246948242188
Step-Separation,0.021099279634654522,Q2-CORE,2.8226380348205566,0.8137269,-0.21152207,-2.6945117,120.92123413085938,2.4490933418273926
Step-Separation,0.021099279634654522,Q2-INNERSKIN,2.824298620223999,0.8125811,-0.22935358,-2.6951385,116.38887786865234,95.98835754394531
Step-Separation,0.021099279634654522,Q2-OUTERSKIN,2.563951253890991,0.7442186,0.37959126,-2.4240246,116.51165771484375,159.15330505371094
Step-Separation,0.023098557256162167,ADAPTER,0.0,0.0,0.0,0.0,0.0,0.0
Step-Separation,0.023098557256162167,Q1-CORE,1.3876365423202515,0.6016417,-0.102461636,1.2462199,54.03071594238281,2.9521913528442383
Step-Separation,0.023098557256162167,Q1-INNERSKIN,1.3909056186676025,0.59886974,-0.11410745,1.2501812,43.28857421875,125.05810546875
Step-Separation,0.023098557256162167,Q1-OUTERSKIN,1.1480679512023926,0.24084514,0.19061868,1.106218,41.78743362426758,106.88467407226562
Step-Separation,0.023098557256162167,Q2-CORE,2.978144645690918,0.8703823,-0.20836554,-2.8404865,119.66415405273438,2.452501058578491
Step-Separation,0.023098557256162167,Q2-INNERSKIN,2.979729413986206,0.86954814,-0.22642119,-2.8410223,119.65283966064453,99.96101379394531
Step-Separation,0.023098557256162167,Q2-OUTERSKIN,2.7159664630889893,0.79096234,0.38901392,-2.5689533,107.4531478881836,165.088134765625
Step-Separation,0.025097732432186604,ADAPTER,0.0,0.0,0.0,0.0,0.0,0.0
Step-Separation,0.025097732432186604,Q1-CORE,1.3718689680099487,0.57745844,-0.09605168,1.2407016,39.428810119628906,2.9487781524658203
Step-Separation,0.025097732432186604,Q1-INNERSKIN,1.375359296798706,0.57458276,-0.10760108,1.2449458,39.41352844238281,124.28546142578125
Step-Separation,0.025097732432186604,Q1-OUTERSKIN,1.1492947340011597,0.23350576,0.19978067,1.107448,38.16652297973633,100.49788665771484
Step-Separation,0.025097732432186604,Q2-CORE,3.150989055633545,0.9303897,-0.20442827,-3.0035505,88.52759552001953,2.5113093852996826
Step-Separation,0.025097732432186604,Q2-INNERSKIN,3.1524999141693115,0.92963344,-0.22273722,-3.0040684,88.52046203613281,97.3352279663086
Step-Separation,0.025097732432186604,Q2-OUTERSKIN,2.888401746749878,0.84355986,0.4058501,-2.7325003,76.3616714477539,180.94749450683594
Step-Separation,0.027096831239759922,ADAPTER,0.0,0.0,0.0,0.0,0.0,0.0
Step-Separation,0.027096831239759922,Q1-CORE,1.3981622457504272,0.5801532,-0.09198648,1.2687862,38.07313537597656,3.0421550273895264
Step-Separation,0.027096831239759922,Q1-INNERSKIN,1.4018950462341309,0.5770562,-0.10371193,1.2734047,36.653621673583984,131.9524688720703
Step-Separation,0.027096831239759922,Q1-OUTERSKIN,1.1820640563964844,0.23968515,0.20746233,1.1387651,37.16917037963867,102.00045776367188
Step-Separation,0.027096831239759922,Q2-CORE,3.2268998622894287,0.96432775,-0.19120897,-3.0734987,71.74628448486328,2.579746723175049
Step-Separation,0.027096831239759922,Q2-INNERSKIN,3.228292465209961,0.9639179,-0.20941757,-3.0739028,67.8226547241211,103.9645767211914
Step-Separation,0.027096831239759922,Q2-OUTERSKIN,2.959256887435913,0.86528623,0.41071793,-2.7999628,66.61058044433594,184.90272521972656
Step-Separation,0.029095937497913837,ADAPTER,0.0,0.0,0.0,0.0,0.0,0.0
Step-Separation,0.029095937497913837,Q1-CORE,1.4256750345230103,0.58544934,-0.08543196,1.2971121,35.414794921875,3.001434803009033
Step-Separation,0.029095937497913837,Q1-INNERSKIN,1.4295659065246582,0.5822377,-0.09701814,1.3020159,35.23249816894531,134.84109497070312
Step-Separation,0.029095937497913837,Q1-OUTERSKIN,1.2098063230514526,0.23861463,0.21628162,1.1661546,34.528663635253906,102.82890319824219
Step-Separation,0.029095937497913837,Q2-CORE,3.232929229736328,0.9746585,-0.17719561,-3.0774136,58.632320404052734,2.5136356353759766
Step-Separation,0.029095937497913837,Q2-INNERSKIN,3.234220027923584,0.97425693,-0.19518173,-3.0778089,53.42695236206055,104.77099609375
Step-Separation,0.029095937497913837,Q2-OUTERSKIN,2.966729164123535,0.9259069,0.3901911,-2.7914028,56.82154846191406,178.20074462890625
Step-Separation,0.031095043756067753,ADAPTER,0.0,0.0,0.0,0.0,0.0,0.0
Step-Separation,0.031095043756067753,Q1-CORE,1.457971453666687,0.59321237,-0.08256601,1.3292716,34.22083282470703,3.055727958679199
Step-Separation,0.031095043756067753,Q1-INNERSKIN,1.4620341062545776,0.5899856,-0.09417726,1.334388,32.98701477050781,133.2249298095703
Step-Separation,0.031095043756067753,Q1-OUTERSKIN,1.2359100580215454,0.24071075,0.22158104,1.1918195,33.57789993286133,104.60940551757812
Step-Separation,0.031095043756067753,Q2-CORE,3.249857187271118,0.9873343,-0.17047362,-3.0915499,51.836360931396484,2.6304314136505127
Step-Separation,0.031095043756067753,Q2-INNERSKIN,3.251103162765503,0.9870546,-0.18846057,-3.091905,48.59853744506836,95.03315734863281
Step-Separation,0.031095043756067753,Q2-OUTERSKIN,2.9863176345825195,0.9314927,0.39540285,-2.809639,50.572757720947266,182.40480041503906
Step-Separation,0.033094181679189205,ADAPTER,0.0,0.0,0.0,0.0,0.0,0.0
Step-Separation,0.033094181679189205,Q1-CORE,1.4957287311553955,0.6028366,-0.07709218,1.3666928,33.74493408203125,3.0709452629089355
Step-Separation,0.033094181679189205,Q1-INNERSKIN,1.499961256980896,0.5994969,-0.08860157,1.3720921,33.50898361206055,137.35684204101562
Step-Separation,0.033094181679189205,Q1-OUTERSKIN,1.2584513425827026,0.23972662,0.22757111,1.2142662,27.04734230041504,106.61376190185547
Step-Separation,0.033094181679189205,Q2-CORE,3.1984710693359375,0.9778354,-0.15641496,-3.041314,60.36769104003906,2.5594935417175293
Step-Separation,0.033094181679189205,Q2-INNERSKIN,3.1996309757232666,0.9776451,-0.17411904,-3.041633,60.39551544189453,90.666748046875
Step-Separation,0.033094181679189205,Q2-OUTERSKIN,2.9522314071655273,0.91851264,0.3950179,-2.7777627,58.86298370361328,172.55833435058594
Step-Separation,0.03509337920695543,ADAPTER,0.0,0.0,0.0,0.0,0.0,0.0
Step-Separation,0.03509337920695543,Q1-CORE,1.5206102132797241,0.6049166,-0.07622,1.3930261,33.891117095947266,3.049600601196289
Step-Separation,0.03509337920695543,Q1-INNERSKIN,1.5250389575958252,0.60157603,-0.087711886,1.3986267,33.654178619384766,137.45388793945312
Step-Separation,0.03509337920695543,Q1-OUTERSKIN,1.2789949178695679,0.5094007,0.19533876,1.1567981,24.383943557739258,106.74002838134766
Step-Separation,0.03509337920695543,Q2-CORE,3.168818712234497,0.97216135,-0.1437451,-3.0125823,50.7365608215332,2.5376150608062744
Step-Separation,0.03509337920695543,Q2-INNERSKIN,3.1699066162109375,0.97202706,-0.16134432,-3.012879,50.7520751953125,88.63573455810547
Step-Separation,0.03509337920695543,Q2-OUTERSKIN,2.9262866973876953,0.90851444,0.39960316,-2.7528298,48.1584587097168,167.04066467285156
Step-Separation,0.037092593498528004,ADAPTER,0.0,0.0,0.0,0.0,0.0,0.0
Step-Separation,0.037092593498528004,Q1-CORE,1.5441292524337769,0.6042041,-0.07342276,1.4191129,35.11250305175781,3.058027505874634
Step-Separation,0.037092593498528004,Q1-INNERSKIN,1.548753023147583,0.60083777,-0.084855594,1.4249314,34.863433837890625,137.92913818359375
Step-Separation,0.037092593498528004,Q1-OUTERSKIN,1.2999006509780884,0.5064844,0.19642037,1.1809464,22.161380767822266,106.73284149169922
Step-Separation,0.037092593498528004,Q2-CORE,3.174190044403076,0.976356,-0.13468072,-3.0172956,43.06258773803711,2.552720069885254
Step-Separation,0.037092593498528004,Q2-INNERSKIN,3.175227165222168,0.9762092,-0.1523011,-3.0175962,39.02794647216797,88.30017852783203
Step-Separation,0.037092593498528004,Q2-OUTERSKIN,2.93023419380188,0.9100602,0.40825334,-2.755248,39.52498245239258,167.77877807617188
Step-Separation,0.039091807790100574,ADAPTER,0.0,0.0,0.0,0.0,0.0,0.0
Step-Separation,0.039091807790100574,Q1-CORE,1.5639567375183105,0.60047334,-0.07268795,1.4422582,37.075599670410156,3.0473825931549072
Step-Separation,0.039091807790100574,Q1-INNERSKIN,1.5688228607177734,0.59700924,-0.08404915,1.448351,36.99685287475586,139.35113525390625
Step-Separation,0.039091807790100574,Q1-OUTERSKIN,1.3198788166046143,0.50238395,0.19716755,1.204498,19.28875160217285,106.53810119628906
Step-Separation,0.039091807790100574,Q2-CORE,3.1691412925720215,0.97765577,-0.12265032,-3.0120761,37.642799377441406,2.558886766433716
Step-Separation,0.039091807790100574,Q2-INNERSKIN,3.1701061725616455,0.9776151,-0.14016907,-3.0123403,37.29194259643555,91.24767303466797
Step-Separation,0.039091807790100574,Q2-OUTERSKIN,2.9330146312713623,0.9097631,0.41546917,-2.7572253,36.151973724365234,165.54443359375
Step-Separation,0.041091022081673145,ADAPTER,0.0,0.0,0.0,0.0,0.0,0.0
Step-Separation,0.041091022081673145,Q1-CORE,1.579549789428711,0.59459925,-0.07045187,1.4616654,38.83835220336914,3.0328617095947266
Step-Separation,0.041091022081673145,Q1-INNERSKIN,1.5846450328826904,0.59105366,-0.081703715,1.468019,38.756874084472656,139.05303955078125
Step-Separation,0.041091022081673145,Q1-OUTERSKIN,1.3347458839416504,0.49605894,0.19625771,1.2235012,18.6434383392334,106.29933166503906
Step-Separation,0.041091022081673145,Q2-CORE,3.1800460815429688,0.98289347,-0.11402067,-3.0221868,39.95168685913086,2.527222156524658
Step-Separation,0.041091022081673145,Q2-INNERSKIN,3.1809606552124023,0.9828216,-0.13154802,-3.0224607,39.95515441894531,88.65675354003906
Step-Separation,0.041091022081673145,Q2-OUTERSKIN,2.943465232849121,0.91239625,0.4223323,-2.7664337,36.15050506591797,165.22174072265625
Step-Separation,0.043090236373245716,ADAPTER,0.0,0.0,0.0,0.0,0.0,0.0
Step-Separation,0.043090236373245716,Q1-CORE,1.5920521020889282,0.5873003,-0.06970243,1.4781238,41.02299880981445,3.033508062362671
Step-Separation,0.043090236373245716,Q1-INNERSKIN,1.597412109375,0.5836213,-0.080886394,1.4847791,40.926815032958984,139.94570922851562
Step-Separation,0.043090236373245716,Q1-OUTERSKIN,1.3476903438568115,0.4887427,0.19500896,1.2407141,18.28348159790039,105.46842956542969
Step-Separation,0.043090236373245716,Q2-CORE,3.199063539505005,0.99113816,-0.10484893,-3.0398452,35.99004364013672,2.5488879680633545
Step-Separation,0.043090236373245716,Q2-INNERSKIN,3.1999218463897705,0.99112904,-0.12233523,-3.0400982,35.98395538330078,88.13168334960938
Step-Separation,0.043090236373245716,Q2-OUTERSKIN,2.9680404663085938,0.9188588,0.43102,-2.789119,34.26579284667969,166.24935913085938
Step-Separation,0.04508945066481829,ADAPTER,0.0,0.0,0.0,0.0,0.0,0.0
Step-Separation,0.04508945066481829,Q1-CORE,1.6086647510528564,0.58274305,-0.06743324,1.497887,42.97962951660156,3.0343246459960938
Step-Separation,0.04508945066481829,Q1-INNERSKIN,1.614264726638794,0.578972,-0.07858202,1.5048146,42.874183654785156,140.49961853027344
Step-Separation,0.04508945066481829,Q1-OUTERSKIN,1.3642184734344482,0.48436868,0.19601631,1.2601812,18.4874324798584,105.23396301269531
Step-Separation,0.04508945066481829,Q2-CORE,3.2113430500030518,0.9979526,-0.09791268,-3.050775,41.51032257080078,2.57733154296875
Step-Separation,0.04508945066481829,Q2-INNERSKIN,3.2121636867523193,0.9980496,-0.11541015,-3.0509956,39.317264556884766,86.39202880859375
Step-Separation,0.04508945066481829,Q2-OUTERSKIN,2.987761974334717,0.92268795,0.43725967,-2.8078768,39.209808349609375,165.7730255126953
Step-Separation,0.04708866495639086,ADAPTER,0.0,0.0,0.0,0.0,0.0,0.0
Step-Separation,0.04708866495639086,Q1-CORE,1.6237186193466187,0.5783232,-0.06526083,1.5158316,43.925228118896484,3.041588544845581
Step-Separation,0.04708866495639086,Q1-INNERSKIN,1.6295355558395386,0.5745122,-0.07632696,1.5229892,43.82955551147461,141.48207092285156
Step-Separation,0.04708866495639086,Q1-OUTERSKIN,1.3802411556243896,0.4799221,0.19723222,1.2789996,16.835126876831055,104.85364532470703
Step-Separation,0.04708866495639086,Q2-CORE,3.224440813064575,1.0028726,-0.09017024,-3.0631902,38.6031379699707,2.551321506500244
Step-Separation,0.04708866495639086,Q2-INNERSKIN,3.2252120971679688,1.0029877,-0.10758452,-3.0634024,36.503456115722656,83.83721923828125
Step-Separation,0.04708866495639086,Q2-OUTERSKIN,3.003859043121338,0.92537916,0.44348857,-2.8231473,36.70335006713867,164.1012420654297
Step-Separation,0.04908787924796343,ADAPTER,0.0,0.0,0.0,0.0,0.0,0.0
Step-Separation,0.04908787924796343,Q1-CORE,1.6411222219467163,0.5754226,-0.06366317,1.5356165,45.68526077270508,3.025815725326538
Step-Separation,0.04908787924796343,Q1-INNERSKIN,1.6471967697143555,0.5714769,-0.07469512,1.5430787,45.5812873840332,142.18145751953125
Step-Separation,0.04908787924796343,Q1-OUTERSKIN,1.3979005813598633,0.47639695,0.19852227,1.2991384,17.446733474731445,104.79353332519531
Step-Separation,0.04908787924796343,Q2-CORE,3.248680591583252,1.0111141,-0.08493537,-3.0861561,35.882652282714844,2.5773611068725586
Step-Separation,0.04908787924796343,Q2-INNERSKIN,3.249422073364258,1.0112698,-0.10238393,-3.0863562,35.4661750793457,83.0037612915039
Step-Separation,0.04908787924796343,Q2-OUTERSKIN,3.0306272506713867,0.93144685,0.4510043,-2.8484564,35.24431610107422,165.07794189453125
Step-Separation,0.051087093539536,ADAPTER,0.0,0.0,0.0,0.0,0.0,0.0
Step-Separation,0.051087093539536,Q1-CORE,1.6579431295394897,0.572842,-0.06202797,1.5545996,46.312347412109375,3.048302173614502
Step-Separation,0.051087093539536,Q1-INNERSKIN,1.6642652750015259,0.5687815,-0.072995424,1.5623502,46.22700119018555,143.10861206054688
Step-Separation,0.051087093539536,Q1-OUTERSKIN,1.415669322013855,0.47382325,0.19955888,1.31901,18.056852340698242,104.96551513671875
Step-Separation,0.051087093539536,Q2-CORE,3.2682583332061768,1.017685,-0.07802204,-3.1047933,33.85085678100586,2.5818305015563965
Step-Separation,0.051087093539536,Q2-INNERSKIN,3.26895809173584,1.0178641,-0.09543233,-3.1049852,33.16065979003906,84.16869354248047
Step-Separation,0.051087093539536,Q2-OUTERSKIN,3.055351734161377,0.93670607,0.45749068,-2.8720129,32.97023391723633,163.8719940185547
Step-Separation,0.05308630783110857,ADAPTER,0.0,0.0,0.0,0.0,0.0,0.0
Step-Separation,0.05308630783110857,Q1-CORE,1.6747283935546875,0.57049215,-0.06024207,1.5734118,47.81608200073242,3.0490732192993164
Step-Separation,0.05308630783110857,Q1-INNERSKIN,1.6812841892242432,0.5663615,-0.07118642,1.5814183,47.725494384765625,143.75657653808594
Step-Separation,0.05308630783110857,Q1-OUTERSKIN,1.4325737953186035,0.47118956,0.20156074,1.3377674,16.69116973876953,104.92151641845703
Step-Separation,0.05308630783110857,Q2-CORE,3.3000597953796387,1.0268053,-0.07325731,-3.1353943,38.143768310546875,2.5725862979888916
Step-Separation,0.05308630783110857,Q2-INNERSKIN,3.300732374191284,1.0269718,-0.090709895,-3.1355915,37.28941345214844,84.22692108154297
Step-Separation,0.05308630783110857,Q2-OUTERSKIN,3.0862855911254883,0.944405,0.46498045,-2.9012156,36.70549392700195,164.58555603027344
Step-Separation,0.05508552212268114,ADAPTER,0.0,0.0,0.0,0.0,0.0,0.0
Step-Separation,0.05508552212268114,Q1-CORE,1.6907049417495728,0.56831026,-0.058150586,1.5912652,49.631656646728516,3.0535926818847656
Step-Separation,0.05508552212268114,Q1-INNERSKIN,1.6974848508834839,0.5641162,-0.06901037,1.5995203,49.52083206176758,144.52166748046875
Step-Separation,0.05508552212268114,Q1-OUTERSKIN,1.4496533870697021,0.46890512,0.20281228,1.3566467,17.826799392700195,104.72868347167969
Step-Separation,0.05508552212268114,Q2-CORE,3.331695318222046,1.0358279,-0.06794487,-3.165855,35.84292221069336,2.5682311058044434
Step-Separation,0.05508552212268114,Q2-INNERSKIN,3.332335948944092,1.0360161,-0.08538875,-3.1660452,33.23824691772461,85.30084228515625
Step-Separation,0.05508552212268114,Q2-OUTERSKIN,3.120079755783081,0.95274776,0.47207332,-2.9333115,32.9131965637207,165.17950439453125
Step-Separation,0.05708473641425371,ADAPTER,0.0,0.0,0.0,0.0,0.0,0.0
Step-Separation,0.05708473641425371,Q1-CORE,1.7056512832641602,0.56512475,-0.05612734,1.6083314,51.118675231933594,3.045900821685791
Step-Separation,0.05708473641425371,Q1-INNERSKIN,1.7126617431640625,0.56087554,-0.06697637,1.6168312,50.99751663208008,145.03782653808594
Step-Separation,0.05708473641425371,Q1-OUTERSKIN,1.465237021446228,0.4655802,0.20426172,1.3742023,16.199731826782227,104.66725158691406
Step-Separation,0.05708473641425371,Q2-CORE,3.3630974292755127,1.0450191,-0.06345841,-3.1959867,32.649288177490234,2.582872152328491
Step-Separation,0.05708473641425371,Q2-INNERSKIN,3.3637144565582275,1.0452416,-0.080944054,-3.1961684,32.643524169921875,86.38552856445312
Step-Separation,0.05708473641425371,Q2-OUTERSKIN,3.153750419616699,0.9604834,0.47827753,-2.9656136,31.170963287353516,165.677490234375
Step-Separation,0.05908395070582628,ADAPTER,0.0,0.0,0.0,0.0,0.0,0.0
Step-Separation,0.05908395070582628,Q1-CORE,1.720404863357544,0.562082,-0.054038096,1.625096,51.914039611816406,3.0511741638183594
Step-Separation,0.05908395070582628,Q1-INNERSKIN,1.727640986442566,0.55778044,-0.0648236,1.6338366,51.79624557495117,145.56617736816406
Step-Separation,0.05908395070582628,Q1-OUTERSKIN,1.480145812034607,0.4621067,0.20530206,1.3910931,16.183544158935547,104.52726745605469
Step-Separation,0.05908395070582628,Q2-CORE,3.392768144607544,1.0532031,-0.059526052,-3.2246077,32.73128128051758,2.5769705772399902
Step-Separation,0.05908395070582628,Q2-INNERSKIN,3.3933610916137695,1.0534393,-0.07701571,-3.2247844,32.29838943481445,86.45571899414062
Step-Separation,0.05908395070582628,Q2-OUTERSKIN,3.1861748695373535,0.9676991,0.4836133,-2.996896,31.61820411682129,165.9111328125
Step-Separation,0.06108316499739885,ADAPTER,0.0,0.0,0.0,0.0,0.0,0.0
Step-Separation,0.06108316499739885,Q1-CORE,1.7350256443023682,0.5591992,-0.051969342,1.6416179,53.39662551879883,3.052692413330078
Step-Separation,0.06108316499739885,Q1-INNERSKIN,1.7424858808517456,0.5548521,-0.06271318,1.6505948,53.260658264160156,146.18162536621094
Step-Separation,0.06108316499739885,Q1-OUTERSKIN,1.4954568147659302,0.4590719,0.20688829,1.408134,16.844858169555664,104.49005126953125
Step-Separation,0.06108316499739885,Q2-CORE,3.4335057735443115,1.4551969,-0.02221934,-3.1098022,33.233009338378906,2.583049774169922
Step-Separation,0.06108316499739885,Q2-INNERSKIN,3.43418550491333,1.4535108,-0.037510656,-3.1111941,33.23731231689453,85.6103286743164
Step-Separation,0.06108316499739885,Q2-OUTERSKIN,3.2320451736450195,1.4025484,0.47540087,-2.8727977,32.67055892944336,166.62742614746094
Step-Separation,0.06308237928897142,ADAPTER,0.0,0.0,0.0,0.0,0.0,0.0
Step-Separation,0.06308237928897142,Q1-CORE,1.7496204376220703,0.5558943,-0.05011158,1.6582044,54.86147689819336,3.0512855052948
Step-Separation,0.06308237928897142,Q1-INNERSKIN,1.7573132514953613,0.55148894,-0.060803168,1.6674271,54.70659637451172,146.75621032714844
Step-Separation,0.06308237928897142,Q1-OUTERSKIN,1.5099869966506958,0.45558488,0.20784283,1.4245366,15.158690452575684,104.22398376464844
Step-Separation,0.06308237928897142,Q2-CORE,3.484433889389038,1.4733589,-0.017717464,-3.157559,31.68068504333496,2.578273057937622
Step-Separation,0.06308237928897142,Q2-INNERSKIN,3.485089063644409,1.4716969,-0.03301474,-3.158934,30.879419326782227,85.70006561279297
Step-Separation,0.06308237928897142,Q2-OUTERSKIN,3.2827582359313965,1.419161,0.48062488,-2.9208703,31.014551162719727,166.17311096191406
Step-Separation,0.065081593580544,ADAPTER,0.0,0.0,0.0,0.0,0.0,0.0
Step-Separation,0.065081593580544,Q1-CORE,1.764231562614441,0.55319214,-0.048725035,1.6745498,55.67147445678711,3.045046091079712
Step-Separation,0.065081593580544,Q1-INNERSKIN,1.7721550464630127,0.548739,-0.059379745,1.684011,55.51102828979492,147.3566436767578
Step-Separation,0.065081593580544,Q1-OUTERSKIN,1.5253875255584717,0.45258647,0.20864941,1.4416789,15.372632026672363,104.05229187011719
Step-Separation,0.065081593580544,Q2-CORE,3.541486978530884,1.4948446,-0.013805283,-3.2105107,28.614946365356445,2.6002066135406494
Step-Separation,0.065081593580544,Q2-INNERSKIN,3.542123556137085,1.4931962,-0.029140662,-3.211877,28.165294647216797,85.30249786376953
Step-Separation,0.065081593580544,Q2-OUTERSKIN,3.339420795440674,1.4396032,0.4866795,-2.9736202,27.958412170410156,167.49427795410156
Step-Separation,0.06708080787211657,ADAPTER,0.0,0.0,0.0,0.0,0.0,0.0
Step-Separation,0.06708080787211657,Q1-CORE,1.7791798114776611,0.5505387,-0.047845002,1.6911826,56.74709701538086,3.047210454940796
Step-Separation,0.06708080787211657,Q1-INNERSKIN,1.7873406410217285,0.5460292,-0.058454867,1.7008885,56.57217788696289,147.95858764648438
Step-Separation,0.06708080787211657,Q1-OUTERSKIN,1.5402573347091675,0.44958135,0.20889641,1.4582975,14.243053436279297,103.98677062988281
Step-Separation,0.06708080787211657,Q2-CORE,3.593553066253662,1.5131769,-0.009793682,-3.2594209,27.941741943359375,2.588090419769287
Step-Separation,0.06708080787211657,Q2-INNERSKIN,3.5941741466522217,1.5115298,-0.025138138,-3.260787,27.805204391479492,85.21488952636719
Step-Separation,0.06708080787211657,Q2-OUTERSKIN,3.3918890953063965,1.4578874,0.4919842,-3.0228179,26.970935821533203,167.46810913085938
Step-Separation,0.06907996255904436,ADAPTER,0.0,0.0,0.0,0.0,0.0,0.0
Step-Separation,0.06907996255904436,Q1-CORE,1.793784260749817,0.54755896,-0.046765573,1.7075287,57.76680374145508,3.049025535583496
Step-Separation,0.06907996255904436,Q1-INNERSKIN,1.8021817207336426,0.5429961,-0.05732827,1.7174771,57.57699966430664,148.7052459716797
Step-Separation,0.06907996255904436,Q1-OUTERSKIN,1.5553257465362549,0.44650513,0.20934345,1.4750751,14.185242652893066,103.84435272216797
Step-Separation,0.06907996255904436,Q2-CORE,3.6424999237060547,1.5297223,-0.0053055696,-3.3057113,25.514432907104492,2.594339370727539
Step-Separation,0.06907996255904436,Q2-INNERSKIN,3.6431000232696533,1.5280887,-0.020651292,-3.3070676,25.469079971313477,85.74342346191406
Step-Separation,0.06907996255904436,Q2-OUTERSKIN,3.4405548572540283,1.4739704,0.49697202,-3.0688512,25.325115203857422,167.7257080078125
Step-Separation,0.07107910234481096,ADAPTER,0.0,0.0,0.0,0.0,0.0,0.0
Step-Separation,0.07107910234481096,Q1-CORE,1.8088856935501099,0.5450964,-0.045799352,1.7241925,58.54236602783203,3.0501248836517334
Step-Separation,0.07107910234481096,Q1-INNERSKIN,1.8175218105316162,0.5404752,-0.056323346,1.7343875,58.3393669128418,149.47433471679688
Step-Separation,0.07107910234481096,Q1-OUTERSKIN,1.5707436800003052,0.44374374,0.2099096,1.4920673,13.206975936889648,103.85161590576172
Step-Separation,0.07107910234481096,Q2-CORE,3.691861152648926,1.5465258,-0.0010866784,-3.3523269,25.19912338256836,2.597851514816284
Step-Separation,0.07107910234481096,Q2-INNERSKIN,3.6924471855163574,1.5448849,-0.01645286,-3.3536885,25.134044647216797,86.1893081665039
Step-Separation,0.07107910234481096,Q2-OUTERSKIN,3.4898290634155273,1.4904671,0.5022935,-3.1153035,24.920913696289062,168.18214416503906
Step-Separation,0.07307824213057756,ADAPTER,0.0,0.0,0.0,0.0,0.0,0.0
Step-Separation,0.07307824213057756,Q1-CORE,1.8235851526260376,0.54229414,-0.04495185,1.7405055,59.12823486328125,3.04663348197937
Step-Separation,0.07307824213057756,Q1-INNERSKIN,1.8324592113494873,0.53762215,-0.0554336,1.7509415,58.914920806884766,150.1403045654297
Step-Separation,0.07307824213057756,Q1-OUTERSKIN,1.5857412815093994,0.44072187,0.21029657,1.5086799,13.500203132629395,103.74740600585938
Step-Separation,0.07307824213057756,Q2-CORE,3.7359769344329834,1.5601563,0.0033387728,-3.394617,24.741539001464844,2.5923712253570557
Step-Separation,0.07307824213057756,Q2-INNERSKIN,3.73655104637146,1.5585017,-0.0120372195,-3.395989,24.517597198486328,85.5631332397461
Step-Separation,0.07307824213057756,Q2-OUTERSKIN,3.534482479095459,1.5045296,0.50717807,-3.1578043,24.195817947387695,167.8488311767578
Step-Separation,0.07507738191634417,ADAPTER,0.0,0.0,0.0,0.0,0.0,0.0
Step-Separation,0.07507738191634417,Q1-CORE,1.8382102251052856,0.5394613,-0.044082217,1.7567171,60.19894027709961,3.049502372741699
Step-Separation,0.07507738191634417,Q1-INNERSKIN,1.847322702407837,0.53473806,-0.05451941,1.7673947,59.9602165222168,150.81289672851562
Step-Separation,0.07507738191634417,Q1-OUTERSKIN,1.6010791063308716,0.43788612,0.2108005,1.5255404,13.410423278808594,103.63680267333984
Step-Separation,0.07507738191634417,Q2-CORE,3.7774264812469482,1.5728205,0.0075655356,-3.4344037,24.099613189697266,2.590729236602783
Step-Separation,0.07507738191634417,Q2-INNERSKIN,3.777982711791992,1.5711808,-0.0078059826,-3.4357655,23.371322631835938,85.62361907958984
Step-Separation,0.07507738191634417,Q2-OUTERSKIN,3.5757944583892822,1.5164428,0.5113027,-3.1976986,23.374370574951172,167.3218536376953
Step-Separation,0.07707652170211077,ADAPTER,0.0,0.0,0.0,0.0,0.0,0.0
Step-Separation,0.07707652170211077,Q1-CORE,1.8530536890029907,0.5369908,-0.042953614,1.7730211,60.720375061035156,3.0478103160858154
Step-Separation,0.07707652170211077,Q1-INNERSKIN,1.8624035120010376,0.53221405,-0.05335294,1.7839419,60.46818161010742,151.48207092285156
Step-Separation,0.07707652170211077,Q1-OUTERSKIN,1.6163702011108398,0.43513754,0.21154222,1.5422574,12.974568367004395,103.53858947753906
Step-Separation,0.07707652170211077,Q2-CORE,3.8217225074768066,1.5874563,0.0113612525,-3.4764085,24.0007381439209,2.5955874919891357
Step-Separation,0.07707652170211077,Q2-INNERSKIN,3.822263240814209,1.5858289,-0.0040281527,-3.4777617,23.12638282775879,85.30474090576172
Step-Separation,0.07707652170211077,Q2-OUTERSKIN,3.619708299636841,1.529951,0.5161418,-3.2396197,23.019821166992188,167.44363403320312
Step-Separation,0.07907566148787737,ADAPTER,0.0,0.0,0.0,0.0,0.0,0.0
Step-Separation,0.07907566148787737,Q1-CORE,1.8675638437271118,0.5341967,-0.041845873,1.7890438,61.741310119628906,3.0457606315612793
Step-Separation,0.07907566148787737,Q1-INNERSKIN,1.8771511316299438,0.5293705,-0.05220429,1.800205,61.46018600463867,152.0990753173828
Step-Separation,0.07907566148787737,Q1-OUTERSKIN,1.6314218044281006,0.43224657,0.21217588,1.5587436,13.133769035339355,103.3855209350586
Step-Separation,0.07907566148787737,Q2-CORE,3.8633360862731934,1.6003953,0.015386313,-3.5162287,23.80573272705078,2.5929760932922363
Step-Separation,0.07907566148787737,Q2-INNERSKIN,3.8638622760772705,1.5987749,-1.4267862e-06,-3.5175774,23.49049186706543,84.9602279663086
Step-Separation,0.07907566148787737,Q2-OUTERSKIN,3.6614224910736084,1.5424368,0.5203406,-3.279657,23.27104377746582,167.01995849609375
Step-Separation,0.08107480127364397,ADAPTER,0.0,0.0,0.0,0.0,0.0,0.0
Step-Separation,0.08107480127364397,Q1-CORE,1.8826125860214233,0.53183466,-0.040953584,1.8054652,62.0447883605957,3.046104907989502
Step-Separation,0.08107480127364397,Q1-INNERSKIN,1.892437219619751,0.5269586,-0.051268123,1.8168668,61.74700927734375,152.71180725097656
Step-Separation,0.08107480127364397,Q1-OUTERSKIN,1.6464571952819824,0.4295136,0.21265991,1.5751555,13.107325553894043,103.4382553100586
Step-Separation,0.08107480127364397,Q2-CORE,3.905270576477051,1.6135396,0.019026794,-3.5562997,23.18405532836914,2.596837043762207
Step-Separation,0.08107480127364397,Q2-INNERSKIN,3.9057834148406982,1.611924,0.0036309846,-3.5576441,22.44165802001953,84.74129486083984
Step-Separation,0.08107480127364397,Q2-OUTERSKIN,3.703190803527832,1.5549607,0.52454394,-3.3197248,22.664188385009766,166.8095703125
Step-Separation,0.08307394105941057,ADAPTER,0.0,0.0,0.0,0.0,0.0,0.0
Step-Separation,0.08307394105941057,Q1-CORE,1.896888017654419,0.5291681,-0.04000135,1.8211439,62.081851959228516,3.04730486869812
Step-Separation,0.08307394105941057,Q1-INNERSKIN,1.9069502353668213,0.52424353,-0.050274227,1.8327849,61.771846771240234,153.2817840576172
Step-Separation,0.08307394105941057,Q1-OUTERSKIN,1.6611262559890747,0.4266376,0.21306352,1.5912023,13.280457496643066,103.29600524902344
Step-Separation,0.08307394105941057,Q2-CORE,3.947702169418335,1.6270847,0.02258801,-3.596726,22.9350643157959,2.6004340648651123
Step-Separation,0.08307394105941057,Q2-INNERSKIN,3.9482014179229736,1.6254789,0.007186819,-3.5980637,22.24807357788086,84.52237701416016
Step-Separation,0.08307394105941057,Q2-OUTERSKIN,3.745565414428711,1.5677346,0.5287492,-3.360341,22.195228576660156,167.32992553710938
Step-Separation,0.08507308084517717,ADAPTER,0.0,0.0,0.0,0.0,0.0,0.0
Step-Separation,0.08507308084517717,Q1-CORE,1.9114283323287964,0.5266477,-0.0389527,1.8370311,62.32121276855469,3.0501723289489746
Step-Separation,0.08507308084517717,Q1-INNERSKIN,1.921728491783142,0.5216734,-0.049183507,1.8489127,61.9914436340332,153.91940307617188
Step-Separation,0.08507308084517717,Q1-OUTERSKIN,1.676038384437561,0.42396018,0.21362346,1.6073977,13.094470024108887,103.20913696289062
Step-Separation,0.08507308084517717,Q2-CORE,3.989123582839966,1.6399364,0.026138153,-3.6363487,22.55005645751953,2.5966336727142334
Step-Separation,0.08507308084517717,Q2-INNERSKIN,3.989610195159912,1.6383362,0.01072913,-3.637682,22.185842514038086,84.35801696777344
Step-Separation,0.08507308084517717,Q2-OUTERSKIN,3.786803722381592,1.5799687,0.53287214,-3.3999453,22.350360870361328,167.16290283203125
Step-Separation,0.08707222063094378,ADAPTER,0.0,0.0,0.0,0.0,0.0,0.0
Step-Separation,0.08707222063094378,Q1-CORE,1.9255740642547607,0.52416,-0.037921287,1.8524723,62.64078903198242,3.047011137008667
Step-Separation,0.08707222063094378,Q1-INNERSKIN,1.9361118078231812,0.51913667,-0.048111573,1.8645941,62.28770065307617,154.50193786621094
Step-Separation,0.08707222063094378,Q1-OUTERSKIN,1.6907224655151367,0.4213535,0.21409994,1.6233191,12.911482810974121,103.13229370117188
Step-Separation,0.08707222063094378,Q2-CORE,4.03046989440918,1.6528616,0.029622931,-3.675848,21.93035888671875,2.5966904163360596
Step-Separation,0.08707222063094378,Q2-INNERSKIN,4.030943393707275,1.6512738,0.014207963,-3.6771722,21.930192947387695,84.36085510253906
Step-Separation,0.08707222063094378,Q2-OUTERSKIN,3.8278627395629883,1.5921152,0.53692895,-3.439391,21.68880271911621,166.9342803955078
Step-Separation,0.08907136041671038,ADAPTER,0.0,0.0,0.0,0.0,0.0,0.0
Step-Separation,0.08907136041671038,Q1-CORE,1.9398469924926758,0.52197814,-0.03701633,1.8679334,62.873374938964844,3.0475878715515137
Step-Separation,0.08907136041671038,Q1-INNERSKIN,1.9506211280822754,0.5169068,-0.047162384,1.8802941,62.49715042114258,155.10885620117188
Step-Separation,0.08907136041671038,Q1-OUTERSKIN,1.705238938331604,0.41887823,0.21454298,1.6390095,12.90593433380127,103.1321792602539
Step-Separation,0.08907136041671038,Q2-CORE,4.071844100952148,1.6658311,0.03287812,-3.715352,22.075685501098633,2.60077166557312
Step-Separation,0.08907136041671038,Q2-INNERSKIN,4.072307586669922,1.664245,0.017453633,-3.7166748,21.75052833557129,84.23919677734375
Step-Separation,0.08907136041671038,Q2-OUTERSKIN,3.869067668914795,1.6044387,0.5409809,-3.478908,21.757368087768555,167.12461853027344
Step-Separation,0.09107050020247698,ADAPTER,0.0,0.0,0.0,0.0,0.0,0.0
Step-Separation,0.09107050020247698,Q1-CORE,1.9538077116012573,0.5194748,-0.036149256,1.8831366,63.15618896484375,3.0478479862213135
Step-Separation,0.09107050020247698,Q1-INNERSKIN,1.9648187160491943,0.51435924,-0.04625617,1.8957341,62.75325393676758,155.62799072265625
Step-Separation,0.09107050020247698,Q1-OUTERSKIN,1.7195472717285156,0.41625988,0.21494365,1.6544999,12.716638565063477,103.08396911621094
Step-Separation,0.09107050020247698,Q2-CORE,4.1109089851379395,1.677394,0.036145013,-3.7529478,21.719131469726562,2.600688934326172
Step-Separation,0.09107050020247698,Q2-INNERSKIN,4.111362457275391,1.6758124,0.020716172,-3.7542677,21.72085952758789,84.0382308959961
Step-Separation,0.09107050020247698,Q2-OUTERSKIN,3.9081623554229736,1.6156155,0.54470605,-3.516648,21.640260696411133,166.83114624023438
Step-Separation,0.09306963998824358,ADAPTER,0.0,0.0,0.0,0.0,0.0,0.0
Step-Separation,0.09306963998824358,Q1-CORE,1.9675718545913696,0.51689506,-0.03513687,1.898137,63.179264068603516,3.0482420921325684
Step-Separation,0.09306963998824358,Q1-INNERSKIN,1.9788200855255127,0.51173353,-0.04520142,1.9109721,62.750606536865234,156.1956024169922
Step-Separation,0.09306963998824358,Q1-OUTERSKIN,1.7335857152938843,0.4134111,0.21544945,1.6697283,12.59875202178955,102.9333267211914
Step-Separation,0.09306963998824358,Q2-CORE,4.1503496170043945,1.6892397,0.0394628,-3.79082,21.97084617614746,2.5985794067382812
Step-Separation,0.09306963998824358,Q2-INNERSKIN,4.150793075561523,1.6876619,0.02402712,-3.7921371,21.648605346679688,83.89579010009766
Step-Separation,0.09306963998824358,Q2-OUTERSKIN,3.947392702102661,1.6267781,0.54857165,-3.5545142,21.441829681396484,166.6045684814453
Step-Separation,0.09506877977401018,ADAPTER,0.0,0.0,0.0,0.0,0.0,0.0
Step-Separation,0.09506877977401018,Q1-CORE,1.9811204671859741,0.5143661,-0.03416893,1.912877,63.14374542236328,3.0468130111694336
Step-Separation,0.09506877977401018,Q1-INNERSKIN,1.9926048517227173,0.50916135,-0.0441917,1.925948,62.689125061035156,156.75938415527344
Step-Separation,0.09506877977401018,Q1-OUTERSKIN,1.747602105140686,0.41070324,0.21589486,1.6848814,12.543183326721191,102.82296752929688
Step-Separation,0.09506877977401018,Q2-CORE,4.190662384033203,1.7015433,0.042672418,-3.8294363,21.790889739990234,2.6007211208343506
Step-Separation,0.09506877977401018,Q2-INNERSKIN,4.19109582901001,1.6999722,0.027224384,-3.830749,21.502798080444336,83.79411315917969
Step-Separation,0.09506877977401018,Q2-OUTERSKIN,3.987684965133667,1.6385268,0.55262834,-3.5932527,21.37335968017578,166.7295379638672
Step-Separation,0.09706791955977678,ADAPTER,0.0,0.0,0.0,0.0,0.0,0.0
Step-Separation,0.09706791955977678,Q1-CORE,1.9948248863220215,0.5116554,-0.033312205,1.9278033,63.23760223388672,3.0450081825256348
Step-Separation,0.09706791955977678,Q1-INNERSKIN,2.00654673576355,0.5064088,-0.043295033,1.9411094,62.75322341918945,157.3250732421875
Step-Separation,0.09706791955977678,Q1-OUTERSKIN,1.7616143226623535,0.40786296,0.21631278,1.7000417,12.440400123596191,102.71772003173828
Step-Separation,0.09706791955977678,Q2-CORE,4.230045318603516,1.7131826,0.046006702,-3.8673208,21.388023376464844,2.6002705097198486
Step-Separation,0.09706791955977678,Q2-INNERSKIN,4.230467796325684,1.7116157,0.0305532,-3.8686295,21.15755271911621,83.65291595458984
Step-Separation,0.09706791955977678,Q2-OUTERSKIN,4.026989936828613,1.6497129,0.5565365,-3.6311653,21.19914436340332,166.50314331054688
Step-Separation,0.09906705934554338,ADAPTER,0.0,0.0,0.0,0.0,0.0,0.0
Step-Separation,0.09906705934554338,Q1-CORE,2.008587121963501,0.50898445,-0.032529395,1.9427555,63.34903335571289,3.0454859733581543
Step-Separation,0.09906705934554338,Q1-INNERSKIN,2.020545482635498,0.5036984,-0.04247281,1.9562945,62.832252502441406,157.94834899902344
Step-Separation,0.09906705934554338,Q1-OUTERSKIN,1.775810718536377,0.405032,0.21665202,1.715376,12.365591049194336,102.64795684814453
Step-Separation,0.09906705934554338,Q2-CORE,4.26991605758667,1.7250323,0.049166992,-3.9056406,21.38182830810547,2.601165294647217
Step-Separation,0.09906705934554338,Q2-INNERSKIN,4.270329475402832,1.7234709,0.033702098,-3.9069457,21.107887268066406,83.59381103515625
Step-Separation,0.09906705934554338,Q2-OUTERSKIN,4.066813945770264,1.6610236,0.5604187,-3.669592,20.996479034423828,166.5574188232422
Step-Separation,0.10106619913130999,ADAPTER,0.0,0.0,0.0,0.0,0.0,0.0
Step-Separation,0.10106619913130999,Q1-CORE,2.0225419998168945,0.50647044,-0.03171096,1.9578452,63.13209915161133,3.0454492568969727
Step-Separation,0.10106619913130999,Q1-INNERSKIN,2.034738302230835,0.5011428,-0.041614912,1.9716196,62.58515167236328,158.548095703125
Step-Separation,0.10106619913130999,Q1-OUTERSKIN,1.7900813817977905,0.40225512,0.21711461,1.730735,12.25672721862793,102.56005096435547
Step-Separation,0.10106619913130999,Q2-CORE,4.310423374176025,1.737315,0.05234669,-3.9444578,21.059280395507812,2.6014392375946045
Step-Separation,0.10106619913130999,Q2-INNERSKIN,4.310826778411865,1.7357582,0.036871545,-3.9457586,20.90478515625,83.66178894042969
Step-Separation,0.10106619913130999,Q2-OUTERSKIN,4.107125759124756,1.6726208,0.56436527,-3.708411,20.989072799682617,166.76629638671875
Step-Separation,0.10306533891707659,ADAPTER,0.0,0.0,0.0,0.0,0.0,0.0
Step-Separation,0.10306533891707659,Q1-CORE,2.0366013050079346,0.5039201,-0.030917665,1.9730315,62.9826774597168,3.045292377471924
Step-Separation,0.10306533891707659,Q1-INNERSKIN,2.0490365028381348,0.49854964,-0.040783875,1.987042,62.403160095214844,159.17494201660156
Step-Separation,0.10306533891707659,Q1-OUTERSKIN,1.8045226335525513,0.39958614,0.21757533,1.7462227,12.210602760314941,102.47057342529297
Step-Separation,0.10306533891707659,Q2-CORE,4.349320411682129,1.748549,0.055544414,-3.981969,21.287662506103516,2.6020748615264893
Step-Separation,0.10306533891707659,Q2-INNERSKIN,4.349714756011963,1.7469968,0.04006096,-3.983267,21.00405502319336,83.5548095703125
Step-Separation,0.10306533891707659,Q2-OUTERSKIN,4.145983695983887,1.6834319,0.5681522,-3.7459903,20.957305908203125,166.70120239257812
Step-Separation,0.10506447870284319,ADAPTER,0.0,0.0,0.0,0.0,0.0,0.0
Step-Separation,0.10506447870284319,Q1-CORE,2.050654411315918,0.50164473,-0.030154299,1.9881215,62.76487350463867,3.0458884239196777
Step-Separation,0.10506447870284319,Q1-INNERSKIN,2.063328266143799,0.4962303,-0.03998097,2.0023687,62.15144729614258,159.75909423828125
Step-Separation,0.10506447870284319,Q1-OUTERSKIN,1.818892002105713,0.3970803,0.21796925,1.7615858,12.260026931762695,102.38355255126953
Step-Separation,0.10506447870284319,Q2-CORE,4.387711524963379,1.7596793,0.05873193,-4.0189667,21.379486083984375,2.602233409881592
Step-Separation,0.10506447870284319,Q2-INNERSKIN,4.388097763061523,1.758132,0.0432425,-4.020262,21.05692481994629,83.4804916381836
Step-Separation,0.10506447870284319,Q2-OUTERSKIN,4.184338569641113,1.6940372,0.5718773,-3.783105,21.083742141723633,166.65818786621094
Step-Separation,0.10706361848860979,ADAPTER,0.0,0.0,0.0,0.0,0.0,0.0
Step-Separation,0.10706361848860979,Q1-CORE,2.064699649810791,0.4993475,-0.029376373,2.003191,62.699607849121094,3.0463619232177734
Step-Separation,0.10706361848860979,Q1-INNERSKIN,2.0776121616363525,0.49389067,-0.039164424,2.0176744,62.04976272583008,160.34768676757812
Step-Separation,0.10706361848860979,Q1-OUTERSKIN,1.833312749862671,0.39456818,0.21836792,1.7769825,12.27442455291748,102.34191131591797
Step-Separation,0.10706361848860979,Q2-CORE,4.426490783691406,1.770949,0.061787747,-4.0563216,20.986913681030273,2.6041150093078613
Step-Separation,0.10706361848860979,Q2-INNERSKIN,4.426868915557861,1.7694076,0.046287045,-4.057613,20.851360321044922,83.39247131347656
Step-Separation,0.10706361848860979,Q2-OUTERSKIN,4.222922325134277,1.7046049,0.5757446,-3.82046,20.82979965209961,166.76095581054688
Step-Separation,0.10906275827437639,ADAPTER,0.0,0.0,0.0,0.0,0.0,0.0
Step-Separation,0.10906275827437639,Q1-CORE,2.0786173343658447,0.49692708,-0.028576564,2.018142,62.24085235595703,3.0461997985839844
Step-Separation,0.10906275827437639,Q1-INNERSKIN,2.091769218444824,0.49142703,-0.038324438,2.0328622,61.55654525756836,160.914306640625
Step-Separation,0.10906275827437639,Q1-OUTERSKIN,1.847573161125183,0.39198035,0.21875103,1.7922126,12.15771484375,102.25788879394531
Step-Separation,0.10906275827437639,Q2-CORE,4.4639410972595215,1.7812923,0.06496436,-4.092621,20.800403594970703,2.6034224033355713
Step-Separation,0.10906275827437639,Q2-INNERSKIN,4.464310646057129,1.779756,0.04945846,-4.0939093,20.782365798950195,83.2409896850586
Step-Separation,0.10906275827437639,Q2-OUTERSKIN,4.26031494140625,1.7144763,0.5794391,-3.8568258,20.675046920776367,166.61997985839844
Step-Separation,0.111061898060143,ADAPTER,0.0,0.0,0.0,0.0,0.0,0.0
Step-Separation,0.111061898060143,Q1-CORE,2.0925068855285645,0.49460357,-0.027779974,2.0330226,62.10054397583008,3.045640468597412
Step-Separation,0.111061898060143,Q1-INNERSKIN,2.105896472930908,0.48906305,-0.03748805,2.0479774,61.37782669067383,161.50381469726562
Step-Separation,0.111061898060143,Q1-OUTERSKIN,1.8617805242538452,0.38943818,0.21914439,1.8073573,12.19204330444336,102.21905517578125
Step-Separation,0.111061898060143,Q2-CORE,4.501697540283203,1.791893,0.06806044,-4.1291366,20.703540802001953,2.6035380363464355
Step-Separation,0.111061898060143,Q2-INNERSKIN,4.5020599365234375,1.7903619,0.05254735,-4.130422,20.703351974487305,83.12812805175781
Step-Separation,0.111061898060143,Q2-OUTERSKIN,4.297957420349121,1.7244478,0.58311063,-3.8934174,20.53695297241211,166.59010314941406
Step-Separation,0.1130610378459096,ADAPTER,0.0,0.0,0.0,0.0,0.0,0.0
Step-Separation,0.1130610378459096,Q1-CORE,2.1061627864837646,0.49217236,-0.0269767,2.047672,61.71538543701172,3.045736074447632
Step-Separation,0.1130610378459096,Q1-INNERSKIN,2.119791269302368,0.48659086,-0.03664565,2.0628624,60.955814361572266,162.09437561035156
Step-Separation,0.1130610378459096,Q1-OUTERSKIN,1.8758338689804077,0.38681105,0.21950917,1.8223462,12.05816650390625,102.1205062866211
Step-Separation,0.1130610378459096,Q2-CORE,4.5400896072387695,1.8027998,0.0710689,-4.1662064,20.728168487548828,2.6053314208984375
Step-Separation,0.1130610378459096,Q2-INNERSKIN,4.540445327758789,1.8012744,0.055545606,-4.1674895,20.327077865600586,83.0758056640625
Step-Separation,0.1130610378459096,Q2-OUTERSKIN,4.336184501647949,1.734733,0.58684385,-3.9304974,20.207054138183594,166.63929748535156
Step-Separation,0.1150601776316762,ADAPTER,0.0,0.0,0.0,0.0,0.0,0.0
Step-Separation,0.1150601776316762,Q1-CORE,2.119830369949341,0.48966742,-0.026076278,2.0623353,61.26940155029297,3.045701026916504
Step-Separation,0.1150601776316762,Q1-INNERSKIN,2.1336967945098877,0.4840455,-0.03570555,2.0777602,60.47306823730469,162.6539764404297
Step-Separation,0.1150601776316762,Q1-OUTERSKIN,1.8898905515670776,0.38414344,0.21998002,1.8373157,12.019064903259277,102.01358032226562
Step-Separation,0.1150601776316762,Q2-CORE,4.577558994293213,1.8131063,0.074204326,-4.2025213,20.16034507751465,2.6051836013793945
Step-Separation,0.1150601776316762,Q2-INNERSKIN,4.577906131744385,1.8115864,0.05867535,-4.2038,20.066125869750977,82.99971771240234
Step-Separation,0.1150601776316762,Q2-OUTERSKIN,4.3735785484313965,1.7445081,0.5904837,-3.9668891,20.053604125976562,166.57730102539062
Step-Separation,0.1170593174174428,ADAPTER,0.0,0.0,0.0,0.0,0.0,0.0
Step-Separation,0.1170593174174428,Q1-CORE,2.1334424018859863,0.48719713,-0.02524503,2.0769155,61.143760681152344,3.0447423458099365
Step-Separation,0.1170593174174428,Q1-INNERSKIN,2.1475465297698975,0.48153585,-0.034835175,2.092574,60.30862045288086,163.21969604492188
Step-Separation,0.1170593174174428,Q1-OUTERSKIN,1.9039814472198486,0.38152787,0.22040914,1.8522964,12.012859344482422,101.91954040527344
Step-Separation,0.1170593174174428,Q2-CORE,4.615039348602295,1.8234146,0.077291876,-4.238841,20.21822166442871,2.6049540042877197
Step-Separation,0.1170593174174428,Q2-INNERSKIN,4.615377902984619,1.8219016,0.06175533,-4.2401147,20.1641902923584,82.89014434814453
Step-Separation,0.1170593174174428,Q2-OUTERSKIN,4.41098690032959,1.7542242,0.59415597,-4.003309,20.08022117614746,166.56744384765625
Step-Separation,0.1190584572032094,ADAPTER,0.0,0.0,0.0,0.0,0.0,0.0
Step-Separation,0.1190584572032094,Q1-CORE,2.1473379135131836,0.48488197,-0.024403956,2.0917346,60.702205657958984,3.045335531234741
Step-Separation,0.1190584572032094,Q1-INNERSKIN,2.16167950630188,0.479182,-0.033954844,2.1076267,59.82807540893555,163.79275512695312
Step-Separation,0.1190584572032094,Q1-OUTERSKIN,1.9181766510009766,0.37901402,0.22088145,1.8673408,12.011224746704102,101.87814331054688
Step-Separation,0.1190584572032094,Q2-CORE,4.6525678634643555,1.8336604,0.08034162,-4.2752337,20.152751922607422,2.605912923812866
Step-Separation,0.1190584572032094,Q2-INNERSKIN,4.652898788452148,1.8321515,0.064797774,-4.2765045,20.14032745361328,82.79148864746094
Step-Separation,0.1190584572032094,Q2-OUTERSKIN,4.448364734649658,1.7638968,0.59782577,-4.0397053,19.939088821411133,166.6312713623047
Step-Separation,0.121057596988976,ADAPTER,0.0,0.0,0.0,0.0,0.0,0.0
Step-Separation,0.121057596988976,Q1-CORE,2.161163806915283,0.48251498,-0.023583923,2.1064787,60.38894271850586,3.045400857925415
Step-Separation,0.121057596988976,Q1-INNERSKIN,2.175743341445923,0.47677675,-0.03309671,2.122604,59.474388122558594,164.3762664794922
Step-Separation,0.121057596988976,Q1-OUTERSKIN,1.9323325157165527,0.37648734,0.22132094,1.8823346,11.99536418914795,101.80635833740234
Step-Separation,0.121057596988976,Q2-CORE,4.689412593841553,1.8434737,0.083397925,-4.3110604,19.89316177368164,2.605308771133423
Step-Separation,0.121057596988976,Q2-INNERSKIN,4.6897358894348145,1.8419712,0.06784826,-4.312327,19.89335060119629,82.69664001464844
Step-Separation,0.121057596988976,Q2-OUTERSKIN,4.4850568771362305,1.7731421,0.6013854,-4.0755415,19.78942108154297,166.5357666015625
Step-Separation,0.1230567367747426,ADAPTER,0.0,0.0,0.0,0.0,0.0,0.0
Step-Separation,0.1230567367747426,Q1-CORE,2.175022840499878,0.48024285,-0.022754397,2.1212196,60.11542510986328,3.045363664627075
Step-Separation,0.1230567367747426,Q1-INNERSKIN,2.1898398399353027,0.47446433,-0.03222765,2.137579,59.16023635864258,164.95925903320312
Step-Separation,0.1230567367747426,Q1-OUTERSKIN,1.9465082883834839,0.3739718,0.22175772,1.8973305,12.00982666015625,101.73493194580078
Step-Separation,0.1230567367747426,Q2-CORE,4.7261881828308105,1.853261,0.08644013,-4.346816,20.169588088989258,2.6064043045043945
Step-Separation,0.1230567367747426,Q2-INNERSKIN,4.726504802703857,1.8517637,0.07088347,-4.348079,19.88365936279297,82.5851058959961
Step-Separation,0.1230567367747426,Q2-OUTERSKIN,4.521734714508057,1.7823262,0.6049661,-4.111376,19.834003448486328,166.50106811523438
Step-Separation,0.1250558765605092,ADAPTER,0.0,0.0,0.0,0.0,0.0,0.0
Step-Separation,0.1250558765605092,Q1-CORE,2.1887855529785156,0.47789094,-0.02195774,2.1358652,59.63933181762695,3.0488874912261963
Step-Separation,0.1250558765605092,Q1-INNERSKIN,2.2038419246673584,0.47207332,-0.031392805,2.1524591,58.643795013427734,165.5357666015625
Step-Separation,0.1250558765605092,Q1-OUTERSKIN,1.9606798887252808,0.37143975,0.22217092,1.9123123,12.0238037109375,101.63645935058594
Step-Separation,0.1250558765605092,Q2-CORE,4.762687683105469,1.8628271,0.08948247,-4.382358,19.99336051940918,2.6069514751434326
Step-Separation,0.1250558765605092,Q2-INNERSKIN,4.762997627258301,1.8613368,0.073918834,-4.383618,19.87017822265625,82.5035171508789
Step-Separation,0.1250558765605092,Q2-OUTERSKIN,4.558169841766357,1.7913381,0.60853547,-4.1470118,19.701892852783203,166.4837188720703
Step-Separation,0.1270550163462758,ADAPTER,0.0,0.0,0.0,0.0,0.0,0.0
Step-Separation,0.1270550163462758,Q1-CORE,2.202570676803589,0.47555408,-0.021169253,2.1505158,59.27839279174805,3.051985263824463
Step-Separation,0.1270550163462758,Q1-INNERSKIN,2.2178664207458496,0.46969697,-0.030565705,2.1673443,58.24124526977539,166.1064910888672
Step-Separation,0.1270550163462758,Q1-OUTERSKIN,1.974865198135376,0.36892942,0.22257945,1.9272888,12.020560264587402,101.56402587890625
Step-Separation,0.1270550163462758,Q2-CORE,4.798901557922363,1.8721603,0.09251113,-4.417682,19.65517807006836,2.60664963722229
Step-Separation,0.1270550163462758,Q2-INNERSKIN,4.799203872680664,1.8706745,0.076941356,-4.418938,19.649354934692383,82.37834930419922
Step-Separation,0.1270550163462758,Q2-OUTERSKIN,4.594282150268555,1.8001606,0.61205083,-4.182373,19.558645248413086,166.378173828125
Step-Separation,0.1290541561320424,ADAPTER,0.0,0.0,0.0,0.0,0.0,0.0
Step-Separation,0.1290541561320424,Q1-CORE,2.2163169384002686,0.47325125,-0.020375349,2.1651049,59.036781311035156,3.055206537246704
Step-Separation,0.1290541561320424,Q1-INNERSKIN,2.2318508625030518,0.4673559,-0.029733617,2.182167,57.96137619018555,166.67066955566406
Step-Separation,0.1290541561320424,Q1-OUTERSKIN,1.989065170288086,0.36647645,0.22300872,1.9422519,11.963708877563477,101.50276184082031
Step-Separation,0.1290541561320424,Q2-CORE,4.835136413574219,1.8814932,0.09550135,-4.453022,19.696556091308594,2.6072659492492676
Step-Separation,0.1290541561320424,Q2-INNERSKIN,4.83543062210083,1.8800122,0.07992521,-4.4542737,19.528709411621094,82.28813934326172
Step-Separation,0.1290541561320424,Q2-OUTERSKIN,4.630470275878906,1.8089644,0.6155641,-4.2178173,19.516511917114258,166.3517608642578
Step-Separation,0.1310533033683896,ADAPTER,0.0,0.0,0.0,0.0,0.0,0.0
Step-Separation,0.1310533033683896,Q1-CORE,2.2301411628723145,0.47097626,-0.019596651,2.1797538,58.73924255371094,3.0580854415893555
Step-Separation,0.1310533033683896,Q1-INNERSKIN,2.245913505554199,0.46504134,-0.028916009,2.1970499,57.62604904174805,167.22918701171875
Step-Separation,0.1310533033683896,Q1-OUTERSKIN,2.0031955242156982,0.36400726,0.22342247,1.957134,11.866974830627441,101.43940734863281
Step-Separation,0.1310533033683896,Q2-CORE,4.871417999267578,1.8907883,0.0984879,-4.4884224,19.499853134155273,2.607785701751709
Step-Separation,0.1310533033683896,Q2-INNERSKIN,4.871706485748291,1.8893124,0.08290468,-4.4896717,19.460752487182617,82.22222137451172
Step-Separation,0.1310533033683896,Q2-OUTERSKIN,4.66658878326416,1.8177053,0.6191033,-4.2532,19.418384552001953,166.34571838378906
Step-Separation,0.1330524431541562,ADAPTER,0.0,0.0,0.0,0.0,0.0,0.0
Step-Separation,0.1330524431541562,Q1-CORE,2.243901252746582,0.46869254,-0.018822446,2.194326,58.529903411865234,3.0619611740112305
Step-Separation,0.1330524431541562,Q1-INNERSKIN,2.259913206100464,0.46271852,-0.02810346,2.2118566,57.37909698486328,167.79232788085938
Step-Separation,0.1330524431541562,Q1-OUTERSKIN,2.0173211097717285,0.36155152,0.22384065,1.9719939,11.912615776062012,101.37071990966797
Step-Separation,0.1330524431541562,Q2-CORE,4.9073567390441895,1.8998497,0.101487026,-4.523541,19.428104400634766,2.6080620288848877
Step-Separation,0.1330524431541562,Q2-INNERSKIN,4.907638072967529,1.8983787,0.085897684,-4.5247865,19.396446228027344,82.1428451538086
Step-Separation,0.1330524431541562,Q2-OUTERSKIN,4.702459335327148,1.8262684,0.6226159,-4.2883816,19.32790756225586,166.2974395751953
Step-Separation,0.1350515829399228,ADAPTER,0.0,0.0,0.0,0.0,0.0,0.0
Step-Separation,0.1350515829399228,Q1-CORE,2.257666826248169,0.46643993,-0.018024914,2.208884,58.24166488647461,3.064269781112671
Step-Separation,0.1350515829399228,Q1-INNERSKIN,2.273916721343994,0.46042866,-0.027267225,2.2266476,57.0533561706543,168.37222290039062
Step-Separation,0.1350515829399228,Q1-OUTERSKIN,2.0313961505889893,0.35908338,0.22425827,1.9867909,11.961159706115723,101.29548645019531
Step-Separation,0.1350515829399228,Q2-CORE,4.943281173706055,1.9089061,0.10447018,-4.558639,19.37012481689453,2.6083600521087646
Step-Separation,0.1350515829399228,Q2-INNERSKIN,4.94355583190918,1.9074397,0.088874415,-4.5598817,19.370561599731445,82.04705047607422
Step-Separation,0.1350515829399228,Q2-OUTERSKIN,4.738288879394531,1.8347578,0.6261407,-4.3235393,19.291582107543945,166.2723388671875
Step-Separation,0.1370507227256894,ADAPTER,0.0,0.0,0.0,0.0,0.0,0.0
Step-Separation,0.1370507227256894,Q1-CORE,2.2713634967803955,0.46414027,-0.01721932,2.223369,58.04165267944336,3.0688092708587646
Step-Separation,0.1370507227256894,Q1-INNERSKIN,2.287851572036743,0.45809203,-0.026422966,2.2413652,56.81809997558594,168.9184112548828
Step-Separation,0.1370507227256894,Q1-OUTERSKIN,2.0454750061035156,0.3566124,0.22468299,2.0015776,11.887312889099121,101.22443389892578
Step-Separation,0.1370507227256894,Q2-CORE,4.979034423828125,1.917805,0.10743554,-4.5936112,19.2716007232666,2.6088645458221436
Step-Separation,0.1370507227256894,Q2-INNERSKIN,4.979303359985352,1.916344,0.09183307,-4.594851,19.21045684814453,81.95638275146484
Step-Separation,0.1370507227256894,Q2-OUTERSKIN,4.773961067199707,1.8431332,0.62963694,-4.3585687,19.200393676757812,166.25643920898438
Step-Separation,0.139049862511456,ADAPTER,0.0,0.0,0.0,0.0,0.0,0.0
Step-Separation,0.139049862511456,Q1-CORE,2.285059690475464,0.46188456,-0.016427305,2.2378316,57.95199966430664,3.0703890323638916
Step-Separation,0.139049862511456,Q1-INNERSKIN,2.301785707473755,0.45579946,-0.025593165,2.2560606,56.695091247558594,169.4778594970703
Step-Separation,0.139049862511456,Q1-OUTERSKIN,2.0595531463623047,0.35419556,0.22510359,2.0163414,11.816115379333496,101.15071868896484
Step-Separation,0.139049862511456,Q2-CORE,5.014601230621338,1.9265423,0.11039443,-4.628442,19.24837875366211,2.6090247631073
Step-Separation,0.139049862511456,Q2-INNERSKIN,5.014863014221191,1.9250869,0.094785884,-4.629677,19.21197509765625,81.87821960449219
Step-Separation,0.139049862511456,Q2-OUTERSKIN,4.809415817260742,1.8513495,0.63309693,-4.393424,19.169336318969727,166.20986938476562
Step-Separation,0.14104900229722261,ADAPTER,0.0,0.0,0.0,0.0,0.0,0.0
Step-Separation,0.14104900229722261,Q1-CORE,2.298710823059082,0.45963472,-0.01564172,2.252235,57.91077423095703,3.075159788131714
Step-Separation,0.14104900229722261,Q1-INNERSKIN,2.3156747817993164,0.4535127,-0.024769023,2.2706964,56.62419891357422,170.0217742919922
Step-Separation,0.14104900229722261,Q1-OUTERSKIN,2.0735881328582764,0.35176158,0.22552574,2.0310514,11.840164184570312,101.09321594238281
Step-Separation,0.14104900229722261,Q2-CORE,5.050131320953369,1.9352375,0.11333339,-4.6632433,19.18422508239746,2.6089887619018555
Step-Separation,0.14104900229722261,Q2-INNERSKIN,5.050387859344482,1.9337869,0.097718716,-4.664476,19.1842098236084,81.78347778320312
Step-Separation,0.14104900229722261,Q2-OUTERSKIN,4.844864368438721,1.8595316,0.63655895,-4.428278,19.145795822143555,166.1768035888672
Step-Separation,0.14304814208298922,ADAPTER,0.0,0.0,0.0,0.0,0.0,0.0
Step-Separation,0.14304814208298922,Q1-CORE,2.312354326248169,0.45738316,-0.014864612,2.2666192,57.7783088684082,3.0772476196289062
Step-Separation,0.14304814208298922,Q1-INNERSKIN,2.329556941986084,0.45122394,-0.023954157,2.2853136,56.461280822753906,170.57179260253906
Step-Separation,0.14304814208298922,Q1-OUTERSKIN,2.087618589401245,0.34933546,0.22594592,2.045743,11.790987968444824,101.01526641845703
Step-Separation,0.14304814208298922,Q2-CORE,5.08551025390625,1.9438136,0.11627236,-4.697923,19.116628646850586,2.6098649501800537
Step-Separation,0.14304814208298922,Q2-INNERSKIN,5.0857625007629395,1.9423677,0.1006515,-4.699155,19.020748138427734,81.71865844726562
Step-Separation,0.14304814208298922,Q2-OUTERSKIN,4.880163192749023,1.8676021,0.64000726,-4.463009,19.027835845947266,166.16064453125
Step-Separation,0.14504728186875582,ADAPTER,0.0,0.0,0.0,0.0,0.0,0.0
Step-Separation,0.14504728186875582,Q1-CORE,2.326040267944336,0.455175,-0.014092352,2.2810264,57.73706817626953,3.0806779861450195
Step-Separation,0.14504728186875582,Q1-INNERSKIN,2.3434808254241943,0.4489793,-0.023143955,2.2999532,56.392974853515625,171.12062072753906
Step-Separation,0.14504728186875582,Q1-OUTERSKIN,2.1016666889190674,0.34695905,0.22636837,2.060432,11.783893585205078,100.95587921142578
Step-Separation,0.14504728186875582,Q2-CORE,5.120738983154297,1.9522696,0.11920844,-4.7324834,19.01392936706543,2.6101436614990234
Step-Separation,0.14504728186875582,Q2-INNERSKIN,5.12098503112793,1.9508283,0.1035814,-4.7337117,19.01395606994629,81.64463806152344
Step-Separation,0.14504728186875582,Q2-OUTERSKIN,4.915319442749023,1.8755554,0.6434564,-4.497624,18.9728946685791,166.1153564453125
Step-Separation,0.14704642165452242,ADAPTER,0.0,0.0,0.0,0.0,0.0,0.0
Step-Separation,0.14704642165452242,Q1-CORE,2.339660167694092,0.45293954,-0.013316676,2.29536,57.18013381958008,3.0834269523620605
Step-Separation,0.14704642165452242,Q1-INNERSKIN,2.3573386669158936,0.446708,-0.022330184,2.3145192,55.80311965942383,171.6823272705078
Step-Separation,0.14704642165452242,Q1-OUTERSKIN,2.1156692504882812,0.3445494,0.22678524,2.0750687,11.733498573303223,100.86952209472656
Step-Separation,0.14704642165452242,Q2-CORE,5.155897617340088,1.9606427,0.12212357,-4.7669954,19.008087158203125,2.6101949214935303
Step-Separation,0.14704642165452242,Q2-INNERSKIN,5.156136989593506,1.9592056,0.106490195,-4.76822,18.995107650756836,81.56517791748047
Step-Separation,0.14704642165452242,Q2-OUTERSKIN,4.950417995452881,1.8834633,0.6468908,-4.532189,18.923120498657227,166.09805297851562
Step-Separation,0.14904556144028902,ADAPTER,0.0,0.0,0.0,0.0,0.0,0.0
Step-Separation,0.14904556144028902,Q1-CORE,2.35331654548645,0.4507503,-0.01256422,2.309711,58.32146453857422,3.086939811706543
Step-Separation,0.14904556144028902,Q1-INNERSKIN,2.3712337017059326,0.44448268,-0.02153986,2.3291028,56.94118881225586,172.22547912597656
Step-Separation,0.14904556144028902,Q1-OUTERSKIN,2.1296730041503906,0.3421771,0.22718135,2.0896914,11.694530487060547,100.81504821777344
Step-Separation,0.14904556144028902,Q2-CORE,5.190973281860352,1.9689336,0.12502344,-4.801445,18.941667556762695,2.6104536056518555
Step-Separation,0.14904556144028902,Q2-INNERSKIN,5.191206932067871,1.967501,0.109383985,-4.802666,18.881155014038086,81.49681854248047
Step-Separation,0.14904556144028902,Q2-OUTERSKIN,4.9853973388671875,1.8912518,0.6503074,-4.5666676,18.864200592041016,166.07943725585938
Step-Separation,0.15104470122605562,ADAPTER,0.0,0.0,0.0,0.0,0.0,0.0
Step-Separation,0.15104470122605562,Q1-CORE,2.366908073425293,0.448575,-0.011801109,2.3239827,58.39727783203125,3.0900590419769287
Step-Separation,0.15104470122605562,Q1-INNERSKIN,2.3850629329681396,0.44227198,-0.020738844,2.3436065,56.998985290527344,172.7791748046875
Step-Separation,0.15104470122605562,Q1-OUTERSKIN,2.1436212062835693,0.33982533,0.22757542,2.1042435,11.61057186126709,100.75209045410156
Step-Separation,0.15104470122605562,Q2-CORE,5.225854873657227,1.9771023,0.12791978,-4.8357277,18.900354385375977,2.610805034637451
Step-Separation,0.15104470122605562,Q2-INNERSKIN,5.226082801818848,1.975675,0.11227426,-4.8369455,18.81552505493164,81.43103790283203
Step-Separation,0.15104470122605562,Q2-OUTERSKIN,5.020205497741699,1.8989189,0.6536991,-4.601005,18.796411514282227,166.05030822753906
Step-Separation,0.15304384101182222,ADAPTER,0.0,0.0,0.0,0.0,0.0,0.0
Step-Separation,0.15304384101182222,Q1-CORE,2.3804917335510254,0.44642338,-0.011035614,2.3382313,58.26001739501953,3.0928664207458496
Step-Separation,0.15304384101182222,Q1-INNERSKIN,2.3988826274871826,0.4400856,-0.01993639,2.3580852,56.840633392333984,173.32093811035156
Step-Separation,0.15304384101182222,Q1-OUTERSKIN,2.1575582027435303,0.3374601,0.22798574,2.1187732,11.628470420837402,101.49614715576172
Step-Separation,0.15304384101182222,Q2-CORE,5.260655403137207,1.9852166,0.13081014,-4.8699384,18.859615325927734,2.611241579055786
Step-Separation,0.15304384101182222,Q2-INNERSKIN,5.260878086090088,1.9837941,0.1151585,-4.871154,18.8111629486084,81.34952545166016
Step-Separation,0.15304384101182222,Q2-OUTERSKIN,5.054944038391113,1.9065077,0.6570884,-4.635291,18.75382423400879,166.0345001220703
Step-Separation,0.15504298079758883,ADAPTER,0.0,0.0,0.0,0.0,0.0,0.0
Step-Separation,0.15504298079758883,Q1-CORE,2.394090414047241,0.44422904,-0.010278195,2.3524933,58.41404724121094,3.096308469772339
Step-Separation,0.15504298079758883,Q1-INNERSKIN,2.4127187728881836,0.43785706,-0.019141726,2.3725781,56.98146438598633,173.85873413085938
Step-Separation,0.15504298079758883,Q1-OUTERSKIN,2.171541452407837,0.33511305,0.22842228,2.1333342,11.622232437133789,102.3531494140625
Step-Separation,0.15504298079758883,Q2-CORE,5.2953057289123535,1.9931824,0.13368876,-4.904041,18.755298614501953,2.61153244972229
Step-Separation,0.15504298079758883,Q2-INNERSKIN,5.295523643493652,1.9917645,0.118030846,-4.9052534,18.755434036254883,81.27479553222656
Step-Separation,0.15504298079758883,Q2-OUTERSKIN,5.08951473236084,1.9140018,0.6604622,-4.669427,18.70357894897461,166.0074920654297
Step-Separation,0.15704212058335543,ADAPTER,0.0,0.0,0.0,0.0,0.0,0.0
Step-Separation,0.15704212058335543,Q1-CORE,2.40762996673584,0.4420619,-0.009532794,2.3666797,58.71007537841797,3.0988121032714844
Step-Separation,0.15704212058335543,Q1-INNERSKIN,2.4264962673187256,0.4356559,-0.018359296,2.3869963,57.26911163330078,174.4019012451172
Step-Separation,0.15704212058335543,Q1-OUTERSKIN,2.1854569911956787,0.3327976,0.22882697,2.1478143,11.573600769042969,103.21330261230469
Step-Separation,0.15704212058335543,Q2-CORE,5.329824447631836,2.0010393,0.1365657,-4.938038,18.701614379882812,2.611706018447876
Step-Separation,0.15704212058335543,Q2-INNERSKIN,5.330037593841553,1.9996266,0.12090206,-4.9392486,18.630855560302734,81.20366668701172
Step-Separation,0.15704212058335543,Q2-OUTERSKIN,5.1239333152771,1.9213834,0.6638225,-4.703437,18.633310317993164,165.97491455078125
Step-Separation,0.15904126036912203,ADAPTER,0.0,0.0,0.0,0.0,0.0,0.0
Step-Separation,0.15904126036912203,Q1-CORE,2.4211695194244385,0.43996125,-0.008786596,2.380844,58.959651947021484,3.10188889503479
Step-Separation,0.15904126036912203,Q1-INNERSKIN,2.4402732849121094,0.4335212,-0.017575957,2.401392,57.51172637939453,174.93988037109375
Step-Separation,0.15904126036912203,Q1-OUTERSKIN,2.1993610858917236,0.33052,0.22922215,2.1622682,11.55918025970459,104.05587005615234
Step-Separation,0.15904126036912203,Q2-CORE,5.364271640777588,2.008856,0.139416,-4.9719687,18.626483917236328,2.612102508544922
Step-Separation,0.15904126036912203,Q2-INNERSKIN,5.364480972290039,2.007448,0.12374626,-4.9731774,18.617610931396484,81.1339111328125
Step-Separation,0.15904126036912203,Q2-OUTERSKIN,5.158325672149658,1.9287031,0.6671764,-4.7374363,18.601436614990234,165.95236206054688
Step-Separation,0.16104040015488863,ADAPTER,0.0,0.0,0.0,0.0,0.0,0.0
Step-Separation,0.16104040015488863,Q1-CORE,2.4346909523010254,0.43784687,-0.008053035,2.3949833,59.331932067871094,3.1049063205718994
Step-Separation,0.16104040015488863,Q1-INNERSKIN,2.4540319442749023,0.4313726,-0.016805023,2.4157624,57.88148880004883,175.4768829345703
Step-Separation,0.16104040015488863,Q1-OUTERSKIN,2.213225841522217,0.32820922,0.22962978,2.1766758,11.534248352050781,104.90518951416016
Step-Separation,0.16104040015488863,Q2-CORE,5.398584842681885,2.0165756,0.1422756,-5.0057864,18.55654525756836,2.6124930381774902
Step-Separation,0.16104040015488863,Q2-INNERSKIN,5.398789405822754,2.0151725,0.12660022,-5.006993,18.555286407470703,81.07289123535156
Step-Separation,0.16104040015488863,Q2-OUTERSKIN,5.192576885223389,1.9359131,0.6705142,-4.771321,18.533321380615234,165.93661499023438
Step-Separation,0.16303953994065523,ADAPTER,0.0,0.0,0.0,0.0,0.0,0.0
Step-Separation,0.16303953994065523,Q1-CORE,2.4481637477874756,0.43569404,-0.007314265,2.409071,59.73308181762695,3.1081337928771973
Step-Separation,0.16303953994065523,Q1-INNERSKIN,2.4677419662475586,0.42918596,-0.016028583,2.430081,58.28218460083008,176.0145721435547
Step-Separation,0.16303953994065523,Q1-OUTERSKIN,2.2270498275756836,0.32588106,0.2300322,2.1910357,11.497891426086426,105.75602722167969
Step-Separation,0.16303953994065523,Q2-CORE,5.432798385620117,2.0241706,0.14512429,-5.039541,18.604427337646484,2.6129424571990967
Step-Separation,0.16303953994065523,Q2-INNERSKIN,5.432998180389404,2.0227723,0.12944321,-5.040745,18.486345291137695,81.00718688964844
Step-Separation,0.16303953994065523,Q2-OUTERSKIN,5.226721286773682,1.9430741,0.67385286,-4.8051014,18.506717681884766,165.9246368408203
Step-Separation,0.16503867972642183,ADAPTER,0.0,0.0,0.0,0.0,0.0,0.0
Step-Separation,0.16503867972642183,Q1-CORE,2.461621046066284,0.4335644,-0.0065707937,2.4231296,60.16716384887695,3.1110095977783203
Step-Separation,0.16503867972642183,Q1-INNERSKIN,2.481436014175415,0.4270234,-0.015248142,2.4443698,58.720027923583984,176.54844665527344
Step-Separation,0.16503867972642183,Q1-OUTERSKIN,2.2408626079559326,0.32358405,0.2304284,2.205371,11.487764358520508,106.59715270996094
Step-Separation,0.16503867972642183,Q2-CORE,5.466919898986816,2.0317001,0.14795928,-5.0732155,18.49887466430664,2.6130588054656982
Step-Separation,0.16503867972642183,Q2-INNERSKIN,5.46711540222168,2.0303059,0.1322718,-5.0744176,18.461042404174805,80.93375396728516
Step-Separation,0.16503867972642183,Q2-OUTERSKIN,5.260761737823486,1.9501461,0.67719156,-4.838797,18.432958602905273,165.90036010742188
Step-Separation,0.16703781951218843,ADAPTER,0.0,0.0,0.0,0.0,0.0,0.0
Step-Separation,0.16703781951218843,Q1-CORE,2.4750216007232666,0.43146563,-0.005835317,2.4371161,60.62947082519531,3.113175868988037
Step-Separation,0.16703781951218843,Q1-INNERSKIN,2.4950737953186035,0.4248922,-0.014475316,2.4585872,59.18815612792969,177.083740234375
Step-Separation,0.16703781951218843,Q1-OUTERSKIN,2.254648447036743,0.32130733,0.23081812,2.2196674,11.459942817687988,107.43496704101562
Step-Separation,0.16703781951218843,Q2-CORE,5.500790119171143,2.0390792,0.15080771,-5.1066723,18.43856430053711,2.6130611896514893
Step-Separation,0.16703781951218843,Q2-INNERSKIN,5.500979900360107,2.0376914,0.13511539,-5.10787,18.43855094909668,80.86053466796875
Step-Separation,0.16703781951218843,Q2-OUTERSKIN,5.294594764709473,1.9570498,0.68047726,-4.872334,18.393970489501953,165.8731231689453
Step-Separation,0.16903695929795504,ADAPTER,0.0,0.0,0.0,0.0,0.0,0.0
Step-Separation,0.16903695929795504,Q1-CORE,2.488448143005371,0.4293708,-0.005117655,2.45112,61.10926055908203,3.1164913177490234
Step-Separation,0.16903695929795504,Q1-INNERSKIN,2.508737802505493,0.42276505,-0.013720587,2.4728217,59.67644500732422,177.62933349609375
Step-Separation,0.16903695929795504,Q1-OUTERSKIN,2.2684218883514404,0.31904662,0.23122016,2.2339392,11.409072875976562,108.27362060546875
Step-Separation,0.16903695929795504,Q2-CORE,5.534658432006836,2.0464282,0.15362665,-5.140134,18.35978126525879,2.613267660140991
Step-Separation,0.16903695929795504,Q2-INNERSKIN,5.534843921661377,2.0450442,0.13792892,-5.1413293,18.359128952026367,80.79327392578125
Step-Separation,0.16903695929795504,Q2-OUTERSKIN,5.328388690948486,1.9639064,0.68377274,-4.905839,18.358150482177734,165.84556579589844
Step-Separation,0.17103609908372164,ADAPTER,0.0,0.0,0.0,0.0,0.0,0.0
Step-Separation,0.17103609908372164,Q1-CORE,2.5018415451049805,0.42727014,-0.0043959245,2.4650826,61.674190521240234,3.1183855533599854
Step-Separation,0.17103609908372164,Q1-INNERSKIN,2.5223684310913086,0.42063248,-0.01296173,2.4870148,60.252777099609375,178.13796997070312
Step-Separation,0.17103609908372164,Q1-OUTERSKIN,2.282181739807129,0.31679177,0.23162651,2.248187,11.329625129699707,109.1070785522461
Step-Separation,0.17103609908372164,Q2-CORE,5.568439960479736,2.0536907,0.15644768,-5.173529,18.32138442993164,2.6136348247528076
Step-Separation,0.17103609908372164,Q2-INNERSKIN,5.568620204925537,2.052311,0.14074454,-5.1747217,18.32103729248047,80.73554992675781
Step-Separation,0.17103609908372164,Q2-OUTERSKIN,5.3621039390563965,1.9707077,0.6870566,-4.939274,18.296340942382812,165.8268585205078
Step-Separation,0.17303523886948824,ADAPTER,0.0,0.0,0.0,0.0,0.0,0.0
Step-Separation,0.17303523886948824,Q1-CORE,2.5152406692504883,0.42519084,-0.003686592,2.4790392,62.18718338012695,3.1222310066223145
Step-Separation,0.17303523886948824,Q1-INNERSKIN,2.536003589630127,0.41852152,-0.012215525,2.5012007,60.77922439575195,178.66648864746094
Step-Separation,0.17303523886948824,Q1-OUTERSKIN,2.295912265777588,0.31456852,0.2320199,2.262394,11.312806129455566,109.94856262207031
Step-Separation,0.17303523886948824,Q2-CORE,5.602109432220459,2.0608706,0.15926853,-5.20683,18.27229118347168,2.6140239238739014
Step-Separation,0.17303523886948824,Q2-INNERSKIN,5.602285385131836,2.059496,0.14355852,-5.2080197,18.27212142944336,80.67242431640625
Step-Separation,0.17303523886948824,Q2-OUTERSKIN,5.395714282989502,1.9774318,0.6903364,-4.972618,18.236650466918945,165.79962158203125
Step-Separation,0.17503437865525484,ADAPTER,0.0,0.0,0.0,0.0,0.0,0.0
Step-Separation,0.17503437865525484,Q1-CORE,2.5285775661468506,0.42314917,-0.002972126,2.492918,62.689517974853516,3.125657796859741
Step-Separation,0.17503437865525484,Q1-INNERSKIN,2.549577474594116,0.41644898,-0.011463769,2.5153098,61.295509338378906,179.18467712402344
Step-Separation,0.17503437865525484,Q1-OUTERSKIN,2.309624671936035,0.3123302,0.23239928,2.276578,11.307480812072754,110.76390075683594
Step-Separation,0.17503437865525484,Q2-CORE,5.635687828063965,2.0679805,0.16207168,-5.240054,18.24441146850586,2.6142096519470215
Step-Separation,0.17503437865525484,Q2-INNERSKIN,5.63585901260376,2.0666106,0.14635655,-5.241241,18.1931095123291,80.60564422607422
Step-Separation,0.17503437865525484,Q2-OUTERSKIN,5.429247856140137,1.9840841,0.6936114,-5.005901,18.204204559326172,165.78057861328125
Step-Separation,0.17703351844102144,ADAPTER,0.0,0.0,0.0,0.0,0.0,0.0
Step-Separation,0.17703351844102144,Q1-CORE,2.5422117710113525,0.42058045,-0.0023080856,2.5071793,63.240570068359375,3.1281774044036865
Step-Separation,0.17703351844102144,Q1-INNERSKIN,2.563451051712036,0.41384813,-0.010763355,2.5298014,61.86397171020508,179.71261596679688
Step-Separation,0.17703351844102144,Q1-OUTERSKIN,2.3231616020202637,0.3103685,0.23283377,2.2905326,11.322606086730957,111.59602355957031
Step-Separation,0.17703351844102144,Q2-CORE,5.669204235076904,2.0750146,0.16486952,-5.2732353,18.162094116210938,2.6144533157348633
Step-Separation,0.17703351844102144,Q2-INNERSKIN,5.669369697570801,2.0736492,0.14914946,-5.2744184,18.13495635986328,80.54252624511719
Step-Separation,0.17703351844102144,Q2-OUTERSKIN,5.462704658508301,1.9906802,0.69687593,-5.039117,18.14638328552246,165.76068115234375
Step-Separation,0.17903265822678804,ADAPTER,0.0,0.0,0.0,0.0,0.0,0.0
Step-Separation,0.17903265822678804,Q1-CORE,2.5552423000335693,0.41882846,-0.0015170425,2.5206833,63.82151412963867,3.1303446292877197
Step-Separation,0.17903265822678804,Q1-INNERSKIN,2.576714038848877,0.412067,-0.009929374,2.5435324,62.46452713012695,180.25086975097656
Step-Separation,0.17903265822678804,Q1-OUTERSKIN,2.3369076251983643,0.30785885,0.23309651,2.3047833,11.220634460449219,112.41803741455078
Step-Separation,0.17903265822678804,Q2-CORE,5.702635288238525,2.0819755,0.1676625,-5.306347,18.124603271484375,2.6144676208496094
Step-Separation,0.17903265822678804,Q2-INNERSKIN,5.70279598236084,2.0806146,0.15193677,-5.3075266,18.115406036376953,80.4795913696289
Step-Separation,0.17903265822678804,Q2-OUTERSKIN,5.496075630187988,1.9972053,0.70013064,-5.0722613,18.105649948120117,165.73440551757812
Step-Separation,0.18103179801255465,ADAPTER,0.0,0.0,0.0,0.0,0.0,0.0
Step-Separation,0.18103179801255465,Q1-CORE,2.568673849105835,0.41647184,-0.0008598268,2.5346866,64.3648452758789,3.1336417198181152
Step-Separation,0.18103179801255465,Q1-INNERSKIN,2.5903801918029785,0.40968227,-0.0092337355,2.5577617,63.02757263183594,180.7664794921875
Step-Separation,0.18103179801255465,Q1-OUTERSKIN,2.350324869155884,0.30582085,0.23356813,2.3186088,11.153553009033203,113.2445297241211
Step-Separation,0.18103179801255465,Q2-CORE,5.735972881317139,2.0888865,0.17045403,-5.3393707,18.152542114257812,2.614717483520508
Step-Separation,0.18103179801255465,Q2-INNERSKIN,5.736127853393555,2.0875301,0.154723,-5.340547,18.095481872558594,80.42552185058594
Step-Separation,0.18103179801255465,Q2-OUTERSKIN,5.529358386993408,2.0036461,0.7033697,-5.105338,18.075519561767578,165.70867919921875
Step-Separation,0.18303093779832125,ADAPTER,0.0,0.0,0.0,0.0,0.0,0.0
Step-Separation,0.18303093779832125,Q1-CORE,2.5817813873291016,0.41452214,-0.00018828362,2.548287,64.82935333251953,3.136751174926758
Step-Separation,0.18303093779832125,Q1-INNERSKIN,2.6037230491638184,0.4077029,-0.008523792,2.571591,63.511905670166016,181.28958129882812
Step-Separation,0.18303093779832125,Q1-OUTERSKIN,2.363919734954834,0.30352592,0.2339758,2.3326473,11.152892112731934,114.04759216308594
Step-Separation,0.18303093779832125,Q2-CORE,5.769226551055908,2.0957208,0.17323154,-5.372329,18.103797912597656,2.615049123764038
Step-Separation,0.18303093779832125,Q2-INNERSKIN,5.769377708435059,2.0943685,0.15749559,-5.373503,18.039384841918945,80.36515808105469
Step-Separation,0.18303093779832125,Q2-OUTERSKIN,5.562574863433838,2.0100286,0.7066146,-5.1383576,18.026987075805664,165.6878662109375
Step-Separation,0.18503007758408785,ADAPTER,0.0,0.0,0.0,0.0,0.0,0.0
Step-Separation,0.18503007758408785,Q1-CORE,2.5950169563293457,0.41248482,0.0005135909,2.5620244,65.50157165527344,3.139277219772339
Step-Separation,0.18503007758408785,Q1-INNERSKIN,2.6171939373016357,0.40563697,-0.007784866,2.5855565,64.20955657958984,181.8024444580078
Step-Separation,0.18503007758408785,Q1-OUTERSKIN,2.3775203227996826,0.30129543,0.23433085,2.3466814,11.083353996276855,114.86717224121094
Step-Separation,0.18503007758408785,Q2-CORE,5.802385330200195,2.1024513,0.17601039,-5.405219,18.067941665649414,2.6153838634490967
Step-Separation,0.18503007758408785,Q2-INNERSKIN,5.802532196044922,2.1011035,0.1602693,-5.4063907,18.068071365356445,80.30213165283203
Step-Separation,0.18503007758408785,Q2-OUTERSKIN,5.595677375793457,2.0163405,0.70984614,-5.171276,17.99276351928711,165.66195678710938
Step-Separation,0.18702921736985445,ADAPTER,0.0,0.0,0.0,0.0,0.0,0.0
Step-Separation,0.18702921736985445,Q1-CORE,2.6082451343536377,0.41044515,0.0012006909,2.5757477,66.08719635009766,3.14190673828125
Step-Separation,0.18702921736985445,Q1-INNERSKIN,2.630657434463501,0.40356895,-0.007060878,2.5995078,64.82027435302734,182.32858276367188
Step-Separation,0.18702921736985445,Q1-OUTERSKIN,2.391033411026001,0.29919556,0.2347018,2.3606012,11.118239402770996,115.67469787597656
Step-Separation,0.18702921736985445,Q2-CORE,5.835501670837402,2.109147,0.17877541,-5.4380713,17.980152130126953,2.6155481338500977
Step-Separation,0.18702921736985445,Q2-INNERSKIN,5.8356451988220215,2.1078017,0.16302888,-5.4392414,17.98029327392578,80.23980712890625
Step-Separation,0.18702921736985445,Q2-OUTERSKIN,5.628738880157471,2.0226,0.7130766,-5.204163,17.95382308959961,165.63705444335938
Step-Separation,0.18902835715562105,ADAPTER,0.0,0.0,0.0,0.0,0.0,0.0
Step-Separation,0.18902835715562105,Q1-CORE,2.6214096546173096,0.40851724,0.0018897951,2.589382,66.61333465576172,3.1449496746063232
Step-Separation,0.18902835715562105,Q1-INNERSKIN,2.644057035446167,0.40161237,-0.006334938,2.6133704,65.37092590332031,182.83029174804688
Step-Separation,0.18902835715562105,Q1-OUTERSKIN,2.404602289199829,0.2969955,0.23508112,2.3745825,11.089909553527832,116.4936294555664
Step-Separation,0.18902835715562105,Q2-CORE,5.868527889251709,2.1157908,0.1815377,-5.4708405,17.992834091186523,2.615703821182251
Step-Separation,0.18902835715562105,Q2-INNERSKIN,5.8686676025390625,2.1144497,0.1657856,-5.472008,17.942752838134766,80.1865234375
Step-Separation,0.18902835715562105,Q2-OUTERSKIN,5.6617231369018555,2.0287833,0.716292,-5.236991,17.916912078857422,165.61532592773438
Step-Separation,0.19102749694138765,ADAPTER,0.0,0.0,0.0,0.0,0.0,0.0
Step-Separation,0.19102749694138765,Q1-CORE,2.634638786315918,0.4065058,0.002576746,2.6030881,67.18669128417969,3.1480424404144287
Step-Separation,0.19102749694138765,Q1-INNERSKIN,2.6575217247009277,0.39957184,-0.0056118295,2.6273053,65.97102355957031,183.3498077392578
Step-Separation,0.19102749694138765,Q1-OUTERSKIN,2.4181251525878906,0.29489526,0.23545866,2.3884985,11.067156791687012,117.29376983642578
Step-Separation,0.19102749694138765,Q2-CORE,5.901477813720703,2.1223457,0.18429743,-5.503556,17.927427291870117,2.6158978939056396
Step-Separation,0.19102749694138765,Q2-INNERSKIN,5.901615142822266,2.1210086,0.16853996,-5.504723,17.881376266479492,80.12908172607422
Step-Separation,0.19102749694138765,Q2-OUTERSKIN,5.694626808166504,2.0349188,0.7194979,-5.269744,17.876102447509766,165.59246826171875
Step-Separation,0.19302663672715425,ADAPTER,0.0,0.0,0.0,0.0,0.0,0.0
Step-Separation,0.19302663672715425,Q1-CORE,2.6477761268615723,0.40456766,0.003254965,2.6166835,67.65289306640625,3.150644540786743
Step-Separation,0.19302663672715425,Q1-INNERSKIN,2.670893907546997,0.39760536,-0.004897237,2.6411285,66.4634017944336,183.86614990234375
Step-Separation,0.19302663672715425,Q1-OUTERSKIN,2.4316391944885254,0.29276332,0.23584493,2.4024022,11.0150146484375,118.091552734375
Step-Separation,0.19302663672715425,Q2-CORE,5.934351921081543,2.1288378,0.18705027,-5.5362077,17.888778686523438,2.616240978240967
Step-Separation,0.19302663672715425,Q2-INNERSKIN,5.934484958648682,2.1275053,0.17128743,-5.537372,17.851478576660156,80.07186889648438
Step-Separation,0.19302663672715425,Q2-OUTERSKIN,5.72745418548584,2.0409892,0.7226972,-5.3024335,17.839397430419922,165.57113647460938
Step-Separation,0.19502577651292086,ADAPTER,0.0,0.0,0.0,0.0,0.0,0.0
Step-Separation,0.19502577651292086,Q1-CORE,2.6609303951263428,0.4026383,0.0039279535,2.6302886,68.17228698730469,3.1531167030334473
Step-Separation,0.19502577651292086,Q1-INNERSKIN,2.6842825412750244,0.39564824,-0.00418818,2.6549609,67.01097869873047,184.3710479736328
Step-Separation,0.19502577651292086,Q1-OUTERSKIN,2.4451470375061035,0.29063922,0.2362219,2.416293,11.031298637390137,118.89713287353516
Step-Separation,0.19502577651292086,Q2-CORE,5.967154502868652,2.1352847,0.189795,-5.5687943,17.848312377929688,2.6164956092834473
Step-Separation,0.19502577651292086,Q2-INNERSKIN,5.967282772064209,2.1339564,0.17402704,-5.569956,17.837604522705078,80.0133056640625
Step-Separation,0.19502577651292086,Q2-OUTERSKIN,5.760220050811768,2.0469944,0.72588986,-5.3350754,17.802888870239258,165.55116271972656
Step-Separation,0.19702491629868746,ADAPTER,0.0,0.0,0.0,0.0,0.0,0.0
Step-Separation,0.19702491629868746,Q1-CORE,2.6740469932556152,0.4006857,0.004593231,2.6438527,68.6572036743164,3.1557343006134033
Step-Separation,0.19702491629868746,Q1-INNERSKIN,2.697633743286133,0.39366776,-0.003486514,2.6687527,67.52397155761719,184.87522888183594
Step-Separation,0.19702491629868746,Q1-OUTERSKIN,2.458584785461426,0.28856632,0.23660196,2.4301004,10.97694206237793,119.69085693359375
Step-Separation,0.19702491629868746,Q2-CORE,5.999883651733398,2.1416514,0.19253294,-5.601327,17.783987045288086,2.616647958755493
Step-Separation,0.19702491629868746,Q2-INNERSKIN,6.000009059906006,2.140328,0.17675985,-5.602487,17.784099578857422,79.9598617553711
Step-Separation,0.19702491629868746,Q2-OUTERSKIN,5.7928972244262695,2.0529385,0.72907096,-5.36764,17.772533416748047,165.52694702148438
Step-Separation,0.19902405608445406,ADAPTER,0.0,0.0,0.0,0.0,0.0,0.0
Step-Separation,0.19902405608445406,Q1-CORE,2.6871273517608643,0.3987638,0.0052625015,2.6573696,68.99383544921875,3.1585843563079834
Step-Separation,0.19902405608445406,Q1-INNERSKIN,2.7109482288360596,0.3917181,-0.0027815253,2.6824968,67.88717651367188,185.37973022460938
Step-Separation,0.19902405608445406,Q1-OUTERSKIN,2.4720335006713867,0.2864398,0.23697771,2.4439197,10.897418975830078,120.48519134521484
Step-Separation,0.19902405608445406,Q2-CORE,6.03255033493042,2.1479635,0.19526549,-5.6338077,17.754667282104492,2.616863489151001
Step-Separation,0.19902405608445406,Q2-INNERSKIN,6.032671928405762,2.146644,0.17948733,-5.6349654,17.754709243774414,79.90340423583984
Step-Separation,0.19902405608445406,Q2-OUTERSKIN,5.825519561767578,2.0588303,0.732248,-5.4001584,17.729801177978516,165.50799560546875
Step-Separation,0.20102319587022066,ADAPTER,0.0,0.0,0.0,0.0,0.0,0.0
Step-Separation,0.20102319587022066,Q1-CORE,2.7001824378967285,0.39682764,0.005930759,2.6708572,69.54425048828125,3.161088228225708
Step-Separation,0.20102319587022066,Q1-INNERSKIN,2.7242374420166016,0.3897545,-0.0020769984,2.6962116,68.47186279296875,185.8778533935547
Step-Separation,0.20102319587022066,Q1-OUTERSKIN,2.485407829284668,0.28436482,0.23733796,2.4576533,10.904399871826172,121.27867889404297
Step-Separation,0.20102319587022066,Q2-CORE,6.065134048461914,2.154224,0.1979957,-5.666213,17.72690200805664,2.617065191268921
Step-Separation,0.20102319587022066,Q2-INNERSKIN,6.06525182723999,2.1529088,0.18221234,-5.667368,17.698888778686523,79.96585845947266
Step-Separation,0.20102319587022066,Q2-OUTERSKIN,5.858075141906738,2.0646608,0.73541915,-5.432622,17.6995792388916,165.4880828857422
Step-Separation,0.20302233565598726,ADAPTER,0.0,0.0,0.0,0.0,0.0,0.0
Step-Separation,0.20302233565598726,Q1-CORE,2.7132153511047363,0.39493263,0.006583154,2.6843104,69.93315124511719,3.1638991832733154
Step-Separation,0.20302233565598726,Q1-INNERSKIN,2.7375032901763916,0.38783216,-0.0013887137,2.7098908,68.8904037475586,186.38589477539062
Step-Separation,0.20302233565598726,Q1-OUTERSKIN,2.498762607574463,0.28228912,0.23769058,2.471362,10.860565185546875,122.06670379638672
Step-Separation,0.20302233565598726,Q2-CORE,6.097665786743164,2.1604202,0.2007191,-5.698581,17.677122116088867,2.6173369884490967
Step-Separation,0.20302233565598726,Q2-INNERSKIN,6.0977783203125,2.1591084,0.18493076,-5.699733,17.669458389282227,80.0357894897461
Step-Separation,0.20302233565598726,Q2-OUTERSKIN,5.890560150146484,2.0704389,0.73858374,-5.4650226,17.669700622558594,165.46517944335938
Step-Separation,0.20500000286847353,ADAPTER,0.0,0.0,0.0,0.0,0.0,0.0
Step-Separation,0.20500000286847353,Q1-CORE,2.726078987121582,0.39297885,0.0072217584,2.6975956,74.02725219726562,3.1666619777679443
Step-Separation,0.20500000286847353,Q1-INNERSKIN,2.7506003379821777,0.3858529,-0.0007143095,2.723402,73.00452423095703,186.9757080078125
Step-Separation,0.20500000286847353,Q1-OUTERSKIN,2.5119409561157227,0.28021985,0.23804672,2.484886,10.861133575439453,122.83773040771484
Step-Separation,0.20500000286847353,Q2-CORE,6.1297712326049805,2.166482,0.2034053,-5.730539,17.65619659423828,2.6174967288970947
Step-Separation,0.20500000286847353,Q2-INNERSKIN,6.129879474639893,2.1651745,0.18761195,-5.7316875,17.656169891357422,80.10296630859375
Step-Separation,0.20500000286847353,Q2-OUTERSKIN,5.922635555267334,2.076106,0.74170655,-5.4970236,17.63763427734375,165.4437255859375
