step,time_s,instance,u_mag_max_mm,u_x_max_mm,u_y_max_mm,u_z_max_mm,v_mag_max_mm_s,s_mises_max_MPa
Step-Preload,0.0,ADAPTER,0.0,0.0,0.0,0.0,0.0,0.0
Step-Preload,0.0,Q1-CORE,0.0,0.0,0.0,0.0,0.0,0.0
Step-Preload,0.0,Q1-INNERSKIN,0.0,0.0,0.0,0.0,0.0,0.0
Step-Preload,0.0,Q1-OUTERSKIN,0.0,0.0,0.0,0.0,0.0,0.0
Step-Preload,0.0,Q2-CORE,0.0,0.0,0.0,0.0,0.0,0.0
Step-Preload,0.0,Q2-INNERSKIN,0.0,0.0,0.0,0.0,0.0,0.0
Step-Preload,0.0,Q2-OUTERSKIN,0.0,0.0,0.0,0.0,0.0,0.0
Step-Preload,0.00029999989783391356,ADAPTER,0.0,0.0,0.0,0.0,0.0,0.0
Step-Preload,0.00029999989783391356,Q1-CORE,2.939386831712909e-06,1.0387278e-12,-2.9393868e-06,8.220422e-13,0.019498206675052643,2.308557668584399e-06
Step-Preload,0.00029999989783391356,Q1-INNERSKIN,2.9397610887826886e-06,-1.61395e-09,-2.9397606e-06,-8.248975e-11,0.01952395774424076,3.8891801523277536e-05
Step-Preload,0.00029999989783391356,Q1-OUTERSKIN,2.9394670946203405e-06,-5.4763534e-13,-2.939467e-06,5.944986e-13,0.01949223503470421,2.9033335522399284e-06
Step-Preload,0.00029999989783391356,Q2-CORE,2.942738092315267e-06,8.8949365e-10,-2.942736e-06,-3.3158263e-09,0.01964416541159153,1.4695922345708823e-06
Step-Preload,0.00029999989783391356,Q2-INNERSKIN,2.944251036751666e-06,8.894742e-10,-2.944249e-06,-3.3101726e-09,0.01967102847993374,2.916455559898168e-05
Step-Preload,0.00029999989783391356,Q2-OUTERSKIN,2.9394695957307704e-06,-2.860332e-13,-2.9394696e-06,3.5176197e-13,0.019492246210575104,2.83224676422833e-06
Step-Preload,0.0005999997374601662,ADAPTER,0.0,0.0,0.0,0.0,0.0,0.0
Step-Preload,0.0005999997374601662,Q1-CORE,1.1643006473605055e-05,-6.494822e-14,-1.16430065e-05,7.312656e-14,0.038854483515024185,1.204144837174681e-06
Step-Preload,0.0005999997374601662,Q1-INNERSKIN,1.1646454368019477e-05,-1.1072622e-09,-1.1646434e-05,-2.1605434e-08,0.03886594995856285,1.4545908925356343e-05
Step-Preload,0.0005999997374601662,Q1-OUTERSKIN,1.164320383395534e-05,3.4302972e-13,-1.1643204e-05,7.800297e-14,0.03841520473361015,9.14961037778994e-06
Step-Preload,0.0005999997374601662,Q2-CORE,1.1643008292594459e-05,-5.3987484e-13,-1.1643008e-05,4.5868566e-13,0.03879348188638687,9.060794354809332e-07
Step-Preload,0.0005999997374601662,Q2-INNERSKIN,1.1647925020952243e-05,5.366518e-10,-1.1647925e-05,-1.3124071e-10,0.03880712389945984,1.6314725144184195e-05
Step-Preload,0.0005999997374601662,Q2-OUTERSKIN,1.1643211109912954e-05,7.0734553e-13,-1.1643211e-05,4.5268956e-13,0.03841523081064224,1.0451191883475985e-05
Step-Preload,0.0007999996305443347,ADAPTER,0.0,0.0,0.0,0.0,0.0,0.0
Step-Preload,0.0007999996305443347,Q1-CORE,2.0564606529660523e-05,-5.381386e-08,-2.0564536e-05,-2.6012306e-09,0.05090988427400589,1.4361310149979545e-06
Step-Preload,0.0007999996305443347,Q1-INNERSKIN,2.0572097128024325e-05,-2.749053e-09,-2.0572026e-05,-5.380698e-08,0.050899308174848557,1.8380265828454867e-05
Step-Preload,0.0007999996305443347,Q1-OUTERSKIN,2.0562441932270303e-05,-4.3471865e-14,-2.0562442e-05,3.315876e-14,0.050726424902677536,7.863023711252026e-06
Step-Preload,0.0007999996305443347,Q2-CORE,2.056461016763933e-05,-2.7478766e-09,-2.056454e-05,5.381147e-08,0.05099444463849068,7.767436613903556e-07
Step-Preload,0.0007999996305443347,Q2-INNERSKIN,2.058025711448863e-05,4.4750433e-08,-2.0580197e-05,2.1293316e-08,0.05097522586584091,1.4475921489065513e-05
Step-Preload,0.0007999996305443347,Q2-OUTERSKIN,2.0562456484185532e-05,5.1650313e-13,-2.0562456e-05,1.1202841e-12,0.05071567744016647,1.4787158761464525e-05
Step-Preload,0.0010999994119629264,ADAPTER,0.0,0.0,0.0,0.0,0.0,0.0
Step-Preload,0.0010999994119629264,Q1-CORE,3.851326255244203e-05,-1.2529631e-07,-3.851306e-05,-5.882753e-09,0.06883309036493301,9.460517276238534e-07
Step-Preload,0.0010999994119629264,Q1-INNERSKIN,3.852288136840798e-05,-1.2529705e-07,-3.8522678e-05,-5.8771943e-09,0.068842813372612,9.07762751012342e-06
Step-Preload,0.0010999994119629264,Q1-OUTERSKIN,3.8492966268677264e-05,9.206538e-14,-3.8492966e-05,-4.3707895e-13,0.06876731663942337,1.0567199751676526e-05
Step-Preload,0.0010999994119629264,Q2-CORE,3.851426299661398e-05,1.2511488e-07,-3.851406e-05,9.216742e-09,0.0688706487417221,9.61945715971524e-07
Step-Preload,0.0010999994119629264,Q2-INNERSKIN,3.852385270874947e-05,1.2511308e-07,-3.852365e-05,9.216641e-09,0.06887853890657425,1.2801609045709483e-05
Step-Preload,0.0010999994119629264,Q2-OUTERSKIN,3.8492991734528914e-05,6.564783e-15,-3.849299e-05,3.5248963e-13,0.06878352910280228,1.5762876500957645e-05
Step-Preload,0.0013046989915892482,ADAPTER,0.0,0.0,0.0,0.0,0.0,0.0
Step-Preload,0.0013046989915892482,Q1-CORE,5.383064126363024e-05,-1.8308992e-07,-5.383033e-05,-8.964716e-09,0.08079543709754944,1.5917422615530086e-06
Step-Preload,0.0013046989915892482,Q1-INNERSKIN,5.3840307373320684e-05,-1.8309153e-07,-5.3839995e-05,-8.945575e-09,0.0807928666472435,1.2040523870382458e-05
Step-Preload,0.0013046989915892482,Q1-OUTERSKIN,5.3790383390150964e-05,4.0247656e-11,-5.3790383e-05,6.590631e-11,0.08077608793973923,1.2896136468043551e-05
Step-Preload,0.0013046989915892482,Q2-CORE,5.38347740075551e-05,1.8242974e-07,-5.3834465e-05,5.513802e-10,0.0808119848370552,1.1981544503214536e-06
Step-Preload,0.0013046989915892482,Q2-INNERSKIN,5.384437463362701e-05,1.8242706e-07,-5.3844065e-05,5.34596e-10,0.08081258088350296,1.2895241525257006e-05
Step-Preload,0.0013046989915892482,Q2-OUTERSKIN,5.379039066610858e-05,5.1487408e-11,-5.379039e-05,-6.021469e-11,0.0807243213057518,1.4907490367477294e-05
Step-Preload,0.0015046987682580948,ADAPTER,0.0,0.0,0.0,0.0,0.0,0.0
Step-Preload,0.0015046987682580948,Q1-CORE,7.114256004570052e-05,-2.433684e-07,-7.1142145e-05,-1.7131823e-08,0.09233784675598145,1.1294528121652547e-06
Step-Preload,0.0015046987682580948,Q1-INNERSKIN,7.115121115930378e-05,-2.4337723e-07,-7.115079e-05,-1.7120712e-08,0.09231030941009521,1.7317062884103507e-05
Step-Preload,0.0015046987682580948,Q1-OUTERSKIN,7.108046702342108e-05,2.1543127e-10,-7.108047e-05,1.6342451e-10,0.09220870584249496,1.7895739802042954e-05
Step-Preload,0.0015046987682580948,Q2-CORE,7.114771869964898e-05,2.421552e-07,-7.114731e-05,-1.09981215e-08,0.09237900376319885,1.03791114725027e-06
Step-Preload,0.0015046987682580948,Q2-INNERSKIN,7.115636253729463e-05,2.4215174e-07,-7.115595e-05,-1.0985058e-08,0.09237915277481079,1.7343731087748893e-05
Step-Preload,0.0015046987682580948,Q2-OUTERSKIN,7.108048885129392e-05,-1.6798841e-10,-7.108049e-05,2.172785e-10,0.09219815582036972,1.7947982996702194e-05
Step-Preload,0.001804698258638382,ADAPTER,0.0,0.0,0.0,0.0,0.0,0.0
Step-Preload,0.001804698258638382,Q1-CORE,0.00010134760668734089,-3.391012e-07,-0.00010134704,-2.5366985e-08,0.10900092124938965,1.5304800626836368e-06
Step-Preload,0.001804698258638382,Q1-INNERSKIN,0.00010135393677046522,-3.391072e-07,-0.00010135337,-2.5358029e-08,0.10899209976196289,2.7011683414457366e-05
Step-Preload,0.001804698258638382,Q1-OUTERSKIN,0.00010125751578016207,7.4637013e-10,-0.000101257516,5.619488e-10,0.10897012054920197,2.53019552474143e-05
Step-Preload,0.001804698258638382,Q2-CORE,0.0001013499204418622,3.3329738e-07,-0.00010134937,-2.8936844e-08,0.10905390977859497,9.812748658077908e-07
Step-Preload,0.001804698258638382,Q2-INNERSKIN,0.00010135626507690176,3.3329928e-07,-0.00010135571,-2.8911224e-08,0.10904427617788315,2.705049882933963e-05
Step-Preload,0.001804698258638382,Q2-OUTERSKIN,0.00010125754488399252,5.617375e-10,-0.000101257545,-7.494529e-10,0.10894258320331573,2.538543412811123e-05
Step-Preload,0.0020046979188919067,ADAPTER,0.0,0.0,0.0,0.0,0.0,0.0
Step-Preload,0.0020046979188919067,Q1-CORE,0.00012423917360138148,-4.0238555e-07,-0.00012423852,-3.185582e-08,0.12000839412212372,1.7887307421915466e-06
Step-Preload,0.0020046979188919067,Q1-INNERSKIN,0.0001242442085640505,-4.023887e-07,-0.00012424355,-3.1861372e-08,0.11989768594503403,3.2771746191428974e-05
Step-Preload,0.0020046979188919067,Q1-OUTERSKIN,0.00012413732474669814,7.589121e-10,-0.00012413732,1.5483471e-09,0.12000772356987,2.9335451472434215e-05
Step-Preload,0.0020046979188919067,Q2-CORE,0.0001242395956069231,3.8870272e-07,-0.00012423898,-4.239748e-08,0.11991015821695328,1.0083265351568116e-06
Step-Preload,0.0020046979188919067,Q2-INNERSKIN,0.00012424460146576166,3.8870527e-07,-0.00012424399,-4.2382887e-08,0.11991013586521149,3.277231371612288e-05
Step-Preload,0.0020046979188919067,Q2-OUTERSKIN,0.00012413733929861337,-9.931129e-10,-0.00012413734,1.322183e-09,0.11987688392400742,2.934938129328657e-05
Step-Preload,0.002304697409272194,ADAPTER,0.0,0.0,0.0,0.0,0.0,0.0
Step-Preload,0.002304697409272194,Q1-CORE,0.0001626000739634037,-4.8408043e-07,-0.00016259935,-4.7499014e-08,0.13597546517848969,1.9209492165828124e-06
Step-Preload,0.002304697409272194,Q1-INNERSKIN,0.00016260473057627678,-4.840891e-07,-0.000162604,-4.740344e-08,0.13584089279174805,3.8621968997176737e-05
Step-Preload,0.002304697409272194,Q1-OUTERSKIN,0.0001624989090487361,9.597781e-08,-0.00016249884,1.2613278e-07,0.13597524166107178,3.239486977690831e-05
Step-Preload,0.002304697409272194,Q2-CORE,0.00016260005941148847,-4.840994e-07,-0.00016259933,4.7491987e-08,0.13584348559379578,1.0067089988297084e-06
Step-Preload,0.002304697409272194,Q2-INNERSKIN,0.00016260471602436155,-4.841081e-07,-0.00016260399,4.739647e-08,0.13583320379257202,3.8621721614617854e-05
Step-Preload,0.002304697409272194,Q2-OUTERSKIN,0.00016249042528215796,4.2008956e-09,-0.00016249043,-1.2145659e-09,0.1358293890953064,3.320712858112529e-05
Step-Preload,0.0025046970695257187,ADAPTER,0.0,0.0,0.0,0.0,0.0,0.0
Step-Preload,0.0025046970695257187,Q1-CORE,0.00019079710182268173,-5.4252683e-07,-0.00019079632,-5.497895e-08,0.14618049561977386,1.987836867556325e-06
Step-Preload,0.0025046970695257187,Q1-INNERSKIN,0.0001908026752062142,-5.425391e-07,-0.00019080189,-5.4847153e-08,0.14618894457817078,4.064997483510524e-05
Step-Preload,0.0025046970695257187,Q1-OUTERSKIN,0.00019071636779699475,1.01546156e-07,-0.0001907163,1.3355472e-07,0.1461653858423233,3.2947686122497544e-05
Step-Preload,0.0025046970695257187,Q2-CORE,0.0001907970872707665,-5.42555e-07,-0.0001907963,5.496434e-08,0.14619579911231995,1.020552872432745e-06
Step-Preload,0.0025046970695257187,Q2-INNERSKIN,0.00019080266065429896,-5.425673e-07,-0.00019080187,5.4832583e-08,0.14619247615337372,4.0646842535352334e-05
Step-Preload,0.0025046970695257187,Q2-OUTERSKIN,0.00019068621622864157,7.881008e-09,-0.00019068622,-2.1150213e-09,0.14614883065223694,3.301501055830158e-05
Step-Preload,0.002804696559906006,ADAPTER,0.0,0.0,0.0,0.0,0.0,0.0
Step-Preload,0.002804696559906006,Q1-CORE,0.00023693000548519194,-6.238504e-07,-0.00023692916,-7.4468694e-08,0.16148166358470917,1.7627919532969827e-06
Step-Preload,0.002804696559906006,Q1-INNERSKIN,0.000236938038142398,-6.238603e-07,-0.0002369372,-7.439322e-08,0.1614704579114914,4.14107707911171e-05
Step-Preload,0.002804696559906006,Q1-OUTERSKIN,0.00023681626771576703,1.8241465e-08,-0.00023681627,4.847635e-09,0.16132435202598572,3.523597479215823e-05
Step-Preload,0.002804696559906006,Q2-CORE,0.00023693147522863,6.2191776e-07,-0.00023693065,-6.9431195e-08,0.1613920032978058,8.859207696332305e-07
Step-Preload,0.002804696559906006,Q2-INNERSKIN,0.0002369394787820056,6.219272e-07,-0.00023693865,-6.935802e-08,0.16140080988407135,4.14091809943784e-05
Step-Preload,0.002804696559906006,Q2-OUTERSKIN,0.00023681657330598682,-1.8347084e-08,-0.00023681657,3.9557873e-09,0.16132894158363342,3.5220145946368575e-05
Step-Preload,0.0030046964529901743,ADAPTER,0.0,0.0,0.0,0.0,0.0,0.0
Step-Preload,0.0030046964529901743,Q1-CORE,0.0002701868361327797,-6.771692e-07,-0.00027018596,-9.326322e-08,0.1712871640920639,1.8216617263533408e-06
Step-Preload,0.0030046964529901743,Q1-INNERSKIN,0.00027019664412364364,-6.7718395e-07,-0.00027019577,-9.314687e-08,0.1712791472673416,4.068316411576234e-05
Step-Preload,0.0030046964529901743,Q1-OUTERSKIN,0.0002700669865589589,2.7999745e-08,-0.000270067,7.3885427e-09,0.17117588222026825,3.80838246201165e-05
Step-Preload,0.0030046964529901743,Q2-CORE,0.0002701900084502995,6.7643396e-07,-0.00027018916,-8.919164e-08,0.17125968635082245,9.165554502033046e-07
Step-Preload,0.0030046964529901743,Q2-INNERSKIN,0.0002701998455449939,6.7644834e-07,-0.000270199,-8.907892e-08,0.17126452922821045,4.058860577060841e-05
Step-Preload,0.0030046964529901743,Q2-OUTERSKIN,0.0002700677141547203,-2.7975872e-08,-0.0002700677,6.7927197e-09,0.1711938977241516,3.80591991415713e-05
Step-Preload,0.003304696176201105,ADAPTER,0.0,0.0,0.0,0.0,0.0,0.0
Step-Preload,0.003304696176201105,Q1-CORE,0.0003237287746742368,-7.862014e-07,-0.0003237278,-1.1076523e-07,0.18565604090690613,1.4634691751780338e-06
Step-Preload,0.003304696176201105,Q1-INNERSKIN,0.0003237402706872672,-7.8621963e-07,-0.00032373928,-1.10621265e-07,0.18566009402275085,3.952816405217163e-05
Step-Preload,0.003304696176201105,Q1-OUTERSKIN,0.0003235900367144495,9.7906065e-09,-0.00032359004,2.6669493e-09,0.18559448421001434,4.2740088247228414e-05
Step-Preload,0.003304696176201105,Q2-CORE,0.0003237301134504378,7.710539e-07,-0.00032372918,-1.1920168e-07,0.1856803148984909,1.1464925364634837e-06
Step-Preload,0.003304696176201105,Q2-INNERSKIN,0.00032374149304814637,7.710692e-07,-0.00032374056,-1.1909607e-07,0.18568123877048492,3.935649510822259e-05
Step-Preload,0.003304696176201105,Q2-OUTERSKIN,0.0003235908516217023,-9.800936e-09,-0.00032359085,2.112167e-09,0.18560588359832764,4.27511113230139e-05
Step-Preload,0.00350469583645463,ADAPTER,0.0,0.0,0.0,0.0,0.0,0.0
Step-Preload,0.00350469583645463,Q1-CORE,0.0003618021437432617,-1.0915393e-07,-0.00036180113,-8.6350684e-07,0.19504040479660034,1.5829456287974608e-06
Step-Preload,0.00350469583645463,Q1-INNERSKIN,0.0003618135815486312,-1.0901257e-07,-0.00036181253,-8.635251e-07,0.19503462314605713,4.3920550524489954e-05
Step-Preload,0.00350469583645463,Q1-OUTERSKIN,0.0003616483591031283,1.645697e-08,-0.00036164836,3.9620973e-09,0.1949865221977234,4.61337149317842e-05
Step-Preload,0.00350469583645463,Q2-CORE,0.0003618022601585835,8.3470934e-07,-0.00036180127,-1.4584006e-07,0.19505244493484497,1.1751139936677646e-06
Step-Preload,0.00350469583645463,Q2-INNERSKIN,0.00036181361065246165,-1.090422e-07,-0.00036181256,8.636415e-07,0.1950550377368927,4.330481169745326e-05
Step-Preload,0.00350469583645463,Q2-OUTERSKIN,0.00036164961056783795,-1.6027919e-08,-0.0003616496,4.405698e-09,0.19498130679130554,4.6139310143189505e-05
Step-Preload,0.003804695326834917,ADAPTER,0.0,0.0,0.0,0.0,0.0,0.0
Step-Preload,0.003804695326834917,Q1-CORE,0.0004223781288601458,-1.3976849e-07,-0.00042237702,-9.639991e-07,0.20879694819450378,1.8038405187326134e-06
Step-Preload,0.003804695326834917,Q1-INNERSKIN,0.0004223879368510097,-1.39658e-07,-0.00042238683,-9.640246e-07,0.2087889462709427,5.0302922318223864e-05
Step-Preload,0.003804695326834917,Q1-OUTERSKIN,0.0004222039133310318,7.4695174e-09,-0.0004222039,3.052846e-08,0.20869387686252594,5.167031122255139e-05
Step-Preload,0.003804695326834917,Q2-CORE,0.0004223781288601458,-1.3976802e-07,-0.00042237702,9.640474e-07,0.20875827968120575,1.0048460126199643e-06
Step-Preload,0.003804695326834917,Q2-INNERSKIN,0.0004223879368510097,-1.3965578e-07,-0.00042238683,9.64073e-07,0.20875249803066254,5.045954094384797e-05
Step-Preload,0.003804695326834917,Q2-OUTERSKIN,0.0004222049319650978,-2.9634569e-08,-0.00042220493,8.583038e-09,0.20869770646095276,5.167492781765759e-05
Step-Preload,0.004004694987088442,ADAPTER,0.0,0.0,0.0,0.0,0.0,0.0
Step-Preload,0.004004694987088442,Q1-CORE,0.00046501486212946475,-1.6651158e-07,-0.00046501373,-1.0163335e-06,0.2176387459039688,1.7705083337204996e-06
Step-Preload,0.004004694987088442,Q1-INNERSKIN,0.00046502301120199263,-1.4905301e-07,-0.00046502185,-1.0333584e-06,0.2176397740840912,5.5150700063677505e-05
Step-Preload,0.004004694987088442,Q1-OUTERSKIN,0.00046483290498144925,9.972691e-09,-0.0004648329,4.0714575e-08,0.21761202812194824,5.529539703275077e-05
Step-Preload,0.004004694987088442,Q2-CORE,0.0004650148330256343,-1.6651246e-07,-0.0004650137,1.0164357e-06,0.21765324473381042,8.290045343528618e-07
Step-Preload,0.004004694987088442,Q2-INNERSKIN,0.0004650230403058231,-1.6640152e-07,-0.0004650219,1.0164566e-06,0.21764013171195984,5.512870484380983e-05
Step-Preload,0.004004694987088442,Q2-OUTERSKIN,0.00046483351616188884,-3.979479e-08,-0.00046483352,1.0976459e-08,0.21761856973171234,5.527268149307929e-05
Step-Preload,0.004304182715713978,ADAPTER,0.0,0.0,0.0,0.0,0.0,0.0
Step-Preload,0.004304182715713978,Q1-CORE,0.0005321395001374185,-1.98242e-07,-0.0005321384,-1.0840423e-06,0.23071728646755219,1.5613644563927664e-06
Step-Preload,0.004304182715713978,Q1-INNERSKIN,0.0005321456119418144,-1.9812451e-07,-0.0005321445,-1.0840669e-06,0.23068012297153473,6.083982589188963e-05
Step-Preload,0.004304182715713978,Q1-OUTERSKIN,0.0005319564952515066,1.3266776e-08,-0.0005319565,5.3781616e-08,0.23071712255477905,5.990009958622977e-05
Step-Preload,0.004304182715713978,Q2-CORE,0.0005321395583450794,1.9822072e-07,-0.00053213845,-1.0840602e-06,0.23067763447761536,6.847607778581732e-07
Step-Preload,0.004304182715713978,Q2-INNERSKIN,0.0005321457283571362,1.9810372e-07,-0.0005321446,-1.0840846e-06,0.23067039251327515,6.142436905065551e-05
Step-Preload,0.004304182715713978,Q2-OUTERSKIN,0.0005319564952515066,-1.327826e-08,-0.0005319565,5.378333e-08,0.23066116869449615,5.994850289425813e-05
Step-Preload,0.004503414500504732,ADAPTER,0.0,0.0,0.0,0.0,0.0,0.0
Step-Preload,0.004503414500504732,Q1-CORE,0.0005789225688204169,-2.0578165e-07,-0.00057892146,-1.1300981e-06,0.2391297072172165,1.5194264051388018e-06
Step-Preload,0.004503414500504732,Q1-INNERSKIN,0.0005789281567558646,-2.0564534e-07,-0.00057892705,-1.1301265e-06,0.2391187846660614,6.42410886939615e-05
Step-Preload,0.004503414500504732,Q1-OUTERSKIN,0.000578744278755039,4.345054e-09,-0.0005787443,1.6809718e-08,0.2391292005777359,6.299327651504427e-05
Step-Preload,0.004503414500504732,Q2-CORE,0.0005789226270280778,2.0575065e-07,-0.0005789215,-1.1301273e-06,0.23914222419261932,7.092899636518268e-07
Step-Preload,0.004503414500504732,Q2-INNERSKIN,0.0005789282731711864,2.056146e-07,-0.00057892717,-1.1301556e-06,0.23915010690689087,6.449564534705132e-05
Step-Preload,0.004503414500504732,Q2-OUTERSKIN,0.0005787446862086654,-1.6136903e-08,-0.0005787447,4.9054925e-09,0.23909667134284973,6.303052941802889e-05
Step-Preload,0.004801621660590172,ADAPTER,0.0,0.0,0.0,0.0,0.0,0.0
Step-Preload,0.004801621660590172,Q1-CORE,0.0006520469323731959,-2.1617907e-07,-0.0006520458,-1.1946616e-06,0.2514840066432953,1.4768995697522769e-06
Step-Preload,0.004801621660590172,Q1-INNERSKIN,0.0006520532188005745,-2.160166e-07,-0.0006520521,-1.1946954e-06,0.2515032887458801,6.67138010612689e-05
Step-Preload,0.004801621660590172,Q1-OUTERSKIN,0.0006518803420476615,8.532093e-09,-0.00065188034,2.8792572e-08,0.25140541791915894,6.700346420984715e-05
Step-Preload,0.004801621660590172,Q2-CORE,0.0006520473980344832,1.172665e-06,-0.0006520463,-2.5760994e-07,0.2514716386795044,7.687259540034574e-07
Step-Preload,0.004801621660590172,Q2-INNERSKIN,0.00065205356804654,1.1726988e-06,-0.00065205246,-2.5745905e-07,0.2514823079109192,6.69235159875825e-05
Step-Preload,0.004801621660590172,Q2-OUTERSKIN,0.0006518802838400006,-8.534262e-09,-0.0006518803,2.8771233e-08,0.2514088749885559,6.70151857775636e-05
Step-Preload,0.004999999888241291,ADAPTER,0.0,0.0,0.0,0.0,0.0,0.0
Step-Preload,0.004999999888241291,Q1-CORE,0.0007027082610875368,-2.4526784e-07,-0.00070270716,-1.2214944e-06,0.259518563747406,1.3660164768225513e-06
Step-Preload,0.004999999888241291,Q1-INNERSKIN,0.0007027155952528119,-2.4510575e-07,-0.0007027145,-1.2215309e-06,0.2595357894897461,6.75729606882669e-05
Step-Preload,0.004999999888241291,Q1-OUTERSKIN,0.0007025455124676228,1.07485585e-08,-0.0007025455,3.6230123e-08,0.2594059109687805,6.922877946635708e-05
Step-Preload,0.004999999888241291,Q2-CORE,0.0007027115789242089,6.0355296e-07,-0.00070271135,-1.3889255e-07,0.2594428062438965,7.360525273725216e-07
Step-Preload,0.004999999888241291,Q2-INNERSKIN,0.0007027156534604728,2.4506966e-07,-0.00070271455,-1.2215997e-06,0.2594539523124695,6.763643614249304e-05
Step-Preload,0.004999999888241291,Q2-OUTERSKIN,0.0007025454542599618,-1.0746288e-08,-0.00070254545,3.6200994e-08,0.2594051659107208,6.925362686160952e-05
Step-Separation,0.004999999888241291,ADAPTER,0.0,0.0,0.0,0.0,0.0,0.0
Step-Separation,0.004999999888241291,Q1-CORE,0.0007027082610875368,-2.4526784e-07,-0.00070270716,-1.2214944e-06,0.259518563747406,1.3660164768225513e-06
Step-Separation,0.004999999888241291,Q1-INNERSKIN,0.0007027155952528119,-2.4510575e-07,-0.0007027145,-1.2215309e-06,0.2595357894897461,6.75729606882669e-05
Step-Separation,0.004999999888241291,Q1-OUTERSKIN,0.0007025455124676228,1.07485585e-08,-0.0007025455,3.6230123e-08,0.2594059109687805,6.922877946635708e-05
Step-Separation,0.004999999888241291,Q2-CORE,0.0007027115789242089,6.0355296e-07,-0.00070271135,-1.3889255e-07,0.2594428062438965,7.360525273725216e-07
Step-Separation,0.004999999888241291,Q2-INNERSKIN,0.0007027156534604728,2.4506966e-07,-0.00070271455,-1.2215997e-06,0.2594539523124695,6.763643614249304e-05
Step-Separation,0.004999999888241291,Q2-OUTERSKIN,0.0007025454542599618,-1.0746288e-08,-0.00070254545,3.6200994e-08,0.2594051659107208,6.925362686160952e-05
Step-Separation,0.0070043259765952826,ADAPTER,0.0,0.0,0.0,0.0,0.0,0.0
Step-Separation,0.0070043259765952826,Q1-CORE,0.7712688446044922,0.20333612,-0.11766994,0.7346182,408.1089782714844,2.563321113586426
Step-Separation,0.0070043259765952826,Q1-INNERSKIN,0.7736185193061829,0.20290859,-0.13017657,0.7350971,410.0018310546875,99.22681427001953
Step-Separation,0.0070043259765952826,Q1-OUTERSKIN,0.49690937995910645,0.14630988,0.1278016,0.457361,362.86114501953125,78.2591323852539
Step-Separation,0.0070043259765952826,Q2-CORE,0.7800884246826172,0.18286093,-0.119669124,-0.74885184,417.60626220703125,2.590817928314209
Step-Separation,0.0070043259765952826,Q2-INNERSKIN,0.7822527885437012,0.1824229,-0.13236438,-0.74908006,419.4228515625,98.22948455810547
Step-Separation,0.0070043259765952826,Q2-OUTERSKIN,0.5042976140975952,0.13298188,0.13027138,-0.46868038,375.5526428222656,78.41484069824219
Step-Separation,0.009003994520753622,ADAPTER,0.0,0.0,0.0,0.0,0.0,0.0
Step-Separation,0.009003994520753622,Q1-CORE,1.2351495027542114,0.3473598,-0.16247848,1.1741108,270.9862060546875,2.1799545288085938
Step-Separation,0.009003994520753622,Q1-INNERSKIN,1.2378360033035278,0.34676537,-0.17703177,1.1750113,271.0185852050781,99.63912963867188
Step-Separation,0.009003994520753622,Q1-OUTERSKIN,0.9735832214355469,0.2975479,0.19401717,0.9064694,248.3734130859375,92.41278839111328
Step-Separation,0.009003994520753622,Q2-CORE,1.2489862442016602,0.31351802,-0.16354908,-1.1978835,273.8323669433594,2.165855884552002
Step-Separation,0.009003994520753622,Q2-INNERSKIN,1.2512010335922241,0.31286046,-0.17837855,-1.1982502,273.8623046875,99.39278411865234
Step-Separation,0.009003994520753622,Q2-OUTERSKIN,0.9826887249946594,0.26816648,0.19713119,-0.9246097,252.77427673339844,92.22102355957031
Step-Separation,0.011003421619534492,ADAPTER,0.0,0.0,0.0,0.0,0.0,0.0
Step-Separation,0.011003421619534492,Q1-CORE,1.6861928701400757,0.49429712,-0.19345912,1.6004657,216.35501098632812,2.5916733741760254
Step-Separation,0.011003421619534492,Q1-INNERSKIN,1.6890623569488525,0.49363592,-0.20930858,1.6017007,216.3572998046875,108.86642456054688
Step-Separation,0.011003421619534492,Q1-OUTERSKIN,1.4276736974716187,0.44352442,0.25776356,1.3323274,194.53260803222656,126.19937896728516
Step-Separation,0.011003421619534492,Q2-CORE,1.706898808479309,0.4470413,-0.19612998,-1.635601,232.31350708007812,2.596625566482544
Step-Separation,0.011003421619534492,Q2-INNERSKIN,1.7090632915496826,0.44626358,-0.21237488,-1.6360449,232.5147247314453,108.96724700927734
Step-Separation,0.011003421619534492,Q2-OUTERSKIN,1.4445734024047852,0.4010453,0.26122364,-1.3629811,197.63673400878906,126.84464263916016
Step-Separation,0.013002806343138218,ADAPTER,0.0,0.0,0.0,0.0,0.0,0.0
Step-Separation,0.013002806343138218,Q1-CORE,2.028578519821167,0.60697615,-0.20955744,1.924265,244.67715454101562,2.3223390579223633
Step-Separation,0.013002806343138218,Q1-INNERSKIN,2.031538486480713,0.60619587,-0.22549811,1.9258312,244.73031616210938,105.66363525390625
Step-Separation,0.013002806343138218,Q1-OUTERSKIN,1.7700245380401611,0.55655175,0.30064392,1.6531334,191.26600646972656,141.40748596191406
Step-Separation,0.013002806343138218,Q2-CORE,2.052497386932373,0.54863137,-0.21206795,-1.9664121,249.06117248535156,2.2885916233062744
Step-Separation,0.013002806343138218,Q2-INNERSKIN,2.0544779300689697,0.5476492,-0.22839588,-1.9669253,249.11537170410156,104.70012664794922
Step-Separation,0.013002806343138218,Q2-OUTERSKIN,1.7891623973846436,0.50141174,0.30323756,-1.6904838,192.99697875976562,144.0415496826172
Step-Separation,0.015002009458839893,ADAPTER,0.0,0.0,0.0,0.0,0.0,0.0
Step-Separation,0.015002009458839893,Q1-CORE,2.278240442276001,0.692031,-0.21452148,2.159966,199.00857543945312,2.6156182289123535
Step-Separation,0.015002009458839893,Q1-INNERSKIN,2.2814316749572754,0.6907726,-0.231253,2.1620097,194.14474487304688,95.38863372802734
Step-Separation,0.015002009458839893,Q1-OUTERSKIN,2.0345873832702637,0.65663064,0.32669133,1.8978026,184.23289489746094,151.45046997070312
Step-Separation,0.015002009458839893,Q2-CORE,2.3057005405426025,0.6252515,-0.21803285,-2.208569,199.03683471679688,2.654235601425171
Step-Separation,0.015002009458839893,Q2-INNERSKIN,2.307649850845337,0.6237402,-0.23515247,-2.2092757,194.88475036621094,93.3259506225586
Step-Separation,0.015002009458839893,Q2-OUTERSKIN,2.05723237991333,0.59446967,0.3290756,-1.9417827,185.69395446777344,153.9910125732422
Step-Separation,0.017001311294734478,ADAPTER,0.0,0.0,0.0,0.0,0.0,0.0
Step-Separation,0.017001311294734478,Q1-CORE,2.443498373031616,0.7589845,-0.21447481,2.31271,195.86819458007812,2.404672145843506
Step-Separation,0.017001311294734478,Q1-INNERSKIN,2.4468517303466797,0.75757986,-0.2312732,2.315096,195.89891052246094,89.24195098876953
Step-Separation,0.017001311294734478,Q1-OUTERSKIN,2.190171718597412,0.7110256,0.34106922,2.0432734,172.88563537597656,142.51316833496094
Step-Separation,0.017001311294734478,Q2-CORE,2.463552951812744,0.68426704,-0.21771473,-2.3565807,196.63352966308594,2.373058557510376
Step-Separation,0.017001311294734478,Q2-INNERSKIN,2.46541166305542,0.6825296,-0.23493738,-2.357374,196.66661071777344,92.6865005493164
Step-Separation,0.017001311294734478,Q2-OUTERSKIN,2.2072222232818604,0.64176667,0.34264,-2.0838819,175.44039916992188,145.46487426757812
Step-Separation,0.019000603817403316,ADAPTER,0.0,0.0,0.0,0.0,0.0,0.0
Step-Separation,0.019000603817403316,Q1-CORE,2.648615837097168,0.84121734,-0.2127351,2.5024514,156.96177673339844,2.5001134872436523
Step-Separation,0.019000603817403316,Q1-INNERSKIN,2.6521003246307373,0.84022355,-0.22972447,2.5049725,156.96400451660156,90.02334594726562
Step-Separation,0.019000603817403316,Q1-OUTERSKIN,2.395171642303467,0.7760062,0.36456788,2.2364597,147.66529846191406,157.50054931640625
Step-Separation,0.019000603817403316,Q2-CORE,2.6671783924102783,0.75785774,-0.21636398,-2.5480735,159.81790161132812,2.5153956413269043
Step-Separation,0.019000603817403316,Q2-INNERSKIN,2.6689107418060303,0.75650764,-0.23377444,-2.5487509,159.82827758789062,91.42565155029297
Step-Separation,0.019000603817403316,Q2-OUTERSKIN,2.409804105758667,0.6984019,0.36370388,-2.2775228,147.91517639160156,160.14451599121094
Step-Separation,0.021099836565554142,ADAPTER,0.0,0.0,0.0,0.0,0.0,0.0
Step-Separation,0.021099836565554142,Q1-CORE,2.8117289543151855,0.9044399,-0.20500898,2.6543887,116.113037109375,2.4397058486938477
Step-Separation,0.021099836565554142,Q1-INNERSKIN,2.8153903484344482,0.90366995,-0.2223521,2.6571343,114.64083862304688,93.0592041015625
Step-Separation,0.021099836565554142,Q1-OUTERSKIN,2.5561561584472656,0.82927364,0.38254103,2.3874466,114.69302368164062,158.20347595214844
Step-Separation,0.021099836565554142,Q2-CORE,2.822237491607666,0.8127784,-0.21180779,-2.694356,121.33558654785156,2.4524519443511963
Step-Separation,0.021099836565554142,Q2-INNERSKIN,2.823901414871216,0.81160295,-0.22963227,-2.6949933,116.70266723632812,95.80448913574219
Step-Separation,0.021099836565554142,Q2-OUTERSKIN,2.5641205310821533,0.7451099,0.37969837,-2.4239132,117.18690490722656,158.9822235107422
Step-Separation,0.023099119774997234,ADAPTER,0.0,0.0,0.0,0.0,0.0,0.0
Step-Separation,0.023099119774997234,Q1-CORE,2.953888416290283,0.965228,-0.199982,2.7845645,106.26953887939453,2.5916426181793213
Step-Separation,0.023099119774997234,Q1-INNERSKIN,2.9577178955078125,0.9650153,-0.21746951,2.787391,93.61888885498047,97.53450012207031
Step-Separation,0.023099119774997234,Q1-OUTERSKIN,2.692033290863037,0.8742299,0.39233914,2.5157175,90.73783874511719,163.61508178710938
Step-Separation,0.023099119774997234,Q2-CORE,2.978715658187866,0.86961335,-0.20914245,-2.8412638,124.39752197265625,2.4711105823516846
Step-Separation,0.023099119774997234,Q2-INNERSKIN,2.9803097248077393,0.86874986,-0.22723119,-2.8418102,124.38373565673828,100.60778045654297
Step-Separation,0.023099119774997234,Q2-OUTERSKIN,2.7169461250305176,0.7920479,0.3893785,-2.5695994,110.03416442871094,164.85543823242188
Step-Separation,0.025098302401602268,ADAPTER,0.0,0.0,0.0,0.0,0.0,0.0
Step-Separation,0.025098302401602268,Q1-CORE,3.082878589630127,1.0122155,-0.19375189,2.9055154,89.99491882324219,2.566443681716919
Step-Separation,0.025098302401602268,Q1-INNERSKIN,3.0868911743164062,1.0120828,-0.21134736,2.908594,89.99124908447266,94.4977035522461
Step-Separation,0.025098302401602268,Q1-OUTERSKIN,2.8247132301330566,0.92175543,0.4055068,2.6391165,81.89807891845703,168.6194610595703
Step-Separation,0.025098302401602268,Q2-CORE,3.1508474349975586,0.92993915,-0.20525742,-3.003485,92.565673828125,2.5154531002044678
Step-Separation,0.025098302401602268,Q2-INNERSKIN,3.1523635387420654,0.9291385,-0.22355439,-3.0040176,92.55467224121094,97.30298614501953
Step-Separation,0.025098302401602268,Q2-OUTERSKIN,2.889148712158203,0.84419423,0.40642366,-2.7330086,79.70630645751953,180.52420043945312
Step-Separation,0.027097410522401333,ADAPTER,0.0,0.0,0.0,0.0,0.0,0.0
Step-Separation,0.027097410522401333,Q1-CORE,3.193772315979004,1.051874,-0.18390171,3.0099704,64.03059387207031,2.4957287311553955
Step-Separation,0.027097410522401333,Q1-INNERSKIN,3.1979455947875977,1.0515926,-0.20144776,3.0133748,64.15293884277344,97.1400146484375
Step-Separation,0.027097410522401333,Q1-OUTERSKIN,2.9384799003601074,0.96580017,0.41722628,2.7436867,56.649192810058594,171.5978546142578
Step-Separation,0.027097410522401333,Q2-CORE,3.228055238723755,0.9648116,-0.19208673,-3.074505,73.05348205566406,2.583733558654785
Step-Separation,0.027097410522401333,Q2-INNERSKIN,3.229454278945923,0.9643614,-0.21030444,-3.0749235,67.94293212890625,104.19261932373047
Step-Separation,0.027097410522401333,Q2-OUTERSKIN,2.9604530334472656,0.8655416,0.41140303,-2.8010476,68.14643859863281,184.8264617919922
Step-Separation,0.029096531681716442,ADAPTER,0.0,0.0,0.0,0.0,0.0,0.0
Step-Separation,0.029096531681716442,Q1-CORE,3.276313543319702,1.0863044,-0.17289853,3.086143,55.54350280761719,2.4990243911743164
Step-Separation,0.029096531681716442,Q1-INNERSKIN,3.28065824508667,1.0862747,-0.19043142,3.0897348,55.549903869628906,98.26836395263672
Step-Separation,0.029096531681716442,Q1-OUTERSKIN,3.017374038696289,0.99208224,0.42710334,2.8174284,52.85844039916992,176.886962890625
Step-Separation,0.029096531681716442,Q2-CORE,3.2336878776550293,0.9747738,-0.17779773,-3.0781393,62.496192932128906,2.510995388031006
Step-Separation,0.029096531681716442,Q2-INNERSKIN,3.2349812984466553,0.9743338,-0.19577037,-3.078547,56.059539794921875,104.78022003173828
Step-Separation,0.029096531681716442,Q2-OUTERSKIN,2.966895341873169,0.92592496,0.39049825,-2.7915304,59.59879684448242,178.32749938964844
Step-Separation,0.03109565284103155,ADAPTER,0.0,0.0,0.0,0.0,0.0,0.0
Step-Separation,0.03109565284103155,Q1-CORE,3.3102269172668457,1.1060894,-0.16107588,3.115802,50.668067932128906,2.560703992843628
Step-Separation,0.03109565284103155,Q1-INNERSKIN,3.314739942550659,1.1064817,-0.17843807,3.1195126,50.15990447998047,98.46377563476562
Step-Separation,0.03109565284103155,Q1-OUTERSKIN,3.048342704772949,1.0039735,0.4299178,2.84598,50.43992614746094,176.81948852539062
Step-Separation,0.03109565284103155,Q2-CORE,3.2510833740234375,0.987553,-0.17112412,-3.0927331,50.646873474121094,2.6348929405212402
Step-Separation,0.03109565284103155,Q2-INNERSKIN,3.2523326873779297,0.98723847,-0.18910418,-3.0931,48.765052795410156,95.25582885742188
Step-Separation,0.03109565284103155,Q2-OUTERSKIN,2.986900568008423,0.9315828,0.39571506,-2.8101847,50.48825454711914,182.3468475341797
Step-Separation,0.03309478145092726,ADAPTER,0.0,0.0,0.0,0.0,0.0,0.0
Step-Separation,0.03309478145092726,Q1-CORE,3.322338104248047,1.1174423,-0.14960815,3.1251993,58.64398956298828,2.4655044078826904
Step-Separation,0.03309478145092726,Q1-INNERSKIN,3.327035903930664,1.1177263,-0.16679992,3.1292224,58.642059326171875,93.90347290039062
Step-Separation,0.03309478145092726,Q1-OUTERSKIN,3.0612735748291016,1.0085709,0.43448958,2.8575163,53.43338394165039,174.03541564941406
Step-Separation,0.03309478145092726,Q2-CORE,3.1998698711395264,0.97822255,-0.15708841,-3.0426257,60.2734489440918,2.558061361312866
Step-Separation,0.03309478145092726,Q2-INNERSKIN,3.2010343074798584,0.9780013,-0.1747915,-3.042956,60.304447174072266,90.5057373046875
Step-Separation,0.03309478145092726,Q2-OUTERSKIN,2.9530386924743652,0.918848,0.39512748,-2.7784944,58.77668380737305,172.41049194335938
Step-Separation,0.0350939380005002,ADAPTER,0.0,0.0,0.0,0.0,0.0,0.0
Step-Separation,0.0350939380005002,Q1-CORE,3.3215534687042236,1.1268903,-0.1371476,3.1215422,62.3504524230957,2.5981483459472656
Step-Separation,0.0350939380005002,Q1-INNERSKIN,3.3264410495758057,1.1275615,-0.15424041,3.1257038,58.98847961425781,88.20271301269531
Step-Separation,0.0350939380005002,Q1-OUTERSKIN,3.0707812309265137,1.0635353,0.4202683,2.849906,62.35048294067383,173.23764038085938
Step-Separation,0.0350939380005002,Q2-CORE,3.171459674835205,0.9725714,-0.14490186,-3.0151725,50.903419494628906,2.5380051136016846
Step-Separation,0.0350939380005002,Q2-INNERSKIN,3.172555446624756,0.97239906,-0.16250679,-3.0154831,50.92209243774414,88.29582977294922
Step-Separation,0.0350939380005002,Q2-OUTERSKIN,2.927675724029541,0.9095733,0.39946118,-2.7539775,47.713897705078125,166.96124267578125
Step-Separation,0.03709313739091158,ADAPTER,0.0,0.0,0.0,0.0,0.0,0.0
Step-Separation,0.03709313739091158,Q1-CORE,3.306734561920166,1.1274031,-0.1235308,3.1061544,45.16078186035156,2.5520832538604736
Step-Separation,0.03709313739091158,Q1-INNERSKIN,3.311802387237549,1.1281676,-0.14044455,3.1105542,45.17557907104492,85.20266723632812
Step-Separation,0.03709313739091158,Q1-OUTERSKIN,3.062016725540161,1.0589993,0.42433044,2.8415508,44.35040283203125,167.6036834716797
Step-Separation,0.03709313739091158,Q2-CORE,3.1762781143188477,0.97643566,-0.1353908,-3.0194347,43.049774169921875,2.5578725337982178
Step-Separation,0.03709313739091158,Q2-INNERSKIN,3.1773195266723633,0.9762638,-0.15299876,-3.0197449,40.34194564819336,88.17747497558594
Step-Separation,0.03709313739091158,Q2-OUTERSKIN,2.93099308013916,0.9108809,0.40830943,-2.7557757,39.252227783203125,167.630615234375
Step-Separation,0.03909235168248415,ADAPTER,0.0,0.0,0.0,0.0,0.0,0.0
Step-Separation,0.03909235168248415,Q1-CORE,3.3116841316223145,1.132311,-0.11450007,3.109986,37.5615119934082,2.528249979019165
Step-Separation,0.03909235168248415,Q1-INNERSKIN,3.3169615268707275,1.1331573,-0.1313628,3.114632,35.57651901245117,83.0278549194336
Step-Separation,0.03909235168248415,Q1-OUTERSKIN,3.0664100646972656,1.0608587,0.4316597,2.8444893,35.566673278808594,165.14996337890625
Step-Separation,0.03909235168248415,Q2-CORE,3.1715476512908936,0.9779274,-0.123504266,-3.014485,37.690704345703125,2.5618574619293213
Step-Separation,0.03909235168248415,Q2-INNERSKIN,3.1725170612335205,0.9778615,-0.14100797,-3.0147583,37.56790542602539,91.08698272705078
Step-Separation,0.03909235168248415,Q2-OUTERSKIN,2.9343016147613525,0.9108844,0.41527647,-2.758253,35.84986114501953,165.56422424316406
Step-Separation,0.04109156597405672,ADAPTER,0.0,0.0,0.0,0.0,0.0,0.0
Step-Separation,0.04109156597405672,Q1-CORE,3.325049638748169,1.1401129,-0.105400294,3.1216965,40.577606201171875,2.5646884441375732
Step-Separation,0.04109156597405672,Q1-INNERSKIN,3.330533981323242,1.1411637,-0.12218382,3.1265433,38.77516174316406,83.68074798583984
Step-Separation,0.04109156597405672,Q1-OUTERSKIN,3.0852463245391846,1.0671916,0.43869287,2.8613627,39.436153411865234,165.59219360351562
Step-Separation,0.04109156597405672,Q2-CORE,3.1825125217437744,0.98338646,-0.11429727,-3.0246112,39.469242095947266,2.530482530593872
Step-Separation,0.04109156597405672,Q2-INNERSKIN,3.1834287643432617,0.98327976,-0.13180237,-3.024898,39.47502517700195,88.48625183105469
Step-Separation,0.04109156597405672,Q2-OUTERSKIN,2.945187568664551,0.9136294,0.42239797,-2.7678497,35.375755310058594,165.37051391601562
Step-Separation,0.04309078026562929,ADAPTER,0.0,0.0,0.0,0.0,0.0,0.0
Step-Separation,0.04309078026562929,Q1-CORE,3.339980125427246,1.1468344,-0.09783946,3.1353893,38.84512710571289,2.5307717323303223
Step-Separation,0.04309078026562929,Q1-INNERSKIN,3.345679521560669,1.1479256,-0.11454547,3.1404965,37.776187896728516,84.36647033691406
Step-Separation,0.04309078026562929,Q1-OUTERSKIN,3.1026360988616943,1.0729084,0.44462806,2.8770688,37.422630310058594,163.7572479248047
Step-Separation,0.04309078026562929,Q2-CORE,3.2013039588928223,0.9917245,-0.10551829,-3.0419886,37.17164611816406,2.5459671020507812
Step-Separation,0.04309078026562929,Q2-INNERSKIN,3.2021658420562744,0.99167776,-0.12298055,-3.0422554,37.1666145324707,88.08142852783203
Step-Separation,0.04309078026562929,Q2-OUTERSKIN,2.970001697540283,0.91978216,0.43106452,-2.790895,35.09821319580078,166.29954528808594
Step-Separation,0.04508999455720186,ADAPTER,0.0,0.0,0.0,0.0,0.0,0.0
Step-Separation,0.04508999455720186,Q1-CORE,3.3714795112609863,1.1594057,-0.090273455,3.1645699,43.780982971191406,2.532472848892212
Step-Separation,0.04508999455720186,Q1-INNERSKIN,3.377394914627075,1.1605414,-0.10695493,3.1699371,40.675357818603516,86.65403747558594
Step-Separation,0.04508999455720186,Q1-OUTERSKIN,3.1337475776672363,1.0831993,0.45307755,2.9054732,40.527408599853516,164.78834533691406
Step-Separation,0.04508999455720186,Q2-CORE,3.2135496139526367,0.9983865,-0.098141134,-3.0529482,42.80089569091797,2.5797417163848877
Step-Separation,0.04508999455720186,Q2-INNERSKIN,3.214371681213379,0.9984453,-0.115619704,-3.0531828,39.1529541015625,86.32291412353516
Step-Separation,0.04508999455720186,Q2-OUTERSKIN,2.989711046218872,0.92375416,0.43763655,-2.8095417,39.46938705444336,165.89378356933594
Step-Separation,0.04708920884877443,ADAPTER,0.0,0.0,0.0,0.0,0.0,0.0
Step-Separation,0.04708920884877443,Q1-CORE,3.403165578842163,1.1727725,-0.08409121,3.193598,41.27529525756836,2.550771474838257
Step-Separation,0.04708920884877443,Q1-INNERSKIN,3.40930438041687,1.1740835,-0.100709796,3.1991782,40.83842849731445,87.20114135742188
Step-Separation,0.04708920884877443,Q1-OUTERSKIN,3.1722824573516846,1.0945446,0.46080753,2.941599,40.978519439697266,165.52877807617188
Step-Separation,0.04708920884877443,Q2-CORE,3.226015090942383,1.0031674,-0.0904398,-3.0647428,38.1655158996582,2.5491418838500977
Step-Separation,0.04708920884877443,Q2-INNERSKIN,3.2267885208129883,1.0032477,-0.10783755,-3.064968,36.88264465332031,83.77166748046875
Step-Separation,0.04708920884877443,Q2-OUTERSKIN,3.005913257598877,0.9264062,0.4438313,-2.8249424,36.77266311645508,164.05760192871094
Step-Separation,0.049088423140347004,ADAPTER,0.0,0.0,0.0,0.0,0.0,0.0
Step-Separation,0.049088423140347004,Q1-CORE,3.431377649307251,1.1845622,-0.07723835,3.219503,39.68031692504883,2.5503218173980713
Step-Separation,0.049088423140347004,Q1-INNERSKIN,3.437737226486206,1.1860245,-0.09379488,3.225304,37.831905364990234,86.9817123413086
Step-Separation,0.049088423140347004,Q1-OUTERSKIN,3.2053017616271973,1.1039499,0.4676958,2.9726276,36.25850296020508,165.31666564941406
Step-Separation,0.049088423140347004,Q2-CORE,3.250431537628174,1.0113949,-0.085332535,-3.0878963,35.95161437988281,2.5766775608062744
Step-Separation,0.049088423140347004,Q2-INNERSKIN,3.2511768341064453,1.0115107,-0.10276999,-3.088112,34.36860656738281,82.89937591552734
Step-Separation,0.049088423140347004,Q2-OUTERSKIN,3.033057928085327,0.932685,0.4515715,-2.8505478,35.389007568359375,165.17173767089844
Step-Separation,0.051087637431919575,ADAPTER,0.0,0.0,0.0,0.0,0.0,0.0
Step-Separation,0.051087637431919575,Q1-CORE,3.4650866985321045,1.1973356,-0.072183155,3.2508464,34.76603317260742,2.5481863021850586
Step-Separation,0.051087637431919575,Q1-INNERSKIN,3.47167706489563,1.1988642,-0.08869056,3.2569003,34.76469802856445,87.67601013183594
Step-Separation,0.051087637431919575,Q1-OUTERSKIN,3.240140199661255,1.1145979,0.47463274,3.0051463,33.972564697265625,165.889892578125
Step-Separation,0.051087637431919575,Q2-CORE,3.2698142528533936,1.0178901,-0.07839507,-3.1063547,34.88220977783203,2.578941822052002
Step-Separation,0.051087637431919575,Q2-INNERSKIN,3.2705190181732178,1.0180316,-0.0957924,-3.1065624,34.465023040771484,84.04942321777344
Step-Separation,0.051087637431919575,Q2-OUTERSKIN,3.0579662322998047,0.9379327,0.4582936,-2.8742664,33.525733947753906,163.89752197265625
Step-Separation,0.053086851723492146,ADAPTER,0.0,0.0,0.0,0.0,0.0,0.0
Step-Separation,0.053086851723492146,Q1-CORE,3.4963362216949463,1.2093188,-0.06623377,3.2798672,38.74656677246094,2.579227924346924
Step-Separation,0.053086851723492146,Q1-INNERSKIN,3.5031559467315674,1.210973,-0.082726665,3.2861533,37.31470489501953,86.84778594970703
Step-Separation,0.053086851723492146,Q1-OUTERSKIN,3.2757325172424316,1.1249824,0.4822599,3.038464,37.618186950683594,166.03395080566406
Step-Separation,0.053086851723492146,Q2-CORE,3.301614284515381,1.0270945,-0.07372724,-3.136925,37.336456298828125,2.5709469318389893
Step-Separation,0.053086851723492146,Q2-INNERSKIN,3.3022918701171875,1.0272213,-0.09117051,-3.1371384,37.074642181396484,84.08088684082031
Step-Separation,0.053086851723492146,Q2-OUTERSKIN,3.0890464782714844,0.94565487,0.4656321,-2.903641,36.757057189941406,164.63369750976562
Step-Separation,0.055086066015064716,ADAPTER,0.0,0.0,0.0,0.0,0.0,0.0
Step-Separation,0.055086066015064716,Q1-CORE,3.525266170501709,1.2197831,-0.060755566,3.3069532,35.95161819458008,2.5572991371154785
Step-Separation,0.055086066015064716,Q1-INNERSKIN,3.5323166847229004,1.2214928,-0.077190764,3.3134964,35.94166946411133,85.63448333740234
Step-Separation,0.055086066015064716,Q1-OUTERSKIN,3.3077008724212646,1.1340914,0.4886962,3.0685334,34.34562301635742,165.18368530273438
Step-Separation,0.055086066015064716,Q2-CORE,3.3329484462738037,1.0360937,-0.068145044,-3.1670825,34.84822082519531,2.5695858001708984
Step-Separation,0.055086066015064716,Q2-INNERSKIN,3.333592653274536,1.0362436,-0.085575946,-3.1672885,33.4862174987793,85.11494445800781
Step-Separation,0.055086066015064716,Q2-OUTERSKIN,3.122506618499756,0.9539207,0.4727739,-2.935399,32.73033905029297,165.2461395263672
Step-Separation,0.05708528030663729,ADAPTER,0.0,0.0,0.0,0.0,0.0,0.0
Step-Separation,0.05708528030663729,Q1-CORE,3.5631308555603027,1.2329011,-0.056891933,3.342547,34.06260681152344,2.5643796920776367
Step-Separation,0.05708528030663729,Q1-INNERSKIN,3.5704221725463867,1.2347223,-0.07334022,3.3493278,33.088645935058594,85.81532287597656
Step-Separation,0.05708528030663729,Q1-OUTERSKIN,3.347367525100708,1.1459227,0.49515113,3.1058905,33.09927749633789,166.33531188964844
Step-Separation,0.05708528030663729,Q2-CORE,3.364060401916504,1.0450902,-0.06378645,-3.1969705,33.61581802368164,2.580343723297119
Step-Separation,0.05708528030663729,Q2-INNERSKIN,3.364680290222168,1.0452718,-0.0812657,-3.197167,32.893123626708984,86.25859832763672
Step-Separation,0.05708528030663729,Q2-OUTERSKIN,3.156038761138916,0.961559,0.47899985,-2.9675822,31.405818939208984,165.63088989257812
Step-Separation,0.05908449459820986,ADAPTER,0.0,0.0,0.0,0.0,0.0,0.0
Step-Separation,0.05908449459820986,Q1-CORE,3.596733331680298,1.2446401,-0.053006805,3.3741002,34.30453872680664,2.5592153072357178
Step-Separation,0.05908449459820986,Q1-INNERSKIN,3.6042652130126953,1.2465593,-0.06943216,3.3811235,34.304161071777344,84.81114959716797
Step-Separation,0.05908449459820986,Q1-OUTERSKIN,3.3845174312591553,1.1563678,0.5007939,3.1411746,33.717288970947266,166.4881591796875
Step-Separation,0.05908449459820986,Q2-CORE,3.393674612045288,1.0533752,-0.05971548,-3.225502,32.976139068603516,2.573484182357788
Step-Separation,0.05908449459820986,Q2-INNERSKIN,3.394270896911621,1.0535749,-0.07719649,-3.225693,32.1381950378418,86.33932495117188
Step-Separation,0.05908449459820986,Q2-OUTERSKIN,3.1885321140289307,0.96874785,0.48416498,-2.9989748,31.83186912536621,165.97801208496094
Step-Separation,0.06108370888978243,ADAPTER,0.0,0.0,0.0,0.0,0.0,0.0
Step-Separation,0.06108370888978243,Q1-CORE,3.6329185962677,1.2570076,-0.049155146,3.4081686,34.80143356323242,2.5781126022338867
Step-Separation,0.06108370888978243,Q1-INNERSKIN,3.6406912803649902,1.259047,-0.06555063,3.4154263,34.40752410888672,84.4652328491211
Step-Separation,0.06108370888978243,Q1-OUTERSKIN,3.4244580268859863,1.167438,0.5064095,3.1792376,33.77384948730469,167.30804443359375
Step-Separation,0.06108370888978243,Q2-CORE,3.4332435131073,1.4543759,-0.022535887,-3.1098945,33.4468994140625,2.582599401473999
Step-Separation,0.06108370888978243,Q2-INNERSKIN,3.4339208602905273,1.4527086,-0.03785069,-3.1112728,33.45233154296875,85.44602966308594
Step-Separation,0.06108370888978243,Q2-OUTERSKIN,3.231626272201538,1.4028004,0.47538552,-2.8722062,32.40705108642578,166.69229125976562
Step-Separation,0.063082923181355,ADAPTER,0.0,0.0,0.0,0.0,0.0,0.0
Step-Separation,0.063082923181355,Q1-CORE,3.6689419746398926,1.268875,-0.045421593,3.4422417,32.05051803588867,2.5727176666259766
Step-Separation,0.063082923181355,Q1-INNERSKIN,3.6769564151763916,1.2709916,-0.0618056,3.449749,32.05510711669922,84.88446807861328
Step-Separation,0.063082923181355,Q1-OUTERSKIN,3.461991786956787,1.1781629,0.5116544,3.214892,31.667564392089844,168.30728149414062
Step-Separation,0.063082923181355,Q2-CORE,3.484060525894165,1.472503,-0.017955877,-3.1575449,31.783937454223633,2.5781311988830566
Step-Separation,0.063082923181355,Q2-INNERSKIN,3.484712839126587,1.4708619,-0.033276647,-3.158905,30.519371032714844,85.5698471069336
Step-Separation,0.063082923181355,Q2-OUTERSKIN,3.282320261001587,1.419393,0.48057273,-2.920274,30.879962921142578,166.2308807373047
Step-Separation,0.06508213747292757,ADAPTER,0.0,0.0,0.0,0.0,0.0,0.0
Step-Separation,0.06508213747292757,Q1-CORE,3.6994004249572754,1.2787709,-0.041543126,3.4711068,31.652870178222656,2.573960065841675
Step-Separation,0.06508213747292757,Q1-INNERSKIN,3.707655668258667,1.2809901,-0.057896968,3.4788535,30.329891204833984,84.40216827392578
Step-Separation,0.06508213747292757,Q1-OUTERSKIN,3.495347023010254,1.1872104,0.51630884,3.2467532,30.28775405883789,168.50625610351562
Step-Separation,0.06508213747292757,Q2-CORE,3.541285514831543,1.4940681,-0.014132021,-3.2106483,28.829103469848633,2.6002519130706787
Step-Separation,0.06508213747292757,Q2-INNERSKIN,3.5419187545776367,1.4924413,-0.02948981,-3.2119992,28.426599502563477,85.12167358398438
Step-Separation,0.06508213747292757,Q2-OUTERSKIN,3.339123487472534,1.4399319,0.48671988,-2.9731205,28.012048721313477,167.47698974609375
Step-Separation,0.06708135176450014,ADAPTER,0.0,0.0,0.0,0.0,0.0,0.0
Step-Separation,0.06708135176450014,Q1-CORE,3.728346347808838,1.2881426,-0.03780712,3.4985461,29.326404571533203,2.5733962059020996
Step-Separation,0.06708135176450014,Q1-INNERSKIN,3.7368438243865967,1.2904606,-0.054122593,3.5065346,29.140819549560547,84.86415100097656
Step-Separation,0.06708135176450014,Q1-OUTERSKIN,3.5266599655151367,1.1955824,0.52068585,3.2767055,28.449886322021484,168.88214111328125
Step-Separation,0.06708135176450014,Q2-CORE,3.59348201751709,1.5124836,-0.010085581,-3.2596633,28.168745040893555,2.587674379348755
Step-Separation,0.06708135176450014,Q2-INNERSKIN,3.594099760055542,1.5108552,-0.02545181,-3.2610157,27.66925811767578,85.1094970703125
Step-Separation,0.06708135176450014,Q2-OUTERSKIN,3.3916056156158447,1.458217,0.4920847,-3.0223243,26.986501693725586,167.5132598876953
Step-Separation,0.06908050645142794,ADAPTER,0.0,0.0,0.0,0.0,0.0,0.0
Step-Separation,0.06908050645142794,Q1-CORE,3.755678415298462,1.2965537,-0.033879712,3.5246165,28.066116333007812,2.575002908706665
Step-Separation,0.06908050645142794,Q1-INNERSKIN,3.764418363571167,1.2989614,-0.050164342,3.5328498,27.470909118652344,84.43441009521484
Step-Separation,0.06908050645142794,Q1-OUTERSKIN,3.5552332401275635,1.2029752,0.5251901,3.3040445,27.00686264038086,169.2515411376953
Step-Separation,0.06908050645142794,Q2-CORE,3.6423935890197754,1.5290053,-0.005663652,-3.3059251,25.86852264404297,2.5935633182525635
Step-Separation,0.06908050645142794,Q2-INNERSKIN,3.6429920196533203,1.5273864,-0.021029396,-3.3072708,25.610383987426758,85.57987213134766
Step-Separation,0.06908050645142794,Q2-OUTERSKIN,3.440265655517578,1.4742981,0.49708,-3.0683522,25.394481658935547,167.7771759033203
Step-Separation,0.07107964623719454,ADAPTER,0.0,0.0,0.0,0.0,0.0,0.0
Step-Separation,0.07107964623719454,Q1-CORE,3.7775821685791016,1.3033133,-0.02934089,3.5455098,27.21611785888672,2.566786289215088
Step-Separation,0.07107964623719454,Q1-INNERSKIN,3.7865612506866455,1.3058085,-0.04557491,3.5539882,26.93284034729004,84.30023956298828
Step-Separation,0.07107964623719454,Q1-OUTERSKIN,3.5796446800231934,1.2085798,0.52938837,3.3276026,26.72542953491211,168.71963500976562
Step-Separation,0.07107964623719454,Q2-CORE,3.691777229309082,1.5458403,-0.0014130026,-3.3525505,25.1253604888916,2.5978188514709473
Step-Separation,0.07107964623719454,Q2-INNERSKIN,3.692361831665039,1.5442175,-0.016795587,-3.3539002,25.11865234375,86.04720306396484
Step-Separation,0.07107964623719454,Q2-OUTERSKIN,3.4895331859588623,1.4907936,0.50238466,-3.1148012,25.026453018188477,168.21163940429688
Step-Separation,0.07307878602296114,ADAPTER,0.0,0.0,0.0,0.0,0.0,0.0
Step-Separation,0.07307878602296114,Q1-CORE,3.8005475997924805,1.3106078,-0.025246771,3.5673285,26.432538986206055,2.5812809467315674
Step-Separation,0.07307878602296114,Q1-INNERSKIN,3.8097691535949707,1.3132185,-0.041447517,3.5760427,26.426616668701172,84.12850189208984
Step-Separation,0.07307878602296114,Q1-OUTERSKIN,3.6062934398651123,1.214787,0.5339603,3.3532867,25.74852752685547,168.8871612548828
Step-Separation,0.07307878602296114,Q2-CORE,3.735767126083374,1.5594053,0.0029905103,-3.3947315,24.960111618041992,2.593226671218872
Step-Separation,0.07307878602296114,Q2-INNERSKIN,3.7363393306732178,1.557769,-0.012398221,-3.396091,24.574419021606445,85.41771697998047
Step-Separation,0.07307878602296114,Q2-OUTERSKIN,3.534086227416992,1.5047923,0.50724345,-3.157225,24.17471694946289,167.89593505859375
Step-Separation,0.07507792580872774,ADAPTER,0.0,0.0,0.0,0.0,0.0,0.0
Step-Separation,0.07507792580872774,Q1-CORE,3.822781562805176,1.3172853,-0.021076493,3.5885894,25.962890625,2.578094720840454
Step-Separation,0.07507792580872774,Q1-INNERSKIN,3.8322439193725586,1.31999,-0.03722952,3.5975456,25.219022750854492,83.9558334350586
Step-Separation,0.07507792580872774,Q1-OUTERSKIN,3.630225658416748,1.2201781,0.5380871,3.376413,25.308643341064453,168.87269592285156
Step-Separation,0.07507792580872774,Q2-CORE,3.7772390842437744,1.5720488,0.007246595,-3.4345517,24.420124053955078,2.592796802520752
Step-Separation,0.07507792580872774,Q2-INNERSKIN,3.7777931690216064,1.5704272,-0.008136965,-3.4359007,23.483428955078125,85.45233154296875
Step-Separation,0.07507792580872774,Q2-OUTERSKIN,3.5753440856933594,1.5167127,0.5113907,-3.197053,23.47385597229004,167.3610076904297
Step-Separation,0.07707706559449434,ADAPTER,0.0,0.0,0.0,0.0,0.0,0.0
Step-Separation,0.07707706559449434,Q1-CORE,3.8434882164001465,1.3234286,-0.016672147,3.6084151,25.304758071899414,2.576910972595215
Step-Separation,0.07707706559449434,Q1-INNERSKIN,3.853191375732422,1.326229,-0.03278409,3.6176133,24.731483459472656,83.7960205078125
Step-Separation,0.07707706559449434,Q1-OUTERSKIN,3.653663158416748,1.2252146,0.5424189,3.3991005,24.599733352661133,168.56167602539062
Step-Separation,0.07707706559449434,Q2-CORE,3.8214447498321533,1.5866853,0.011054363,-3.4764562,23.77159881591797,2.597792863845825
Step-Separation,0.07707706559449434,Q2-INNERSKIN,3.8219830989837646,1.5850765,-0.0043484494,-3.4777966,23.169795989990234,85.15216827392578
Step-Separation,0.07707706559449434,Q2-OUTERSKIN,3.61919903755188,1.530145,0.5161993,-3.23895,23.046859741210938,167.4954833984375
Step-Separation,0.07907620538026094,ADAPTER,0.0,0.0,0.0,0.0,0.0,0.0
Step-Separation,0.07907620538026094,Q1-CORE,3.890277624130249,1.7093841,0.01942129,3.4945512,24.905309677124023,2.585336208343506
Step-Separation,0.07907620538026094,Q1-INNERSKIN,3.896700143814087,1.7104335,0.0053836666,3.5012372,24.448463439941406,83.9982681274414
Step-Separation,0.07907620538026094,Q1-OUTERSKIN,3.6960904598236084,1.6539968,0.51661336,3.2647343,24.408660888671875,168.81544494628906
Step-Separation,0.07907620538026094,Q2-CORE,3.86307430267334,1.5995891,0.015077587,-3.5163093,24.051372528076172,2.5953118801116943
Step-Separation,0.07907620538026094,Q2-INNERSKIN,3.8635971546173096,1.5979881,-0.00032414868,-3.5176437,23.517749786376953,84.78460693359375
Step-Separation,0.07907620538026094,Q2-OUTERSKIN,3.660870313644409,1.5426326,0.52038956,-3.2789404,23.344242095947266,167.04595947265625
Step-Separation,0.08107534516602755,ADAPTER,0.0,0.0,0.0,0.0,0.0,0.0
Step-Separation,0.08107534516602755,Q1-CORE,3.9372100830078125,1.7263039,0.022894423,3.5384989,23.90230941772461,2.5786211490631104
Step-Separation,0.08107534516602755,Q1-INNERSKIN,3.943781614303589,1.7274295,0.008867998,3.5453238,23.89508056640625,84.50617980957031
Step-Separation,0.08107534516602755,Q1-OUTERSKIN,3.742872714996338,1.6706085,0.5210025,3.3085828,23.8255615234375,168.93844604492188
Step-Separation,0.08107534516602755,Q2-CORE,3.905010938644409,1.612753,0.018758558,-3.5563726,23.51607322692871,2.5979676246643066
Step-Separation,0.08107534516602755,Q2-INNERSKIN,3.9055206775665283,1.6111555,0.003348615,-3.5577042,22.47800636291504,84.58485412597656
Step-Separation,0.08107534516602755,Q2-OUTERSKIN,3.702622890472412,1.5551572,0.5245906,-3.318992,22.613922119140625,166.83384704589844
Step-Separation,0.08307448495179415,ADAPTER,0.0,0.0,0.0,0.0,0.0,0.0
Step-Separation,0.08307448495179415,Q1-CORE,3.9822092056274414,1.7422338,0.026482537,3.5807695,24.064250946044922,2.575995922088623
Step-Separation,0.08307448495179415,Q1-INNERSKIN,3.9889280796051025,1.74344,0.012480058,3.5877304,23.612884521484375,84.57518005371094
Step-Separation,0.08307448495179415,Q1-OUTERSKIN,3.7879817485809326,1.6861546,0.5249992,3.3511288,23.5996150970459,168.7743682861328
Step-Separation,0.08307448495179415,Q2-CORE,3.9474871158599854,1.6263205,0.022251017,-3.5968375,22.79997444152832,2.6022493839263916
Step-Separation,0.08307448495179415,Q2-INNERSKIN,3.9479827880859375,1.624733,0.006833259,-3.5981612,22.366430282592773,84.3690414428711
Step-Separation,0.08307448495179415,Q2-OUTERSKIN,3.745043992996216,1.5679549,0.5288178,-3.3596466,22.11271858215332,167.35879516601562
Step-Separation,0.08507362473756075,ADAPTER,0.0,0.0,0.0,0.0,0.0,0.0
Step-Separation,0.08507362473756075,Q1-CORE,4.027975082397461,1.7586409,0.029819742,3.623655,23.856300354003906,2.584115505218506
Step-Separation,0.08507362473756075,Q1-INNERSKIN,4.034842014312744,1.7599308,0.01582652,3.6307495,23.491649627685547,84.56478881835938
Step-Separation,0.08507362473756075,Q1-OUTERSKIN,3.8333864212036133,1.7018905,0.5291831,3.3938746,23.373844146728516,168.77410888671875
Step-Separation,0.08507362473756075,Q2-CORE,3.9888744354248047,1.639141,0.025848515,-3.6364362,22.590063095092773,2.59804630279541
Step-Separation,0.08507362473756075,Q2-INNERSKIN,3.9893577098846436,1.6375573,0.010423936,-3.6377563,22.21173858642578,84.22127532958984
Step-Separation,0.08507362473756075,Q2-OUTERSKIN,3.786289691925049,1.5802217,0.5329407,-3.3992443,22.28328514099121,167.19760131835938
Step-Separation,0.08707276452332735,ADAPTER,0.0,0.0,0.0,0.0,0.0,0.0
Step-Separation,0.08707276452332735,Q1-CORE,4.072410583496094,1.7742853,0.03318367,3.665425,22.94141387939453,2.578132390975952
Step-Separation,0.08707276452332735,Q1-INNERSKIN,4.079425811767578,1.775657,0.019210618,3.6726544,22.931123733520508,84.68671417236328
Step-Separation,0.08707276452332735,Q1-OUTERSKIN,3.8779373168945312,1.7172587,0.5330876,3.4358752,22.798025131225586,168.67466735839844
Step-Separation,0.08707276452332735,Q2-CORE,4.030165195465088,1.652044,0.029327266,-3.675884,22.01445960998535,2.598708391189575
Step-Separation,0.08707276452332735,Q2-INNERSKIN,4.030633926391602,1.6504734,0.013895355,-3.677194,22.014177322387695,84.21044921875
Step-Separation,0.08707276452332735,Q2-OUTERSKIN,3.8273181915283203,1.5923306,0.53698117,-3.438677,21.747238159179688,166.96115112304688
Step-Separation,0.08907190430909395,ADAPTER,0.0,0.0,0.0,0.0,0.0,0.0
Step-Separation,0.08907190430909395,Q1-CORE,4.117048740386963,1.7902746,0.036341146,3.7072475,23.648591995239258,2.5790419578552246
Step-Separation,0.08907190430909395,Q1-INNERSKIN,4.124213695526123,1.7917227,0.022383817,3.7146156,23.256271362304688,84.71997833251953
Step-Separation,0.08907190430909395,Q1-OUTERSKIN,3.922224760055542,1.7324636,0.5370292,3.4776452,23.154062271118164,168.63381958007812
Step-Separation,0.08907190430909395,Q2-CORE,4.071528911590576,1.6649951,0.032568805,-3.715384,22.194305419921875,2.6026275157928467
Step-Separation,0.08907190430909395,Q2-INNERSKIN,4.071987628936768,1.6634266,0.01712799,-3.7166922,21.728504180908203,84.10332489013672
Step-Separation,0.08907190430909395,Q2-OUTERSKIN,3.8684873580932617,1.6046593,0.54102075,-3.4781547,21.710660934448242,167.12452697753906
Step-Separation,0.09107104409486055,ADAPTER,0.0,0.0,0.0,0.0,0.0,0.0
Step-Separation,0.09107104409486055,Q1-CORE,4.160079479217529,1.8050656,0.039402112,3.7478592,23.515554428100586,2.585556745529175
Step-Separation,0.09107104409486055,Q1-INNERSKIN,4.167394161224365,1.806596,0.025459483,3.7553613,23.5151424407959,84.54694366455078
Step-Separation,0.09107104409486055,Q1-OUTERSKIN,3.965162515640259,1.7469413,0.54084665,3.5182657,23.1101131439209,168.58802795410156
Step-Separation,0.09107104409486055,Q2-CORE,4.1106157302856445,1.6765761,0.03582564,-3.7529953,21.886411666870117,2.603475332260132
Step-Separation,0.09107104409486055,Q2-INNERSKIN,4.111063480377197,1.6750132,0.020379432,-3.754299,21.819496154785156,83.8843765258789
Step-Separation,0.09107104409486055,Q2-OUTERSKIN,3.9076147079467773,1.6158339,0.5447596,-3.515931,21.59949493408203,166.86070251464844
Step-Separation,0.09307018388062716,ADAPTER,0.0,0.0,0.0,0.0,0.0,0.0
Step-Separation,0.09307018388062716,Q1-CORE,4.20273494720459,1.8197407,0.042659402,3.7881002,23.20121955871582,2.5820865631103516
Step-Separation,0.09307018388062716,Q1-INNERSKIN,4.210199356079102,1.8213514,0.028736368,3.7957382,22.963565826416016,84.56590270996094
Step-Separation,0.09307018388062716,Q1-OUTERSKIN,4.007672309875488,1.7610651,0.54474145,3.5585592,22.749008178710938,168.46517944335938
Step-Separation,0.09307018388062716,Q2-CORE,4.150091171264648,1.6884285,0.039114363,-3.7909014,21.703479766845703,2.6012067794799805
Step-Separation,0.09307018388062716,Q2-INNERSKIN,4.150529384613037,1.6868688,0.023661297,-3.7922037,21.638566970825195,83.75240325927734
Step-Separation,0.09307018388062716,Q2-OUTERSKIN,3.946873426437378,1.6270276,0.548642,-3.5538125,21.480144500732422,166.62828063964844
Step-Separation,0.09506932366639376,ADAPTER,0.0,0.0,0.0,0.0,0.0,0.0
Step-Separation,0.09506932366639376,Q1-CORE,4.2465972900390625,1.8352256,0.045696825,3.8292882,22.85236930847168,2.5825273990631104
Step-Separation,0.09506932366639376,Q1-INNERSKIN,4.25421142578125,1.8369188,0.0317835,3.8370605,22.731382369995117,84.60872650146484
Step-Separation,0.09506932366639376,Q1-OUTERSKIN,4.051362991333008,1.7758241,0.548832,3.59983,22.651473999023438,168.50433349609375
Step-Separation,0.09506932366639376,Q2-CORE,4.190459728240967,1.700791,0.042339437,-3.8295522,21.84196662902832,2.6034605503082275
Step-Separation,0.09506932366639376,Q2-INNERSKIN,4.190888404846191,1.6992377,0.02687382,-3.8308504,21.58057403564453,83.64452362060547
Step-Separation,0.09506932366639376,Q2-OUTERSKIN,3.9871742725372314,1.6387534,0.55271685,-3.5925686,21.379594802856445,166.7450408935547
Step-Separation,0.09706846345216036,ADAPTER,0.0,0.0,0.0,0.0,0.0,0.0
Step-Separation,0.09706846345216036,Q1-CORE,4.289552688598633,1.8499341,0.04888992,3.869834,22.80884552001953,2.5832128524780273
Step-Separation,0.09706846345216036,Q1-INNERSKIN,4.2973175048828125,1.8517042,0.034993134,3.8777447,22.744142532348633,84.52120971679688
Step-Separation,0.09706846345216036,Q1-OUTERSKIN,4.094213008880615,1.7901297,0.5527521,3.6403959,22.748523712158203,168.4529266357422
Step-Separation,0.09706846345216036,Q2-CORE,4.229843616485596,1.7124169,0.04568743,-3.8674436,21.383241653442383,2.604966402053833
Step-Separation,0.09706846345216036,Q2-INNERSKIN,4.230262279510498,1.7108678,0.030216374,-3.8687387,21.35346031188965,83.50782775878906
Step-Separation,0.09706846345216036,Q2-OUTERSKIN,4.026471138000488,1.6499666,0.55662227,-3.6304617,21.221908569335938,166.53839111328125
Step-Separation,0.09906760323792696,ADAPTER,0.0,0.0,0.0,0.0,0.0,0.0
Step-Separation,0.09906760323792696,Q1-CORE,4.332495212554932,1.8646076,0.05194389,3.910378,22.49616813659668,2.5817711353302
Step-Separation,0.09906760323792696,Q1-INNERSKIN,4.340410232543945,1.8664583,0.038060784,3.9184241,22.49496078491211,84.5648422241211
Step-Separation,0.09906760323792696,Q1-OUTERSKIN,4.137150764465332,1.804337,0.5565699,3.681116,22.375221252441406,168.47007751464844
Step-Separation,0.09906760323792696,Q2-CORE,4.269686698913574,1.7242577,0.048866577,-3.905736,21.193744659423828,2.60658597946167
Step-Separation,0.09906760323792696,Q2-INNERSKIN,4.270096778869629,1.7227137,0.033383593,-3.9070282,21.193191528320312,83.43869018554688
Step-Separation,0.09906760323792696,Q2-OUTERSKIN,4.0662760734558105,1.6612489,0.56050247,-3.668881,20.981416702270508,166.63844299316406
Step-Separation,0.10106674302369356,ADAPTER,0.0,0.0,0.0,0.0,0.0,0.0
Step-Separation,0.10106674302369356,Q1-CORE,4.3764495849609375,1.8799523,0.054961234,3.9517176,22.398622512817383,2.584944725036621
Step-Separation,0.10106674302369356,Q1-INNERSKIN,4.384516716003418,1.8818814,0.041090094,3.9599018,22.231460571289062,84.78802490234375
Step-Separation,0.10106674302369356,Q1-OUTERSKIN,4.180844306945801,1.8190067,0.5604635,3.7224395,22.09795570373535,168.7313690185547
Step-Separation,0.10106674302369356,Q2-CORE,4.310192108154297,1.7365165,0.052032515,-3.9445605,21.012727737426758,2.604167938232422
Step-Separation,0.10106674302369356,Q2-INNERSKIN,4.310593128204346,1.734976,0.0365391,-3.9458501,20.914424896240234,83.50132751464844
Step-Separation,0.10106674302369356,Q2-OUTERSKIN,4.106592178344727,1.6728542,0.5644205,-3.7077065,20.920297622680664,166.8284912109375
Step-Separation,0.10306588280946016,ADAPTER,0.0,0.0,0.0,0.0,0.0,0.0
Step-Separation,0.10306588280946016,Q1-CORE,4.4184651374816895,1.8939989,0.05808401,3.9915195,22.71235466003418,2.5854926109313965
Step-Separation,0.10306588280946016,Q1-INNERSKIN,4.426682949066162,1.8960094,0.044229575,3.999839,22.330917358398438,84.69977569580078
Step-Separation,0.10306588280946016,Q1-OUTERSKIN,4.222797870635986,1.8326807,0.5642112,3.7623093,22.400297164916992,168.72987365722656
Step-Separation,0.10306588280946016,Q2-CORE,4.349076747894287,1.7477653,0.05521615,-3.9820516,21.298124313354492,2.606668710708618
Step-Separation,0.10306588280946016,Q2-INNERSKIN,4.349468231201172,1.7462296,0.039713845,-3.9833379,21.045635223388672,83.39384460449219
Step-Separation,0.10306588280946016,Q2-OUTERSKIN,4.1454668045043945,1.6836522,0.56823194,-3.745307,20.966035842895508,166.7706756591797
Step-Separation,0.10506502259522676,ADAPTER,0.0,0.0,0.0,0.0,0.0,0.0
Step-Separation,0.10506502259522676,Q1-CORE,4.460260391235352,1.9081411,0.061132014,4.0310273,22.348787307739258,2.583932876586914
Step-Separation,0.10506502259522676,Q1-INNERSKIN,4.468629837036133,1.9102299,0.0472954,4.039485,22.347597122192383,84.58168029785156
Step-Separation,0.10506502259522676,Q1-OUTERSKIN,4.26444149017334,1.8462214,0.5679687,3.8018866,22.06806182861328,168.6505126953125
Step-Separation,0.10506502259522676,Q2-CORE,4.3874831199646,1.7588954,0.058412828,-4.019065,21.103225708007812,2.606102705001831
Step-Separation,0.10506502259522676,Q2-INNERSKIN,4.387866497039795,1.7573639,0.042904697,-4.020349,21.03038215637207,83.33928680419922
Step-Separation,0.10506502259522676,Q2-OUTERSKIN,4.183810710906982,1.6942775,0.5719709,-3.7823992,20.96786880493164,166.71670532226562
Step-Separation,0.10706416238099337,ADAPTER,0.0,0.0,0.0,0.0,0.0,0.0
Step-Separation,0.10706416238099337,Q1-CORE,4.502224922180176,1.9222718,0.06404402,4.0707245,22.132827758789062,2.586134195327759
Step-Separation,0.10706416238099337,Q1-INNERSKIN,4.510745048522949,1.9244432,0.050219774,4.079316,22.125415802001953,84.60565185546875
Step-Separation,0.10706416238099337,Q1-OUTERSKIN,4.306182384490967,1.8597089,0.5717752,3.8415833,21.888484954833984,168.79583740234375
Step-Separation,0.10706416238099337,Q2-CORE,4.426297187805176,1.7701869,0.061465964,-4.0564475,21.122821807861328,2.6091268062591553
Step-Separation,0.10706416238099337,Q2-INNERSKIN,4.426672458648682,1.7686619,0.045946434,-4.057728,20.857763290405273,83.24617004394531
Step-Separation,0.10706416238099337,Q2-OUTERSKIN,4.22238826751709,1.7048186,0.57583445,-3.8197606,20.81612777709961,166.83062744140625
Step-Separation,0.10906330216675997,ADAPTER,0.0,0.0,0.0,0.0,0.0,0.0
Step-Separation,0.10906330216675997,Q1-CORE,4.54292631149292,1.9354997,0.06705202,4.109443,22.16132164001465,2.585352897644043
Step-Separation,0.10906330216675997,Q1-INNERSKIN,4.551599979400635,1.9377525,0.0532457,4.118172,21.955577850341797,84.49254608154297
Step-Separation,0.10906330216675997,Q1-OUTERSKIN,4.346734523773193,1.8724456,0.5754223,3.8803272,21.905353546142578,168.6996612548828
Step-Separation,0.10906330216675997,Q2-CORE,4.463739395141602,1.7805343,0.06465573,-4.092736,21.04326629638672,2.6074323654174805
Step-Separation,0.10906330216675997,Q2-INNERSKIN,4.46410608291626,1.7790152,0.04913129,-4.094012,20.933671951293945,83.0932388305664
Step-Separation,0.10906330216675997,Q2-OUTERSKIN,4.259750843048096,1.714696,0.57950103,-3.8560956,20.672475814819336,166.67982482910156
Step-Separation,0.11106244195252657,ADAPTER,0.0,0.0,0.0,0.0,0.0,0.0
Step-Separation,0.11106244195252657,Q1-CORE,4.5837225914001465,1.9488733,0.06998355,4.1481934,21.861345291137695,2.5859622955322266
Step-Separation,0.11106244195252657,Q1-INNERSKIN,4.592548370361328,1.9512082,0.056194782,4.157058,21.85698127746582,84.39190673828125
Step-Separation,0.11106244195252657,Q1-OUTERSKIN,4.387445449829102,1.8852346,0.57901967,3.919222,21.659332275390625,168.66552734375
Step-Separation,0.11106244195252657,Q2-CORE,4.5014238357543945,1.7911025,0.06773857,-4.129186,20.796369552612305,2.608186721801758
Step-Separation,0.11106244195252657,Q2-INNERSKIN,4.501783847808838,1.7895888,0.052206986,-4.1304603,20.587326049804688,82.96897888183594
Step-Separation,0.11106244195252657,Q2-OUTERSKIN,4.297353744506836,1.7246312,0.58316845,-3.8926613,20.574581146240234,166.65879821777344
Step-Separation,0.11306158173829317,ADAPTER,0.0,0.0,0.0,0.0,0.0,0.0
Step-Separation,0.11306158173829317,Q1-CORE,4.625065326690674,1.9625338,0.07284247,4.1874075,21.973407745361328,2.5871829986572266
Step-Separation,0.11306158173829317,Q1-INNERSKIN,4.634044170379639,1.9649489,0.05906745,4.196409,21.666948318481445,84.4705581665039
Step-Separation,0.11306158173829317,Q1-OUTERSKIN,4.428691387176514,1.8983487,0.5826582,3.9585462,21.398733139038086,168.76950073242188
Step-Separation,0.11306158173829317,Q2-CORE,4.539760589599609,1.8019698,0.07076085,-4.166212,20.58642578125,2.6098990440368652
Step-Separation,0.11306158173829317,Q2-INNERSKIN,4.540112018585205,1.8004615,0.05521906,-4.167482,20.274927139282227,82.9217300415039
Step-Separation,0.11306158173829317,Q2-OUTERSKIN,4.335544109344482,1.7349055,0.5868993,-3.9297068,20.216524124145508,166.69992065429688
Step-Separation,0.11506072152405977,ADAPTER,0.0,0.0,0.0,0.0,0.0,0.0
Step-Separation,0.11506072152405977,Q1-CORE,4.665633678436279,1.9756106,0.075809635,4.2260327,21.482065200805664,2.5871238708496094
Step-Separation,0.11506072152405977,Q1-INNERSKIN,4.674765110015869,1.9781077,0.06205246,4.2351704,21.476308822631836,84.41974639892578
Step-Separation,0.11506072152405977,Q1-OUTERSKIN,4.469103813171387,1.9109075,0.58624333,3.9972043,21.322511672973633,168.7208251953125
Step-Separation,0.11506072152405977,Q2-CORE,4.577194690704346,1.8122644,0.07389315,-4.202493,20.139297485351562,2.6100363731384277
Step-Separation,0.11506072152405977,Q2-INNERSKIN,4.577538013458252,1.8107616,0.058345407,-4.2037597,20.124204635620117,82.84622192382812
Step-Separation,0.11506072152405977,Q2-OUTERSKIN,4.372922420501709,1.7446706,0.5905415,-3.9660857,20.054410934448242,166.64004516601562
Step-Separation,0.11705986130982637,ADAPTER,0.0,0.0,0.0,0.0,0.0,0.0
Step-Separation,0.11705986130982637,Q1-CORE,4.706099033355713,1.9886266,0.07870682,4.264568,21.492101669311523,2.587921380996704
Step-Separation,0.11705986130982637,Q1-INNERSKIN,4.715381622314453,1.9912045,0.06496732,4.27384,21.375436782836914,84.40318298339844
Step-Separation,0.11705986130982637,Q1-OUTERSKIN,4.509413719177246,1.9233626,0.5897855,4.035795,21.163089752197266,168.72862243652344
Step-Separation,0.11705986130982637,Q2-CORE,4.614670753479004,1.8225704,0.07697456,-4.2388086,20.1317081451416,2.6097359657287598
Step-Separation,0.11705986130982637,Q2-INNERSKIN,4.615005016326904,1.8210745,0.061419316,-4.2400694,20.126768112182617,82.7428207397461
Step-Separation,0.11705986130982637,Q2-OUTERSKIN,4.410305500030518,1.7543749,0.59420884,-4.0024843,20.06322479248047,166.6300048828125
Step-Separation,0.11905900109559298,ADAPTER,0.0,0.0,0.0,0.0,0.0,0.0
Step-Separation,0.11905900109559298,Q1-CORE,4.746580600738525,2.001611,0.081563555,4.30313,21.430644989013672,2.588111162185669
Step-Separation,0.11905900109559298,Q1-INNERSKIN,4.756016254425049,2.0042696,0.06783984,4.3125386,21.300498962402344,84.43973541259766
Step-Separation,0.11905900109559298,Q1-OUTERSKIN,4.549678802490234,1.9357344,0.5933863,4.0743594,21.01921272277832,168.77870178222656
Step-Separation,0.11905900109559298,Q2-CORE,4.652194499969482,1.8327985,0.08002248,-4.2752028,20.12630271911621,2.6105425357818604
Step-Separation,0.11905900109559298,Q2-INNERSKIN,4.652520656585693,1.8313067,0.06445972,-4.27646,20.093835830688477,82.64213562011719
Step-Separation,0.11905900109559298,Q2-OUTERSKIN,4.447658538818359,1.7640426,0.5978676,-4.038858,19.924591064453125,166.69381713867188
Step-Separation,0.12105814088135958,ADAPTER,0.0,0.0,0.0,0.0,0.0,0.0
Step-Separation,0.12105814088135958,Q1-CORE,4.786279678344727,2.0140748,0.08445821,4.341065,21.083282470703125,2.587453842163086
Step-Separation,0.12105814088135958,Q1-INNERSKIN,4.795867919921875,2.0168145,0.0707526,4.35061,21.038902282714844,84.44176483154297
Step-Separation,0.12105814088135958,Q1-OUTERSKIN,4.589233875274658,1.9476585,0.5968756,4.112351,20.94479751586914,168.74050903320312
Step-Separation,0.12105814088135958,Q2-CORE,4.689023494720459,1.8426005,0.08308742,-4.311016,19.975419998168945,2.6100265979766846
Step-Separation,0.12105814088135958,Q2-INNERSKIN,4.689342021942139,1.8411151,0.067518726,-4.312269,19.9755916595459,82.54708862304688
Step-Separation,0.12105814088135958,Q2-OUTERSKIN,4.484345436096191,1.7732903,0.60142046,-4.0746884,19.799184799194336,166.59835815429688
Step-Separation,0.12305728066712618,ADAPTER,0.0,0.0,0.0,0.0,0.0,0.0
Step-Separation,0.12305728066712618,Q1-CORE,4.825927257537842,2.026517,0.08728015,4.3789477,21.230106353759766,2.589003324508667
Step-Separation,0.12305728066712618,Q1-INNERSKIN,4.835668087005615,2.029338,0.07359145,4.3886285,20.929609298706055,84.416259765625
Step-Separation,0.12305728066712618,Q1-OUTERSKIN,4.628704071044922,1.9594829,0.60035604,4.150289,20.836217880249023,168.74749755859375
Step-Separation,0.12305728066712618,Q2-CORE,4.725843906402588,1.8524219,0.086130135,-4.346805,20.092342376708984,2.6112513542175293
Step-Separation,0.12305728066712618,Q2-INNERSKIN,4.726154327392578,1.8509414,0.07055455,-4.348054,19.806583404541016,82.43680572509766
Step-Separation,0.12305728066712618,Q2-OUTERSKIN,4.521062850952148,1.782484,0.60501915,-4.110561,19.829553604125977,166.56045532226562
Step-Separation,0.12505642045289278,ADAPTER,0.0,0.0,0.0,0.0,0.0,0.0
Step-Separation,0.12505642045289278,Q1-CORE,4.865326881408691,2.0387406,0.090101324,4.416653,20.947904586791992,2.5890841484069824
Step-Separation,0.12505642045289278,Q1-INNERSKIN,4.87522029876709,2.0416417,0.076429345,4.4264693,20.946815490722656,84.41036224365234
Step-Separation,0.12505642045289278,Q1-OUTERSKIN,4.668011665344238,1.9711993,0.60380423,4.1880937,20.687978744506836,168.73178100585938
Step-Separation,0.12505642045289278,Q2-CORE,4.762382984161377,1.862004,0.08915899,-4.3823833,19.931299209594727,2.611785650253296
Step-Separation,0.12505642045289278,Q2-INNERSKIN,4.762684345245361,1.86053,0.073576204,-4.383626,19.85885238647461,82.3550796508789
Step-Separation,0.12505642045289278,Q2-OUTERSKIN,4.557515621185303,1.7915095,0.60858667,-4.146211,19.678003311157227,166.54957580566406
Step-Separation,0.12705556023865938,ADAPTER,0.0,0.0,0.0,0.0,0.0,0.0
Step-Separation,0.12705556023865938,Q1-CORE,4.904407501220703,2.050711,0.09292246,4.454118,20.785926818847656,2.5890612602233887
Step-Separation,0.12705556023865938,Q1-INNERSKIN,4.914453506469727,2.0536938,0.07926866,4.464069,20.782407760620117,84.38794708251953
Step-Separation,0.12705556023865938,Q1-OUTERSKIN,4.706932544708252,1.9826546,0.6071813,4.225592,20.61132049560547,168.69046020507812
Step-Separation,0.12705556023865938,Q2-CORE,4.798586845397949,1.8713328,0.09218762,-4.4176974,19.66954803466797,2.6114301681518555
Step-Separation,0.12705556023865938,Q2-INNERSKIN,4.798883438110352,1.869864,0.0765987,-4.418939,19.669485092163086,82.23342895507812
Step-Separation,0.12705556023865938,Q2-OUTERSKIN,4.593634128570557,1.8003324,0.6121088,-4.1815786,19.55674171447754,166.4410858154297
Step-Separation,0.12905470002442598,ADAPTER,0.0,0.0,0.0,0.0,0.0,0.0
Step-Separation,0.12905470002442598,Q1-CORE,4.94334602355957,2.0626078,0.09571547,4.4914536,20.734825134277344,2.590568780899048
Step-Separation,0.12905470002442598,Q1-INNERSKIN,4.953546047210693,2.0656717,0.08207854,4.501542,20.516441345214844,84.36386108398438
Step-Separation,0.12905470002442598,Q1-OUTERSKIN,4.745741367340088,1.9939874,0.6105944,4.2630095,20.519683837890625,168.68511962890625
Step-Separation,0.12905470002442598,Q2-CORE,4.834817409515381,1.8806652,0.09517833,-4.4530325,19.714265823364258,2.611914873123169
Step-Separation,0.12905470002442598,Q2-INNERSKIN,4.835108280181885,1.8792015,0.07958261,-4.4542723,19.513671875,82.14070129394531
Step-Separation,0.12905470002442598,Q2-OUTERSKIN,4.629816055297852,1.8091348,0.61562306,-4.2170177,19.516695022583008,166.41024780273438
Step-Separation,0.13105383981019258,ADAPTER,0.0,0.0,0.0,0.0,0.0,0.0
Step-Separation,0.13105383981019258,Q1-CORE,4.9821624755859375,2.0743585,0.09848308,4.5287175,20.551809310913086,2.590033531188965
Step-Separation,0.13105383981019258,Q1-INNERSKIN,4.9925150871276855,2.0775027,0.08486397,4.5389414,20.55066680908203,84.34024810791016
Step-Separation,0.13105383981019258,Q1-OUTERSKIN,4.7843918800354,2.0052032,0.61398137,4.3003016,20.44003677368164,168.64590454101562
Step-Separation,0.13105383981019258,Q2-CORE,4.871092319488525,1.8899515,0.09817227,-4.488428,19.54788589477539,2.6123077869415283
Step-Separation,0.13105383981019258,Q2-INNERSKIN,4.871375560760498,1.888493,0.08257026,-4.489663,19.4779052734375,82.07020568847656
Step-Separation,0.13105383981019258,Q2-OUTERSKIN,4.665918827056885,1.8178716,0.6191633,-4.252385,19.426103591918945,166.404541015625
Step-Separation,0.1330529795959592,ADAPTER,0.0,0.0,0.0,0.0,0.0,0.0
Step-Separation,0.1330529795959592,Q1-CORE,5.020813465118408,2.0859754,0.101256125,4.565854,20.47304916381836,2.589952230453491
Step-Separation,0.1330529795959592,Q1-INNERSKIN,5.031320095062256,2.0891998,0.08765378,4.576215,20.472164154052734,84.33406829833984
Step-Separation,0.1330529795959592,Q1-OUTERSKIN,4.822938442230225,2.016319,0.6173843,4.337514,20.346538543701172,168.63372802734375
Step-Separation,0.1330529795959592,Q2-CORE,4.907037734985352,1.8990202,0.10116605,-4.52355,19.441499710083008,2.6126720905303955
Step-Separation,0.1330529795959592,Q2-INNERSKIN,4.907314777374268,1.8975667,0.085558005,-4.5247827,19.401165008544922,81.9892349243164
Step-Separation,0.1330529795959592,Q2-OUTERSKIN,4.701803207397461,1.8264403,0.6226762,-4.28758,19.333566665649414,166.3607177734375
Step-Separation,0.1350521193817258,ADAPTER,0.0,0.0,0.0,0.0,0.0,0.0
Step-Separation,0.1350521193817258,Q1-CORE,5.059345245361328,2.0975103,0.10401719,4.602891,20.42034339904785,2.5914831161499023
Step-Separation,0.1350521193817258,Q1-INNERSKIN,5.070003986358643,2.1008158,0.09043243,4.6133866,20.380582809448242,84.32421875
Step-Separation,0.1350521193817258,Q1-OUTERSKIN,4.861310005187988,2.0272958,0.6207819,4.37459,20.27100372314453,168.6532745361328
Step-Separation,0.1350521193817258,Q2-CORE,4.942975044250488,1.9080837,0.10414887,-4.558659,19.3707218170166,2.613098621368408
Step-Separation,0.1350521193817258,Q2-INNERSKIN,4.943246364593506,1.9066349,0.0885343,-4.5598893,19.36937141418457,81.89625549316406
Step-Separation,0.1350521193817258,Q2-OUTERSKIN,4.73765754699707,1.8349425,0.62619644,-4.322761,19.314098358154297,166.33233642578125
Step-Separation,0.1370512591674924,ADAPTER,0.0,0.0,0.0,0.0,0.0,0.0
Step-Separation,0.1370512591674924,Q1-CORE,5.097628116607666,2.1088407,0.106772594,4.639742,20.226133346557617,2.5915489196777344
Step-Separation,0.1370512591674924,Q1-INNERSKIN,5.108439922332764,2.1122274,0.09320592,4.6503725,20.20494270324707,84.30523681640625
Step-Separation,0.1370512591674924,Q1-OUTERSKIN,4.899479866027832,2.0381231,0.62412566,4.4115105,20.203231811523438,168.62994384765625
Step-Separation,0.1370512591674924,Q2-CORE,4.9787468910217285,1.9169941,0.10711045,-4.593646,19.339157104492188,2.6138131618499756
Step-Separation,0.1370512591674924,Q2-INNERSKIN,4.979011535644531,1.9155504,0.091489114,-4.5948725,19.203691482543945,81.8074951171875
Step-Separation,0.1370512591674924,Q2-OUTERSKIN,4.77333927154541,1.8433238,0.62970376,-4.3577976,19.211456298828125,166.32229614257812
Step-Separation,0.139050398953259,ADAPTER,0.0,0.0,0.0,0.0,0.0,0.0
Step-Separation,0.139050398953259,Q1-CORE,5.135887145996094,2.1201277,0.10949183,4.6765804,20.294607162475586,2.591481924057007
Step-Separation,0.139050398953259,Q1-INNERSKIN,5.1468505859375,2.123594,0.0959431,4.6873465,20.293710708618164,84.30204772949219
Step-Separation,0.139050398953259,Q1-OUTERSKIN,4.937576770782471,2.0488646,0.62745506,4.448384,20.131752014160156,168.6284637451172
Step-Separation,0.139050398953259,Q2-CORE,5.0143208503723145,1.9257361,0.110070385,-4.6284814,19.315855026245117,2.613790512084961
Step-Separation,0.139050398953259,Q2-INNERSKIN,5.014578342437744,1.9242976,0.09444309,-4.6297035,19.169849395751953,81.72726440429688
Step-Separation,0.139050398953259,Q2-OUTERSKIN,4.808793067932129,1.851543,0.6331677,-4.39265,19.157962799072266,166.2710418701172
Step-Separation,0.1410495387390256,ADAPTER,0.0,0.0,0.0,0.0,0.0,0.0
Step-Separation,0.1410495387390256,Q1-CORE,5.173886775970459,2.1312525,0.11220879,4.7132025,20.21445083618164,2.5916898250579834
Step-Separation,0.1410495387390256,Q1-INNERSKIN,5.185006141662598,2.1347997,0.098677136,4.7241063,20.20144271850586,84.27204132080078
Step-Separation,0.1410495387390256,Q1-OUTERSKIN,4.975449085235596,2.059436,0.6307499,4.485083,20.026695251464844,168.62576293945312
Step-Separation,0.1410495387390256,Q2-CORE,5.049853324890137,1.9344271,0.113008805,-4.663286,19.14840316772461,2.613813638687134
Step-Separation,0.1410495387390256,Q2-INNERSKIN,5.050103187561035,1.9329932,0.09737522,-4.664504,19.144664764404297,81.63558959960938
Step-Separation,0.1410495387390256,Q2-OUTERSKIN,4.844249725341797,1.8597201,0.63662916,-4.4275165,19.127294540405273,166.23550415039062
Step-Separation,0.1430486785247922,ADAPTER,0.0,0.0,0.0,0.0,0.0,0.0
Step-Separation,0.1430486785247922,Q1-CORE,5.211668014526367,2.142199,0.11491857,4.749659,20.16826820373535,2.5918827056884766
Step-Separation,0.1430486785247922,Q1-INNERSKIN,5.222940444946289,2.145827,0.10140491,4.7606983,20.029382705688477,84.24545288085938
Step-Separation,0.1430486785247922,Q1-OUTERSKIN,5.013128757476807,2.0698786,0.6340297,4.5216227,20.015560150146484,168.60714721679688
Step-Separation,0.1430486785247922,Q2-CORE,5.08523416519165,1.9430006,0.11594903,-4.697969,19.103740692138672,2.6145873069763184
Step-Separation,0.1430486785247922,Q2-INNERSKIN,5.085477828979492,1.9415712,0.10030902,-4.6991835,19.023530960083008,81.56903076171875
Step-Separation,0.1430486785247922,Q2-OUTERSKIN,4.879548072814941,1.8678033,0.64007896,-4.4622416,19.043224334716797,166.2189483642578
Step-Separation,0.1450478183105588,ADAPTER,0.0,0.0,0.0,0.0,0.0,0.0
Step-Separation,0.1450478183105588,Q1-CORE,5.249407768249512,2.1530764,0.11760076,4.786096,20.053369522094727,2.592703342437744
Step-Separation,0.1450478183105588,Q1-INNERSKIN,5.260834693908691,2.1567852,0.10410436,4.7972727,20.03206443786621,84.23133850097656
Step-Separation,0.1450478183105588,Q1-OUTERSKIN,5.050734996795654,2.0802484,0.63733506,4.558102,19.96122932434082,168.6068115234375
Step-Separation,0.1450478183105588,Q2-CORE,5.120457172393799,1.9514518,0.11887691,-4.7325244,18.984180450439453,2.6148722171783447
Step-Separation,0.1450478183105588,Q2-INNERSKIN,5.120694637298584,1.9500276,0.1032306,-4.733735,18.964357376098633,81.49549865722656
Step-Separation,0.1450478183105588,Q2-OUTERSKIN,4.914699554443359,1.8757477,0.6435233,-4.4968567,18.973419189453125,166.17733764648438
Step-Separation,0.1470469580963254,ADAPTER,0.0,0.0,0.0,0.0,0.0,0.0
Step-Separation,0.1470469580963254,Q1-CORE,5.2869086265563965,2.16378,0.12027966,4.822343,20.080158233642578,2.5931665897369385
Step-Separation,0.1470469580963254,Q1-INNERSKIN,5.29849100112915,2.16757,0.10680177,4.833657,19.979164123535156,84.20130920410156
Step-Separation,0.1470469580963254,Q1-OUTERSKIN,5.088083267211914,2.0904417,0.6405977,4.5943747,19.845266342163086,168.59767150878906
Step-Separation,0.1470469580963254,Q2-CORE,5.155607223510742,1.9598297,0.12179827,-4.767024,18.968183517456055,2.614910125732422
Step-Separation,0.1470469580963254,Q2-INNERSKIN,5.1558380126953125,1.9584106,0.10614597,-4.768231,18.94569206237793,81.41649627685547
Step-Separation,0.1470469580963254,Q2-OUTERSKIN,4.949790000915527,1.883643,0.64695513,-4.5314193,18.931861877441406,166.15818786621094
Step-Separation,0.149046097882092,ADAPTER,0.0,0.0,0.0,0.0,0.0,0.0
Step-Separation,0.149046097882092,Q1-CORE,5.3242597579956055,2.1743608,0.122942545,4.858475,19.97622299194336,2.5929129123687744
Step-Separation,0.149046097882092,Q1-INNERSKIN,5.335996150970459,2.178232,0.1094828,4.8699255,19.81497573852539,84.17361450195312
Step-Separation,0.149046097882092,Q1-OUTERSKIN,5.125315189361572,2.100535,0.6438504,4.630558,19.824033737182617,168.58172607421875
Step-Separation,0.149046097882092,Q2-CORE,5.190683364868164,1.9681184,0.12469717,-4.801474,18.927230834960938,2.615267515182495
Step-Separation,0.149046097882092,Q2-INNERSKIN,5.190908908843994,1.966704,0.10903881,-4.8026786,18.896709442138672,81.34596252441406
Step-Separation,0.149046097882092,Q2-OUTERSKIN,4.984760284423828,1.8914355,0.6503718,-4.565887,18.867107391357422,166.14031982421875
Step-Separation,0.1510452376678586,ADAPTER,0.0,0.0,0.0,0.0,0.0,0.0
Step-Separation,0.1510452376678586,Q1-CORE,5.361542701721191,2.1849017,0.12558737,4.894545,19.896610260009766,2.593087673187256
Step-Separation,0.1510452376678586,Q1-INNERSKIN,5.373434066772461,2.1888535,0.112145014,4.9061327,19.746736526489258,84.15448760986328
Step-Separation,0.1510452376678586,Q1-OUTERSKIN,5.162491321563721,2.1105523,0.6470938,4.666707,19.712675094604492,168.580810546875
Step-Separation,0.1510452376678586,Q2-CORE,5.2255635261535645,1.9762908,0.12759632,-4.835753,18.91181182861328,2.6156277656555176
Step-Separation,0.1510452376678586,Q2-INNERSKIN,5.2257843017578125,1.9748812,0.11193193,-4.8369555,18.827342987060547,81.28192901611328
Step-Separation,0.1510452376678586,Q2-OUTERSKIN,5.0195631980896,1.8990939,0.6537625,-4.600223,18.7985897064209,166.1096954345703
Step-Separation,0.1530443774536252,ADAPTER,0.0,0.0,0.0,0.0,0.0,0.0
Step-Separation,0.1530443774536252,Q1-CORE,5.398627758026123,2.195311,0.1282317,4.930451,19.816680908203125,2.5936741828918457
Step-Separation,0.1530443774536252,Q1-INNERSKIN,5.410672187805176,2.1993434,0.11480648,4.9421735,19.741302490234375,84.12704467773438
Step-Separation,0.1530443774536252,Q1-OUTERSKIN,5.199458599090576,2.120409,0.6503013,4.7026954,19.61992835998535,168.5748291015625
Step-Separation,0.1530443774536252,Q2-CORE,5.2603607177734375,1.9843888,0.13048273,-4.869966,18.854604721069336,2.615975856781006
Step-Separation,0.1530443774536252,Q2-INNERSKIN,5.260572910308838,1.9829836,0.11481235,-4.8711624,18.812660217285156,81.19904327392578
Step-Separation,0.1530443774536252,Q2-OUTERSKIN,5.054297924041748,1.9066908,0.65715116,-4.634502,18.749555587768555,166.09500122070312
Step-Separation,0.1550435172393918,ADAPTER,0.0,0.0,0.0,0.0,0.0,0.0
Step-Separation,0.1550435172393918,Q1-CORE,5.435581207275391,2.2055717,0.13086489,4.9662733,19.669384002685547,2.5939648151397705
Step-Separation,0.1550435172393918,Q1-INNERSKIN,5.447779178619385,2.209685,0.11745743,4.978132,19.668285369873047,84.1090316772461
Step-Separation,0.1550435172393918,Q1-OUTERSKIN,5.2362895011901855,2.1301887,0.65348786,4.7385626,19.6041202545166,168.56985473632812
Step-Separation,0.1550435172393918,Q2-CORE,5.295004367828369,1.9923505,0.13336247,-4.9040623,18.738788604736328,2.616300582885742
Step-Separation,0.1550435172393918,Q2-INNERSKIN,5.295212745666504,1.9909501,0.117686026,-4.905257,18.738832473754883,81.12537384033203
Step-Separation,0.1550435172393918,Q2-OUTERSKIN,5.088870525360107,1.9141852,0.6605229,-4.668641,18.696022033691406,166.06973266601562
Step-Separation,0.1570426570251584,ADAPTER,0.0,0.0,0.0,0.0,0.0,0.0
Step-Separation,0.1570426570251584,Q1-CORE,5.472439289093018,2.2157369,0.13347867,5.0020285,19.67268180847168,2.594156265258789
Step-Separation,0.1570426570251584,Q1-INNERSKIN,5.484792232513428,2.219931,0.12008969,5.0140233,19.538814544677734,84.09271240234375
Step-Separation,0.1570426570251584,Q1-OUTERSKIN,5.273000717163086,2.1398773,0.65667045,4.774332,19.531463623046875,168.5681915283203
Step-Separation,0.1570426570251584,Q2-CORE,5.329521179199219,2.0002096,0.13623554,-4.938056,18.720998764038086,2.6164302825927734
Step-Separation,0.1570426570251584,Q2-INNERSKIN,5.329725742340088,1.9988141,0.12055347,-4.9392495,18.636728286743164,81.0558853149414
Step-Separation,0.1570426570251584,Q2-OUTERSKIN,5.123292922973633,1.9215648,0.6638837,-4.7026563,18.63595199584961,166.04380798339844
Step-Separation,0.159041796810925,ADAPTER,0.0,0.0,0.0,0.0,0.0,0.0
Step-Separation,0.159041796810925,Q1-CORE,5.509057521820068,2.2257884,0.13608432,5.037565,19.55925750732422,2.59432053565979
Step-Separation,0.159041796810925,Q1-INNERSKIN,5.52156400680542,2.2300632,0.12271396,5.049696,19.560359954833984,84.06391906738281
Step-Separation,0.159041796810925,Q1-OUTERSKIN,5.309516906738281,2.149397,0.6598467,4.809955,19.465023040771484,168.55653381347656
Step-Separation,0.159041796810925,Q2-CORE,5.363969326019287,2.008033,0.13909197,-4.971984,18.655893325805664,2.616689682006836
Step-Separation,0.159041796810925,Q2-INNERSKIN,5.364168643951416,2.006642,0.123403795,-4.9731746,18.655641555786133,80.98616790771484
Step-Separation,0.159041796810925,Q2-OUTERSKIN,5.157681465148926,1.9288778,0.6672403,-4.7366548,18.5987548828125,166.02110290527344
Step-Separation,0.1610409365966916,ADAPTER,0.0,0.0,0.0,0.0,0.0,0.0
Step-Separation,0.1610409365966916,Q1-CORE,5.545597076416016,2.235765,0.13867936,5.0730433,19.481990814208984,2.594663619995117
Step-Separation,0.1610409365966916,Q1-INNERSKIN,5.558256149291992,2.2401206,0.1253275,5.0853086,19.480876922607422,84.04431915283203
Step-Separation,0.1610409365966916,Q1-OUTERSKIN,5.345926761627197,2.1588218,0.6630148,4.845496,19.436553955078125,168.55270385742188
Step-Separation,0.1610409365966916,Q2-CORE,5.398285865783691,2.0157492,0.14194885,-5.0058064,18.581445693969727,2.6169686317443848
Step-Separation,0.1610409365966916,Q2-INNERSKIN,5.398480415344238,2.014363,0.12625486,-5.0069942,18.581071853637695,80.92086791992188
Step-Separation,0.1610409365966916,Q2-OUTERSKIN,5.191923141479492,1.9360814,0.67057896,-4.770532,18.536828994750977,165.9984130859375
Step-Separation,0.1630400763824582,ADAPTER,0.0,0.0,0.0,0.0,0.0,0.0
Step-Separation,0.1630400763824582,Q1-CORE,5.58198881149292,2.2455816,0.14126062,5.108425,19.482322692871094,2.594928741455078
Step-Separation,0.1630400763824582,Q1-INNERSKIN,5.594802379608154,2.2500176,0.12792692,5.1208267,19.36153221130371,84.02340698242188
Step-Separation,0.1630400763824582,Q1-OUTERSKIN,5.382194519042969,2.1681619,0.66616255,4.8809137,19.359956741333008,168.54766845703125
Step-Separation,0.1630400763824582,Q2-CORE,5.432467937469482,2.023323,0.14480385,-5.039534,18.58550262451172,2.6174535751342773
Step-Separation,0.1630400763824582,Q2-INNERSKIN,5.432656764984131,2.0219412,0.12910414,-5.0407186,18.49358367919922,80.8578872680664
Step-Separation,0.1630400763824582,Q2-OUTERSKIN,5.226035118103027,1.9432223,0.6739088,-4.8042874,18.515493392944336,165.9764404296875
Step-Separation,0.1650392161682248,ADAPTER,0.0,0.0,0.0,0.0,0.0,0.0
Step-Separation,0.1650392161682248,Q1-CORE,5.61818265914917,2.255256,0.14385402,5.1436467,19.373796463012695,2.5952208042144775
Step-Separation,0.1650392161682248,Q1-INNERSKIN,5.631150245666504,2.2597728,0.13053778,5.1561847,19.370710372924805,83.9954833984375
Step-Separation,0.1650392161682248,Q1-OUTERSKIN,5.418269634246826,2.1773722,0.66928303,4.916173,19.3054256439209,168.53359985351562
Step-Separation,0.1650392161682248,Q2-CORE,5.466564655303955,2.0308309,0.14764476,-5.07319,18.491825103759766,2.61769437789917
Step-Separation,0.1650392161682248,Q2-INNERSKIN,5.466749668121338,2.0294533,0.13193917,-5.0743732,18.455835342407227,80.78448486328125
Step-Separation,0.1650392161682248,Q2-OUTERSKIN,5.260076522827148,1.9502994,0.6772369,-4.837984,18.436920166015625,165.9554443359375
Step-Separation,0.1670383559539914,ADAPTER,0.0,0.0,0.0,0.0,0.0,0.0
Step-Separation,0.1670383559539914,Q1-CORE,5.654273509979248,2.2648838,0.14642242,5.178771,19.325538635253906,2.595618963241577
Step-Separation,0.1670383559539914,Q1-INNERSKIN,5.667394638061523,2.2694807,0.13312444,5.1914444,19.32436752319336,83.97454071044922
Step-Separation,0.1670383559539914,Q1-OUTERSKIN,5.454287052154541,2.1865032,0.6723972,4.951397,19.24140739440918,168.53082275390625
Step-Separation,0.1670383559539914,Q2-CORE,5.500512599945068,2.0382528,0.15047988,-5.1067133,18.4112548828125,2.617852210998535
Step-Separation,0.1670383559539914,Q2-INNERSKIN,5.500692367553711,2.03688,0.13476852,-5.1078935,18.408864974975586,80.71631622314453
Step-Separation,0.1670383559539914,Q2-OUTERSKIN,5.293976783752441,1.9572401,0.68054277,-4.8715773,18.38236427307129,165.92605590820312
Step-Separation,0.16903749573975801,ADAPTER,0.0,0.0,0.0,0.0,0.0,0.0
Step-Separation,0.16903749573975801,Q1-CORE,5.690280914306641,2.2744308,0.14897823,5.2138343,19.19983673095703,2.5956029891967773
Step-Separation,0.16903749573975801,Q1-INNERSKIN,5.703556537628174,2.2791088,0.13569945,5.2266436,19.185646057128906,83.95140838623047
Step-Separation,0.16903749573975801,Q1-OUTERSKIN,5.490176200866699,2.1955369,0.67549413,4.986518,19.174501419067383,168.51834106445312
Step-Separation,0.16903749573975801,Q2-CORE,5.534389972686768,2.0456102,0.15330762,-5.1401796,18.34941864013672,2.6180944442749023
Step-Separation,0.16903749573975801,Q2-INNERSKIN,5.534563064575195,2.0442421,0.13759077,-5.141355,18.332204818725586,80.65601348876953
Step-Separation,0.16903749573975801,Q2-OUTERSKIN,5.327780723571777,1.9641047,0.6838375,-4.90509,18.339963912963867,165.9031982421875
Step-Separation,0.17103663552552462,ADAPTER,0.0,0.0,0.0,0.0,0.0,0.0
Step-Separation,0.17103663552552462,Q1-CORE,5.7261643409729,2.2838612,0.15152419,5.248807,19.174415588378906,2.595816135406494
Step-Separation,0.17103663552552462,Q1-INNERSKIN,5.7395920753479,2.2886198,0.13826367,5.2617507,19.17554473876953,83.92548370361328
Step-Separation,0.17103663552552462,Q1-OUTERSKIN,5.525944709777832,2.2044866,0.67858493,5.0215364,19.118793487548828,168.5094757080078
Step-Separation,0.17103663552552462,Q2-CORE,5.568195819854736,2.052883,0.1561274,-5.1735964,18.33632469177246,2.618403434753418
Step-Separation,0.17103663552552462,Q2-INNERSKIN,5.568362236022949,2.051519,0.14040536,-5.174767,18.336166381835938,80.59111022949219
Step-Separation,0.17103663552552462,Q2-OUTERSKIN,5.361520767211914,1.9709269,0.68713117,-4.938543,18.28290367126465,165.88253784179688
Step-Separation,0.17303577531129122,ADAPTER,0.0,0.0,0.0,0.0,0.0,0.0
Step-Separation,0.17303577531129122,Q1-CORE,5.761938095092773,2.2932136,0.15406263,5.2836885,19.149856567382812,2.5960731506347656
Step-Separation,0.17303577531129122,Q1-INNERSKIN,5.775518894195557,2.298053,0.14082098,5.296767,19.15117645263672,83.90623474121094
Step-Separation,0.17303577531129122,Q1-OUTERSKIN,5.561587333679199,2.213339,0.68166256,5.056453,19.07721710205078,168.51254272460938
Step-Separation,0.17303577531129122,Q2-CORE,5.601892471313477,2.0600739,0.15894449,-5.2069216,18.291587829589844,2.618586778640747
Step-Separation,0.17303577531129122,Q2-INNERSKIN,5.602054119110107,2.058714,0.14321646,-5.20809,18.28923797607422,80.51774597167969
Step-Separation,0.17303577531129122,Q2-OUTERSKIN,5.395145893096924,1.9776617,0.6904183,-4.9718986,18.241689682006836,165.8575439453125
Step-Separation,0.17503491509705782,ADAPTER,0.0,0.0,0.0,0.0,0.0,0.0
Step-Separation,0.17503491509705782,Q1-CORE,5.797579288482666,2.3024654,0.15658209,5.3184643,19.05122947692871,2.596259832382202
Step-Separation,0.17503491509705782,Q1-INNERSKIN,5.811315536499023,2.3073857,0.14335838,5.33168,19.036998748779297,83.8817367553711
Step-Separation,0.17503491509705782,Q1-OUTERSKIN,5.597140312194824,2.22211,0.6847445,5.0912995,19.024890899658203,168.4979705810547
Step-Separation,0.17503491509705782,Q2-CORE,5.635460376739502,2.0671852,0.16175231,-5.2401333,18.203941345214844,2.6188924312591553
Step-Separation,0.17503491509705782,Q2-INNERSKIN,5.635618686676025,2.0658295,0.14601889,-5.2413,18.19991683959961,80.45744323730469
Step-Separation,0.17503491509705782,Q2-OUTERSKIN,5.428668022155762,1.9842951,0.69368577,-5.005178,18.193815231323242,165.8287811279297
Step-Separation,0.17703405488282442,ADAPTER,0.0,0.0,0.0,0.0,0.0,0.0
Step-Separation,0.17703405488282442,Q1-CORE,5.833071708679199,2.311606,0.15910542,5.35312,18.998537063598633,2.5964579582214355
Step-Separation,0.17703405488282442,Q1-INNERSKIN,5.846963882446289,2.3166068,0.14590049,5.3664727,18.993444442749023,83.86466217041016
Step-Separation,0.17703405488282442,Q1-OUTERSKIN,5.6325201988220215,2.2307577,0.6877966,5.126006,18.990903854370117,168.4884033203125
Step-Separation,0.17703405488282442,Q2-CORE,5.668943405151367,2.0741963,0.16455334,-5.273287,18.16677474975586,2.6192359924316406
Step-Separation,0.17703405488282442,Q2-INNERSKIN,5.66909646987915,2.072845,0.14881468,-5.2744503,18.166831970214844,80.39337921142578
Step-Separation,0.17703405488282442,Q2-OUTERSKIN,5.462093353271484,1.9908777,0.6969438,-5.0383663,18.14246368408203,165.81626892089844
Step-Separation,0.17903319466859102,ADAPTER,0.0,0.0,0.0,0.0,0.0,0.0
Step-Separation,0.17903319466859102,Q1-CORE,5.868462562561035,2.3206563,0.16163412,5.387697,18.969886779785156,2.59662127494812
Step-Separation,0.17903319466859102,Q1-INNERSKIN,5.882508277893066,2.3257375,0.14844796,5.401186,18.96860694885254,83.83975982666016
Step-Separation,0.17903319466859102,Q1-OUTERSKIN,5.667804718017578,2.2393289,0.6908318,5.160636,18.93183708190918,168.47897338867188
Step-Separation,0.17903319466859102,Q2-CORE,5.702362537384033,2.081154,0.16734365,-5.306386,18.145153045654297,2.619215965270996
Step-Separation,0.17903319466859102,Q2-INNERSKIN,5.702509880065918,2.079807,0.15159968,-5.3075457,18.13454246520996,80.32955169677734
Step-Separation,0.17903319466859102,Q2-OUTERSKIN,5.495449066162109,1.9973851,0.70019823,-5.0715027,18.125825881958008,165.78704833984375
Step-Separation,0.18103233445435762,ADAPTER,0.0,0.0,0.0,0.0,0.0,0.0
Step-Separation,0.18103233445435762,Q1-CORE,5.9037675857543945,2.3296444,0.16413766,5.422203,18.94521141052246,2.5970237255096436
Step-Separation,0.18103233445435762,Q1-INNERSKIN,5.917966842651367,2.3348067,0.1509693,5.4358273,18.943971633911133,83.82617950439453
Step-Separation,0.18103233445435762,Q1-OUTERSKIN,5.703020095825195,2.2478287,0.6938637,5.195215,18.886369705200195,168.4691619873047
Step-Separation,0.18103233445435762,Q2-CORE,5.735691547393799,2.088053,0.17013109,-5.339405,18.107341766357422,2.619658946990967
Step-Separation,0.18103233445435762,Q2-INNERSKIN,5.735834121704102,2.08671,0.15438208,-5.340562,18.104259490966797,80.27804565429688
Step-Separation,0.18103233445435762,Q2-OUTERSKIN,5.528720378875732,2.003825,0.70343804,-5.1045675,18.074975967407227,165.76687622070312
Step-Separation,0.18303147424012423,ADAPTER,0.0,0.0,0.0,0.0,0.0,0.0
Step-Separation,0.18303147424012423,Q1-CORE,5.938973426818848,2.3385544,0.16663134,5.4566293,18.918582916259766,2.597123861312866
Step-Separation,0.18303147424012423,Q1-INNERSKIN,5.95332670211792,2.3437963,0.15348235,5.4703894,18.863313674926758,83.79895782470703
Step-Separation,0.18303147424012423,Q1-OUTERSKIN,5.738117218017578,2.2562432,0.6968855,5.2296944,18.841699600219727,168.46290588378906
Step-Separation,0.18303147424012423,Q2-CORE,5.768939971923828,2.0948844,0.17291513,-5.3723574,18.04180145263672,2.6199355125427246
Step-Separation,0.18303147424012423,Q2-INNERSKIN,5.769077777862549,2.0935457,0.15716085,-5.3735113,18.041717529296875,80.21806335449219
Step-Separation,0.18303147424012423,Q2-OUTERSKIN,5.56192684173584,2.0101998,0.7066799,-5.13758,18.022796630859375,165.7459716796875
Step-Separation,0.18503061402589083,ADAPTER,0.0,0.0,0.0,0.0,0.0,0.0
Step-Separation,0.18503061402589083,Q1-CORE,5.974050045013428,2.3473487,0.16912039,5.4909587,18.876636505126953,2.5972518920898438
Step-Separation,0.18503061402589083,Q1-INNERSKIN,5.9885573387146,2.35267,0.15599157,5.504855,18.877391815185547,83.77487182617188
Step-Separation,0.18503061402589083,Q1-OUTERSKIN,5.773078441619873,2.264564,0.6998944,5.2640605,18.802217483520508,168.45193481445312
Step-Separation,0.18503061402589083,Q2-CORE,5.802099227905273,2.101611,0.17569266,-5.405249,18.089258193969727,2.620208978652954
Step-Separation,0.18503061402589083,Q2-INNERSKIN,5.802232265472412,2.1002762,0.15993299,-5.4064,18.04080581665039,80.15583801269531
Step-Separation,0.18503061402589083,Q2-OUTERSKIN,5.595033168792725,2.0165105,0.7099116,-5.1705036,18.003284454345703,165.71864318847656
Step-Separation,0.18702975381165743,ADAPTER,0.0,0.0,0.0,0.0,0.0,0.0
Step-Separation,0.18702975381165743,Q1-CORE,6.009028434753418,2.3560693,0.17160226,5.525207,18.839054107666016,2.597606897354126
Step-Separation,0.18702975381165743,Q1-INNERSKIN,6.0236921310424805,2.361472,0.15849222,5.5392413,18.827579498291016,83.75468444824219
Step-Separation,0.18702975381165743,Q1-OUTERSKIN,5.807969570159912,2.2728148,0.7028994,5.2983727,18.752702713012695,168.44606018066406
Step-Separation,0.18702975381165743,Q2-CORE,5.8351969718933105,2.1082997,0.17846246,-5.438083,17.967079162597656,2.6202902793884277
Step-Separation,0.18702975381165743,Q2-INNERSKIN,5.8353271484375,2.1069696,0.16269724,-5.439233,17.958507537841797,80.0932388305664
Step-Separation,0.18702975381165743,Q2-OUTERSKIN,5.628077507019043,2.0227618,0.7131306,-5.2033772,17.951171875,165.69454956054688
Step-Separation,0.18902889359742403,ADAPTER,0.0,0.0,0.0,0.0,0.0,0.0
Step-Separation,0.18902889359742403,Q1-CORE,6.043935298919678,2.364736,0.17407395,5.559395,18.80057144165039,2.597642660140991
Step-Separation,0.18902889359742403,Q1-INNERSKIN,6.058751583099365,2.3702207,0.16098197,5.5735636,18.71290397644043,83.7322006225586
Step-Separation,0.18902889359742403,Q1-OUTERSKIN,5.842780113220215,2.2809935,0.7058928,5.3326225,18.713010787963867,168.42984008789062
Step-Separation,0.18902889359742403,Q2-CORE,5.868222713470459,2.1149368,0.18121974,-5.4708533,17.991724014282227,2.620537281036377
Step-Separation,0.18902889359742403,Q2-INNERSKIN,5.868348121643066,2.1136105,0.16544898,-5.472,17.931900024414062,80.03789520263672
Step-Separation,0.18902889359742403,Q2-OUTERSKIN,5.661059379577637,2.0289536,0.7163493,-5.2361994,17.911165237426758,165.67333984375
Step-Separation,0.19102803338319063,ADAPTER,0.0,0.0,0.0,0.0,0.0,0.0
Step-Separation,0.19102803338319063,Q1-CORE,6.0787577629089355,2.3733137,0.17653708,5.593524,18.734739303588867,2.597888469696045
Step-Separation,0.19102803338319063,Q1-INNERSKIN,6.093728542327881,2.378879,0.16346453,5.6078286,18.68640899658203,83.70765686035156
Step-Separation,0.19102803338319063,Q1-OUTERSKIN,5.877480506896973,2.2890952,0.70886594,5.3667803,18.661727905273438,168.42385864257812
Step-Separation,0.19102803338319063,Q2-CORE,5.901175022125244,2.121497,0.18397917,-5.5035686,17.91838836669922,2.620666980743408
Step-Separation,0.19102803338319063,Q2-INNERSKIN,5.901297092437744,2.120175,0.16820325,-5.504714,17.87187385559082,79.98155975341797
Step-Separation,0.19102803338319063,Q2-OUTERSKIN,5.693957805633545,2.0350769,0.7195555,-5.2689524,17.878103256225586,165.650390625
Step-Separation,0.19302717316895723,ADAPTER,0.0,0.0,0.0,0.0,0.0,0.0
Step-Separation,0.19302717316895723,Q1-CORE,6.113480091094971,2.3818176,0.17899103,5.62757,18.71341896057129,2.5979506969451904
Step-Separation,0.19302717316895723,Q1-INNERSKIN,6.128603935241699,2.387463,0.16593705,5.6420093,18.675514221191406,83.68799591064453
Step-Separation,0.19302717316895723,Q1-OUTERSKIN,5.912103176116943,2.297133,0.71183485,5.4008737,18.63216781616211,168.41445922851562
Step-Separation,0.19302717316895723,Q2-CORE,5.934056758880615,2.1279883,0.18673183,-5.5362287,17.889368057250977,2.621000051498413
Step-Separation,0.19302717316895723,Q2-INNERSKIN,5.934174537658691,2.12667,0.1709507,-5.537371,17.844419479370117,79.92403411865234
Step-Separation,0.19302717316895723,Q2-OUTERSKIN,5.726792812347412,2.0411549,0.72275853,-5.301647,17.84431266784668,165.6306610107422
Step-Separation,0.19502631295472383,ADAPTER,0.0,0.0,0.0,0.0,0.0,0.0
Step-Separation,0.19502631295472383,Q1-CORE,6.1480913162231445,2.3902538,0.1814438,5.6615186,18.61313247680664,2.5982768535614014
Step-Separation,0.19502631295472383,Q1-INNERSKIN,6.163370609283447,2.3959794,0.16840865,5.6760955,18.6145076751709,83.66613006591797
Step-Separation,0.19502631295472383,Q1-OUTERSKIN,5.946637153625488,2.3050883,0.7147931,5.4349,18.591646194458008,168.40919494628906
Step-Separation,0.19502631295472383,Q2-CORE,5.966856479644775,2.134435,0.18947427,-5.568812,17.86297607421875,2.62127685546875
Step-Separation,0.19502631295472383,Q2-INNERSKIN,5.966970920562744,2.133121,0.17368789,-5.5699525,17.8349609375,79.86619567871094
Step-Separation,0.19502631295472383,Q2-OUTERSKIN,5.759555816650391,2.0471544,0.7259513,-5.334289,17.809492111206055,165.610107421875
Step-Separation,0.19702545274049044,ADAPTER,0.0,0.0,0.0,0.0,0.0,0.0
Step-Separation,0.19702545274049044,Q1-CORE,6.182628631591797,2.3986058,0.1838906,5.695417,18.564144134521484,2.598383903503418
Step-Separation,0.19702545274049044,Q1-INNERSKIN,6.198061466217041,2.404411,0.17087393,5.7101293,18.562774658203125,83.64219665527344
Step-Separation,0.19702545274049044,Q1-OUTERSKIN,5.98107385635376,2.312972,0.7177426,5.4688435,18.546092987060547,168.3960723876953
Step-Separation,0.19702545274049044,Q2-CORE,5.999589443206787,2.1408024,0.19221197,-5.6013474,17.79351234436035,2.621408700942993
Step-Separation,0.19702545274049044,Q2-INNERSKIN,5.999699115753174,2.1394916,0.17642052,-5.602485,17.783710479736328,79.81214141845703
Step-Separation,0.19702545274049044,Q2-OUTERSKIN,5.792235851287842,2.0530982,0.72913206,-5.3668566,17.77469253540039,165.58648681640625
Step-Separation,0.19902459252625704,ADAPTER,0.0,0.0,0.0,0.0,0.0,0.0
Step-Separation,0.19902459252625704,Q1-CORE,6.217087268829346,2.4068909,0.1863238,5.729253,18.55010414123535,2.5985074043273926
Step-Separation,0.19902459252625704,Q1-INNERSKIN,6.232675552368164,2.4127762,0.17332633,5.7441025,18.551149368286133,83.61702728271484
Step-Separation,0.19902459252625704,Q1-OUTERSKIN,6.0154314041137695,2.3207915,0.720685,5.5027223,18.502723693847656,168.38648986816406
Step-Separation,0.19902459252625704,Q2-CORE,6.032259464263916,2.1471024,0.19494699,-5.6338353,17.7587890625,2.6215555667877197
Step-Separation,0.19902459252625704,Q2-INNERSKIN,6.0323638916015625,2.145796,0.1791505,-5.634969,17.75890350341797,79.8718490600586
Step-Separation,0.19902459252625704,Q2-OUTERSKIN,5.824855327606201,2.0589974,0.73230827,-5.3993697,17.740074157714844,165.5632781982422
Step-Separation,0.20102373231202364,ADAPTER,0.0,0.0,0.0,0.0,0.0,0.0
Step-Separation,0.20102373231202364,Q1-CORE,6.251443386077881,2.4151053,0.18874608,5.7630014,18.47298240661621,2.598684310913086
Step-Separation,0.20102373231202364,Q1-INNERSKIN,6.267184257507324,2.4210715,0.17576726,5.7779856,18.467012405395508,83.59459686279297
Step-Separation,0.20102373231202364,Q1-OUTERSKIN,6.049701690673828,2.3285358,0.72362036,5.536532,18.466899871826172,168.37828063964844
Step-Separation,0.20102373231202364,Q2-CORE,6.06484842300415,2.1533668,0.19766484,-5.6662445,17.709951400756836,2.621861457824707
Step-Separation,0.20102373231202364,Q2-INNERSKIN,6.064950466156006,2.1520648,0.18186311,-5.667377,17.696136474609375,79.94122314453125
Step-Separation,0.20102373231202364,Q2-OUTERSKIN,5.857413291931152,2.064827,0.73548263,-5.431836,17.698375701904297,165.54115295410156
Step-Separation,0.20302287209779024,ADAPTER,0.0,0.0,0.0,0.0,0.0,0.0
Step-Separation,0.20302287209779024,Q1-CORE,6.285714626312256,2.4232402,0.19117363,5.7966857,18.46173095703125,2.5989224910736084
Step-Separation,0.20302287209779024,Q1-INNERSKIN,6.301609039306641,2.429287,0.17821397,5.8118052,18.426090240478516,83.57239532470703
Step-Separation,0.20302287209779024,Q1-OUTERSKIN,6.083876609802246,2.336203,0.7265432,5.5702643,18.4258975982666,168.36825561523438
Step-Separation,0.20302287209779024,Q2-CORE,6.097379207611084,2.1595669,0.20040481,-5.698609,17.699289321899414,2.6221206188201904
Step-Separation,0.20302287209779024,Q2-INNERSKIN,6.097476959228516,2.158269,0.18459772,-5.699739,17.670812606811523,80.01008605957031
Step-Separation,0.20302287209779024,Q2-OUTERSKIN,5.889898300170898,2.070595,0.73864174,-5.4642425,17.667877197265625,165.52239990234375
Step-Separation,0.20500000286847353,ADAPTER,0.0,0.0,0.0,0.0,0.0,0.0
Step-Separation,0.20500000286847353,Q1-CORE,6.31951904296875,2.4312103,0.19356097,5.829929,18.41063117980957,2.59901762008667
Step-Separation,0.20500000286847353,Q1-INNERSKIN,6.335567474365234,2.437337,0.18062006,5.8451843,18.403898239135742,83.54769134521484
Step-Separation,0.20500000286847353,Q1-OUTERSKIN,6.1176066398620605,2.3437357,0.7294268,5.603566,18.393150329589844,168.35772705078125
Step-Separation,0.20500000286847353,Q2-CORE,6.129457473754883,2.1656039,0.20308302,-5.730547,17.674631118774414,2.622263193130493
Step-Separation,0.20500000286847353,Q2-INNERSKIN,6.129552364349365,2.1643105,0.18727012,-5.731675,17.656116485595703,80.07740783691406
Step-Separation,0.20500000286847353,Q2-OUTERSKIN,5.921947002410889,2.0762634,0.7417693,-5.4962134,17.638015747070312,165.50091552734375
