step,time_s,instance,u_mag_max_mm,u_x_max_mm,u_y_max_mm,u_z_max_mm,v_mag_max_mm_s,s_mises_max_MPa
Step-Preload,0.0,ADAPTER,0.0,0.0,0.0,0.0,0.0,0.0
Step-Preload,0.0,Q1-CORE,0.0,0.0,0.0,0.0,0.0,0.0
Step-Preload,0.0,Q1-INNERSKIN,0.0,0.0,0.0,0.0,0.0,0.0
Step-Preload,0.0,Q1-OUTERSKIN,0.0,0.0,0.0,0.0,0.0,0.0
Step-Preload,0.0,Q2-CORE,0.0,0.0,0.0,0.0,0.0,0.0
Step-Preload,0.0,Q2-INNERSKIN,0.0,0.0,0.0,0.0,0.0,0.0
Step-Preload,0.0,Q2-OUTERSKIN,0.0,0.0,0.0,0.0,0.0,0.0
Step-Preload,0.00029999989783391356,ADAPTER,0.0,0.0,0.0,0.0,0.0,0.0
Step-Preload,0.00029999989783391356,Q1-CORE,2.939386831712909e-06,1.0387278e-12,-2.9393868e-06,8.220422e-13,0.019498206675052643,9.376236448588315e-06
Step-Preload,0.00029999989783391356,Q1-INNERSKIN,2.9398549941106467e-06,1.9540258e-11,-2.939855e-06,2.8574384e-11,0.01952395774424076,0.00013048911932855844
Step-Preload,0.00029999989783391356,Q1-OUTERSKIN,2.9394670946203405e-06,-5.4763534e-13,-2.939467e-06,5.944986e-13,0.01949223503470421,3.177714916091645e-06
Step-Preload,0.00029999989783391356,Q2-CORE,2.942738092315267e-06,8.8949365e-10,-2.942736e-06,-3.3158263e-09,0.01964416541159153,1.4695922345708823e-06
Step-Preload,0.00029999989783391356,Q2-INNERSKIN,2.944251036751666e-06,8.894742e-10,-2.944249e-06,-3.3101726e-09,0.01967102847993374,2.916455559898168e-05
Step-Preload,0.00029999989783391356,Q2-OUTERSKIN,2.9394695957307704e-06,-2.860332e-13,-2.9394696e-06,3.5176197e-13,0.019492246210575104,2.83224676422833e-06
Step-Preload,0.0005999997374601662,ADAPTER,0.0,0.0,0.0,0.0,0.0,0.0
Step-Preload,0.0005999997374601662,Q1-CORE,1.164433706435375e-05,8.808997e-09,-1.1644333e-05,-1.329914e-10,0.038854483515024185,1.7952132111531682e-05
Step-Preload,0.0005999997374601662,Q1-INNERSKIN,1.1649474799924064e-05,8.816557e-09,-1.1649471e-05,-1.3725938e-10,0.03886594995856285,0.0002615079574752599
Step-Preload,0.0005999997374601662,Q1-OUTERSKIN,1.164320383395534e-05,3.4302972e-13,-1.1643204e-05,7.800297e-14,0.03841520473361015,6.161957571748644e-05
Step-Preload,0.0005999997374601662,Q2-CORE,1.1643008292594459e-05,-5.3987484e-13,-1.1643008e-05,4.5868566e-13,0.03879348188638687,9.060794354809332e-07
Step-Preload,0.0005999997374601662,Q2-INNERSKIN,1.1647925020952243e-05,5.366518e-10,-1.1647925e-05,-1.3124071e-10,0.03880712389945984,1.6314725144184195e-05
Step-Preload,0.0005999997374601662,Q2-OUTERSKIN,1.1643211109912954e-05,7.0734553e-13,-1.1643211e-05,4.5268956e-13,0.03841523081064224,1.0451191883475985e-05
Step-Preload,0.0007999996305443347,ADAPTER,0.0,0.0,0.0,0.0,0.0,0.0
Step-Preload,0.0007999996305443347,Q1-CORE,2.0564606529660523e-05,-5.381386e-08,-2.0564536e-05,-2.6012306e-09,0.05090988427400589,1.9032613636227325e-05
Step-Preload,0.0007999996305443347,Q1-INNERSKIN,2.0572097128024325e-05,-2.749053e-09,-2.0572026e-05,-5.380698e-08,0.05111473426222801,0.00030091978260315955
Step-Preload,0.0007999996305443347,Q1-OUTERSKIN,2.0562441932270303e-05,-4.3471865e-14,-2.0562442e-05,3.315876e-14,0.050726424902677536,0.0001422621717210859
Step-Preload,0.0007999996305443347,Q2-CORE,2.056461016763933e-05,-2.7478766e-09,-2.056454e-05,5.381147e-08,0.05099444463849068,7.767436613903556e-07
Step-Preload,0.0007999996305443347,Q2-INNERSKIN,2.058025711448863e-05,4.4750433e-08,-2.0580197e-05,2.1293316e-08,0.05097522586584091,1.4475921489065513e-05
Step-Preload,0.0007999996305443347,Q2-OUTERSKIN,2.0562456484185532e-05,5.1650313e-13,-2.0562456e-05,1.1202841e-12,0.05071567744016647,1.4787158761464525e-05
Step-Preload,0.0010999994119629264,ADAPTER,0.0,0.0,0.0,0.0,0.0,0.0
Step-Preload,0.0010999994119629264,Q1-CORE,3.851326255244203e-05,-1.2529631e-07,-3.851306e-05,-5.882753e-09,0.06883309036493301,1.9237117157899775e-05
Step-Preload,0.0010999994119629264,Q1-INNERSKIN,3.852288136840798e-05,-1.2529705e-07,-3.8522678e-05,-5.8771943e-09,0.068842813372612,0.0003839739365503192
Step-Preload,0.0010999994119629264,Q1-OUTERSKIN,3.8492966268677264e-05,9.206538e-14,-3.8492966e-05,-4.3707895e-13,0.06876731663942337,0.0002693399437703192
Step-Preload,0.0010999994119629264,Q2-CORE,3.851426299661398e-05,1.2511488e-07,-3.851406e-05,9.216742e-09,0.0688706487417221,9.61945715971524e-07
Step-Preload,0.0010999994119629264,Q2-INNERSKIN,3.852385270874947e-05,1.2511308e-07,-3.852365e-05,9.216641e-09,0.06887853890657425,1.2801609045709483e-05
Step-Preload,0.0010999994119629264,Q2-OUTERSKIN,3.8492991734528914e-05,6.564783e-15,-3.849299e-05,3.5248963e-13,0.06878352910280228,1.5762876500957645e-05
Step-Preload,0.0013046989915892482,ADAPTER,0.0,0.0,0.0,0.0,0.0,0.0
Step-Preload,0.0013046989915892482,Q1-CORE,5.383064126363024e-05,-1.8308992e-07,-5.383033e-05,-8.964716e-09,0.08079543709754944,2.0302002667449415e-05
Step-Preload,0.0013046989915892482,Q1-INNERSKIN,5.3840307373320684e-05,-1.8309153e-07,-5.3839995e-05,-8.945575e-09,0.0807928666472435,0.0004282018053345382
Step-Preload,0.0013046989915892482,Q1-OUTERSKIN,5.3790383390150964e-05,4.0247656e-11,-5.3790383e-05,6.590631e-11,0.08077608793973923,0.0003485685447230935
Step-Preload,0.0013046989915892482,Q2-CORE,5.38347740075551e-05,1.8242974e-07,-5.3834465e-05,5.513802e-10,0.0808119848370552,1.1981544503214536e-06
Step-Preload,0.0013046989915892482,Q2-INNERSKIN,5.384437463362701e-05,1.8242706e-07,-5.3844065e-05,5.34596e-10,0.08081258088350296,1.2895241525257006e-05
Step-Preload,0.0013046989915892482,Q2-OUTERSKIN,5.379039066610858e-05,5.1487408e-11,-5.379039e-05,-6.021469e-11,0.0807243213057518,1.4907490367477294e-05
Step-Preload,0.0015046987682580948,ADAPTER,0.0,0.0,0.0,0.0,0.0,0.0
Step-Preload,0.0015046987682580948,Q1-CORE,7.114256004570052e-05,-2.433684e-07,-7.1142145e-05,-1.7131823e-08,0.09233784675598145,2.8746499083354138e-05
Step-Preload,0.0015046987682580948,Q1-INNERSKIN,7.115121115930378e-05,-2.4337723e-07,-7.115079e-05,-1.7120712e-08,0.09231030941009521,0.000538926396984607
Step-Preload,0.0015046987682580948,Q1-OUTERSKIN,7.108046702342108e-05,2.1543127e-10,-7.108047e-05,1.6342451e-10,0.09220870584249496,0.0003967167576774955
Step-Preload,0.0015046987682580948,Q2-CORE,7.114771869964898e-05,2.421552e-07,-7.114731e-05,-1.09981215e-08,0.09237900376319885,1.03791114725027e-06
Step-Preload,0.0015046987682580948,Q2-INNERSKIN,7.115636253729463e-05,2.4215174e-07,-7.115595e-05,-1.0985058e-08,0.09237915277481079,1.7343731087748893e-05
Step-Preload,0.0015046987682580948,Q2-OUTERSKIN,7.108048885129392e-05,-1.6798841e-10,-7.108049e-05,2.172785e-10,0.09219815582036972,1.7947982996702194e-05
Step-Preload,0.001804698258638382,ADAPTER,0.0,0.0,0.0,0.0,0.0,0.0
Step-Preload,0.001804698258638382,Q1-CORE,0.00010134760668734089,-3.391012e-07,-0.00010134704,-2.5366985e-08,0.10920888930559158,3.746112633962184e-05
Step-Preload,0.001804698258638382,Q1-INNERSKIN,0.00010135393677046522,-3.391072e-07,-0.00010135337,-2.5358029e-08,0.10899210721254349,0.0006784845609217882
Step-Preload,0.001804698258638382,Q1-OUTERSKIN,0.00010125751578016207,7.4637013e-10,-0.000101257516,5.619488e-10,0.10898084938526154,0.0004603502165991813
Step-Preload,0.001804698258638382,Q2-CORE,0.0001013499204418622,3.3329738e-07,-0.00010134937,-2.8936844e-08,0.10905390977859497,9.812748658077908e-07
Step-Preload,0.001804698258638382,Q2-INNERSKIN,0.00010135626507690176,3.3329928e-07,-0.00010135571,-2.8911224e-08,0.10904427617788315,2.705049882933963e-05
Step-Preload,0.001804698258638382,Q2-OUTERSKIN,0.00010125754488399252,5.617375e-10,-0.000101257545,-7.494529e-10,0.10894258320331573,2.538543412811123e-05
Step-Preload,0.0020046979188919067,ADAPTER,0.0,0.0,0.0,0.0,0.0,0.0
Step-Preload,0.0020046979188919067,Q1-CORE,0.00012423917360138148,-4.0238555e-07,-0.00012423852,-3.185582e-08,0.12003843486309052,4.139709926676005e-05
Step-Preload,0.0020046979188919067,Q1-INNERSKIN,0.0001242442085640505,-4.023887e-07,-0.00012424355,-3.1861372e-08,0.12040573358535767,0.0007100808434188366
Step-Preload,0.0020046979188919067,Q1-OUTERSKIN,0.00012413732474669814,7.589121e-10,-0.00012413732,1.5483471e-09,0.12002266943454742,0.000519416993483901
Step-Preload,0.0020046979188919067,Q2-CORE,0.0001242395956069231,3.8870272e-07,-0.00012423898,-4.239748e-08,0.11991015821695328,1.0083265351568116e-06
Step-Preload,0.0020046979188919067,Q2-INNERSKIN,0.00012424460146576166,3.8870527e-07,-0.00012424399,-4.2382887e-08,0.11991013586521149,3.277231371612288e-05
Step-Preload,0.0020046979188919067,Q2-OUTERSKIN,0.00012413733929861337,-9.931129e-10,-0.00012413734,1.322183e-09,0.11987688392400742,2.934938129328657e-05
Step-Preload,0.002304697409272194,ADAPTER,0.0,0.0,0.0,0.0,0.0,0.0
Step-Preload,0.002304697409272194,Q1-CORE,0.0001626000739634037,-4.8408043e-07,-0.00016259935,-4.7499014e-08,0.1360018104314804,4.4729193177772686e-05
Step-Preload,0.002304697409272194,Q1-INNERSKIN,0.00016260473057627678,-4.840891e-07,-0.000162604,-4.740344e-08,0.13586020469665527,0.0006713852635584772
Step-Preload,0.002304697409272194,Q1-OUTERSKIN,0.00016252232308033854,2.880765e-08,-0.00016252222,1.9016456e-07,0.13599936664104462,0.0006800238625146449
Step-Preload,0.002304697409272194,Q2-CORE,0.00016260005941148847,-4.840994e-07,-0.00016259933,4.7491987e-08,0.13584348559379578,1.0067089988297084e-06
Step-Preload,0.002304697409272194,Q2-INNERSKIN,0.00016260471602436155,-4.841081e-07,-0.00016260399,4.739647e-08,0.13583320379257202,3.8621721614617854e-05
Step-Preload,0.002304697409272194,Q2-OUTERSKIN,0.00016249042528215796,4.2008956e-09,-0.00016249043,-1.2145659e-09,0.1358293890953064,3.320712858112529e-05
Step-Preload,0.0025046970695257187,ADAPTER,0.0,0.0,0.0,0.0,0.0,0.0
Step-Preload,0.0025046970695257187,Q1-CORE,0.00019079710182268173,-5.4252683e-07,-0.00019079632,-5.497895e-08,0.14633935689926147,4.368430745671503e-05
Step-Preload,0.0025046970695257187,Q1-INNERSKIN,0.0001908026752062142,-5.425391e-07,-0.00019080189,-5.4847153e-08,0.14619669318199158,0.0008367311675101519
Step-Preload,0.0025046970695257187,Q1-OUTERSKIN,0.00019074448209721595,1.2707237e-08,-0.00019074437,2.1759503e-07,0.1462404876947403,0.0008263282361440361
Step-Preload,0.0025046970695257187,Q2-CORE,0.0001907970872707665,-5.42555e-07,-0.0001907963,5.496434e-08,0.14619579911231995,1.020552872432745e-06
Step-Preload,0.0025046970695257187,Q2-INNERSKIN,0.00019080266065429896,-5.425673e-07,-0.00019080187,5.4832583e-08,0.14619247615337372,4.0646842535352334e-05
Step-Preload,0.0025046970695257187,Q2-OUTERSKIN,0.00019068621622864157,7.881008e-09,-0.00019068622,-2.1150213e-09,0.14614883065223694,3.301501055830158e-05
Step-Preload,0.002804696559906006,ADAPTER,0.0,0.0,0.0,0.0,0.0,0.0
Step-Preload,0.002804696559906006,Q1-CORE,0.00023693000548519194,-6.238504e-07,-0.00023692916,-7.4468694e-08,0.16153638064861298,4.917686601402238e-05
Step-Preload,0.002804696559906006,Q1-INNERSKIN,0.000236938038142398,-6.238603e-07,-0.0002369372,-7.439322e-08,0.1614813655614853,0.0007607894949615002
Step-Preload,0.002804696559906006,Q1-OUTERSKIN,0.00023684838379267603,1.695299e-08,-0.00023684828,2.234234e-07,0.16135403513908386,0.0009639467461965978
Step-Preload,0.002804696559906006,Q2-CORE,0.00023693147522863,6.2191776e-07,-0.00023693065,-6.9431195e-08,0.1613920032978058,8.859207696332305e-07
Step-Preload,0.002804696559906006,Q2-INNERSKIN,0.0002369394787820056,6.219272e-07,-0.00023693865,-6.935802e-08,0.16140080988407135,4.14091809943784e-05
Step-Preload,0.002804696559906006,Q2-OUTERSKIN,0.00023681657330598682,-1.8347084e-08,-0.00023681657,3.9557873e-09,0.16132894158363342,3.5220145946368575e-05
Step-Preload,0.0030046964529901743,ADAPTER,0.0,0.0,0.0,0.0,0.0,0.0
Step-Preload,0.0030046964529901743,Q1-CORE,0.0002701868361327797,-6.771692e-07,-0.00027018596,-9.326322e-08,0.17132548987865448,5.3325420594774187e-05
Step-Preload,0.0030046964529901743,Q1-INNERSKIN,0.00027019664412364364,-6.7718395e-07,-0.00027019577,-9.314687e-08,0.171316459774971,0.0009025134495459497
Step-Preload,0.0030046964529901743,Q1-OUTERSKIN,0.0002700724289752543,8.2432585e-09,-0.0002700723,2.6447648e-07,0.17118296027183533,0.0010047551477327943
Step-Preload,0.0030046964529901743,Q2-CORE,0.0002701900084502995,6.7643396e-07,-0.00027018916,-8.919164e-08,0.17125968635082245,9.165554502033046e-07
Step-Preload,0.0030046964529901743,Q2-INNERSKIN,0.0002701998455449939,6.7644834e-07,-0.000270199,-8.907892e-08,0.17126452922821045,4.058860577060841e-05
Step-Preload,0.0030046964529901743,Q2-OUTERSKIN,0.0002700677141547203,-2.7975872e-08,-0.0002700677,6.7927197e-09,0.1711938977241516,3.80591991415713e-05
Step-Preload,0.003304696176201105,ADAPTER,0.0,0.0,0.0,0.0,0.0,0.0
Step-Preload,0.003304696176201105,Q1-CORE,0.0003237287746742368,-7.862014e-07,-0.0003237278,-1.1076523e-07,0.1856829971075058,5.654797496390529e-05
Step-Preload,0.003304696176201105,Q1-INNERSKIN,0.0003237402706872672,-7.8621963e-07,-0.00032373928,-1.10621265e-07,0.18566910922527313,0.0008249706006608903
Step-Preload,0.003304696176201105,Q1-OUTERSKIN,0.0003235900367144495,9.7906065e-09,-0.00032359004,2.6669493e-09,0.18562482297420502,0.001116588362492621
Step-Preload,0.003304696176201105,Q2-CORE,0.0003237301134504378,7.710539e-07,-0.00032372918,-1.1920168e-07,0.1856803148984909,1.1464925364634837e-06
Step-Preload,0.003304696176201105,Q2-INNERSKIN,0.00032374149304814637,7.710692e-07,-0.00032374056,-1.1909607e-07,0.18568123877048492,3.935649510822259e-05
Step-Preload,0.003304696176201105,Q2-OUTERSKIN,0.0003235908516217023,-9.800936e-09,-0.00032359085,2.112167e-09,0.18560588359832764,4.27511113230139e-05
Step-Preload,0.00350469583645463,ADAPTER,0.0,0.0,0.0,0.0,0.0,0.0
Step-Preload,0.00350469583645463,Q1-CORE,0.0003618021437432617,-1.0915393e-07,-0.00036180113,-8.6350684e-07,0.19530121982097626,5.969623816781677e-05
Step-Preload,0.00350469583645463,Q1-INNERSKIN,0.0003618135815486312,-1.0901257e-07,-0.00036181253,-8.635251e-07,0.19507592916488647,0.0007617188384756446
Step-Preload,0.00350469583645463,Q1-OUTERSKIN,0.0003616483591031283,1.645697e-08,-0.00036164836,3.9620973e-09,0.19501657783985138,0.001158231869339943
Step-Preload,0.00350469583645463,Q2-CORE,0.0003618022601585835,8.3470934e-07,-0.00036180127,-1.4584006e-07,0.19505244493484497,1.1751139936677646e-06
Step-Preload,0.00350469583645463,Q2-INNERSKIN,0.00036181361065246165,-1.090422e-07,-0.00036181256,8.636415e-07,0.1950550377368927,4.330481169745326e-05
Step-Preload,0.00350469583645463,Q2-OUTERSKIN,0.00036164961056783795,-1.6027919e-08,-0.0003616496,4.405698e-09,0.19498130679130554,4.6139310143189505e-05
Step-Preload,0.003804695326834917,ADAPTER,0.0,0.0,0.0,0.0,0.0,0.0
Step-Preload,0.003804695326834917,Q1-CORE,0.0004223781288601458,-1.3976849e-07,-0.00042237702,-9.639991e-07,0.20932583510875702,6.292692705756053e-05
Step-Preload,0.003804695326834917,Q1-INNERSKIN,0.0004223879368510097,-1.39658e-07,-0.00042238683,-9.640246e-07,0.20881180465221405,0.002232819562777877
Step-Preload,0.003804695326834917,Q1-OUTERSKIN,0.0004222039133310318,7.4695174e-09,-0.0004222039,3.052846e-08,0.20871102809906006,0.0012043925235047936
Step-Preload,0.003804695326834917,Q2-CORE,0.0004223781288601458,-1.3976802e-07,-0.00042237702,9.640474e-07,0.20875827968120575,1.0048460126199643e-06
Step-Preload,0.003804695326834917,Q2-INNERSKIN,0.0004223879368510097,-1.3965578e-07,-0.00042238683,9.64073e-07,0.20875249803066254,5.045954094384797e-05
Step-Preload,0.003804695326834917,Q2-OUTERSKIN,0.0004222049319650978,-2.9634569e-08,-0.00042220493,8.583038e-09,0.20869770646095276,5.167492781765759e-05
Step-Preload,0.004004694987088442,ADAPTER,0.0,0.0,0.0,0.0,0.0,0.0
Step-Preload,0.004004694987088442,Q1-CORE,0.00046501486212946475,-1.6651158e-07,-0.00046501373,-1.0163335e-06,0.21815453469753265,6.698559445794672e-05
Step-Preload,0.004004694987088442,Q1-INNERSKIN,0.00046502301120199263,-1.4905301e-07,-0.00046502185,-1.0333584e-06,0.21766604483127594,0.0011072931811213493
Step-Preload,0.004004694987088442,Q1-OUTERSKIN,0.00046483290498144925,9.972691e-09,-0.0004648329,4.0714575e-08,0.21763086318969727,0.00130069546867162
Step-Preload,0.004004694987088442,Q2-CORE,0.0004650148330256343,-1.6651246e-07,-0.0004650137,1.0164357e-06,0.21765324473381042,8.290045343528618e-07
Step-Preload,0.004004694987088442,Q2-INNERSKIN,0.0004650230403058231,-1.6640152e-07,-0.0004650219,1.0164566e-06,0.21764013171195984,5.512870484380983e-05
Step-Preload,0.004004694987088442,Q2-OUTERSKIN,0.00046483351616188884,-3.979479e-08,-0.00046483352,1.0976459e-08,0.21761856973171234,5.527268149307929e-05
Step-Preload,0.004304182715713978,ADAPTER,0.0,0.0,0.0,0.0,0.0,0.0
Step-Preload,0.004304182715713978,Q1-CORE,0.0005321395001374185,-1.98242e-07,-0.0005321384,-1.0840423e-06,0.2314356416463852,6.920537271071225e-05
Step-Preload,0.004304182715713978,Q1-INNERSKIN,0.0005321456119418144,-1.9812451e-07,-0.0005321445,-1.0840669e-06,0.23068168759346008,0.0012474741088226438
Step-Preload,0.004304182715713978,Q1-OUTERSKIN,0.0005319564952515066,1.3266776e-08,-0.0005319565,5.3781616e-08,0.23074547946453094,0.0014155025128275156
Step-Preload,0.004304182715713978,Q2-CORE,0.0005321395583450794,1.9822072e-07,-0.00053213845,-1.0840602e-06,0.23067763447761536,6.847607778581732e-07
Step-Preload,0.004304182715713978,Q2-INNERSKIN,0.0005321457283571362,1.9810372e-07,-0.0005321446,-1.0840846e-06,0.23067039251327515,6.142436905065551e-05
Step-Preload,0.004304182715713978,Q2-OUTERSKIN,0.0005319564952515066,-1.327826e-08,-0.0005319565,5.378333e-08,0.23066116869449615,5.994850289425813e-05
Step-Preload,0.004503414500504732,ADAPTER,0.0,0.0,0.0,0.0,0.0,0.0
Step-Preload,0.004503414500504732,Q1-CORE,0.0005789225688204169,-2.0578165e-07,-0.00057892146,-1.1300981e-06,0.23960530757904053,6.802610005252063e-05
Step-Preload,0.004503414500504732,Q1-INNERSKIN,0.0005789281567558646,-2.0564534e-07,-0.00057892705,-1.1301265e-06,0.2391187846660614,0.0014578469563275576
Step-Preload,0.004503414500504732,Q1-OUTERSKIN,0.000578744278755039,4.345054e-09,-0.0005787443,1.6809718e-08,0.23914951086044312,0.0013383852783590555
Step-Preload,0.004503414500504732,Q2-CORE,0.0005789226270280778,2.0575065e-07,-0.0005789215,-1.1301273e-06,0.23914222419261932,7.092899636518268e-07
Step-Preload,0.004503414500504732,Q2-INNERSKIN,0.0005789282731711864,2.056146e-07,-0.00057892717,-1.1301556e-06,0.23915010690689087,6.449564534705132e-05
Step-Preload,0.004503414500504732,Q2-OUTERSKIN,0.0005787446862086654,-1.6136903e-08,-0.0005787447,4.9054925e-09,0.23909667134284973,6.303052941802889e-05
Step-Preload,0.004801621660590172,ADAPTER,0.0,0.0,0.0,0.0,0.0,0.0
Step-Preload,0.004801621660590172,Q1-CORE,0.0006520469323731959,-2.1617907e-07,-0.0006520458,-1.1946616e-06,0.25223594903945923,7.537985948147252e-05
Step-Preload,0.004801621660590172,Q1-INNERSKIN,0.0006520532188005745,-2.160166e-07,-0.0006520521,-1.1946954e-06,0.2525830566883087,0.0013269573682919145
Step-Preload,0.004801621660590172,Q1-OUTERSKIN,0.0006518803420476615,8.532093e-09,-0.00065188034,2.8792572e-08,0.2514796555042267,0.0013010120019316673
Step-Preload,0.004801621660590172,Q2-CORE,0.0006520473980344832,1.172665e-06,-0.0006520463,-2.5760994e-07,0.2514716386795044,7.687259540034574e-07
Step-Preload,0.004801621660590172,Q2-INNERSKIN,0.00065205356804654,1.1726988e-06,-0.00065205246,-2.5745905e-07,0.2514823079109192,6.69235159875825e-05
Step-Preload,0.004801621660590172,Q2-OUTERSKIN,0.0006518802838400006,-8.534262e-09,-0.0006518803,2.8771233e-08,0.2514088749885559,6.70151857775636e-05
Step-Preload,0.004999999888241291,ADAPTER,0.0,0.0,0.0,0.0,0.0,0.0
Step-Preload,0.004999999888241291,Q1-CORE,0.0007027082610875368,-2.4526784e-07,-0.00070270716,-1.2214944e-06,0.2608424425125122,7.772761455271393e-05
Step-Preload,0.004999999888241291,Q1-INNERSKIN,0.0007027155952528119,-2.4510575e-07,-0.0007027145,-1.2215309e-06,0.2595357894897461,0.001533278962597251
Step-Preload,0.004999999888241291,Q1-OUTERSKIN,0.0007025455124676228,1.07485585e-08,-0.0007025455,3.6230123e-08,0.2594422399997711,0.0013709149789065123
Step-Preload,0.004999999888241291,Q2-CORE,0.0007027115789242089,6.0355296e-07,-0.00070271135,-1.3889255e-07,0.2594428062438965,7.360525273725216e-07
Step-Preload,0.004999999888241291,Q2-INNERSKIN,0.0007027156534604728,2.4506966e-07,-0.00070271455,-1.2215997e-06,0.2594539523124695,6.763643614249304e-05
Step-Preload,0.004999999888241291,Q2-OUTERSKIN,0.0007025454542599618,-1.0746288e-08,-0.00070254545,3.6200994e-08,0.2594051659107208,6.925362686160952e-05
Step-Separation,0.004999999888241291,ADAPTER,0.0,0.0,0.0,0.0,0.0,0.0
Step-Separation,0.004999999888241291,Q1-CORE,0.0007027082610875368,-2.4526784e-07,-0.00070270716,-1.2214944e-06,0.2608424425125122,7.772761455271393e-05
Step-Separation,0.004999999888241291,Q1-INNERSKIN,0.0007027155952528119,-2.4510575e-07,-0.0007027145,-1.2215309e-06,0.2595357894897461,0.001533278962597251
Step-Separation,0.004999999888241291,Q1-OUTERSKIN,0.0007025455124676228,1.07485585e-08,-0.0007025455,3.6230123e-08,0.25944221019744873,0.0013709149789065123
Step-Separation,0.004999999888241291,Q2-CORE,0.0007027115789242089,6.0355296e-07,-0.00070271135,-1.3889255e-07,0.2594428062438965,7.360525273725216e-07
Step-Separation,0.004999999888241291,Q2-INNERSKIN,0.0007027156534604728,2.4506966e-07,-0.00070271455,-1.2215997e-06,0.2594539523124695,6.763643614249304e-05
Step-Separation,0.004999999888241291,Q2-OUTERSKIN,0.0007025454542599618,-1.0746288e-08,-0.00070254545,3.6200994e-08,0.2594051659107208,6.925362686160952e-05
Step-Separation,0.0070043273735791445,ADAPTER,0.0,0.0,0.0,0.0,0.0,0.0
Step-Separation,0.0070043273735791445,Q1-CORE,0.7712694406509399,0.20333646,-0.117670104,0.73461866,408.10931396484375,2.563326358795166
Step-Separation,0.0070043273735791445,Q1-INNERSKIN,0.7736192941665649,0.20290889,-0.13017672,0.7350978,410.00213623046875,104.04093933105469
Step-Separation,0.0070043273735791445,Q1-OUTERSKIN,0.4969099462032318,0.14631039,0.12780176,0.45736143,362.86126708984375,78.26322174072266
Step-Separation,0.0070043273735791445,Q2-CORE,0.7800890207290649,0.1828611,-0.119669266,-0.74885243,417.6066589355469,2.5908191204071045
Step-Separation,0.0070043273735791445,Q2-INNERSKIN,0.7822533249855042,0.18242306,-0.13236456,-0.7490806,419.4232482910156,98.2294921875
Step-Separation,0.0070043273735791445,Q2-OUTERSKIN,0.504298210144043,0.13298203,0.13027152,-0.4686809,375.5531005859375,78.41486358642578
Step-Separation,0.00900393258780241,ADAPTER,0.0,0.0,0.0,0.0,0.0,0.0
Step-Separation,0.00900393258780241,Q1-CORE,1.235156774520874,0.34679538,-0.16250291,1.174282,270.9599914550781,2.271615982055664
Step-Separation,0.00900393258780241,Q1-INNERSKIN,1.2378437519073486,0.3462011,-0.17705612,1.1751821,270.9894714355469,124.1022720336914
Step-Separation,0.00900393258780241,Q1-OUTERSKIN,0.9735551476478577,0.2969898,0.1939959,0.9066269,248.39349365234375,91.6253890991211
Step-Separation,0.00900393258780241,Q2-CORE,1.2489731311798096,0.3135146,-0.16355175,-1.1978704,273.8335876464844,2.1658143997192383
Step-Separation,0.00900393258780241,Q2-INNERSKIN,1.251188039779663,0.312857,-0.17838128,-1.1982371,273.863525390625,99.39280700683594
Step-Separation,0.00900393258780241,Q2-OUTERSKIN,0.9826771020889282,0.26816267,0.19713208,-0.9245983,252.7737274169922,92.20355987548828
Step-Separation,0.011003222782164812,ADAPTER,0.0,0.0,0.0,0.0,0.0,0.0
Step-Separation,0.011003222782164812,Q1-CORE,1.6875238418579102,0.48735827,-0.19315282,1.6040295,216.95184326171875,2.6316077709198
Step-Separation,0.011003222782164812,Q1-INNERSKIN,1.690392017364502,0.4867028,-0.208999,1.6052617,216.9459991455078,122.9638900756836
Step-Separation,0.011003222782164812,Q1-OUTERSKIN,1.428755760192871,0.43868247,0.25806805,1.3350286,194.8739471435547,123.14375305175781
Step-Separation,0.011003222782164812,Q2-CORE,1.7071833610534668,0.44705716,-0.19643861,-1.6358566,232.12733459472656,2.5957326889038086
Step-Separation,0.011003222782164812,Q2-INNERSKIN,1.7093513011932373,0.44627813,-0.21268766,-1.6363012,232.3426055908203,109.08792114257812
Step-Separation,0.011003222782164812,Q2-OUTERSKIN,1.4448800086975098,0.40109104,0.26148075,-1.3632432,197.6576385498047,127.41854858398438
Step-Separation,0.013002580031752586,ADAPTER,0.0,0.0,0.0,0.0,0.0,0.0
Step-Separation,0.013002580031752586,Q1-CORE,2.033268451690674,0.5971737,-0.20780924,1.9324543,271.0647888183594,2.820300340652466
Step-Separation,0.013002580031752586,Q1-INNERSKIN,2.0362157821655273,0.5964126,-0.22374533,1.9340127,271.1259765625,124.8118667602539
Step-Separation,0.013002580031752586,Q1-OUTERSKIN,1.774652123451233,0.54799664,0.3024688,1.660603,218.89218139648438,138.74375915527344
Step-Separation,0.013002580031752586,Q2-CORE,2.053148031234741,0.5469142,-0.2119009,-1.9675871,249.08685302734375,2.3081133365631104
Step-Separation,0.013002580031752586,Q2-INNERSKIN,2.055129289627075,0.5459267,-0.22824045,-1.9681023,249.14080810546875,105.0448226928711
Step-Separation,0.013002580031752586,Q2-OUTERSKIN,1.7897430658340454,0.5033029,0.30313388,-1.6905551,193.1986541748047,143.31283569335938
Step-Separation,0.015001781284809113,ADAPTER,0.0,0.0,0.0,0.0,0.0,0.0
Step-Separation,0.015001781284809113,Q1-CORE,2.2860586643218994,0.6818451,-0.20844607,2.1720269,236.1519317626953,2.6517515182495117
Step-Separation,0.015001781284809113,Q1-INNERSKIN,2.2892069816589355,0.6806104,-0.2251605,2.1740608,230.5955810546875,104.68811798095703
Step-Separation,0.015001781284809113,Q1-OUTERSKIN,2.0438709259033203,0.6429262,0.33173147,1.911546,219.65533447265625,146.03182983398438
Step-Separation,0.015001781284809113,Q2-CORE,2.3059027194976807,0.62564963,-0.2180204,-2.2086685,199.27194213867188,2.666776418685913
Step-Separation,0.015001781284809113,Q2-INNERSKIN,2.3078529834747314,0.62414783,-0.23515274,-2.2093728,195.08229064941406,93.25811767578125
Step-Separation,0.015001781284809113,Q2-OUTERSKIN,2.0576608180999756,0.594119,0.329036,-1.9423506,185.46937561035156,153.90855407714844
Step-Separation,0.017001076601445675,ADAPTER,0.0,0.0,0.0,0.0,0.0,0.0
Step-Separation,0.017001076601445675,Q1-CORE,2.4616363048553467,0.75077355,-0.20485048,2.3353863,194.4277801513672,2.4226603507995605
Step-Separation,0.017001076601445675,Q1-INNERSKIN,2.46492862701416,0.74946475,-0.22168224,2.337741,176.24240112304688,107.3847427368164
Step-Separation,0.017001076601445675,Q1-OUTERSKIN,2.21043062210083,0.69644594,0.35344985,2.0678587,185.41685485839844,133.2188720703125
Step-Separation,0.017001076601445675,Q2-CORE,2.463902711868286,0.6832204,-0.217084,-2.357308,197.8845977783203,2.3772456645965576
Step-Separation,0.017001076601445675,Q2-INNERSKIN,2.465761661529541,0.681485,-0.23433584,-2.358102,197.91798400878906,93.36712646484375
Step-Separation,0.017001076601445675,Q2-OUTERSKIN,2.2076451778411865,0.64271533,0.34192616,-2.0841546,176.86160278320312,146.24533081054688
Step-Separation,0.01900036633014679,ADAPTER,0.0,0.0,0.0,0.0,0.0,0.0
Step-Separation,0.01900036633014679,Q1-CORE,2.726254940032959,0.8503203,-0.20195219,2.5823703,151.81903076171875,2.620466947555542
Step-Separation,0.01900036633014679,Q1-INNERSKIN,2.729652166366577,0.84959745,-0.21907319,2.5848002,151.96290588378906,118.72406005859375
Step-Separation,0.01900036633014679,Q1-OUTERSKIN,2.47068452835083,0.77193606,0.38515058,2.3151796,147.71038818359375,153.95639038085938
Step-Separation,0.01900036633014679,Q2-CORE,2.666799545288086,0.7576438,-0.21693939,-2.5476918,160.3639373779297,2.519883155822754
Step-Separation,0.01900036633014679,Q2-INNERSKIN,2.6685378551483154,0.7563196,-0.23436746,-2.5483615,160.37594604492188,91.38446044921875
Step-Separation,0.01900036633014679,Q2-OUTERSKIN,2.4096648693084717,0.69814914,0.36372617,-2.2774494,148.855224609375,159.6480712890625
Step-Separation,0.02109960000962019,ADAPTER,0.0,0.0,0.0,0.0,0.0,0.0
Step-Separation,0.02109960000962019,Q1-CORE,2.962529420852661,0.92984575,-0.1948743,2.8060634,118.59052276611328,2.541934013366699
Step-Separation,0.02109960000962019,Q1-INNERSKIN,2.966111421585083,0.9292043,-0.21254909,2.8087754,117.95061492919922,128.92422485351562
Step-Separation,0.02109960000962019,Q1-OUTERSKIN,2.7065205574035645,0.8437142,0.4141373,2.5380878,115.3462142944336,160.17686462402344
Step-Separation,0.02109960000962019,Q2-CORE,2.8210368156433105,0.81276995,-0.21063268,-2.6931927,121.53298950195312,2.4588496685028076
Step-Separation,0.02109960000962019,Q2-INNERSKIN,2.8226964473724365,0.8116155,-0.22848447,-2.6938243,117.26841735839844,95.86417388916016
Step-Separation,0.02109960000962019,Q2-OUTERSKIN,2.5628626346588135,0.7440426,0.3787054,-2.423066,117.04466247558594,158.83534240722656
Step-Separation,0.023098855279386044,ADAPTER,0.0,0.0,0.0,0.0,0.0,0.0
Step-Separation,0.023098855279386044,Q1-CORE,3.138380289077759,0.9908089,-0.18688446,2.9720032,112.29895782470703,2.6189839839935303
Step-Separation,0.023098855279386044,Q1-INNERSKIN,3.142104387283325,0.99067926,-0.20464376,2.9748101,112.41522216796875,133.6880645751953
Step-Separation,0.023098855279386044,Q1-OUTERSKIN,2.8774917125701904,0.8937733,0.42437714,2.702042,105.86576843261719,165.7316131591797
Step-Separation,0.023098855279386044,Q2-CORE,2.9776220321655273,0.8700564,-0.20851818,-2.8400273,119.3276138305664,2.4635009765625
Step-Separation,0.023098855279386044,Q2-INNERSKIN,2.979210138320923,0.86920863,-0.22657913,-2.8405688,119.31788635253906,100.41079711914062
Step-Separation,0.023098855279386044,Q2-OUTERSKIN,2.7158186435699463,0.7908174,0.3892635,-2.5688038,106.46820068359375,165.04969787597656
Step-Separation,0.025098037905991077,ADAPTER,0.0,0.0,0.0,0.0,0.0,0.0
Step-Separation,0.025098037905991077,Q1-CORE,3.3063533306121826,1.0407063,-0.18021162,3.1331177,109.01596069335938,2.6103320121765137
Step-Separation,0.025098037905991077,Q1-INNERSKIN,3.3102595806121826,1.0406458,-0.19813052,3.1361792,109.01669311523438,136.2003936767578
Step-Separation,0.025098037905991077,Q1-OUTERSKIN,3.0495214462280273,0.9483828,0.44085035,2.8645773,100.05770874023438,173.12672424316406
Step-Separation,0.025098037905991077,Q2-CORE,3.150460720062256,0.93039715,-0.20527944,-3.002936,88.16830444335938,2.5108766555786133
Step-Separation,0.025098037905991077,Q2-INNERSKIN,3.151979684829712,0.9296069,-0.22359654,-3.0034666,88.15943908691406,97.50480651855469
Step-Separation,0.025098037905991077,Q2-OUTERSKIN,2.8885042667388916,0.8432329,0.40634137,-2.7326362,80.44134521484375,180.55870056152344
Step-Separation,0.02709714975208044,ADAPTER,0.0,0.0,0.0,0.0,0.0,0.0
Step-Separation,0.02709714975208044,Q1-CORE,3.4330403804779053,1.0757751,-0.16814928,3.255795,69.19793701171875,2.516752243041992
Step-Separation,0.02709714975208044,Q1-INNERSKIN,3.4371113777160645,1.075481,-0.18600841,3.2592142,69.3232192993164,136.8945770263672
Step-Separation,0.02709714975208044,Q1-OUTERSKIN,3.181809902191162,0.99420965,0.45244682,2.9884367,63.101356506347656,175.0018768310547
Step-Separation,0.02709714975208044,Q2-CORE,3.227222442626953,0.96515405,-0.1920325,-3.0735266,72.0982894897461,2.577328681945801
Step-Separation,0.02709714975208044,Q2-INNERSKIN,3.228623390197754,0.96471727,-0.21026573,-3.073942,67.13652038574219,103.87003326416016
Step-Separation,0.02709714975208044,Q2-OUTERSKIN,2.959414482116699,0.8646226,0.41143286,-2.8002293,67.20531463623047,184.6971435546875
Step-Separation,0.029096252284944057,ADAPTER,0.0,0.0,0.0,0.0,0.0,0.0
Step-Separation,0.029096252284944057,Q1-CORE,3.534191846847534,1.1080227,-0.15638022,3.3523638,62.16992950439453,2.495265483856201
Step-Separation,0.029096252284944057,Q1-INNERSKIN,3.5384340286254883,1.1079414,-0.17422734,3.3559835,62.180686950683594,137.43637084960938
Step-Separation,0.029096252284944057,Q1-OUTERSKIN,3.2798452377319336,1.0219501,0.46453422,3.0817544,58.62214660644531,180.64193725585938
Step-Separation,0.029096252284944057,Q2-CORE,3.2339699268341064,0.9750091,-0.17772458,-3.078365,60.107364654541016,2.5252041816711426
Step-Separation,0.029096252284944057,Q2-INNERSKIN,3.235267162322998,0.9745707,-0.19573928,-3.0787745,54.91204071044922,104.72244262695312
Step-Separation,0.029096252284944057,Q2-OUTERSKIN,2.966754674911499,0.86887175,0.41152066,-2.806661,57.81391525268555,178.04295349121094
Step-Separation,0.031095349229872227,ADAPTER,0.0,0.0,0.0,0.0,0.0,0.0
Step-Separation,0.031095349229872227,Q1-CORE,3.5834739208221436,1.1264137,-0.14417703,3.3987777,47.594505310058594,2.557985782623291
Step-Separation,0.031095349229872227,Q1-INNERSKIN,3.587883949279785,1.1266397,-0.16184409,3.402558,45.661678314208984,137.2118682861328
Step-Separation,0.031095349229872227,Q1-OUTERSKIN,3.325984239578247,1.0327736,0.46851715,3.1266663,46.83638381958008,179.94332885742188
Step-Separation,0.031095349229872227,Q2-CORE,3.2507848739624023,0.9878914,-0.17131695,-3.0923007,50.9133415222168,2.6402928829193115
Step-Separation,0.031095349229872227,Q2-INNERSKIN,3.2520391941070557,0.9875828,-0.18933295,-3.0926676,50.203102111816406,95.18296813964844
Step-Separation,0.031095349229872227,Q2-OUTERSKIN,2.9858436584472656,0.9315573,0.39479902,-2.8091986,50.74660110473633,182.09628295898438
Step-Separation,0.033094446174800396,ADAPTER,0.0,0.0,0.0,0.0,0.0,0.0
Step-Separation,0.033094446174800396,Q1-CORE,3.623102903366089,1.1396227,-0.13267978,3.4366453,47.5389518737793,2.5000853538513184
Step-Separation,0.033094446174800396,Q1-INNERSKIN,3.6277108192443848,1.1397476,-0.15026635,3.4407384,47.536529541015625,138.29690551757812
Step-Separation,0.033094446174800396,Q1-OUTERSKIN,3.367140531539917,1.0419685,0.47733635,3.166084,43.21284484863281,180.24502563476562
Step-Separation,0.033094446174800396,Q2-CORE,3.199758768081665,0.97880566,-0.15667345,-3.0423427,61.24735641479492,2.5671942234039307
Step-Separation,0.033094446174800396,Q2-INNERSKIN,3.200924873352051,0.978591,-0.17442471,-3.0426724,61.27589797973633,90.32005310058594
Step-Separation,0.033094446174800396,Q2-OUTERSKIN,2.9523723125457764,0.9189239,0.3946453,-2.7778294,58.83946990966797,172.5821075439453
Step-Separation,0.035093541257083416,ADAPTER,0.0,0.0,0.0,0.0,0.0,0.0
Step-Separation,0.035093541257083416,Q1-CORE,3.6304495334625244,1.1444869,-0.11912736,3.443272,56.23162841796875,2.593881845474243
Step-Separation,0.035093541257083416,Q1-INNERSKIN,3.635239362716675,1.1448779,-0.13655621,3.4475458,52.64845275878906,136.73074340820312
Step-Separation,0.035093541257083416,Q1-OUTERSKIN,3.371980667114258,1.035545,0.48252228,3.1725497,56.23166275024414,178.0063018798828
Step-Separation,0.035093541257083416,Q2-CORE,3.170354127883911,0.97297704,-0.14470966,-3.0138876,50.8652458190918,2.533722162246704
Step-Separation,0.035093541257083416,Q2-INNERSKIN,3.1714534759521484,0.97280145,-0.16236112,-3.014202,50.88438415527344,88.05609130859375
Step-Separation,0.035093541257083416,Q2-OUTERSKIN,2.9268784523010254,0.9093521,0.39930636,-2.7532253,48.32635498046875,166.8540802001953
Step-Separation,0.03709268290549517,ADAPTER,0.0,0.0,0.0,0.0,0.0,0.0
Step-Separation,0.03709268290549517,Q1-CORE,3.626220226287842,1.1410079,-0.10527781,3.4404202,38.091163635253906,2.57747745513916
Step-Separation,0.03709268290549517,Q1-INNERSKIN,3.631193161010742,1.1415219,-0.12254146,3.4449203,35.466400146484375,136.11700439453125
Step-Separation,0.03709268290549517,Q1-OUTERSKIN,3.368898630142212,1.0297096,0.48935968,3.1701267,34.506591796875,172.86927795410156
Step-Separation,0.03709268290549517,Q2-CORE,3.1756982803344727,0.97710276,-0.13517903,-3.0186183,41.58962631225586,2.560088634490967
Step-Separation,0.03709268290549517,Q2-INNERSKIN,3.176745653152466,0.9769355,-0.15285766,-3.018931,39.161190032958984,88.03033447265625
Step-Separation,0.03709268290549517,Q2-OUTERSKIN,2.93080472946167,0.91081864,0.40799838,-2.7556422,38.78654098510742,167.5102996826172
Step-Separation,0.03909182269126177,ADAPTER,0.0,0.0,0.0,0.0,0.0,0.0
Step-Separation,0.03909182269126177,Q1-CORE,3.6414966583251953,1.1422623,-0.09657207,3.4563577,35.3197021484375,2.4945967197418213
Step-Separation,0.03909182269126177,Q1-INNERSKIN,3.646688938140869,1.1427059,-0.11378473,3.4611583,35.37849044799805,137.79327392578125
Step-Separation,0.03909182269126177,Q1-OUTERSKIN,3.3867671489715576,1.0335357,0.49672365,3.186732,33.508575439453125,169.63514709472656
Step-Separation,0.03909182269126177,Q2-CORE,3.1713480949401855,0.9785238,-0.123186305,-3.0140944,38.309791564941406,2.5715150833129883
Step-Separation,0.03909182269126177,Q2-INNERSKIN,3.172321319580078,0.97846174,-0.14074777,-3.0143697,37.364349365234375,90.8768539428711
Step-Separation,0.03909182269126177,Q2-OUTERSKIN,2.9338772296905518,0.91083837,0.41517434,-2.7578323,36.498619079589844,165.3141326904297
Step-Separation,0.04109096247702837,ADAPTER,0.0,0.0,0.0,0.0,0.0,0.0
Step-Separation,0.04109096247702837,Q1-CORE,3.6743252277374268,1.1517155,-0.08806315,3.4880457,36.871604919433594,2.568128824234009
Step-Separation,0.04109096247702837,Q1-INNERSKIN,3.679725408554077,1.1524117,-0.10521594,3.4930296,34.6134147644043,141.3711700439453
Step-Separation,0.04109096247702837,Q1-OUTERSKIN,3.418442726135254,1.0396026,0.5050036,3.2171335,35.100162506103516,172.87489318847656
Step-Separation,0.04109096247702837,Q2-CORE,3.1818134784698486,0.9834952,-0.114171684,-3.0238452,39.28782653808594,2.5350356101989746
Step-Separation,0.04109096247702837,Q2-INNERSKIN,3.1827330589294434,0.9833934,-0.13172114,-3.0241323,39.292396545410156,88.32183837890625
Step-Separation,0.04109096247702837,Q2-OUTERSKIN,2.9443750381469727,0.9135411,0.4221216,-2.7670562,36.31505584716797,165.12606811523438
Step-Separation,0.04309010226279497,ADAPTER,0.0,0.0,0.0,0.0,0.0,0.0
Step-Separation,0.04309010226279497,Q1-CORE,3.6954922676086426,1.1567082,-0.08053549,3.508875,35.78233337402344,2.533195734024048
Step-Separation,0.04309010226279497,Q1-INNERSKIN,3.7011160850524902,1.157428,-0.09761165,3.5141275,35.518550872802734,142.4776611328125
Step-Separation,0.04309010226279497,Q1-OUTERSKIN,3.440237283706665,1.0425069,0.51059896,3.238472,34.18607711791992,170.71014404296875
Step-Separation,0.04309010226279497,Q2-CORE,3.200685739517212,0.992091,-0.10532743,-3.0412252,36.80689239501953,2.5465598106384277
Step-Separation,0.04309010226279497,Q2-INNERSKIN,3.201549530029297,0.99205315,-0.12282966,-3.0414903,36.80014419555664,87.95967864990234
Step-Separation,0.04309010226279497,Q2-OUTERSKIN,2.9692275524139404,0.91969335,0.43105912,-2.790101,34.32038497924805,166.08204650878906
Step-Separation,0.04508924204856157,ADAPTER,0.0,0.0,0.0,0.0,0.0,0.0
Step-Separation,0.04508924204856157,Q1-CORE,3.731165885925293,1.1661397,-0.07350105,3.5434892,34.83564376831055,2.539119243621826
Step-Separation,0.04508924204856157,Q1-INNERSKIN,3.737013816833496,1.1669382,-0.09053923,3.54899,30.47495460510254,146.19808959960938
Step-Separation,0.04508924204856157,Q1-OUTERSKIN,3.4757657051086426,1.0494152,0.5182566,3.2727795,30.994352340698242,172.05252075195312
Step-Separation,0.04508924204856157,Q2-CORE,3.2123379707336426,0.99854803,-0.0979363,-3.0516267,42.28575897216797,2.576780319213867
Step-Separation,0.04508924204856157,Q2-INNERSKIN,3.2131619453430176,0.99861556,-0.11544873,-3.0518596,39.763916015625,86.1509780883789
Step-Separation,0.04508924204856157,Q2-OUTERSKIN,2.988982915878296,0.92367935,0.43744618,-2.8088212,39.3709831237793,165.6388397216797
Step-Separation,0.047088381834328175,ADAPTER,0.0,0.0,0.0,0.0,0.0,0.0
Step-Separation,0.047088381834328175,Q1-CORE,3.764850616455078,1.1756331,-0.06773888,3.5759473,27.65522003173828,2.5646820068359375
Step-Separation,0.047088381834328175,Q1-INNERSKIN,3.7709274291992188,1.1765908,-0.084733054,3.5816684,26.579185485839844,147.86138916015625
Step-Separation,0.047088381834328175,Q1-OUTERSKIN,3.50889253616333,1.0548388,0.52561164,3.3050528,26.90494155883789,173.24220275878906
Step-Separation,0.047088381834328175,Q2-CORE,3.2252323627471924,1.0035934,-0.09038837,-3.063781,37.49740219116211,2.5530383586883545
Step-Separation,0.047088381834328175,Q2-INNERSKIN,3.2260076999664307,1.0036746,-0.10782026,-3.064007,36.525657653808594,83.61601257324219
Step-Separation,0.047088381834328175,Q2-OUTERSKIN,3.0055668354034424,0.9264231,0.4437201,-2.8245857,36.60159683227539,163.8625946044922
Step-Separation,0.049087521620094776,ADAPTER,0.0,0.0,0.0,0.0,0.0,0.0
Step-Separation,0.049087521620094776,Q1-CORE,3.7841265201568604,1.179782,-0.06009647,3.5950127,31.4444637298584,2.5560598373413086
Step-Separation,0.049087521620094776,Q1-INNERSKIN,3.790421724319458,1.1808888,-0.076970026,3.6009545,28.919328689575195,147.25843811035156
Step-Separation,0.049087521620094776,Q1-OUTERSKIN,3.5338664054870605,1.1118767,0.5051458,3.3161378,30.30921745300293,171.37619018554688
Step-Separation,0.049087521620094776,Q2-CORE,3.2490763664245605,1.011631,-0.08502035,-3.086401,35.485355377197266,2.5806386470794678
Step-Separation,0.049087521620094776,Q2-INNERSKIN,3.249821662902832,1.011749,-0.10249779,-3.086616,35.445068359375,82.69136047363281
Step-Separation,0.049087521620094776,Q2-OUTERSKIN,3.0321524143218994,0.9325387,0.45137408,-2.8496635,35.30426788330078,164.88153076171875
Step-Separation,0.05108666140586138,ADAPTER,0.0,0.0,0.0,0.0,0.0,0.0
Step-Separation,0.05108666140586138,Q1-CORE,3.8151321411132812,1.1871051,-0.0550717,3.6253252,32.931915283203125,2.5576705932617188
Step-Separation,0.05108666140586138,Q1-INNERSKIN,3.8216655254364014,1.1882573,-0.07192849,3.6315284,32.93226623535156,149.36940002441406
Step-Separation,0.05108666140586138,Q1-OUTERSKIN,3.5648210048675537,1.1169144,0.5117722,3.346422,31.956796646118164,171.30592346191406
Step-Separation,0.05108666140586138,Q2-CORE,3.2681617736816406,1.0180221,-0.07818535,-3.1045773,34.81191635131836,2.576287269592285
Step-Separation,0.05108666140586138,Q2-INNERSKIN,3.268867254257202,1.0181714,-0.09563105,-3.1047826,33.91211700439453,83.8408432006836
Step-Separation,0.05108666140586138,Q2-OUTERSKIN,3.057049036026001,0.9377978,0.4580159,-2.8733788,33.536712646484375,163.6849822998047
Step-Separation,0.05308580119162798,ADAPTER,0.0,0.0,0.0,0.0,0.0,0.0
Step-Separation,0.05308580119162798,Q1-CORE,3.847747564315796,1.1952288,-0.049041435,3.6570733,28.561603546142578,2.5926451683044434
Step-Separation,0.05308580119162798,Q1-INNERSKIN,3.8545114994049072,1.1965237,-0.065874934,3.6635025,26.432926177978516,151.51800537109375
Step-Separation,0.05308580119162798,Q1-OUTERSKIN,3.601802110671997,1.1238257,0.52013874,3.3822255,27.185853958129883,171.7655792236328
Step-Separation,0.05308580119162798,Q2-CORE,3.2999212741851807,1.0272423,-0.07335036,-3.1351032,37.004764556884766,2.5654330253601074
Step-Separation,0.05308580119162798,Q2-INNERSKIN,3.300598382949829,1.0273786,-0.090839714,-3.1353135,36.477115631103516,83.81075286865234
Step-Separation,0.05308580119162798,Q2-OUTERSKIN,3.0882160663604736,0.9456889,0.46539754,-2.9027843,36.84800338745117,164.44911193847656
Step-Separation,0.05508494097739458,ADAPTER,0.0,0.0,0.0,0.0,0.0,0.0
Step-Separation,0.05508494097739458,Q1-CORE,3.8783812522888184,1.2017483,-0.042980798,3.6872478,26.705564498901367,2.5696280002593994
Step-Separation,0.05508494097739458,Q1-INNERSKIN,3.8853793144226074,1.2030755,-0.059766345,3.6939423,26.708782196044922,153.3682098388672
Step-Separation,0.05508494097739458,Q1-OUTERSKIN,3.634408712387085,1.1291019,0.52698594,3.4141386,25.406105041503906,170.685546875
Step-Separation,0.05508494097739458,Q2-CORE,3.331521511077881,1.0362321,-0.06789622,-3.1655407,34.4389762878418,2.567025661468506
Step-Separation,0.05508494097739458,Q2-INNERSKIN,3.332165479660034,1.0363942,-0.08536637,-3.1657426,32.97914123535156,84.90214538574219
Step-Separation,0.05508494097739458,Q2-OUTERSKIN,3.1217663288116455,0.95394826,0.47263366,-2.9346251,32.6832160949707,164.9187469482422
Step-Separation,0.05708408076316118,ADAPTER,0.0,0.0,0.0,0.0,0.0,0.0
Step-Separation,0.05708408076316118,Q1-CORE,3.918360471725464,1.2107432,-0.03845338,3.7264154,24.395593643188477,2.5845189094543457
Step-Separation,0.05708408076316118,Q1-INNERSKIN,3.9255990982055664,1.2121749,-0.05523531,3.733351,24.378124237060547,156.45396423339844
Step-Separation,0.05708408076316118,Q1-OUTERSKIN,3.676997423171997,1.1373913,0.53399616,3.4556475,23.848154067993164,171.7642822265625
Step-Separation,0.05708408076316118,Q2-CORE,3.363100528717041,1.0454686,-0.06354502,-3.1958416,33.30594253540039,2.578913450241089
Step-Separation,0.05708408076316118,Q2-INNERSKIN,3.3637208938598633,1.0456637,-0.08105828,-3.1960342,32.82494354248047,86.0510025024414
Step-Separation,0.05708408076316118,Q2-OUTERSKIN,3.1557390689849854,0.96170485,0.47882867,-2.967244,31.292030334472656,165.4673614501953
Step-Separation,0.059083220548927784,ADAPTER,0.0,0.0,0.0,0.0,0.0,0.0
Step-Separation,0.059083220548927784,Q1-CORE,3.9588418006896973,1.2194955,-0.034545474,3.7661738,23.5932559967041,2.5908312797546387
Step-Separation,0.059083220548927784,Q1-INNERSKIN,3.966324806213379,1.2210062,-0.051325575,3.7733595,23.58774757385254,158.90724182128906
Step-Separation,0.059083220548927784,Q1-OUTERSKIN,3.717885732650757,1.1453489,0.54032093,3.4955547,22.79572296142578,172.65489196777344
Step-Separation,0.059083220548927784,Q2-CORE,3.3927001953125,1.0537033,-0.05949727,-3.2243736,32.725990295410156,2.5730788707733154
Step-Separation,0.059083220548927784,Q2-INNERSKIN,3.3932974338531494,1.0539114,-0.07701361,-3.2245631,32.387107849121094,86.16900634765625
Step-Separation,0.059083220548927784,Q2-OUTERSKIN,3.1880691051483154,0.96890736,0.48408264,-2.998444,31.629440307617188,165.682861328125
Step-Separation,0.061082360334694386,ADAPTER,0.0,0.0,0.0,0.0,0.0,0.0
Step-Separation,0.061082360334694386,Q1-CORE,3.99564790725708,1.2262537,-0.029679859,3.8027127,22.151220321655273,2.591179609298706
Step-Separation,0.061082360334694386,Q1-INNERSKIN,4.003370761871338,1.2278327,-0.046413817,3.8101509,22.096031188964844,160.238525390625
Step-Separation,0.061082360334694386,Q1-OUTERSKIN,3.756603956222534,1.1517534,0.545947,3.5337627,21.648984909057617,172.80325317382812
Step-Separation,0.061082360334694386,Q2-CORE,3.4350969791412354,1.4558216,-0.023709178,-3.1112556,32.995262145996094,2.581326723098755
Step-Separation,0.061082360334694386,Q2-INNERSKIN,3.435781240463257,1.4541719,-0.03905819,-3.1126277,32.858428955078125,85.28572082519531
Step-Separation,0.061082360334694386,Q2-OUTERSKIN,3.2330574989318848,1.4031447,0.47616857,-2.8735187,32.539974212646484,166.4636993408203
Step-Separation,0.06308150012046099,ADAPTER,0.0,0.0,0.0,0.0,0.0,0.0
Step-Separation,0.06308150012046099,Q1-CORE,4.03408670425415,1.2333404,-0.02542676,3.8408437,22.702219009399414,2.6052494049072266
Step-Separation,0.06308150012046099,Q1-INNERSKIN,4.042053699493408,1.2349828,-0.042148508,3.8485372,21.847076416015625,162.05621337890625
Step-Separation,0.06308150012046099,Q1-OUTERSKIN,3.796114921569824,1.1585037,0.5517829,3.5726593,21.161462783813477,173.5982208251953
Step-Separation,0.06308150012046099,Q2-CORE,3.4861435890197754,1.4740359,-0.019227862,-3.159121,31.8210506439209,2.5773181915283203
Step-Separation,0.06308150012046099,Q2-INNERSKIN,3.4868037700653076,1.4724108,-0.03458746,-3.1604762,30.536474227905273,85.36983489990234
Step-Separation,0.06308150012046099,Q2-OUTERSKIN,3.283841848373413,1.4198183,0.4813802,-2.9216444,30.764272689819336,165.95135498046875
Step-Separation,0.06508063990622759,ADAPTER,0.0,0.0,0.0,0.0,0.0,0.0
Step-Separation,0.06508063990622759,Q1-CORE,4.069923400878906,1.2395856,-0.021233723,3.8765004,20.47191619873047,2.591404438018799
Step-Separation,0.06508063990622759,Q1-INNERSKIN,4.078134536743164,1.2413069,-0.037942052,3.8844433,20.467609405517578,163.15472412109375
Step-Separation,0.06508063990622759,Q1-OUTERSKIN,3.8329904079437256,1.16455,0.55712724,3.609051,20.046106338500977,173.984130859375
Step-Separation,0.06508063990622759,Q2-CORE,3.5434393882751465,1.495695,-0.015327793,-3.2122617,28.750701904296875,2.5976104736328125
Step-Separation,0.06508063990622759,Q2-INNERSKIN,3.544080972671509,1.4940825,-0.030725006,-3.213609,28.75990867614746,84.97315216064453
Step-Separation,0.06508063990622759,Q2-OUTERSKIN,3.3406403064727783,1.440301,0.48751265,-2.9745157,27.900007247924805,167.1913299560547
Step-Separation,0.06707977969199419,ADAPTER,0.0,0.0,0.0,0.0,0.0,0.0
Step-Separation,0.06707977969199419,Q1-CORE,4.1031012535095215,1.244821,-0.016764542,3.909678,19.86798858642578,2.603523015975952
Step-Separation,0.06707977969199419,Q1-INNERSKIN,4.111554145812988,1.2466266,-0.033434935,3.9178672,19.8634090423584,164.157470703125
Step-Separation,0.06707977969199419,Q1-OUTERSKIN,3.867455005645752,1.1696016,0.5621903,3.6432378,19.503093719482422,174.1791534423828
Step-Separation,0.06707977969199419,Q2-CORE,3.595323085784912,1.5139179,-0.011315251,-3.2610233,27.52985191345215,2.5880584716796875
Step-Separation,0.06707977969199419,Q2-INNERSKIN,3.5959489345550537,1.5123048,-0.026719347,-3.2623718,27.166261672973633,84.87274932861328
Step-Separation,0.06707977969199419,Q2-OUTERSKIN,3.3929996490478516,1.4585745,0.49286753,-3.0235887,26.85797691345215,167.30056762695312
Step-Separation,0.06907891947776079,ADAPTER,0.0,0.0,0.0,0.0,0.0,0.0
Step-Separation,0.06907891947776079,Q1-CORE,4.136477470397949,1.2499626,-0.0125951525,3.94308,19.153812408447266,2.6074578762054443
Step-Separation,0.06907891947776079,Q1-INNERSKIN,4.145174503326416,1.2518513,-0.029244212,3.9515169,19.094884872436523,165.54928588867188
Step-Separation,0.06907891947776079,Q1-OUTERSKIN,3.901979923248291,1.1743972,0.56762475,3.6775048,19.105195999145508,174.6328582763672
Step-Separation,0.06907891947776079,Q2-CORE,3.644514560699463,1.530628,-0.0068201814,-3.3075092,25.832313537597656,2.5922183990478516
Step-Separation,0.06907891947776079,Q2-INNERSKIN,3.64512038230896,1.529026,-0.022227563,-3.30885,25.829408645629883,85.37903594970703
Step-Separation,0.06907891947776079,Q2-OUTERSKIN,3.4418094158172607,1.4747651,0.49786395,-3.0697315,25.43031120300293,167.49078369140625
Step-Separation,0.0710780592635274,ADAPTER,0.0,0.0,0.0,0.0,0.0,0.0
Step-Separation,0.0710780592635274,Q1-CORE,4.167018890380859,1.2540264,-0.0076790955,3.97384,19.24134063720703,2.617141008377075
Step-Separation,0.0710780592635274,Q1-INNERSKIN,4.175957679748535,1.2559879,-0.024290252,3.9825275,19.240314483642578,166.8031768798828
Step-Separation,0.0710780592635274,Q1-OUTERSKIN,3.9334523677825928,1.1781427,0.5727344,3.7089086,18.956331253051758,174.57138061523438
Step-Separation,0.0710780592635274,Q2-CORE,3.6938040256500244,1.5473503,-0.00261404,-3.3540854,25.186933517456055,2.595886468887329
Step-Separation,0.0710780592635274,Q2-INNERSKIN,3.6943960189819336,1.545742,-0.018038632,-3.355431,25.180999755859375,85.86764526367188
Step-Separation,0.0710780592635274,Q2-OUTERSKIN,3.491028070449829,1.4912186,0.5031851,-3.1161432,24.956504821777344,168.00010681152344
Step-Separation,0.073077199049294,ADAPTER,0.0,0.0,0.0,0.0,0.0,0.0
Step-Separation,0.073077199049294,Q1-CORE,4.197683334350586,1.2579721,-0.0031916574,4.004752,18.693391799926758,2.6095731258392334
Step-Separation,0.073077199049294,Q1-INNERSKIN,4.206867218017578,1.2599999,-0.019782744,4.0136943,18.71682357788086,167.9163818359375
Step-Separation,0.073077199049294,Q1-OUTERSKIN,3.964862108230591,1.1817452,0.57798773,3.7402594,18.372264862060547,174.81980895996094
Step-Separation,0.073077199049294,Q2-CORE,3.7378034591674805,1.5609624,0.0018558092,-3.3962579,24.564476013183594,2.590968370437622
Step-Separation,0.073077199049294,Q2-INNERSKIN,3.7383832931518555,1.5593406,-0.013577944,-3.3976142,24.56357765197754,85.24774932861328
Step-Separation,0.073077199049294,Q2-OUTERSKIN,3.535682439804077,1.5052382,0.5080122,-3.1586757,24.15333366394043,167.64959716796875
Step-Separation,0.0750763388350606,ADAPTER,0.0,0.0,0.0,0.0,0.0,0.0
Step-Separation,0.0750763388350606,Q1-CORE,4.226516246795654,1.2611355,0.0013838708,4.033978,18.32683563232422,2.6151998043060303
Step-Separation,0.0750763388350606,Q1-INNERSKIN,4.235943794250488,1.2632377,-0.015157584,4.0431695,18.33420181274414,169.26571655273438
Step-Separation,0.0750763388350606,Q1-OUTERSKIN,3.994757890701294,1.1846533,0.58280665,3.7702816,18.19420623779297,174.88832092285156
Step-Separation,0.0750763388350606,Q2-CORE,3.7791216373443604,1.573525,0.0060703307,-3.4359486,23.844024658203125,2.591313600540161
Step-Separation,0.0750763388350606,Q2-INNERSKIN,3.7796828746795654,1.5719186,-0.009356415,-3.4372935,23.28273582458496,85.28557586669922
Step-Separation,0.0750763388350606,Q2-OUTERSKIN,3.5769083499908447,1.5171508,0.51218027,-3.1984682,23.394248962402344,167.11355590820312
Step-Separation,0.0770754786208272,ADAPTER,0.0,0.0,0.0,0.0,0.0,0.0
Step-Separation,0.0770754786208272,Q1-CORE,4.254812240600586,1.2641861,0.0060410127,4.062662,17.83634376525879,2.6174190044403076
Step-Separation,0.0770754786208272,Q1-INNERSKIN,4.264483451843262,1.266353,-0.010475231,4.0721073,17.840364456176758,170.46617126464844
Step-Separation,0.0770754786208272,Q1-OUTERSKIN,4.023763179779053,1.1873277,0.5877755,3.7994006,17.58492660522461,174.7916717529297
Step-Separation,0.0770754786208272,Q2-CORE,3.8233585357666016,1.5881531,0.009897746,-3.4778934,23.878618240356445,2.5958144664764404
Step-Separation,0.0770754786208272,Q2-INNERSKIN,3.8239035606384277,1.5865604,-0.0055475757,-3.479229,23.039045333862305,84.98184204101562
Step-Separation,0.0770754786208272,Q2-OUTERSKIN,3.6207640171051025,1.5305862,0.51695913,-3.2403688,23.0871524810791,167.25347900390625
Step-Separation,0.0790746184065938,ADAPTER,0.0,0.0,0.0,0.0,0.0,0.0
Step-Separation,0.0790746184065938,Q1-CORE,4.283793926239014,1.2675146,0.0107556805,4.0919657,17.568464279174805,2.620824098587036
Step-Separation,0.0790746184065938,Q1-INNERSKIN,4.293708801269531,1.2697595,-0.005721066,4.10166,17.548255920410156,171.55615234375
Step-Separation,0.0790746184065938,Q1-OUTERSKIN,4.05382776260376,1.190424,0.59277254,3.829495,17.353837966918945,175.10484313964844
Step-Separation,0.0790746184065938,Q2-CORE,3.8651208877563477,1.6011283,0.013860814,-3.5178623,23.777706146240234,2.5930848121643066
Step-Separation,0.0790746184065938,Q2-INNERSKIN,3.8656508922576904,1.599544,-0.0015832558,-3.519192,23.46123504638672,84.61224365234375
Step-Separation,0.0790746184065938,Q2-OUTERSKIN,3.662569999694824,1.543151,0.5211883,-3.2804675,23.111635208129883,166.8277587890625
Step-Separation,0.0810737581923604,ADAPTER,0.0,0.0,0.0,0.0,0.0,0.0
Step-Separation,0.0810737581923604,Q1-CORE,4.311668872833252,1.2702992,0.015211154,4.1202664,17.5657901763916,2.6269631385803223
Step-Separation,0.0810737581923604,Q1-INNERSKIN,4.321828365325928,1.2726102,-0.0012291707,4.1302133,17.376554489135742,172.7213134765625
Step-Separation,0.0810737581923604,Q1-OUTERSKIN,4.082333087921143,1.1929833,0.59755415,3.8581297,17.565710067749023,175.30259704589844
Step-Separation,0.0810737581923604,Q2-CORE,3.9070322513580322,1.6142684,0.017552245,-3.557911,22.960506439208984,2.596947431564331
Step-Separation,0.0810737581923604,Q2-INNERSKIN,3.9075498580932617,1.6126872,0.0020999797,-3.559239,22.37281036376953,84.4187240600586
Step-Separation,0.0810737581923604,Q2-OUTERSKIN,3.704247236251831,1.5556356,0.5253739,-3.320456,22.56641387939453,166.6151123046875
Step-Separation,0.083072897978127,ADAPTER,0.0,0.0,0.0,0.0,0.0,0.0
Step-Separation,0.083072897978127,Q1-CORE,4.33836555480957,1.2726381,0.019645728,4.14746,17.333600997924805,2.623342752456665
Step-Separation,0.083072897978127,Q1-INNERSKIN,4.348771095275879,1.2750202,0.0032439083,4.1576586,17.352949142456055,173.8748321533203
Step-Separation,0.083072897978127,Q1-OUTERSKIN,4.109604358673096,1.1950712,0.6020535,3.8856382,17.052330017089844,175.24771118164062
Step-Separation,0.083072897978127,Q2-CORE,3.9495315551757812,1.627862,0.021081045,-3.5983913,22.576763153076172,2.6010236740112305
Step-Separation,0.083072897978127,Q2-INNERSKIN,3.950035572052002,1.6262903,0.00562156,-3.5997124,22.380340576171875,84.18988037109375
Step-Separation,0.083072897978127,Q2-OUTERSKIN,3.746645212173462,1.5684128,0.5296107,-3.3610926,22.12422752380371,167.12364196777344
Step-Separation,0.0850720377638936,ADAPTER,0.0,0.0,0.0,0.0,0.0,0.0
Step-Separation,0.0850720377638936,Q1-CORE,4.365184307098389,1.2750998,0.023983754,4.174731,16.953571319580078,2.6258223056793213
Step-Separation,0.0850720377638936,Q1-INNERSKIN,4.375835418701172,1.2775631,0.0076148286,4.1851773,16.954364776611328,175.05404663085938
Step-Separation,0.0850720377638936,Q1-OUTERSKIN,4.137424945831299,1.1972797,0.6068248,3.913639,16.69070053100586,175.4049835205078
Step-Separation,0.0850720377638936,Q2-CORE,3.990946054458618,1.6407235,0.024653386,-3.6380033,22.430137634277344,2.5969741344451904
Step-Separation,0.0850720377638936,Q2-INNERSKIN,3.9914374351501465,1.639157,0.009187579,-3.6393204,22.384300231933594,84.04344940185547
Step-Separation,0.0850720377638936,Q2-OUTERSKIN,3.7879018783569336,1.5806645,0.5337183,-3.4007125,22.292057037353516,166.9518280029297
Step-Separation,0.0870711775496602,ADAPTER,0.0,0.0,0.0,0.0,0.0,0.0
Step-Separation,0.0870711775496602,Q1-CORE,4.390995979309082,1.2771535,0.028283037,4.201062,16.98106575012207,2.6289632320404053
Step-Separation,0.0870711775496602,Q1-INNERSKIN,4.401893615722656,1.2796879,0.011952903,4.2117605,16.9798583984375,176.1407928466797
Step-Separation,0.0870711775496602,Q1-OUTERSKIN,4.164165496826172,1.1991217,0.6113395,3.9406402,16.920499801635742,175.4189910888672
Step-Separation,0.0870711775496602,Q2-CORE,4.032301902770996,1.6536478,0.02811195,-3.677515,22.046123504638672,2.597910165786743
Step-Separation,0.0870711775496602,Q2-INNERSKIN,4.032780170440674,1.6520941,0.012639601,-3.6788235,22.04604721069336,84.02571105957031
Step-Separation,0.0870711775496602,Q2-OUTERSKIN,3.8289906978607178,1.5928319,0.53774315,-3.4401875,21.771589279174805,166.71774291992188
Step-Separation,0.08907031733542681,ADAPTER,0.0,0.0,0.0,0.0,0.0,0.0
Step-Separation,0.08907031733542681,Q1-CORE,4.416486740112305,1.279162,0.03257618,4.2270603,17.11810302734375,2.6319098472595215
Step-Separation,0.08907031733542681,Q1-INNERSKIN,4.427633762359619,1.2817643,0.016281474,4.2380133,17.125072479248047,177.37677001953125
Step-Separation,0.08907031733542681,Q1-OUTERSKIN,4.190620422363281,1.2008481,0.6158262,3.9673698,16.73887825012207,175.34693908691406
Step-Separation,0.08907031733542681,Q2-CORE,4.073636054992676,1.6665918,0.031375892,-3.7169878,22.261409759521484,2.601917028427124
Step-Separation,0.08907031733542681,Q2-INNERSKIN,4.074104309082031,1.6650404,0.015894633,-3.7182944,21.85953712463379,83.9149169921875
Step-Separation,0.08907031733542681,Q2-OUTERSKIN,3.8701958656311035,1.605165,0.5417877,-3.4797022,21.75676918029785,166.88917541503906
Step-Separation,0.09106945712119341,ADAPTER,0.0,0.0,0.0,0.0,0.0,0.0
Step-Separation,0.09106945712119341,Q1-CORE,4.442650318145752,1.2813376,0.036736198,4.2537003,16.63652229309082,2.6348557472229004
Step-Separation,0.09106945712119341,Q1-INNERSKIN,4.454045295715332,1.2840174,0.020471085,4.264903,16.64263343811035,178.64599609375
Step-Separation,0.09106945712119341,Q1-OUTERSKIN,4.217635631561279,1.2028011,0.6204708,3.9945881,16.539209365844727,175.49172973632812
Step-Separation,0.09106945712119341,Q2-CORE,4.112736701965332,1.6781627,0.034627967,-3.7546203,21.901779174804688,2.602802038192749
Step-Separation,0.09106945712119341,Q2-INNERSKIN,4.113193511962891,1.6766164,0.019141354,-3.7559223,21.90301513671875,83.70308685302734
Step-Separation,0.09106945712119341,Q2-OUTERSKIN,3.9093353748321533,1.6163813,0.54553676,-3.5174713,21.60458755493164,166.6192626953125
Step-Separation,0.09306859690696001,ADAPTER,0.0,0.0,0.0,0.0,0.0,0.0
Step-Separation,0.09306859690696001,Q1-CORE,4.468423843383789,1.2832175,0.040892027,4.2800107,16.667156219482422,2.6351003646850586
Step-Separation,0.09306859690696001,Q1-INNERSKIN,4.480065822601318,1.2859654,0.024664588,4.2914653,16.64240837097168,179.811279296875
Step-Separation,0.09306859690696001,Q1-OUTERSKIN,4.243992805480957,1.204435,0.6248891,4.0212345,16.66707420349121,175.50430297851562
Step-Separation,0.09306859690696001,Q2-CORE,4.152241230010986,1.6900399,0.03794034,-3.7925496,21.837785720825195,2.600447654724121
Step-Separation,0.09306859690696001,Q2-INNERSKIN,4.152688503265381,1.6884971,0.02244617,-3.79385,21.74333953857422,83.57379150390625
Step-Separation,0.09306859690696001,Q2-OUTERSKIN,3.948605537414551,1.6275588,0.54944056,-3.5553696,21.526668548583984,166.37933349609375
Step-Separation,0.09506773669272661,ADAPTER,0.0,0.0,0.0,0.0,0.0,0.0
Step-Separation,0.09506773669272661,Q1-CORE,4.494171142578125,1.285019,0.045013018,4.3063064,16.727327346801758,2.6374456882476807
Step-Separation,0.09506773669272661,Q1-INNERSKIN,4.506061553955078,1.2878349,0.028818458,4.3180137,16.731719970703125,181.0536651611328
Step-Separation,0.09506773669272661,Q1-OUTERSKIN,4.270502090454102,1.2060379,0.6293277,4.0480375,16.440664291381836,175.54229736328125
Step-Separation,0.09506773669272661,Q2-CORE,4.19258975982666,1.7023641,0.04115756,-3.831197,21.91140365600586,2.602902412414551
Step-Separation,0.09506773669272661,Q2-INNERSKIN,4.193026542663574,1.7008271,0.025651142,-3.8324928,21.601093292236328,83.46156311035156
Step-Separation,0.09506773669272661,Q2-OUTERSKIN,3.9889132976531982,1.639316,0.5534944,-3.5941224,21.41072654724121,166.4878692626953
Step-Separation,0.09706687647849321,ADAPTER,0.0,0.0,0.0,0.0,0.0,0.0
Step-Separation,0.09706687647849321,Q1-CORE,4.519863605499268,1.2867624,0.04920949,4.33255,16.59654426574707,2.641247510910034
Step-Separation,0.09706687647849321,Q1-INNERSKIN,4.532001495361328,1.2896467,0.03304936,4.3445086,16.5948543548584,182.3011474609375
Step-Separation,0.09706687647849321,Q1-OUTERSKIN,4.29709005355835,1.2075983,0.6338844,4.0749087,16.44634437561035,175.56468200683594
Step-Separation,0.09706687647849321,Q2-CORE,4.232016086578369,1.7140353,0.04450649,-3.8691163,21.412324905395508,2.6025471687316895
Step-Separation,0.09706687647849321,Q2-INNERSKIN,4.2324419021606445,1.7125026,0.028993964,-3.870408,21.196386337280273,83.32428741455078
Step-Separation,0.09706687647849321,Q2-OUTERSKIN,4.028249263763428,1.6505278,0.5574053,-3.6320584,21.188800811767578,166.28152465820312
Step-Separation,0.09906601626425982,ADAPTER,0.0,0.0,0.0,0.0,0.0,0.0
Step-Separation,0.09906601626425982,Q1-CORE,4.545989513397217,1.288445,0.05332171,4.359253,16.654949188232422,2.6405065059661865
Step-Separation,0.09906601626425982,Q1-INNERSKIN,4.558376312255859,1.291396,0.037194386,4.371465,16.656232833862305,183.4239501953125
Step-Separation,0.09906601626425982,Q1-OUTERSKIN,4.323636054992676,1.2091092,0.6383594,4.101753,16.499509811401367,175.6405487060547
Step-Separation,0.09906601626425982,Q2-CORE,4.271880626678467,1.725902,0.047661982,-3.9074228,21.147367477416992,2.603755235671997
Step-Separation,0.09906601626425982,Q2-INNERSKIN,4.272296905517578,1.7243736,0.03213822,-3.9087114,21.14686393737793,83.26101684570312
Step-Separation,0.09906601626425982,Q2-OUTERSKIN,4.068069934844971,1.6618173,0.56129223,-3.6704915,20.944913864135742,166.32884216308594
Step-Separation,0.10106515605002642,ADAPTER,0.0,0.0,0.0,0.0,0.0,0.0
Step-Separation,0.10106515605002642,Q1-CORE,4.572290420532227,1.2901306,0.05747848,4.3861256,16.777973175048828,2.6460769176483154
Step-Separation,0.10106515605002642,Q1-INNERSKIN,4.584925651550293,1.293152,0.041385666,4.3985896,16.780214309692383,184.56214904785156
Step-Separation,0.10106515605002642,Q1-OUTERSKIN,4.350458145141602,1.2106117,0.6429085,4.128871,16.37409782409668,175.74917602539062
Step-Separation,0.10106515605002642,Q2-CORE,4.312424182891846,1.7381794,0.050835118,-3.9462833,20.910459518432617,2.6046464443206787
Step-Separation,0.10106515605002642,Q2-INNERSKIN,4.312831878662109,1.736655,0.03530082,-3.9475691,20.895030975341797,83.32637023925781
Step-Separation,0.10106515605002642,Q2-OUTERSKIN,4.108402729034424,1.673429,0.565228,-3.7093294,20.891056060791016,166.54013061523438
Step-Separation,0.10306429583579302,ADAPTER,0.0,0.0,0.0,0.0,0.0,0.0
Step-Separation,0.10306429583579302,Q1-CORE,4.5981621742248535,1.2915578,0.061579056,4.4126163,16.544353485107422,2.6476595401763916
Step-Separation,0.10306429583579302,Q1-INNERSKIN,4.61104679107666,1.2946523,0.04551757,4.425331,16.547014236450195,185.65711975097656
Step-Separation,0.10306429583579302,Q1-OUTERSKIN,4.3769049644470215,1.2118999,0.6473977,4.1556554,16.42839813232422,175.79998779296875
Step-Separation,0.10306429583579302,Q2-CORE,4.351337909698486,1.7494246,0.054032296,-3.9838092,21.2624568939209,2.605212450027466
Step-Separation,0.10306429583579302,Q2-INNERSKIN,4.351735591888428,1.7479051,0.03848888,-3.985091,20.947763442993164,83.22392272949219
Step-Separation,0.10306429583579302,Q2-OUTERSKIN,4.147294521331787,1.6842595,0.5690385,-3.7469342,20.949596405029297,166.48545837402344
Step-Separation,0.10506343562155962,ADAPTER,0.0,0.0,0.0,0.0,0.0,0.0
Step-Separation,0.10506343562155962,Q1-CORE,4.623722076416016,1.2929871,0.06570544,4.4387693,16.465797424316406,2.6506540775299072
Step-Separation,0.10506343562155962,Q1-INNERSKIN,4.636855125427246,1.2961478,0.049679935,4.451737,16.467317581176758,186.78843688964844
Step-Separation,0.10506343562155962,Q1-OUTERSKIN,4.403010845184326,1.2132441,0.65179455,4.18207,16.336395263671875,175.81314086914062
Step-Separation,0.10506343562155962,Q2-CORE,4.389715671539307,1.7605598,0.05721958,-4.0207906,21.209917068481445,2.605754852294922
Step-Separation,0.10506343562155962,Q2-INNERSKIN,4.390106201171875,1.7590449,0.04167051,-4.0220714,21.037817001342773,83.15034484863281
Step-Separation,0.10506343562155962,Q2-OUTERSKIN,4.185628414154053,1.6948588,0.57276547,-3.7840295,21.043424606323242,166.44369506835938
Step-Separation,0.10706257540732622,ADAPTER,0.0,0.0,0.0,0.0,0.0,0.0
Step-Separation,0.10706257540732622,Q1-CORE,4.649557113647461,1.2944413,0.069681086,4.4651933,16.389305114746094,2.651716470718384
Step-Separation,0.10706257540732622,Q1-INNERSKIN,4.662940502166748,1.2976696,0.053686745,4.478413,16.392147064208984,187.92953491210938
Step-Separation,0.10706257540732622,Q1-OUTERSKIN,4.429310321807861,1.2145562,0.6561944,4.208688,16.163469314575195,175.95855712890625
Step-Separation,0.10706257540732622,Q2-CORE,4.428503036499023,1.7718261,0.06028886,-4.058157,21.028507232666016,2.607710361480713
Step-Separation,0.10706257540732622,Q2-INNERSKIN,4.428884506225586,1.7703176,0.04472837,-4.0594325,20.86720848083496,83.05912780761719
Step-Separation,0.10706257540732622,Q2-OUTERSKIN,4.22420597076416,1.7054162,0.5766247,-3.821384,20.858333587646484,166.54811096191406
Step-Separation,0.10906171519309282,ADAPTER,0.0,0.0,0.0,0.0,0.0,0.0
Step-Separation,0.10906171519309282,Q1-CORE,4.674785614013672,1.2955275,0.073810644,4.491078,16.35688591003418,2.652283191680908
Step-Separation,0.10906171519309282,Q1-INNERSKIN,4.688417911529541,1.2988223,0.05785182,4.5045505,16.35863494873047,189.00709533691406
Step-Separation,0.10906171519309282,Q1-OUTERSKIN,4.45505952835083,1.2155391,0.6606186,4.2348084,16.24923324584961,175.9031219482422
Step-Separation,0.10906171519309282,Q2-CORE,4.4659552574157715,1.7821827,0.06346847,-4.094454,20.8995361328125,2.606980800628662
Step-Separation,0.10906171519309282,Q2-INNERSKIN,4.466328144073486,1.7806796,0.04790283,-4.095726,20.892009735107422,82.90758514404297
Step-Separation,0.10906171519309282,Q2-OUTERSKIN,4.261594295501709,1.7152948,0.58030564,-3.8577445,20.657075881958008,166.41183471679688
Step-Separation,0.11106085497885942,ADAPTER,0.0,0.0,0.0,0.0,0.0,0.0
Step-Separation,0.11106085497885942,Q1-CORE,4.700241565704346,1.2966899,0.07798185,4.5171657,16.4299259185791,2.6535873413085938
Step-Separation,0.11106085497885942,Q1-INNERSKIN,4.7141242027282715,1.3000544,0.062057406,4.530891,16.43385887145996,190.1049346923828
Step-Separation,0.11106085497885942,Q1-OUTERSKIN,4.481099605560303,1.2165749,0.6651296,4.261197,16.213090896606445,175.9443359375
Step-Separation,0.11106085497885942,Q2-CORE,4.5037150382995605,1.7927855,0.06656651,-4.130973,20.75491714477539,2.607107400894165
Step-Separation,0.11106085497885942,Q2-INNERSKIN,4.504080295562744,1.7912875,0.050993733,-4.132242,20.754676818847656,82.79024505615234
Step-Separation,0.11106085497885942,Q2-OUTERSKIN,4.299255847930908,1.7252793,0.5839873,-3.8943512,20.569040298461914,166.38026428222656
Step-Separation,0.11305999476462603,ADAPTER,0.0,0.0,0.0,0.0,0.0,0.0
Step-Separation,0.11305999476462603,Q1-CORE,4.726009368896484,1.2978793,0.08215395,4.5435586,16.3590087890625,2.6568081378936768
Step-Separation,0.11305999476462603,Q1-INNERSKIN,4.740141868591309,1.3013114,0.066262335,4.557537,16.36267852783203,191.22666931152344
Step-Separation,0.11305999476462603,Q1-OUTERSKIN,4.507211208343506,1.2176199,0.66965646,4.287647,16.18218994140625,176.0224151611328
Step-Separation,0.11305999476462603,Q2-CORE,4.54209041595459,1.8036786,0.06956256,-4.168032,20.61669921875,2.6089529991149902
Step-Separation,0.11305999476462603,Q2-INNERSKIN,4.5424485206604,1.8021863,0.05397992,-4.1692986,20.342973709106445,82.74553680419922
Step-Separation,0.11305999476462603,Q2-OUTERSKIN,4.337497711181641,1.7355764,0.5877221,-3.931443,20.19540023803711,166.42941284179688
Step-Separation,0.11505913455039263,ADAPTER,0.0,0.0,0.0,0.0,0.0,0.0
Step-Separation,0.11505913455039263,Q1-CORE,4.751428127288818,1.2988802,0.08635714,4.5696306,16.276506423950195,2.6585633754730225
Step-Separation,0.11505913455039263,Q1-INNERSKIN,4.765810012817383,1.3023803,0.07050141,4.583861,16.279294967651367,192.31407165527344
Step-Separation,0.11505913455039263,Q1-OUTERSKIN,4.533143043518066,1.2185429,0.674137,4.31394,16.186077117919922,176.0374755859375
Step-Separation,0.11505913455039263,Q2-CORE,4.5795578956604,1.81399,0.07270097,-4.204344,20.204442977905273,2.6089584827423096
Step-Separation,0.11505913455039263,Q2-INNERSKIN,4.57990837097168,1.812503,0.05711256,-4.205607,20.136571884155273,82.66675567626953
Step-Separation,0.11505913455039263,Q2-OUTERSKIN,4.374902725219727,1.7453569,0.5913633,-3.9678447,20.063968658447266,166.3642120361328
Step-Separation,0.11705827433615923,ADAPTER,0.0,0.0,0.0,0.0,0.0,0.0
Step-Separation,0.11705827433615923,Q1-CORE,4.776970863342285,1.2998387,0.0905334,4.5958323,16.297412872314453,2.6585848331451416
Step-Separation,0.11705827433615923,Q1-INNERSKIN,4.791602611541748,1.3034074,0.074711405,4.610315,16.299837112426758,193.3760528564453
Step-Separation,0.11705827433615923,Q1-OUTERSKIN,4.559103965759277,1.2194334,0.6786102,4.340265,16.132122039794922,176.0888214111328
Step-Separation,0.11705827433615923,Q2-CORE,4.617048263549805,1.8243035,0.07578731,-4.240673,20.159774780273438,2.608839511871338
Step-Separation,0.11705827433615923,Q2-INNERSKIN,4.617389678955078,1.8228235,0.060191527,-4.241931,20.159576416015625,82.5621337890625
Step-Separation,0.11705827433615923,Q2-OUTERSKIN,4.412294864654541,1.7550638,0.595038,-4.0042515,20.052419662475586,166.35049438476562
Step-Separation,0.11905741412192583,ADAPTER,0.0,0.0,0.0,0.0,0.0,0.0
Step-Separation,0.11905741412192583,Q1-CORE,4.802562236785889,1.3007945,0.09472131,4.6220737,16.261796951293945,2.658917188644409
Step-Separation,0.11905741412192583,Q1-INNERSKIN,4.817442417144775,1.3044306,0.07893392,4.6368074,16.264299392700195,194.4483184814453
Step-Separation,0.11905741412192583,Q1-OUTERSKIN,4.585048198699951,1.2203126,0.68313396,4.3665586,16.125267028808594,176.14962768554688
Step-Separation,0.11905741412192583,Q2-CORE,4.654598236083984,1.8345546,0.078831054,-4.2770877,20.133556365966797,2.6097567081451416
Step-Separation,0.11905741412192583,Q2-INNERSKIN,4.654932975769043,1.8330789,0.06322787,-4.2783437,20.115537643432617,82.46134185791016
Step-Separation,0.11905741412192583,Q2-OUTERSKIN,4.4496636390686035,1.7647398,0.59869725,-4.040639,19.953094482421875,166.4166259765625
Step-Separation,0.12105655390769243,ADAPTER,0.0,0.0,0.0,0.0,0.0,0.0
Step-Separation,0.12105655390769243,Q1-CORE,4.82794189453125,1.3016354,0.098929785,4.6481156,16.259403228759766,2.659933567047119
Step-Separation,0.12105655390769243,Q1-INNERSKIN,4.843072414398193,1.3053364,0.08317707,4.663103,16.260927200317383,195.53179931640625
Step-Separation,0.12105655390769243,Q1-OUTERSKIN,4.610749244689941,1.2210501,0.68761766,4.3926334,16.141977310180664,176.16192626953125
Step-Separation,0.12105655390769243,Q2-CORE,4.691447734832764,1.8443732,0.08190172,-4.3129177,19.955617904663086,2.609337091445923
Step-Separation,0.12105655390769243,Q2-INNERSKIN,4.691772937774658,1.8429042,0.06629267,-4.3141675,19.955699920654297,82.36774444580078
Step-Separation,0.12105655390769243,Q2-OUTERSKIN,4.486361026763916,1.7739902,0.6022541,-4.0764794,19.779890060424805,166.32366943359375
Step-Separation,0.12305569369345903,ADAPTER,0.0,0.0,0.0,0.0,0.0,0.0
Step-Separation,0.12305569369345903,Q1-CORE,4.8532915115356445,1.3024179,0.103165515,4.6741314,16.293230056762695,2.662266492843628
Step-Separation,0.12305569369345903,Q1-INNERSKIN,4.868673324584961,1.3061866,0.0874481,4.689372,16.296077728271484,196.59317016601562
Step-Separation,0.12305569369345903,Q1-OUTERSKIN,4.636584281921387,1.2217436,0.6921361,4.4188466,16.04530906677246,176.1853790283203
Step-Separation,0.12305569369345903,Q2-CORE,4.728257656097412,1.854186,0.08493567,-4.348701,20.02471923828125,2.6105775833129883
Step-Separation,0.12305569369345903,Q2-INNERSKIN,4.728573322296143,1.8527223,0.06931954,-4.349945,19.85973358154297,82.26167297363281
Step-Separation,0.12305569369345903,Q2-OUTERSKIN,4.523078918457031,1.7831883,0.6058469,-4.1123514,19.824522018432617,166.28892517089844
Step-Separation,0.12505483347922564,ADAPTER,0.0,0.0,0.0,0.0,0.0,0.0
Step-Separation,0.12505483347922564,Q1-CORE,4.878692150115967,1.3031418,0.10738511,4.700205,16.25382423400879,2.664435386657715
Step-Separation,0.12505483347922564,Q1-INNERSKIN,4.894322872161865,1.3069776,0.09170183,4.715697,16.255191802978516,197.6668701171875
Step-Separation,0.12505483347922564,Q1-OUTERSKIN,4.6623687744140625,1.2223927,0.6966576,4.445009,16.063203811645508,176.2259063720703
Step-Separation,0.12505483347922564,Q2-CORE,4.764777183532715,1.8637584,0.087975256,-4.3842635,19.896488189697266,2.6110575199127197
Step-Separation,0.12505483347922564,Q2-INNERSKIN,4.765085220336914,1.862301,0.072352,-4.385503,19.896270751953125,82.17813110351562
Step-Separation,0.12505483347922564,Q2-OUTERSKIN,4.5595316886901855,1.7922201,0.6094147,-4.1479983,19.692163467407227,166.27395629882812
Step-Separation,0.12705397326499224,ADAPTER,0.0,0.0,0.0,0.0,0.0,0.0
Step-Separation,0.12705397326499224,Q1-CORE,4.90395975112915,1.3038092,0.11163855,4.7261443,16.273710250854492,2.6645028591156006
Step-Separation,0.12705397326499224,Q1-INNERSKIN,4.919841289520264,1.3077117,0.095990546,4.7418895,16.276695251464844,198.7198486328125
Step-Separation,0.12705397326499224,Q1-OUTERSKIN,4.68804931640625,1.2229978,0.7011804,4.4710655,16.06369972229004,176.2342071533203
Step-Separation,0.12705397326499224,Q2-CORE,4.800975322723389,1.873086,0.091002695,-4.419574,19.71738624572754,2.6105265617370605
Step-Separation,0.12705397326499224,Q2-INNERSKIN,4.801277160644531,1.8716335,0.075373076,-4.4208107,19.71728515625,82.05519104003906
Step-Separation,0.12705397326499224,Q2-OUTERSKIN,4.595654487609863,1.8010483,0.6129326,-4.183369,19.571697235107422,166.16964721679688
Step-Separation,0.12905311305075884,ADAPTER,0.0,0.0,0.0,0.0,0.0,0.0
Step-Separation,0.12905311305075884,Q1-CORE,4.9293365478515625,1.304482,0.1159113,4.752184,16.240734100341797,2.6642539501190186
Step-Separation,0.12905311305075884,Q1-INNERSKIN,4.945469856262207,1.3084527,0.10029758,4.7681823,16.24303436279297,199.7650909423828
Step-Separation,0.12905311305075884,Q1-OUTERSKIN,4.713832855224609,1.223597,0.7057556,4.4972143,16.032764434814453,176.2554473876953
Step-Separation,0.12905311305075884,Q2-CORE,4.837207794189453,1.8824185,0.09399656,-4.454912,19.687389373779297,2.611175775527954
Step-Separation,0.12905311305075884,Q2-INNERSKIN,4.8375020027160645,1.880971,0.07836012,-4.456146,19.5264892578125,81.9611587524414
Step-Separation,0.12905311305075884,Q2-OUTERSKIN,4.631833553314209,1.8098499,0.6164523,-4.218805,19.525577545166016,166.1428985595703
Step-Separation,0.13105224538594484,ADAPTER,0.0,0.0,0.0,0.0,0.0,0.0
Step-Separation,0.13105224538594484,Q1-CORE,4.954675197601318,1.3050654,0.12017398,4.7781973,16.178407669067383,2.6657369136810303
Step-Separation,0.13105224538594484,Q1-INNERSKIN,4.971057891845703,1.3091019,0.10459537,4.7944474,16.18017578125,200.82052612304688
Step-Separation,0.13105224538594484,Q1-OUTERSKIN,4.739534378051758,1.2241304,0.7102835,4.523294,16.050600051879883,176.26429748535156
Step-Separation,0.13105224538594484,Q2-CORE,4.873479843139648,1.8917056,0.09698907,-4.490306,19.509876251220703,2.611754894256592
Step-Separation,0.13105224538594484,Q2-INNERSKIN,4.8737664222717285,1.8902633,0.08134619,-4.491535,19.467971801757812,81.89202117919922
Step-Separation,0.13105224538594484,Q2-OUTERSKIN,4.667933464050293,1.81858,0.6199902,-4.2541723,19.421613693237305,166.13665771484375
Step-Separation,0.13305138517171144,ADAPTER,0.0,0.0,0.0,0.0,0.0,0.0
Step-Separation,0.13305138517171144,Q1-CORE,4.980132102966309,1.3056548,0.12443728,4.804321,16.18998908996582,2.667189598083496
Step-Separation,0.13305138517171144,Q1-INNERSKIN,4.99676513671875,1.3097565,0.10889331,4.8208237,16.19255828857422,201.87979125976562
Step-Separation,0.13305138517171144,Q1-OUTERSKIN,4.765334129333496,1.2246658,0.71482193,4.549465,16.045949935913086,176.2952880859375
Step-Separation,0.13305138517171144,Q2-CORE,4.909432411193848,1.9007838,0.099980615,-4.525434,19.492277145385742,2.6120340824127197
Step-Separation,0.13305138517171144,Q2-INNERSKIN,4.909713268280029,1.8993466,0.084331565,-4.5266604,19.38031005859375,81.81329345703125
Step-Separation,0.13305138517171144,Q2-OUTERSKIN,4.703817367553711,1.8271453,0.62350494,-4.289368,19.34461784362793,166.08958435058594
Step-Separation,0.13505052495747805,ADAPTER,0.0,0.0,0.0,0.0,0.0,0.0
Step-Separation,0.13505052495747805,Q1-CORE,5.005651950836182,1.3062435,0.12869614,4.8304987,16.210235595703125,2.668649435043335
Step-Separation,0.13505052495747805,Q1-INNERSKIN,5.022536754608154,1.3104118,0.11318643,4.847255,16.212244033813477,202.93804931640625
Step-Separation,0.13505052495747805,Q1-OUTERSKIN,4.791214942932129,1.2252064,0.7193781,4.5757084,16.079814910888672,176.33079528808594
Step-Separation,0.13505052495747805,Q2-CORE,4.945368766784668,1.909848,0.10296648,-4.560543,19.4276065826416,2.61232590675354
Step-Separation,0.13505052495747805,Q2-INNERSKIN,4.945643901824951,1.9084157,0.08731114,-4.561767,19.33778953552246,81.71859741210938
Step-Separation,0.13505052495747805,Q2-OUTERSKIN,4.739663600921631,1.8356463,0.6270248,-4.324541,19.290340423583984,166.06207275390625
Step-Separation,0.13704966474324465,ADAPTER,0.0,0.0,0.0,0.0,0.0,0.0
Step-Separation,0.13704966474324465,Q1-CORE,5.031161308288574,1.3067769,0.13297355,4.8566694,16.2133846282959,2.668576955795288
Step-Separation,0.13704966474324465,Q1-INNERSKIN,5.048296928405762,1.3110106,0.11749888,4.873679,16.215707778930664,203.83926391601562
Step-Separation,0.13704966474324465,Q1-OUTERSKIN,4.817018508911133,1.2256811,0.7239243,4.6018806,16.07036781311035,176.3501739501953
Step-Separation,0.13704966474324465,Q2-CORE,4.981136798858643,1.9187579,0.10592545,-4.595527,19.238357543945312,2.612924575805664
Step-Separation,0.13704966474324465,Q2-INNERSKIN,4.981405258178711,1.9173307,0.09026352,-4.5967484,19.238147735595703,81.62942504882812
Step-Separation,0.13704966474324465,Q2-OUTERSKIN,4.775352478027344,1.8440292,0.6305268,-4.3595853,19.205230712890625,166.04696655273438
Step-Separation,0.13904880452901125,ADAPTER,0.0,0.0,0.0,0.0,0.0,0.0
Step-Separation,0.13904880452901125,Q1-CORE,5.0567426681518555,1.307304,0.13724229,4.8829055,16.207862854003906,2.670323371887207
Step-Separation,0.13904880452901125,Q1-INNERSKIN,5.074131011962891,1.3116041,0.12180198,4.90017,16.210018157958984,204.87255859375
Step-Separation,0.13904880452901125,Q1-OUTERSKIN,4.842925548553467,1.2261647,0.7284819,4.6281486,16.01241111755371,176.3857421875
Step-Separation,0.13904880452901125,Q2-CORE,5.016691207885742,1.9274918,0.108892314,-4.6303463,19.22865104675293,2.6131093502044678
Step-Separation,0.13904880452901125,Q2-INNERSKIN,5.016955375671387,1.9260695,0.09322474,-4.631566,19.228723526000977,81.54637145996094
Step-Separation,0.13904880452901125,Q2-OUTERSKIN,4.810796737670898,1.8522401,0.63399017,-4.3944316,19.165733337402344,166.0018310546875
Step-Separation,0.14104794431477785,ADAPTER,0.0,0.0,0.0,0.0,0.0,0.0
Step-Separation,0.14104794431477785,Q1-CORE,5.08229398727417,1.307791,0.14151365,4.909111,16.18570899963379,2.6751532554626465
Step-Separation,0.14104794431477785,Q1-INNERSKIN,5.09993314743042,1.3121573,0.12610814,4.9266276,16.18775749206543,205.88780212402344
Step-Separation,0.14104794431477785,Q1-OUTERSKIN,4.868847370147705,1.2266213,0.7330377,4.6544313,16.00225830078125,176.40663146972656
Step-Separation,0.14104794431477785,Q2-CORE,5.052221775054932,1.9361792,0.111826785,-4.6651525,19.182157516479492,2.6131510734558105
Step-Separation,0.14104794431477785,Q2-INNERSKIN,5.052478313446045,1.9347614,0.09615264,-4.666368,19.182052612304688,81.45352935791016
Step-Separation,0.14104794431477785,Q2-OUTERSKIN,4.846248149871826,1.8604301,0.6374499,-4.4292865,19.13819694519043,165.96568298339844
Step-Separation,0.14304708410054445,ADAPTER,0.0,0.0,0.0,0.0,0.0,0.0
Step-Separation,0.14304708410054445,Q1-CORE,5.107844829559326,1.3082411,0.14579445,4.9353147,16.169944763183594,2.6794705390930176
Step-Separation,0.14304708410054445,Q1-INNERSKIN,5.125734806060791,1.3126736,0.13042358,4.9530835,16.171934127807617,206.9519500732422
Step-Separation,0.14304708410054445,Q1-OUTERSKIN,4.894684791564941,1.2270367,0.73759216,4.680628,16.015132904052734,176.43313598632812
Step-Separation,0.14304708410054445,Q2-CORE,5.087607383728027,1.9447583,0.114765935,-4.6998396,19.06779670715332,2.6139793395996094
Step-Separation,0.14304708410054445,Q2-INNERSKIN,5.087859153747559,1.9433454,0.099085234,-4.701053,19.06751823425293,81.3882827758789
Step-Separation,0.14304708410054445,Q2-OUTERSKIN,4.881552696228027,1.8685012,0.64089644,-4.464024,19.037818908691406,165.94589233398438
Step-Separation,0.14504622388631105,ADAPTER,0.0,0.0,0.0,0.0,0.0,0.0
Step-Separation,0.14504622388631105,Q1-CORE,5.133448123931885,1.3086581,0.15007865,4.9615703,16.145402908325195,2.685079336166382
Step-Separation,0.14504622388631105,Q1-INNERSKIN,5.151590347290039,1.313157,0.13474262,4.979593,16.148038864135742,207.97183227539062
Step-Separation,0.14504622388631105,Q1-OUTERSKIN,4.920571327209473,1.2274175,0.7421602,4.7068744,15.991305351257324,176.45364379882812
Step-Separation,0.14504622388631105,Q2-CORE,5.122833728790283,1.9532169,0.11770054,-4.734397,19.042984008789062,2.6141810417175293
Step-Separation,0.14504622388631105,Q2-INNERSKIN,5.1230788230896,1.9518089,0.10201339,-4.7356067,19.04290199279785,81.3184814453125
Step-Separation,0.14504622388631105,Q2-OUTERSKIN,4.91671085357666,1.8764604,0.6443419,-4.4986405,18.97930908203125,165.90176391601562
Step-Separation,0.14704536367207766,ADAPTER,0.0,0.0,0.0,0.0,0.0,0.0
Step-Separation,0.14704536367207766,Q1-CORE,5.15906286239624,1.3090792,0.15436095,4.9878263,16.143720626831055,2.691593885421753
Step-Separation,0.14704536367207766,Q1-INNERSKIN,5.177457332611084,1.3136438,0.13905936,5.006103,16.1460018157959,209.034912109375
Step-Separation,0.14704536367207766,Q1-OUTERSKIN,4.946497917175293,1.2278123,0.74672335,4.7331514,16.011640548706055,176.4746856689453
Step-Separation,0.14704536367207766,Q2-CORE,5.157988548278809,1.9615914,0.120618396,-4.768905,19.013671875,2.6142568588256836
Step-Separation,0.14704536367207766,Q2-INNERSKIN,5.158228397369385,1.9601882,0.10492503,-4.7701125,19.01373291015625,81.23553466796875
Step-Separation,0.14704536367207766,Q2-OUTERSKIN,4.95181131362915,1.8843611,0.6477776,-4.533211,18.938997268676758,165.88697814941406
Step-Separation,0.14904450345784426,ADAPTER,0.0,0.0,0.0,0.0,0.0,0.0
Step-Separation,0.14904450345784426,Q1-CORE,5.184692859649658,1.3094751,0.15864444,5.014095,16.101070404052734,2.697798013687134
Step-Separation,0.14904450345784426,Q1-INNERSKIN,5.203339576721191,1.3141046,0.14337775,5.0326247,16.102882385253906,210.07058715820312
Step-Separation,0.14904450345784426,Q1-OUTERSKIN,4.972431659698486,1.2281892,0.75128734,4.7594323,15.967130661010742,176.50015258789062
Step-Separation,0.14904450345784426,Q2-CORE,5.193077564239502,1.9698936,0.1235128,-4.803365,18.942502975463867,2.614625930786133
Step-Separation,0.14904450345784426,Q2-INNERSKIN,5.19331169128418,1.968495,0.10781316,-4.8045697,18.866283416748047,81.16722106933594
Step-Separation,0.14904450345784426,Q2-OUTERSKIN,4.9867987632751465,1.8921643,0.65120393,-4.567692,18.852237701416016,165.87265014648438
Step-Separation,0.15104364324361086,ADAPTER,0.0,0.0,0.0,0.0,0.0,0.0
Step-Separation,0.15104364324361086,Q1-CORE,5.210380554199219,1.3098427,0.1629228,5.04042,16.092567443847656,2.7035231590270996
Step-Separation,0.15104364324361086,Q1-INNERSKIN,5.229279041290283,1.3145374,0.1476905,5.0592036,16.094465255737305,211.13705444335938
Step-Separation,0.15104364324361086,Q1-OUTERSKIN,4.998395919799805,1.2285404,0.7558456,4.785744,15.948558807373047,176.5238494873047
Step-Separation,0.15104364324361086,Q2-CORE,5.227938652038574,1.9780568,0.12641501,-4.837629,18.88006019592285,2.6149444580078125
Step-Separation,0.15104364324361086,Q2-INNERSKIN,5.228167533874512,1.9766637,0.110709466,-4.8388305,18.828777313232422,81.09857940673828
Step-Separation,0.15104364324361086,Q2-OUTERSKIN,5.021580696105957,1.8998083,0.6545879,-4.602012,18.796056747436523,165.84361267089844
Step-Separation,0.15304278302937746,ADAPTER,0.0,0.0,0.0,0.0,0.0,0.0
Step-Separation,0.15304278302937746,Q1-CORE,5.236053943634033,1.3101676,0.16721377,5.066731,16.081865310668945,2.708291530609131
Step-Separation,0.15304278302937746,Q1-INNERSKIN,5.2552056312561035,1.3149278,0.15201613,5.0857687,16.08379364013672,212.1853790283203
Step-Separation,0.15304278302937746,Q1-OUTERSKIN,5.024332523345947,1.2288456,0.76040035,4.8120317,15.939566612243652,176.55238342285156
Step-Separation,0.15304278302937746,Q2-CORE,5.262734413146973,1.9861637,0.12930167,-4.871838,18.875417709350586,2.6153194904327393
Step-Separation,0.15304278302937746,Q2-INNERSKIN,5.26295804977417,1.9847748,0.113590576,-4.8730373,18.80897331237793,81.01631164550781
Step-Separation,0.15304278302937746,Q2-OUTERSKIN,5.056298732757568,1.9073946,0.65797466,-4.6362777,18.7590274810791,165.826171875
Step-Separation,0.15504192281514406,ADAPTER,0.0,0.0,0.0,0.0,0.0,0.0
Step-Separation,0.15504192281514406,Q1-CORE,5.261732578277588,1.3104824,0.17150967,5.0930395,16.08104705810547,2.71360445022583
Step-Separation,0.15504192281514406,Q1-INNERSKIN,5.281136512756348,1.3153076,0.15634681,5.1123304,16.083433151245117,213.21786499023438
Step-Separation,0.15504192281514406,Q1-OUTERSKIN,5.050253391265869,1.2291411,0.7649589,4.838296,15.927644729614258,176.574462890625
Step-Separation,0.15504192281514406,Q2-CORE,5.29735803604126,1.9941106,0.13217852,-4.9059205,18.767086029052734,2.6155848503112793
Step-Separation,0.15504192281514406,Q2-INNERSKIN,5.297576904296875,1.9927266,0.11646153,-4.9071174,18.76178550720215,80.94173431396484
Step-Separation,0.15504192281514406,Q2-OUTERSKIN,5.090853214263916,1.914883,0.66133976,-4.6704,18.711429595947266,165.80409240722656
Step-Separation,0.15704106260091066,ADAPTER,0.0,0.0,0.0,0.0,0.0,0.0
Step-Separation,0.15704106260091066,Q1-CORE,5.2874436378479,1.3107932,0.17580707,5.1193724,16.072587966918945,2.7194461822509766
Step-Separation,0.15704106260091066,Q1-INNERSKIN,5.307100296020508,1.3156835,0.16067903,5.1389174,16.074722290039062,214.25718688964844
Step-Separation,0.15704106260091066,Q1-OUTERSKIN,5.076225757598877,1.2294322,0.7695244,4.8646064,15.929807662963867,176.5973358154297
Step-Separation,0.15704106260091066,Q2-CORE,5.331855773925781,2.0019562,0.1350551,-4.939901,18.72024154663086,2.6157288551330566
Step-Separation,0.15704106260091066,Q2-INNERSKIN,5.3320698738098145,2.0005763,0.11933221,-4.9410954,18.644861221313477,80.87386322021484
Step-Separation,0.15704106260091066,Q2-OUTERSKIN,5.125260353088379,1.9222605,0.66470224,-4.7044,18.64198875427246,165.7766876220703
Step-Separation,0.15904020238667727,ADAPTER,0.0,0.0,0.0,0.0,0.0,0.0
Step-Separation,0.15904020238667727,Q1-CORE,5.313128471374512,1.3110673,0.18010385,5.1456776,16.05369758605957,2.7252025604248047
Step-Separation,0.15904020238667727,Q1-INNERSKIN,5.33303689956665,1.3160229,0.16501056,5.165476,16.055437088012695,215.26065063476562
Step-Separation,0.15904020238667727,Q1-OUTERSKIN,5.102165222167969,1.2296962,0.7740821,4.8908825,15.911974906921387,176.61944580078125
Step-Separation,0.15904020238667727,Q2-CORE,5.366287708282471,2.0097754,0.13791251,-4.973814,18.645410537719727,2.6158788204193115
Step-Separation,0.15904020238667727,Q2-INNERSKIN,5.3664960861206055,2.0084002,0.12218337,-4.975005,18.645545959472656,80.80262756347656
Step-Separation,0.15904020238667727,Q2-OUTERSKIN,5.159639358520508,1.9295639,0.66805875,-4.738392,18.593027114868164,165.7574920654297
Step-Separation,0.16103934217244387,ADAPTER,0.0,0.0,0.0,0.0,0.0,0.0
Step-Separation,0.16103934217244387,Q1-CORE,5.338815212249756,1.3113072,0.1844049,5.1719837,16.030338287353516,2.7302229404449463
Step-Separation,0.16103934217244387,Q1-INNERSKIN,5.358979225158691,1.3163277,0.16934644,5.192038,16.031776428222656,216.28268432617188
Step-Separation,0.16103934217244387,Q1-OUTERSKIN,5.128102779388428,1.229929,0.7786458,4.917156,15.887438774108887,176.63731384277344
Step-Separation,0.16103934217244387,Q2-CORE,5.400599002838135,2.01749,0.14076601,-5.007633,18.56768226623535,2.6161463260650635
Step-Separation,0.16103934217244387,Q2-INNERSKIN,5.400800704956055,2.01612,0.12503101,-5.00882,18.546783447265625,80.74058532714844
Step-Separation,0.16103934217244387,Q2-OUTERSKIN,5.193874835968018,1.9367669,0.67139333,-4.7722635,18.533395767211914,165.73252868652344
Step-Separation,0.16303848195821047,ADAPTER,0.0,0.0,0.0,0.0,0.0,0.0
Step-Separation,0.16303848195821047,Q1-CORE,5.364538669586182,1.3115469,0.18870606,5.198318,16.02198600769043,2.7346482276916504
Step-Separation,0.16303848195821047,Q1-INNERSKIN,5.384955883026123,1.3166331,0.17368223,5.2186265,16.0237979888916,217.3079071044922
Step-Separation,0.16303848195821047,Q1-OUTERSKIN,5.154069423675537,1.230163,0.7832155,4.9434505,15.880311965942383,176.66482543945312
Step-Separation,0.16303848195821047,Q2-CORE,5.43478536605835,2.0250695,0.14361599,-5.0413647,18.53433609008789,2.6164801120758057
Step-Separation,0.16303848195821047,Q2-INNERSKIN,5.434981346130371,2.0237043,0.12787566,-5.042548,18.48460578918457,80.67439270019531
Step-Separation,0.16303848195821047,Q2-OUTERSKIN,5.227993011474609,1.9439139,0.67472714,-4.8060226,18.50444221496582,165.71310424804688
Step-Separation,0.16503762174397707,ADAPTER,0.0,0.0,0.0,0.0,0.0,0.0
Step-Separation,0.16503762174397707,Q1-CORE,5.390250205993652,1.311764,0.19301708,5.2246356,16.02300262451172,2.7394680976867676
Step-Separation,0.16503762174397707,Q1-INNERSKIN,5.410921573638916,1.3169155,0.17802791,5.2451987,16.02520751953125,218.32225036621094
Step-Separation,0.16503762174397707,Q1-OUTERSKIN,5.180007457733154,1.2303714,0.78778344,4.969714,15.887006759643555,176.68255615234375
Step-Separation,0.16503762174397707,Q2-CORE,5.468876838684082,2.0325763,0.14646198,-5.0750165,18.459392547607422,2.6169488430023193
Step-Separation,0.16503762174397707,Q2-INNERSKIN,5.46906852722168,2.0312154,0.13071607,-5.076198,18.454545974731445,80.6036605834961
Step-Separation,0.16503762174397707,Q2-OUTERSKIN,5.26202392578125,1.9509802,0.6780496,-4.839713,18.429861068725586,165.69448852539062
Step-Separation,0.16703676152974367,ADAPTER,0.0,0.0,0.0,0.0,0.0,0.0
Step-Separation,0.16703676152974367,Q1-CORE,5.4159698486328125,1.3119537,0.19733275,5.2509584,16.00609588623047,2.744715929031372
Step-Separation,0.16703676152974367,Q1-INNERSKIN,5.436892509460449,1.3171704,0.18237837,5.271774,16.008365631103516,219.33352661132812
Step-Separation,0.16703676152974367,Q1-OUTERSKIN,5.205958843231201,1.2305526,0.79235905,4.99599,15.875874519348145,176.6981201171875
Step-Separation,0.16703676152974367,Q2-CORE,5.502826690673828,2.0400016,0.14929546,-5.1085424,18.422353744506836,2.6170730590820312
Step-Separation,0.16703676152974367,Q2-INNERSKIN,5.503011703491211,2.038645,0.1335438,-5.1097193,18.422428131103516,80.53422546386719
Step-Separation,0.16703676152974367,Q2-OUTERSKIN,5.295929908752441,1.9579247,0.6813596,-4.87331,18.389610290527344,165.66087341308594
Step-Separation,0.16903590131551027,ADAPTER,0.0,0.0,0.0,0.0,0.0,0.0
Step-Separation,0.16903590131551027,Q1-CORE,5.441709995269775,1.3121259,0.20164965,5.2772975,15.989113807678223,2.750218629837036
Step-Separation,0.16903590131551027,Q1-INNERSKIN,5.46288537979126,1.317408,0.1867298,5.2983665,15.990859985351562,220.34780883789062
Step-Separation,0.16903590131551027,Q1-OUTERSKIN,5.231921195983887,1.2307305,0.79693514,5.0222697,15.857701301574707,176.72232055664062
Step-Separation,0.16903590131551027,Q2-CORE,5.536705493927002,2.0473602,0.15212144,-5.1420116,18.35515785217285,2.6175010204315186
Step-Separation,0.16903590131551027,Q2-INNERSKIN,5.536884784698486,2.0460083,0.13636416,-5.1431847,18.331037521362305,80.47319030761719
Step-Separation,0.16903590131551027,Q2-OUTERSKIN,5.3297319412231445,1.9647865,0.6846529,-4.906822,18.33609390258789,165.6381072998047
Step-Separation,0.17103504110127687,ADAPTER,0.0,0.0,0.0,0.0,0.0,0.0
Step-Separation,0.17103504110127687,Q1-CORE,5.467442512512207,1.3122872,0.20596687,5.3036222,15.970611572265625,2.7549331188201904
Step-Separation,0.17103504110127687,Q1-INNERSKIN,5.488872528076172,1.317634,0.19108175,5.324946,15.972082138061523,221.34375
Step-Separation,0.17103504110127687,Q1-OUTERSKIN,5.257875919342041,1.2308968,0.80150294,5.0485387,15.8319091796875,176.7398681640625
Step-Separation,0.17103504110127687,Q2-CORE,5.570491313934326,2.0546172,0.15494038,-5.1754146,18.327335357666016,2.617690086364746
Step-Separation,0.17103504110127687,Q2-INNERSKIN,5.570667266845703,2.0532694,0.1391775,-5.1765866,18.327266693115234,80.40658569335938
Step-Separation,0.17103504110127687,Q2-OUTERSKIN,5.363459587097168,1.971612,0.6879419,-4.9402614,18.282838821411133,165.61265563964844
Step-Separation,0.17303418088704348,ADAPTER,0.0,0.0,0.0,0.0,0.0,0.0
Step-Separation,0.17303418088704348,Q1-CORE,5.493204116821289,1.3124341,0.21028225,5.329971,15.96599006652832,2.759397029876709
Step-Separation,0.17303418088704348,Q1-INNERSKIN,5.514888286590576,1.3178457,0.19543187,5.3515496,15.967633247375488,222.34291076660156
Step-Separation,0.17303418088704348,Q1-OUTERSKIN,5.283843994140625,1.2310437,0.8060772,5.074818,15.827287673950195,176.7623291015625
Step-Separation,0.17303418088704348,Q2-CORE,5.604170799255371,2.0618062,0.15775676,-5.2087235,18.29117774963379,2.6179990768432617
Step-Separation,0.17303418088704348,Q2-INNERSKIN,5.604341983795166,2.0604627,0.14198832,-5.2098927,18.2910213470459,80.33809661865234
Step-Separation,0.17303418088704348,Q2-OUTERSKIN,5.397083759307861,1.9783409,0.6912267,-4.973619,18.241601943969727,165.58990478515625
Step-Separation,0.17503332067281008,ADAPTER,0.0,0.0,0.0,0.0,0.0,0.0
Step-Separation,0.17503332067281008,Q1-CORE,5.5189714431762695,1.3125615,0.21459986,5.356321,15.961359977722168,2.7640650272369385
Step-Separation,0.17503332067281008,Q1-INNERSKIN,5.540909767150879,1.3180379,0.19978423,5.3781543,15.96348762512207,223.35140991210938
Step-Separation,0.17503332067281008,Q1-OUTERSKIN,5.309809684753418,1.2311732,0.810653,5.1010914,15.838539123535156,176.78228759765625
Step-Separation,0.17503332067281008,Q2-CORE,5.637767314910889,2.068928,0.16056357,-5.241963,18.247589111328125,2.6181154251098633
Step-Separation,0.17503332067281008,Q2-INNERSKIN,5.637933731079102,2.0675888,0.1447897,-5.2431297,18.20462417602539,80.27738189697266
Step-Separation,0.17503332067281008,Q2-OUTERSKIN,5.430630683898926,1.9849948,0.6945041,-5.006916,18.201995849609375,165.56578063964844
Step-Separation,0.17703246045857668,ADAPTER,0.0,0.0,0.0,0.0,0.0,0.0
Step-Separation,0.17703246045857668,Q1-CORE,5.544726371765137,1.312666,0.2189274,5.3826547,15.955560684204102,2.769181251525879
Step-Separation,0.17703246045857668,Q1-INNERSKIN,5.566919326782227,1.3182074,0.20414646,5.4047427,15.957640647888184,224.36488342285156
Step-Separation,0.17703246045857668,Q1-OUTERSKIN,5.335762977600098,1.2312899,0.815226,5.127348,15.840475082397461,176.7980194091797
Step-Separation,0.17703246045857668,Q2-CORE,5.671293258666992,2.075973,0.1633616,-5.275151,18.183046340942383,2.6183974742889404
Step-Separation,0.17703246045857668,Q2-INNERSKIN,5.671455383300781,2.0746377,0.1475822,-5.276315,18.182973861694336,80.21444702148438
Step-Separation,0.17703246045857668,Q2-OUTERSKIN,5.464095592498779,1.9915907,0.6977701,-5.040141,18.149755477905273,165.54627990722656
Step-Separation,0.17903160024434328,ADAPTER,0.0,0.0,0.0,0.0,0.0,0.0
Step-Separation,0.17903160024434328,Q1-CORE,5.570492744445801,1.3127649,0.22325332,5.4089923,15.933924674987793,2.7740583419799805
Step-Separation,0.17903160024434328,Q1-INNERSKIN,5.5929388999938965,1.3183709,0.20850699,5.431334,15.935676574707031,225.35888671875
Step-Separation,0.17903160024434328,Q1-OUTERSKIN,5.361733436584473,1.2313904,0.819802,5.153619,15.816732406616211,176.8170166015625
Step-Separation,0.17903160024434328,Q2-CORE,5.704728603363037,2.0829365,0.1661547,-5.308267,18.18252182006836,2.6185457706451416
Step-Separation,0.17903160024434328,Q2-INNERSKIN,5.704886436462402,2.0816057,0.15036988,-5.309429,18.123687744140625,80.15227508544922
Step-Separation,0.17903160024434328,Q2-OUTERSKIN,5.497457504272461,1.998113,0.701022,-5.073278,18.12034034729004,165.51951599121094
Step-Separation,0.18103074003010988,ADAPTER,0.0,0.0,0.0,0.0,0.0,0.0
Step-Separation,0.18103074003010988,Q1-CORE,5.596263885498047,1.3128383,0.22758166,5.435332,15.920130729675293,2.7784934043884277
Step-Separation,0.18103074003010988,Q1-INNERSKIN,5.618963718414307,1.3185089,0.21286999,5.4579277,15.921685218811035,226.35935974121094
Step-Separation,0.18103074003010988,Q1-OUTERSKIN,5.387699604034424,1.2314811,0.8243791,5.1798806,15.79744815826416,176.83282470703125
Step-Separation,0.18103074003010988,Q2-CORE,5.738060474395752,2.0898445,0.16894387,-5.341287,18.112119674682617,2.618840217590332
Step-Separation,0.18103074003010988,Q2-INNERSKIN,5.7382121086120605,2.0885184,0.15315355,-5.3424444,18.098539352416992,80.0960922241211
Step-Separation,0.18103074003010988,Q2-OUTERSKIN,5.5307440757751465,2.0045543,0.7042656,-5.106359,18.079120635986328,165.49497985839844
Step-Separation,0.18302987981587648,ADAPTER,0.0,0.0,0.0,0.0,0.0,0.0
Step-Separation,0.18302987981587648,Q1-CORE,5.622059345245361,1.3129109,0.23191218,5.4616876,15.913020133972168,2.782648801803589
Step-Separation,0.18302987981587648,Q1-INNERSKIN,5.645012378692627,1.3186463,0.21723528,5.484537,15.91456413269043,227.34019470214844
Step-Separation,0.18302987981587648,Q1-OUTERSKIN,5.41368293762207,1.2315608,0.82895714,5.206155,15.790287017822266,176.85061645507812
Step-Separation,0.18302987981587648,Q2-CORE,5.771317958831787,2.0966792,0.17172395,-5.3742495,18.089296340942383,2.61917781829834
Step-Separation,0.18302987981587648,Q2-INNERSKIN,5.771465301513672,2.0953574,0.15592815,-5.375405,18.040128707885742,80.03784942626953
Step-Separation,0.18302987981587648,Q2-OUTERSKIN,5.563959121704102,2.0109386,0.707507,-5.1393776,18.031402587890625,165.47509765625
Step-Separation,0.18502901960164309,ADAPTER,0.0,0.0,0.0,0.0,0.0,0.0
Step-Separation,0.18502901960164309,Q1-CORE,5.647867679595947,1.3129687,0.23624219,5.488052,15.910747528076172,2.7872657775878906
Step-Separation,0.18502901960164309,Q1-INNERSKIN,5.671075344085693,1.3187692,0.22160007,5.5111556,15.912494659423828,228.32281494140625
Step-Separation,0.18502901960164309,Q1-OUTERSKIN,5.439673900604248,1.231633,0.8335402,5.232432,15.797486305236816,176.868896484375
Step-Separation,0.18502901960164309,Q2-CORE,5.804479598999023,2.1034088,0.17450137,-5.4071436,18.062644958496094,2.619422197341919
Step-Separation,0.18502901960164309,Q2-INNERSKIN,5.80462121963501,2.1020916,0.1587003,-5.4082947,18.062788009643555,79.9748306274414
Step-Separation,0.18502901960164309,Q2-OUTERSKIN,5.597066879272461,2.0172544,0.7107389,-5.1723003,17.999656677246094,165.45033264160156
Step-Separation,0.1870281593874097,ADAPTER,0.0,0.0,0.0,0.0,0.0,0.0
Step-Separation,0.1870281593874097,Q1-CORE,5.673680782318115,1.3130108,0.24057712,5.5144153,15.900067329406738,2.79205584526062
Step-Separation,0.1870281593874097,Q1-INNERSKIN,5.697141647338867,1.3188763,0.22596969,5.537772,15.901962280273438,229.29624938964844
Step-Separation,0.1870281593874097,Q1-OUTERSKIN,5.4656596183776855,1.2316875,0.83812314,5.2587004,15.787357330322266,176.88580322265625
Step-Separation,0.1870281593874097,Q2-CORE,5.837579727172852,2.1101036,0.17726915,-5.4399796,17.98959732055664,2.6196298599243164
Step-Separation,0.1870281593874097,Q2-INNERSKIN,5.8377180099487305,2.1087906,0.1614628,-5.4411287,17.98135757446289,79.91194152832031
Step-Separation,0.1870281593874097,Q2-OUTERSKIN,5.630114555358887,2.0235078,0.7139641,-5.2051764,17.952743530273438,165.4272918701172
Step-Separation,0.1890272991731763,ADAPTER,0.0,0.0,0.0,0.0,0.0,0.0
Step-Separation,0.1890272991731763,Q1-CORE,5.6995062828063965,1.3130407,0.2449147,5.5407863,15.887932777404785,2.7968595027923584
Step-Separation,0.1890272991731763,Q1-INNERSKIN,5.723220348358154,1.3189706,0.23034196,5.564397,15.889667510986328,230.28945922851562
Step-Separation,0.1890272991731763,Q1-OUTERSKIN,5.491654396057129,1.2317319,0.8427038,5.2849746,15.767542839050293,176.90292358398438
Step-Separation,0.1890272991731763,Q2-CORE,5.870599746704102,2.1167407,0.18003123,-5.4727454,17.998380661010742,2.619725465774536
Step-Separation,0.1890272991731763,Q2-INNERSKIN,5.870733261108398,2.1154315,0.16421951,-5.4738917,17.938640594482422,79.85706329345703
Step-Separation,0.1890272991731763,Q2-OUTERSKIN,5.66309118270874,2.0296924,0.7171783,-5.2379966,17.91596221923828,165.40467834472656
Step-Separation,0.1910264389589429,ADAPTER,0.0,0.0,0.0,0.0,0.0,0.0
Step-Separation,0.1910264389589429,Q1-CORE,5.72533655166626,1.31306,0.24924995,5.567156,15.87515926361084,2.8010358810424805
Step-Separation,0.1910264389589429,Q1-INNERSKIN,5.749302864074707,1.3190546,0.23471193,5.5910187,15.876564025878906,231.25611877441406
Step-Separation,0.1910264389589429,Q1-OUTERSKIN,5.517661094665527,1.2317683,0.84728414,5.311256,15.75612735748291,176.91920471191406
Step-Separation,0.1910264389589429,Q2-CORE,5.903544902801514,2.1232932,0.18279065,-5.505457,17.92645835876465,2.6199402809143066
Step-Separation,0.1910264389589429,Q2-INNERSKIN,5.903670787811279,2.1219888,0.16697372,-5.506597,17.87718963623047,79.79984283447266
Step-Separation,0.1910264389589429,Q2-OUTERSKIN,5.695987224578857,2.03582,0.720383,-5.2707453,17.877519607543945,165.38307189941406
Step-Separation,0.1930255787447095,ADAPTER,0.0,0.0,0.0,0.0,0.0,0.0
Step-Separation,0.1930255787447095,Q1-CORE,5.7511773109436035,1.3130682,0.25358546,5.5935307,15.870861053466797,2.8050522804260254
Step-Separation,0.1930255787447095,Q1-INNERSKIN,5.775395393371582,1.3191276,0.23908211,5.617645,15.87231159210205,232.24801635742188
Step-Separation,0.1930255787447095,Q1-OUTERSKIN,5.543669700622559,1.2317996,0.8518651,5.337534,15.750540733337402,176.9344940185547
Step-Separation,0.1930255787447095,Q2-CORE,5.9364213943481445,2.129786,0.18554364,-5.5381117,17.879196166992188,2.620208740234375
Step-Separation,0.1930255787447095,Q2-INNERSKIN,5.936542510986328,2.128485,0.16972138,-5.5392494,17.84552574157715,79.74321746826172
Step-Separation,0.1930255787447095,Q2-OUTERSKIN,5.728822231292725,2.0418952,0.72358334,-5.303442,17.842008590698242,165.3621063232422
Step-Separation,0.1950247185304761,ADAPTER,0.0,0.0,0.0,0.0,0.0,0.0
Step-Separation,0.1950247185304761,Q1-CORE,5.777028560638428,1.3130656,0.25792217,5.6199107,15.86035442352295,2.8093950748443604
Step-Separation,0.1950247185304761,Q1-INNERSKIN,5.801502227783203,1.3191894,0.24345358,5.64428,15.862007141113281,233.2316131591797
Step-Separation,0.1950247185304761,Q1-OUTERSKIN,5.569681167602539,1.231811,0.85644597,5.363813,15.746084213256836,176.95175170898438
Step-Separation,0.1950247185304761,Q2-CORE,5.969223976135254,2.136234,0.18828781,-5.5706987,17.866012573242188,2.620511531829834
Step-Separation,0.1950247185304761,Q2-INNERSKIN,5.969341278076172,2.1349366,0.17246033,-5.571834,17.83692169189453,79.72547912597656
Step-Separation,0.1950247185304761,Q2-OUTERSKIN,5.761588096618652,2.0479004,0.72677577,-5.336085,17.80592155456543,165.34219360351562
Step-Separation,0.1970238583162427,ADAPTER,0.0,0.0,0.0,0.0,0.0,0.0
Step-Separation,0.1970238583162427,Q1-CORE,5.8028974533081055,1.3130548,0.26226223,5.6463017,15.851906776428223,2.8139843940734863
Step-Separation,0.1970238583162427,Q1-INNERSKIN,5.827625751495361,1.3192433,0.24782832,5.6709256,15.853606224060059,234.20626831054688
Step-Separation,0.1970238583162427,Q1-OUTERSKIN,5.595703125,1.2318207,0.8610295,5.390096,15.738337516784668,176.96937561035156
Step-Separation,0.1970238583162427,Q2-CORE,6.001957416534424,2.142604,0.19102477,-5.6032357,17.784347534179688,2.620651960372925
Step-Separation,0.1970238583162427,Q2-INNERSKIN,6.002071857452393,2.1413107,0.17519201,-5.60437,17.773635864257812,79.79564666748047
Step-Separation,0.1970238583162427,Q2-OUTERSKIN,5.794271945953369,2.0538487,0.7299619,-5.3686543,17.77274513244629,165.318603515625
Step-Separation,0.1990229981020093,ADAPTER,0.0,0.0,0.0,0.0,0.0,0.0
Step-Separation,0.1990229981020093,Q1-CORE,5.828765869140625,1.3130338,0.26660448,5.672687,15.837482452392578,2.818310022354126
Step-Separation,0.1990229981020093,Q1-INNERSKIN,5.853750228881836,1.3192867,0.2522053,5.6975665,15.838942527770996,235.1807403564453
Step-Separation,0.1990229981020093,Q1-OUTERSKIN,5.621726989746094,1.2318238,0.8656115,5.416377,15.72631549835205,176.9835662841797
Step-Separation,0.1990229981020093,Q2-CORE,6.034620761871338,2.148921,0.193758,-5.635711,17.76787567138672,2.6208181381225586
Step-Separation,0.1990229981020093,Q2-INNERSKIN,6.034730911254883,2.1476314,0.17791997,-5.636843,17.746763229370117,79.86690521240234
Step-Separation,0.1990229981020093,Q2-OUTERSKIN,5.826881408691406,2.0597415,0.73313785,-5.4011593,17.73501205444336,165.2965545654297
Step-Separation,0.2010221378877759,ADAPTER,0.0,0.0,0.0,0.0,0.0,0.0
Step-Separation,0.2010221378877759,Q1-CORE,5.854645729064941,1.3130015,0.2709455,5.699078,15.827484130859375,2.8221828937530518
Step-Separation,0.2010221378877759,Q1-INNERSKIN,5.879883289337158,1.3193189,0.25658107,5.7242107,15.828840255737305,236.16665649414062
Step-Separation,0.2010221378877759,Q1-OUTERSKIN,5.647764682769775,1.2318131,0.8701941,5.442669,15.716462135314941,176.99935913085938
Step-Separation,0.2010221378877759,Q2-CORE,6.067194938659668,2.1551735,0.19648643,-5.6681104,17.710128784179688,2.621039628982544
Step-Separation,0.2010221378877759,Q2-INNERSKIN,6.067300319671631,2.1538875,0.18064336,-5.669239,17.71002197265625,79.93758392333984
Step-Separation,0.2010221378877759,Q2-OUTERSKIN,5.859433174133301,2.0655646,0.73631406,-5.4336214,17.69934844970703,165.27847290039062
Step-Separation,0.2030212776735425,ADAPTER,0.0,0.0,0.0,0.0,0.0,0.0
Step-Separation,0.2030212776735425,Q1-CORE,5.8805365562438965,1.3129576,0.27528828,5.7254753,15.820363998413086,2.8261122703552246
Step-Separation,0.2030212776735425,Q1-INNERSKIN,5.906027793884277,1.3193394,0.26095855,5.7508616,15.821810722351074,237.1230926513672
Step-Separation,0.2030212776735425,Q1-OUTERSKIN,5.673803806304932,1.231796,0.8747774,5.468957,15.71459674835205,177.01510620117188
Step-Separation,0.2030212776735425,Q2-CORE,6.099732398986816,2.1613712,0.19920938,-5.7004848,17.703636169433594,2.6213037967681885
Step-Separation,0.2030212776735425,Q2-INNERSKIN,6.099833965301514,2.1600885,0.18336086,-5.701611,17.66992950439453,80.0061264038086
Step-Separation,0.2030212776735425,Q2-OUTERSKIN,5.891927242279053,2.0713482,0.7394818,-5.4660306,17.67053985595703,165.255126953125
Step-Separation,0.20500000286847353,ADAPTER,0.0,0.0,0.0,0.0,0.0,0.0
Step-Separation,0.20500000286847353,Q1-CORE,5.906173229217529,1.3129101,0.27958637,5.751607,15.81413459777832,2.8302948474884033
Step-Separation,0.20500000286847353,Q1-INNERSKIN,5.931919097900391,1.3193563,0.26529157,5.777247,15.815714836120605,238.08682250976562
Step-Separation,0.20500000286847353,Q1-OUTERSKIN,5.699579238891602,1.2317693,0.87931335,5.4949756,15.708694458007812,177.02938842773438
Step-Separation,0.20500000286847353,Q2-CORE,6.1318511962890625,2.1674201,0.20189188,-5.732463,17.655284881591797,2.621521472930908
Step-Separation,0.20500000286847353,Q2-INNERSKIN,6.131948471069336,2.166142,0.186038,-5.7335863,17.651565551757812,80.07270812988281
Step-Separation,0.20500000286847353,Q2-OUTERSKIN,5.924008846282959,2.0770175,0.74260545,-5.4980373,17.638402938842773,165.2303009033203
