step,time_s,instance,u_mag_max_mm,u_x_max_mm,u_y_max_mm,u_z_max_mm,v_mag_max_mm_s,s_mises_max_MPa
Step-Preload,0.0,ADAPTER,0.0,0.0,0.0,0.0,0.0,0.0
Step-Preload,0.0,Q1-CORE,0.0,0.0,0.0,0.0,0.0,0.0
Step-Preload,0.0,Q1-INNERSKIN,0.0,0.0,0.0,0.0,0.0,0.0
Step-Preload,0.0,Q1-OUTERSKIN,0.0,0.0,0.0,0.0,0.0,0.0
Step-Preload,0.0,Q2-CORE,0.0,0.0,0.0,0.0,0.0,0.0
Step-Preload,0.0,Q2-INNERSKIN,0.0,0.0,0.0,0.0,0.0,0.0
Step-Preload,0.0,Q2-OUTERSKIN,0.0,0.0,0.0,0.0,0.0,0.0
Step-Preload,0.00029999989783391356,ADAPTER,0.0,0.0,0.0,0.0,0.0,0.0
Step-Preload,0.00029999989783391356,Q1-CORE,2.939386831712909e-06,1.0387278e-12,-2.9393868e-06,8.220422e-13,0.019498206675052643,1.1125036508019548e-05
Step-Preload,0.00029999989783391356,Q1-INNERSKIN,2.939894102382823e-06,3.7930468e-11,-2.939894e-06,4.018534e-12,0.01952395774424076,0.00015577363956253976
Step-Preload,0.00029999989783391356,Q1-OUTERSKIN,2.9394670946203405e-06,-5.4763534e-13,-2.939467e-06,5.944986e-13,0.01949223503470421,3.819940957328072e-06
Step-Preload,0.00029999989783391356,Q2-CORE,2.942738092315267e-06,8.8949365e-10,-2.942736e-06,-3.3158263e-09,0.01964416541159153,1.4695922345708823e-06
Step-Preload,0.00029999989783391356,Q2-INNERSKIN,2.944251036751666e-06,8.894742e-10,-2.944249e-06,-3.3101726e-09,0.01967102847993374,2.916455559898168e-05
Step-Preload,0.00029999989783391356,Q2-OUTERSKIN,2.9394695957307704e-06,-2.860332e-13,-2.9394696e-06,3.5176197e-13,0.019492246210575104,2.83224676422833e-06
Step-Preload,0.0005999997374601662,ADAPTER,0.0,0.0,0.0,0.0,0.0,0.0
Step-Preload,0.0005999997374601662,Q1-CORE,1.1646934581222013e-05,8.7768776e-10,-1.1646929e-05,1.1458438e-08,0.038854483515024185,2.2903739591129124e-05
Step-Preload,0.0005999997374601662,Q1-INNERSKIN,1.1652087778202258e-05,8.7409335e-10,-1.1652082e-05,1.1468985e-08,0.03886594995856285,0.0003328424645587802
Step-Preload,0.0005999997374601662,Q1-OUTERSKIN,1.164320383395534e-05,3.4302972e-13,-1.1643204e-05,7.800297e-14,0.03841520473361015,7.509932038374245e-05
Step-Preload,0.0005999997374601662,Q2-CORE,1.1643008292594459e-05,-5.3987484e-13,-1.1643008e-05,4.5868566e-13,0.03879348188638687,9.060794354809332e-07
Step-Preload,0.0005999997374601662,Q2-INNERSKIN,1.1647925020952243e-05,5.366518e-10,-1.1647925e-05,-1.3124071e-10,0.03880712389945984,1.6314725144184195e-05
Step-Preload,0.0005999997374601662,Q2-OUTERSKIN,1.1643211109912954e-05,7.0734553e-13,-1.1643211e-05,4.5268956e-13,0.03841523081064224,1.0451191883475985e-05
Step-Preload,0.0007999996305443347,ADAPTER,0.0,0.0,0.0,0.0,0.0,0.0
Step-Preload,0.0007999996305443347,Q1-CORE,2.0565597878885455e-05,1.379603e-08,-2.0565563e-05,3.5015432e-08,0.051066674292087555,2.5890085453283973e-05
Step-Preload,0.0007999996305443347,Q1-INNERSKIN,2.057337769656442e-05,1.3787941e-08,-2.0573343e-05,3.5044685e-08,0.05158625915646553,0.0003990651457570493
Step-Preload,0.0007999996305443347,Q1-OUTERSKIN,2.0562441932270303e-05,-4.3471865e-14,-2.0562442e-05,3.315876e-14,0.05072639137506485,0.00017410976579412818
Step-Preload,0.0007999996305443347,Q2-CORE,2.056461016763933e-05,-2.7478766e-09,-2.056454e-05,5.381147e-08,0.05099444463849068,7.767436613903556e-07
Step-Preload,0.0007999996305443347,Q2-INNERSKIN,2.058025711448863e-05,4.4750433e-08,-2.0580197e-05,2.1293316e-08,0.05097522586584091,1.4475921489065513e-05
Step-Preload,0.0007999996305443347,Q2-OUTERSKIN,2.0562456484185532e-05,5.1650313e-13,-2.0562456e-05,1.1202841e-12,0.05071567744016647,1.4787158761464525e-05
Step-Preload,0.0010999994119629264,ADAPTER,0.0,0.0,0.0,0.0,0.0,0.0
Step-Preload,0.0010999994119629264,Q1-CORE,3.851326255244203e-05,-1.2529631e-07,-3.851306e-05,-5.882753e-09,0.06894075125455856,2.7703679734258913e-05
Step-Preload,0.0010999994119629264,Q1-INNERSKIN,3.852288136840798e-05,-1.2529705e-07,-3.8522678e-05,-5.8771943e-09,0.068842813372612,0.0004952419549226761
Step-Preload,0.0010999994119629264,Q1-OUTERSKIN,3.8492966268677264e-05,9.206538e-14,-3.8492966e-05,-4.3707895e-13,0.06876731663942337,0.0003262966056354344
Step-Preload,0.0010999994119629264,Q2-CORE,3.851426299661398e-05,1.2511488e-07,-3.851406e-05,9.216742e-09,0.0688706487417221,9.61945715971524e-07
Step-Preload,0.0010999994119629264,Q2-INNERSKIN,3.852385270874947e-05,1.2511308e-07,-3.852365e-05,9.216641e-09,0.06887853890657425,1.2801609045709483e-05
Step-Preload,0.0010999994119629264,Q2-OUTERSKIN,3.8492991734528914e-05,6.564783e-15,-3.849299e-05,3.5248963e-13,0.06878352910280228,1.5762876500957645e-05
Step-Preload,0.0013046989915892482,ADAPTER,0.0,0.0,0.0,0.0,0.0,0.0
Step-Preload,0.0013046989915892482,Q1-CORE,5.383064126363024e-05,-1.8308992e-07,-5.383033e-05,-8.964716e-09,0.08079543709754944,2.944883999589365e-05
Step-Preload,0.0013046989915892482,Q1-INNERSKIN,5.3840307373320684e-05,-1.8309153e-07,-5.3839995e-05,-8.945575e-09,0.0807928666472435,0.0005325027741491795
Step-Preload,0.0013046989915892482,Q1-OUTERSKIN,5.3790383390150964e-05,4.0247656e-11,-5.3790383e-05,6.590631e-11,0.08077608793973923,0.000440380274085328
Step-Preload,0.0013046989915892482,Q2-CORE,5.38347740075551e-05,1.8242974e-07,-5.3834465e-05,5.513802e-10,0.0808119848370552,1.1981544503214536e-06
Step-Preload,0.0013046989915892482,Q2-INNERSKIN,5.384437463362701e-05,1.8242706e-07,-5.3844065e-05,5.34596e-10,0.08081258088350296,1.2895241525257006e-05
Step-Preload,0.0013046989915892482,Q2-OUTERSKIN,5.379039066610858e-05,5.1487408e-11,-5.379039e-05,-6.021469e-11,0.0807243213057518,1.4907490367477294e-05
Step-Preload,0.0015046987682580948,ADAPTER,0.0,0.0,0.0,0.0,0.0,0.0
Step-Preload,0.0015046987682580948,Q1-CORE,7.114256004570052e-05,-2.433684e-07,-7.1142145e-05,-1.7131823e-08,0.09234249591827393,4.010010161437094e-05
Step-Preload,0.0015046987682580948,Q1-INNERSKIN,7.115121115930378e-05,-2.4337723e-07,-7.115079e-05,-1.7120712e-08,0.09231217205524445,0.0006558852619491518
Step-Preload,0.0015046987682580948,Q1-OUTERSKIN,7.108046702342108e-05,2.1543127e-10,-7.108047e-05,1.6342451e-10,0.09220870584249496,0.0005318964831531048
Step-Preload,0.0015046987682580948,Q2-CORE,7.114771869964898e-05,2.421552e-07,-7.114731e-05,-1.09981215e-08,0.09237900376319885,1.03791114725027e-06
Step-Preload,0.0015046987682580948,Q2-INNERSKIN,7.115636253729463e-05,2.4215174e-07,-7.115595e-05,-1.0985058e-08,0.09237915277481079,1.7343731087748893e-05
Step-Preload,0.0015046987682580948,Q2-OUTERSKIN,7.108048885129392e-05,-1.6798841e-10,-7.108049e-05,2.172785e-10,0.09219815582036972,1.7947982996702194e-05
Step-Preload,0.001804698258638382,ADAPTER,0.0,0.0,0.0,0.0,0.0,0.0
Step-Preload,0.001804698258638382,Q1-CORE,0.00010134760668734089,-3.391012e-07,-0.00010134704,-2.5366985e-08,0.10932567715644836,5.2969779062550515e-05
Step-Preload,0.001804698258638382,Q1-INNERSKIN,0.00010135393677046522,-3.391072e-07,-0.00010135337,-2.5358029e-08,0.10905546694993973,0.0008185597835108638
Step-Preload,0.001804698258638382,Q1-OUTERSKIN,0.00010125751578016207,7.4637013e-10,-0.000101257516,5.619488e-10,0.1089973971247673,0.0006659592036157846
Step-Preload,0.001804698258638382,Q2-CORE,0.0001013499204418622,3.3329738e-07,-0.00010134937,-2.8936844e-08,0.10905390977859497,9.812748658077908e-07
Step-Preload,0.001804698258638382,Q2-INNERSKIN,0.00010135626507690176,3.3329928e-07,-0.00010135571,-2.8911224e-08,0.10904427617788315,2.705049882933963e-05
Step-Preload,0.001804698258638382,Q2-OUTERSKIN,0.00010125754488399252,5.617375e-10,-0.000101257545,-7.494529e-10,0.10894258320331573,2.538543412811123e-05
Step-Preload,0.0020046979188919067,ADAPTER,0.0,0.0,0.0,0.0,0.0,0.0
Step-Preload,0.0020046979188919067,Q1-CORE,0.00012423917360138148,-4.0238555e-07,-0.00012423852,-3.185582e-08,0.12007033079862595,6.012967060087249e-05
Step-Preload,0.0020046979188919067,Q1-INNERSKIN,0.0001242442085640505,-4.023887e-07,-0.00012424355,-3.1861372e-08,0.12070673704147339,0.0009667927515693009
Step-Preload,0.0020046979188919067,Q1-OUTERSKIN,0.00012413732474669814,7.589121e-10,-0.00012413732,1.5483471e-09,0.12006282061338425,0.0007841935148462653
Step-Preload,0.0020046979188919067,Q2-CORE,0.0001242395956069231,3.8870272e-07,-0.00012423898,-4.239748e-08,0.11991015821695328,1.0083265351568116e-06
Step-Preload,0.0020046979188919067,Q2-INNERSKIN,0.00012424460146576166,3.8870527e-07,-0.00012424399,-4.2382887e-08,0.11991013586521149,3.277231371612288e-05
Step-Preload,0.0020046979188919067,Q2-OUTERSKIN,0.00012413733929861337,-9.931129e-10,-0.00012413734,1.322183e-09,0.11987688392400742,2.934938129328657e-05
Step-Preload,0.002304697409272194,ADAPTER,0.0,0.0,0.0,0.0,0.0,0.0
Step-Preload,0.002304697409272194,Q1-CORE,0.0001626000739634037,-4.8408043e-07,-0.00016259935,-4.7499014e-08,0.13606037199497223,6.782609852962196e-05
Step-Preload,0.002304697409272194,Q1-INNERSKIN,0.00016260473057627678,-4.840891e-07,-0.000162604,-4.740344e-08,0.1358889937400818,0.0010265859309583902
Step-Preload,0.002304697409272194,Q1-OUTERSKIN,0.00016254631918855011,7.099415e-08,-0.00016254622,1.7245547e-07,0.1360321044921875,0.0010423256317153573
Step-Preload,0.002304697409272194,Q2-CORE,0.00016260005941148847,-4.840994e-07,-0.00016259933,4.7491987e-08,0.13584348559379578,1.0067089988297084e-06
Step-Preload,0.002304697409272194,Q2-INNERSKIN,0.00016260471602436155,-4.841081e-07,-0.00016260399,4.739647e-08,0.13583320379257202,3.8621721614617854e-05
Step-Preload,0.002304697409272194,Q2-OUTERSKIN,0.00016249042528215796,4.2008956e-09,-0.00016249043,-1.2145659e-09,0.1358293890953064,3.320712858112529e-05
Step-Preload,0.0025046970695257187,ADAPTER,0.0,0.0,0.0,0.0,0.0,0.0
Step-Preload,0.0025046970695257187,Q1-CORE,0.00019079710182268173,-5.4252683e-07,-0.00019079632,-5.497895e-08,0.14645639061927795,6.888310599606484e-05
Step-Preload,0.0025046970695257187,Q1-INNERSKIN,0.0001908026752062142,-5.425391e-07,-0.00019080189,-5.4847153e-08,0.14622515439987183,0.0008868497097864747
Step-Preload,0.0025046970695257187,Q1-OUTERSKIN,0.00019077581237070262,4.903616e-08,-0.00019077568,2.1989322e-07,0.14637909829616547,0.001223892904818058
Step-Preload,0.0025046970695257187,Q2-CORE,0.0001907970872707665,-5.42555e-07,-0.0001907963,5.496434e-08,0.14619579911231995,1.020552872432745e-06
Step-Preload,0.0025046970695257187,Q2-INNERSKIN,0.00019080266065429896,-5.425673e-07,-0.00019080187,5.4832583e-08,0.14619247615337372,4.0646842535352334e-05
Step-Preload,0.0025046970695257187,Q2-OUTERSKIN,0.00019068621622864157,7.881008e-09,-0.00019068622,-2.1150213e-09,0.14614883065223694,3.301501055830158e-05
Step-Preload,0.002804696559906006,ADAPTER,0.0,0.0,0.0,0.0,0.0,0.0
Step-Preload,0.002804696559906006,Q1-CORE,0.00023693000548519194,-6.238504e-07,-0.00023692916,-7.4468694e-08,0.1615791916847229,7.775135600240901e-05
Step-Preload,0.002804696559906006,Q1-INNERSKIN,0.000236938038142398,-6.238603e-07,-0.0002369372,-7.439322e-08,0.16149942576885223,0.0012299696682021022
Step-Preload,0.002804696559906006,Q1-OUTERSKIN,0.00023687798238825053,8.172218e-09,-0.0002368778,2.9508652e-07,0.1614392101764679,0.001429642317816615
Step-Preload,0.002804696559906006,Q2-CORE,0.00023693147522863,6.2191776e-07,-0.00023693065,-6.9431195e-08,0.1613920032978058,8.859207696332305e-07
Step-Preload,0.002804696559906006,Q2-INNERSKIN,0.0002369394787820056,6.219272e-07,-0.00023693865,-6.935802e-08,0.16140080988407135,4.14091809943784e-05
Step-Preload,0.002804696559906006,Q2-OUTERSKIN,0.00023681657330598682,-1.8347084e-08,-0.00023681657,3.9557873e-09,0.16132894158363342,3.5220145946368575e-05
Step-Preload,0.0030046964529901743,ADAPTER,0.0,0.0,0.0,0.0,0.0,0.0
Step-Preload,0.0030046964529901743,Q1-CORE,0.0002701868361327797,-6.771692e-07,-0.00027018596,-9.326322e-08,0.17136213183403015,8.373011951334774e-05
Step-Preload,0.0030046964529901743,Q1-INNERSKIN,0.00027019664412364364,-6.7718395e-07,-0.00027019577,-9.314687e-08,0.17135295271873474,0.0011131177889183164
Step-Preload,0.0030046964529901743,Q1-OUTERSKIN,0.0002700934128370136,1.0885759e-08,-0.0002700932,3.4205226e-07,0.17128317058086395,0.00158711988478899
Step-Preload,0.0030046964529901743,Q2-CORE,0.0002701900084502995,6.7643396e-07,-0.00027018916,-8.919164e-08,0.17125968635082245,9.165554502033046e-07
Step-Preload,0.0030046964529901743,Q2-INNERSKIN,0.0002701998455449939,6.7644834e-07,-0.000270199,-8.907892e-08,0.17126452922821045,4.058860577060841e-05
Step-Preload,0.0030046964529901743,Q2-OUTERSKIN,0.0002700677141547203,-2.7975872e-08,-0.0002700677,6.7927197e-09,0.1711938977241516,3.80591991415713e-05
Step-Preload,0.003304696176201105,ADAPTER,0.0,0.0,0.0,0.0,0.0,0.0
Step-Preload,0.003304696176201105,Q1-CORE,0.0003237287746742368,-7.862014e-07,-0.0003237278,-1.1076523e-07,0.18571032583713531,9.200963540934026e-05
Step-Preload,0.003304696176201105,Q1-INNERSKIN,0.0003237402706872672,-7.8621963e-07,-0.00032373928,-1.10621265e-07,0.18569576740264893,0.0012168585089966655
Step-Preload,0.003304696176201105,Q1-OUTERSKIN,0.0003235900367144495,9.7906065e-09,-0.00032359004,2.6669493e-09,0.18563291430473328,0.0017567743780091405
Step-Preload,0.003304696176201105,Q2-CORE,0.0003237301134504378,7.710539e-07,-0.00032372918,-1.1920168e-07,0.1856803148984909,1.1464925364634837e-06
Step-Preload,0.003304696176201105,Q2-INNERSKIN,0.00032374149304814637,7.710692e-07,-0.00032374056,-1.1909607e-07,0.18568123877048492,3.935649510822259e-05
Step-Preload,0.003304696176201105,Q2-OUTERSKIN,0.0003235908516217023,-9.800936e-09,-0.00032359085,2.112167e-09,0.18560588359832764,4.27511113230139e-05
Step-Preload,0.00350469583645463,ADAPTER,0.0,0.0,0.0,0.0,0.0,0.0
Step-Preload,0.00350469583645463,Q1-CORE,0.0003618021437432617,-1.0915393e-07,-0.00036180113,-8.6350684e-07,0.1954280436038971,0.00010188443411607295
Step-Preload,0.00350469583645463,Q1-INNERSKIN,0.0003618135815486312,-1.0901257e-07,-0.00036181253,-8.635251e-07,0.19510775804519653,0.002081026788800955
Step-Preload,0.00350469583645463,Q1-OUTERSKIN,0.0003616483591031283,1.645697e-08,-0.00036164836,3.9620973e-09,0.1950247585773468,0.0018706992268562317
Step-Preload,0.00350469583645463,Q2-CORE,0.0003618022601585835,8.3470934e-07,-0.00036180127,-1.4584006e-07,0.19505244493484497,1.1751139936677646e-06
Step-Preload,0.00350469583645463,Q2-INNERSKIN,0.00036181361065246165,-1.090422e-07,-0.00036181256,8.636415e-07,0.1950550377368927,4.330481169745326e-05
Step-Preload,0.00350469583645463,Q2-OUTERSKIN,0.00036164961056783795,-1.6027919e-08,-0.0003616496,4.405698e-09,0.19498130679130554,4.6139310143189505e-05
Step-Preload,0.003804695326834917,ADAPTER,0.0,0.0,0.0,0.0,0.0,0.0
Step-Preload,0.003804695326834917,Q1-CORE,0.0004223781288601458,-1.3976849e-07,-0.00042237702,-9.639991e-07,0.20930947363376617,0.00010504062083782628
Step-Preload,0.003804695326834917,Q1-INNERSKIN,0.0004223879368510097,-1.39658e-07,-0.00042238683,-9.640246e-07,0.20884636044502258,0.002064317464828491
Step-Preload,0.003804695326834917,Q1-OUTERSKIN,0.0004222039133310318,7.4695174e-09,-0.0004222039,3.052846e-08,0.20871974527835846,0.00220783450640738
Step-Preload,0.003804695326834917,Q2-CORE,0.0004223781288601458,-1.3976802e-07,-0.00042237702,9.640474e-07,0.20875827968120575,1.0048460126199643e-06
Step-Preload,0.003804695326834917,Q2-INNERSKIN,0.0004223879368510097,-1.3965578e-07,-0.00042238683,9.64073e-07,0.20875249803066254,5.045954094384797e-05
Step-Preload,0.003804695326834917,Q2-OUTERSKIN,0.0004222049319650978,-2.9634569e-08,-0.00042220493,8.583038e-09,0.20869770646095276,5.167492781765759e-05
Step-Preload,0.004004694987088442,ADAPTER,0.0,0.0,0.0,0.0,0.0,0.0
Step-Preload,0.004004694987088442,Q1-CORE,0.00046501486212946475,-1.6651158e-07,-0.00046501373,-1.0163335e-06,0.21838770806789398,0.00010945101530523971
Step-Preload,0.004004694987088442,Q1-INNERSKIN,0.00046502301120199263,-1.4905301e-07,-0.00046502185,-1.0333584e-06,0.21974427998065948,0.0034099973272532225
Step-Preload,0.004004694987088442,Q1-OUTERSKIN,0.00046483290498144925,9.972691e-09,-0.0004648329,4.0714575e-08,0.2177274376153946,0.0021939368452876806
Step-Preload,0.004004694987088442,Q2-CORE,0.0004650148330256343,-1.6651246e-07,-0.0004650137,1.0164357e-06,0.21765324473381042,8.290045343528618e-07
Step-Preload,0.004004694987088442,Q2-INNERSKIN,0.0004650230403058231,-1.6640152e-07,-0.0004650219,1.0164566e-06,0.21764013171195984,5.512870484380983e-05
Step-Preload,0.004004694987088442,Q2-OUTERSKIN,0.00046483351616188884,-3.979479e-08,-0.00046483352,1.0976459e-08,0.21761856973171234,5.527268149307929e-05
Step-Preload,0.004304182715713978,ADAPTER,0.0,0.0,0.0,0.0,0.0,0.0
Step-Preload,0.004304182715713978,Q1-CORE,0.0005321395001374185,-1.98242e-07,-0.0005321384,-1.0840423e-06,0.23186816275119781,0.00011686831567203626
Step-Preload,0.004304182715713978,Q1-INNERSKIN,0.0005321456119418144,-1.9812451e-07,-0.0005321445,-1.0840669e-06,0.2315242737531662,0.004545742645859718
Step-Preload,0.004304182715713978,Q1-OUTERSKIN,0.0005319564952515066,1.3266776e-08,-0.0005319565,5.3781616e-08,0.23073731362819672,0.002200232818722725
Step-Preload,0.004304182715713978,Q2-CORE,0.0005321395583450794,1.9822072e-07,-0.00053213845,-1.0840602e-06,0.23067763447761536,6.847607778581732e-07
Step-Preload,0.004304182715713978,Q2-INNERSKIN,0.0005321457283571362,1.9810372e-07,-0.0005321446,-1.0840846e-06,0.23067039251327515,6.142436905065551e-05
Step-Preload,0.004304182715713978,Q2-OUTERSKIN,0.0005319564952515066,-1.327826e-08,-0.0005319565,5.378333e-08,0.23066116869449615,5.994850289425813e-05
Step-Preload,0.004503414500504732,ADAPTER,0.0,0.0,0.0,0.0,0.0,0.0
Step-Preload,0.004503414500504732,Q1-CORE,0.0005789225688204169,-2.0578165e-07,-0.00057892146,-1.1300981e-06,0.2395758181810379,0.00012014379171887413
Step-Preload,0.004503414500504732,Q1-INNERSKIN,0.0005789281567558646,-2.0564534e-07,-0.00057892705,-1.1301265e-06,0.23930968344211578,0.0037245221901685
Step-Preload,0.004503414500504732,Q1-OUTERSKIN,0.000578744278755039,4.345054e-09,-0.0005787443,1.6809718e-08,0.23921599984169006,0.0022615408524870872
Step-Preload,0.004503414500504732,Q2-CORE,0.0005789226270280778,2.0575065e-07,-0.0005789215,-1.1301273e-06,0.23914222419261932,7.092899636518268e-07
Step-Preload,0.004503414500504732,Q2-INNERSKIN,0.0005789282731711864,2.056146e-07,-0.00057892717,-1.1301556e-06,0.23915010690689087,6.449564534705132e-05
Step-Preload,0.004503414500504732,Q2-OUTERSKIN,0.0005787446862086654,-1.6136903e-08,-0.0005787447,4.9054925e-09,0.23909667134284973,6.303052941802889e-05
Step-Preload,0.004801621660590172,ADAPTER,0.0,0.0,0.0,0.0,0.0,0.0
Step-Preload,0.004801621660590172,Q1-CORE,0.0006520469323731959,-2.1617907e-07,-0.0006520458,-1.1946616e-06,0.25258979201316833,0.00013024776126258075
Step-Preload,0.004801621660590172,Q1-INNERSKIN,0.0006520532188005745,-2.160166e-07,-0.0006520521,-1.1946954e-06,0.252800315618515,0.004256944637745619
Step-Preload,0.004801621660590172,Q1-OUTERSKIN,0.0006518803420476615,8.532093e-09,-0.00065188034,2.8792572e-08,0.2515268623828888,0.0024372732732445
Step-Preload,0.004801621660590172,Q2-CORE,0.0006520473980344832,1.172665e-06,-0.0006520463,-2.5760994e-07,0.2514716386795044,7.687259540034574e-07
Step-Preload,0.004801621660590172,Q2-INNERSKIN,0.00065205356804654,1.1726988e-06,-0.00065205246,-2.5745905e-07,0.2514823079109192,6.69235159875825e-05
Step-Preload,0.004801621660590172,Q2-OUTERSKIN,0.0006518802838400006,-8.534262e-09,-0.0006518803,2.8771233e-08,0.2514088749885559,6.70151857775636e-05
Step-Preload,0.004999999888241291,ADAPTER,0.0,0.0,0.0,0.0,0.0,0.0
Step-Preload,0.004999999888241291,Q1-CORE,0.0007027082610875368,-2.4526784e-07,-0.00070270716,-1.2214944e-06,0.26098689436912537,0.00013659021351486444
Step-Preload,0.004999999888241291,Q1-INNERSKIN,0.0007027155952528119,-2.4510575e-07,-0.0007027145,-1.2215309e-06,0.2595750391483307,0.0037315208464860916
Step-Preload,0.004999999888241291,Q1-OUTERSKIN,0.0007025455124676228,1.07485585e-08,-0.0007025455,3.6230123e-08,0.25949472188949585,0.0024825409054756165
Step-Preload,0.004999999888241291,Q2-CORE,0.0007027115789242089,6.0355296e-07,-0.00070271135,-1.3889255e-07,0.2594428062438965,7.360525273725216e-07
Step-Preload,0.004999999888241291,Q2-INNERSKIN,0.0007027156534604728,2.4506966e-07,-0.00070271455,-1.2215997e-06,0.2594539523124695,6.763643614249304e-05
Step-Preload,0.004999999888241291,Q2-OUTERSKIN,0.0007025454542599618,-1.0746288e-08,-0.00070254545,3.6200994e-08,0.2594051659107208,6.925362686160952e-05
Step-Separation,0.004999999888241291,ADAPTER,0.0,0.0,0.0,0.0,0.0,0.0
Step-Separation,0.004999999888241291,Q1-CORE,0.0007027082610875368,-2.4526784e-07,-0.00070270716,-1.2214944e-06,0.26098689436912537,0.00013659021351486444
Step-Separation,0.004999999888241291,Q1-INNERSKIN,0.0007027155952528119,-2.4510575e-07,-0.0007027145,-1.2215309e-06,0.2595750391483307,0.0037315208464860916
Step-Separation,0.004999999888241291,Q1-OUTERSKIN,0.0007025455124676228,1.07485585e-08,-0.0007025455,3.6230123e-08,0.25949469208717346,0.0024825409054756165
Step-Separation,0.004999999888241291,Q2-CORE,0.0007027115789242089,6.0355296e-07,-0.00070271135,-1.3889255e-07,0.2594428062438965,7.360525273725216e-07
Step-Separation,0.004999999888241291,Q2-INNERSKIN,0.0007027156534604728,2.4506966e-07,-0.00070271455,-1.2215997e-06,0.2594539523124695,6.763643614249304e-05
Step-Separation,0.004999999888241291,Q2-OUTERSKIN,0.0007025454542599618,-1.0746288e-08,-0.00070254545,3.6200994e-08,0.2594051659107208,6.925362686160952e-05
Step-Separation,0.00700432644225657,ADAPTER,0.0,0.0,0.0,0.0,0.0,0.0
Step-Separation,0.00700432644225657,Q1-CORE,0.7712923884391785,0.20321453,-0.11764025,0.7346813,408.2486572265625,2.5619189739227295
Step-Separation,0.00700432644225657,Q1-INNERSKIN,0.7736416459083557,0.20278694,-0.130147,0.73516023,410.1451110839844,99.05237579345703
Step-Separation,0.00700432644225657,Q1-OUTERSKIN,0.4969422221183777,0.14616746,0.12787469,0.4574218,362.8316650390625,78.57260131835938
Step-Separation,0.00700432644225657,Q2-CORE,0.7800885438919067,0.18286096,-0.11966916,-0.74885195,417.6063232421875,2.5908186435699463
Step-Separation,0.00700432644225657,Q2-INNERSKIN,0.7822529077529907,0.18242295,-0.13236444,-0.7490802,419.42291259765625,98.22948455810547
Step-Separation,0.00700432644225657,Q2-OUTERSKIN,0.5042978525161743,0.13298193,0.13027143,-0.46868056,375.5527648925781,78.41485595703125
Step-Separation,0.009003987070173025,ADAPTER,0.0,0.0,0.0,0.0,0.0,0.0
Step-Separation,0.009003987070173025,Q1-CORE,1.233029842376709,0.34187576,-0.16379645,1.1733091,255.139892578125,2.4177463054656982
Step-Separation,0.009003987070173025,Q1-INNERSKIN,1.235738754272461,0.34127852,-0.17834792,1.1742109,255.17962646484375,98.08989715576172
Step-Separation,0.009003987070173025,Q1-OUTERSKIN,0.9696428775787354,0.28904155,0.19089347,0.9056611,237.88751220703125,99.10169219970703
Step-Separation,0.009003987070173025,Q2-CORE,1.2489848136901855,0.3135166,-0.16354954,-1.1978823,273.83258056640625,2.165853261947632
Step-Separation,0.009003987070173025,Q2-INNERSKIN,1.2511996030807495,0.31285906,-0.17837906,-1.198249,273.8625183105469,99.39283752441406
Step-Separation,0.009003987070173025,Q2-OUTERSKIN,0.9826872944831848,0.26816684,0.1971314,-0.92460805,252.7742462158203,92.22676849365234
Step-Separation,0.011003314983099699,ADAPTER,0.0,0.0,0.0,0.0,0.0,0.0
Step-Separation,0.011003314983099699,Q1-CORE,1.6198807954788208,0.47177753,-0.19070989,1.5378783,194.332275390625,2.986603260040283
Step-Separation,0.011003314983099699,Q1-INNERSKIN,1.6227644681930542,0.47112444,-0.20625168,1.5391123,194.33811950683594,114.89688873291016
Step-Separation,0.011003314983099699,Q1-OUTERSKIN,1.3398113250732422,0.38381898,0.2325773,1.2624124,173.928466796875,144.496826171875
Step-Separation,0.011003314983099699,Q2-CORE,1.7068603038787842,0.44641945,-0.19605078,-1.6357402,232.75511169433594,2.600865364074707
Step-Separation,0.011003314983099699,Q2-INNERSKIN,1.7090238332748413,0.44564295,-0.21229358,-1.6361834,232.9501953125,108.9112548828125
Step-Separation,0.011003314983099699,Q2-OUTERSKIN,1.4444819688796997,0.40163636,0.26119113,-1.3627163,197.64720153808594,126.66190338134766
Step-Separation,0.013002592138946056,ADAPTER,0.0,0.0,0.0,0.0,0.0,0.0
Step-Separation,0.013002592138946056,Q1-CORE,1.7290626764297485,0.9037458,-0.19313027,1.46137,174.08294677734375,2.8616175651550293
Step-Separation,0.013002592138946056,Q1-INNERSKIN,1.7315342426300049,0.90246236,-0.20653814,1.4632547,174.07997131347656,115.29788970947266
Step-Separation,0.013002592138946056,Q1-OUTERSKIN,1.497544288635254,0.47563356,0.23093493,1.4010998,144.39479064941406,143.07301330566406
Step-Separation,0.013002592138946056,Q2-CORE,2.0520334243774414,0.54728746,-0.21197972,-1.9663117,249.20883178710938,2.29919695854187
Step-Separation,0.013002592138946056,Q2-INNERSKIN,2.05401349067688,0.54630536,-0.22830722,-1.9668244,249.2628936767578,104.8386001586914
Step-Separation,0.013002592138946056,Q2-OUTERSKIN,1.7887648344039917,0.50241387,0.30329347,-1.6897553,193.0957489013672,142.72007751464844
Step-Separation,0.01500176265835762,ADAPTER,0.0,0.0,0.0,0.0,0.0,0.0
Step-Separation,0.01500176265835762,Q1-CORE,1.8502421379089355,0.9709046,-0.19228478,1.5632552,132.2176971435547,2.7544493675231934
Step-Separation,0.01500176265835762,Q1-INNERSKIN,1.8528040647506714,0.969607,-0.20602013,1.5653437,125.94470977783203,140.3916778564453
Step-Separation,0.01500176265835762,Q1-OUTERSKIN,1.589838981628418,0.87531614,0.22671911,1.3076729,129.73416137695312,145.7931365966797
Step-Separation,0.01500176265835762,Q2-CORE,2.30483341217041,0.6254935,-0.21723598,-2.2076738,199.61827087402344,2.6585030555725098
Step-Separation,0.01500176265835762,Q2-INNERSKIN,2.3067750930786133,0.6239889,-0.23434281,-2.2083778,195.41268920898438,92.85932922363281
Step-Separation,0.01500176265835762,Q2-OUTERSKIN,2.0563530921936035,0.59379274,0.32841745,-1.9411699,185.77699279785156,153.8184356689453
Step-Separation,0.01700100675225258,ADAPTER,0.0,0.0,0.0,0.0,0.0,0.0
Step-Separation,0.01700100675225258,Q1-CORE,1.8394242525100708,0.95045483,-0.18027878,1.5644861,76.8009262084961,2.86271071434021
Step-Separation,0.01700100675225258,Q1-INNERSKIN,1.8420584201812744,0.94907403,-0.19364934,1.5668241,76.77472686767578,149.8733367919922
Step-Separation,0.01700100675225258,Q1-OUTERSKIN,1.5883673429489136,0.85253197,0.22020909,1.3219713,67.87014770507812,132.42481994628906
Step-Separation,0.01700100675225258,Q2-CORE,2.461834192276001,0.6839522,-0.2164781,-2.3549893,196.10568237304688,2.3785979747772217
Step-Separation,0.01700100675225258,Q2-INNERSKIN,2.4636831283569336,0.682261,-0.23369637,-2.3557675,196.14016723632812,92.889892578125
Step-Separation,0.01700100675225258,Q2-OUTERSKIN,2.2050371170043945,0.64094424,0.34129933,-2.0820408,175.08303833007812,145.39889526367188
Step-Separation,0.01900027971714735,ADAPTER,0.0,0.0,0.0,0.0,0.0,0.0
Step-Separation,0.01900027971714735,Q1-CORE,1.8324998617172241,0.9237692,-0.16225961,1.5742865,76.87077331542969,3.0592243671417236
Step-Separation,0.01900027971714735,Q1-INNERSKIN,1.8352618217468262,0.9218721,-0.1753373,1.577211,63.28690719604492,146.79591369628906
Step-Separation,0.01900027971714735,Q1-OUTERSKIN,1.5700732469558716,0.78082263,0.23703893,1.3413644,66.69800567626953,135.43943786621094
Step-Separation,0.01900027971714735,Q2-CORE,2.6658856868743896,0.75722176,-0.21607839,-2.546934,161.38729858398438,2.526218891143799
Step-Separation,0.01900027971714735,Q2-INNERSKIN,2.6676173210144043,0.75595784,-0.23351337,-2.5475836,161.39598083496094,91.42388916015625
Step-Separation,0.01900027971714735,Q2-OUTERSKIN,2.407569646835327,0.6976731,0.36347163,-2.2754192,149.7417755126953,160.56298828125
Step-Separation,0.021099512465298176,ADAPTER,0.0,0.0,0.0,0.0,0.0,0.0
Step-Separation,0.021099512465298176,Q1-CORE,1.7734793424606323,0.5538811,-0.13473608,1.6793722,58.548274993896484,2.888716697692871
Step-Separation,0.021099512465298176,Q1-INNERSKIN,1.7768899202346802,0.5533549,-0.1488534,1.6819568,58.10898208618164,137.65455627441406
Step-Separation,0.021099512465298176,Q1-OUTERSKIN,1.563663363456726,0.48090592,0.23212266,1.469657,53.28935241699219,130.0994415283203
Step-Separation,0.021099512465298176,Q2-CORE,2.820626735687256,0.81248677,-0.2102383,-2.6928794,120.27493286132812,2.4551613330841064
Step-Separation,0.021099512465298176,Q2-INNERSKIN,2.8222787380218506,0.811378,-0.22805852,-2.6934946,116.74237060546875,95.88798522949219
Step-Separation,0.021099512465298176,Q2-OUTERSKIN,2.562002420425415,0.7441068,0.3781627,-2.422221,116.20624542236328,158.6596221923828
Step-Separation,0.02309879194945097,ADAPTER,0.0,0.0,0.0,0.0,0.0,0.0
Step-Separation,0.02309879194945097,Q1-CORE,1.793195128440857,0.5501276,-0.12309697,1.7022794,52.77892303466797,3.023859977722168
Step-Separation,0.02309879194945097,Q1-INNERSKIN,1.7967537641525269,0.5499249,-0.13716692,1.7050196,52.75184631347656,127.4717788696289
Step-Separation,0.02309879194945097,Q1-OUTERSKIN,1.5765069723129272,0.47898626,0.23437124,1.4835823,47.85224914550781,133.69004821777344
Step-Separation,0.02309879194945097,Q2-CORE,2.9763500690460205,0.869479,-0.20764029,-2.838935,123.72382354736328,2.4584503173828125
Step-Separation,0.02309879194945097,Q2-INNERSKIN,2.977928876876831,0.86871713,-0.22568367,-2.8394468,123.71064758300781,100.26493835449219
Step-Separation,0.02309879194945097,Q2-OUTERSKIN,2.7136223316192627,0.7905411,0.3884607,-2.5666883,110.1745834350586,164.7915496826172
Step-Separation,0.025097968988120556,ADAPTER,0.0,0.0,0.0,0.0,0.0,0.0
Step-Separation,0.025097968988120556,Q1-CORE,1.7700347900390625,0.53374124,-0.110094376,1.6840495,48.68231964111328,2.9225656986236572
Step-Separation,0.025097968988120556,Q1-INNERSKIN,1.7737685441970825,0.5332959,-0.123927586,1.6871551,46.772220611572266,119.88280487060547
Step-Separation,0.025097968988120556,Q1-OUTERSKIN,1.5506376028060913,0.46408156,0.2318289,1.4612874,44.93928146362305,128.4693145751953
Step-Separation,0.025097968988120556,Q2-CORE,3.148876428604126,0.9293388,-0.2039985,-3.0016892,89.63322448730469,2.503241539001465
Step-Separation,0.025097968988120556,Q2-INNERSKIN,3.1503820419311523,0.92861915,-0.22227482,-3.0021937,89.62213134765625,97.3053970336914
Step-Separation,0.025097968988120556,Q2-OUTERSKIN,2.885894298553467,0.8430179,0.40514258,-2.730122,75.66192626953125,180.40646362304688
Step-Separation,0.027097067795693874,ADAPTER,0.0,0.0,0.0,0.0,0.0,0.0
Step-Separation,0.027097067795693874,Q1-CORE,1.7439144849777222,0.51966095,-0.0966454,1.6618814,44.861106872558594,2.860297679901123
Step-Separation,0.027097067795693874,Q1-INNERSKIN,1.7478128671646118,0.5189713,-0.11016601,1.6653473,42.244171142578125,117.62895202636719
Step-Separation,0.027097067795693874,Q1-OUTERSKIN,1.521712064743042,0.44863126,0.23053756,1.4356846,41.152645111083984,123.53954315185547
Step-Separation,0.027097067795693874,Q2-CORE,3.2253074645996094,0.963426,-0.19074,-3.072139,71.8012466430664,2.577479839324951
Step-Separation,0.027097067795693874,Q2-INNERSKIN,3.2266974449157715,0.9630617,-0.20894842,-3.0725281,67.0091781616211,103.9876937866211
Step-Separation,0.027097067795693874,Q2-OUTERSKIN,2.95652174949646,0.8647165,0.40997216,-2.7973576,67.21551513671875,184.7007598876953
Step-Separation,0.02909617405384779,ADAPTER,0.0,0.0,0.0,0.0,0.0,0.0
Step-Separation,0.02909617405384779,Q1-CORE,1.7497104406356812,0.52020097,-0.08726662,1.6683111,44.41999816894531,2.9985580444335938
Step-Separation,0.02909617405384779,Q1-INNERSKIN,1.753798007965088,0.51959145,-0.1007657,1.6720283,40.060176849365234,115.2102279663086
Step-Separation,0.02909617405384779,Q1-OUTERSKIN,1.5298620462417603,0.44708875,0.23892632,1.4434346,39.62604904174805,124.80255126953125
Step-Separation,0.02909617405384779,Q2-CORE,3.2318737506866455,0.9740906,-0.176156,-3.0765443,59.94266891479492,2.5183756351470947
Step-Separation,0.02909617405384779,Q2-INNERSKIN,3.2331576347351074,0.9737231,-0.19413345,-3.0769277,54.612709045410156,104.93038177490234
Step-Separation,0.02909617405384779,Q2-OUTERSKIN,2.964596748352051,0.9253169,0.38978073,-2.7893894,57.359642028808594,178.24514770507812
Step-Separation,0.031095287762582302,ADAPTER,0.0,0.0,0.0,0.0,0.0,0.0
Step-Separation,0.031095287762582302,Q1-CORE,1.741437315940857,0.5135032,-0.07979686,1.6620923,43.34859085083008,2.8725168704986572
Step-Separation,0.031095287762582302,Q1-INNERSKIN,1.7457325458526611,0.51282203,-0.09311181,1.666111,36.42709732055664,116.65182495117188
Step-Separation,0.031095287762582302,Q1-OUTERSKIN,1.5213005542755127,0.44036442,0.24015838,1.4362307,37.8216552734375,120.23265075683594
Step-Separation,0.031095287762582302,Q2-CORE,3.2486562728881836,0.9867868,-0.17020936,-3.0904772,50.96247100830078,2.6261181831359863
Step-Separation,0.031095287762582302,Q2-INNERSKIN,3.2499022483825684,0.9865473,-0.18821198,-3.0908196,49.75788497924805,95.25931549072266
Step-Separation,0.031095287762582302,Q2-OUTERSKIN,2.9849839210510254,0.9310891,0.3950669,-2.8084025,50.790122985839844,182.241455078125
Step-Separation,0.033094421960413456,ADAPTER,0.0,0.0,0.0,0.0,0.0,0.0
Step-Separation,0.033094421960413456,Q1-CORE,1.7759902477264404,0.52144074,-0.0770213,1.6959684,36.623374938964844,2.9854671955108643
Step-Separation,0.033094421960413456,Q1-INNERSKIN,1.780518889427185,0.5208093,-0.090343505,1.700248,35.91815948486328,119.01823425292969
Step-Separation,0.033094421960413456,Q1-OUTERSKIN,1.555800437927246,0.44636953,0.24824993,1.4695718,32.96489715576172,124.44013977050781
Step-Separation,0.033094421960413456,Q2-CORE,3.1971561908721924,0.977501,-0.15532732,-3.0400941,61.56615447998047,2.5560035705566406
Step-Separation,0.033094421960413456,Q2-INNERSKIN,3.1983108520507812,0.9773413,-0.17303835,-3.0404036,61.59577560424805,90.66865539550781
Step-Separation,0.033094421960413456,Q2-OUTERSKIN,2.9506452083587646,0.9180244,0.39431998,-2.7763374,59.73923110961914,172.2717742919922
Step-Separation,0.035093619488179684,ADAPTER,0.0,0.0,0.0,0.0,0.0,0.0
Step-Separation,0.035093619488179684,Q1-CORE,1.7972416877746582,0.79494107,-0.07417468,1.6101692,32.15211868286133,2.9263739585876465
Step-Separation,0.035093619488179684,Q1-INNERSKIN,1.8010077476501465,0.7930133,-0.08642438,1.6147103,30.692764282226562,122.70818328857422
Step-Separation,0.035093619488179684,Q1-OUTERSKIN,1.5766247510910034,0.44610178,0.25547975,1.4904593,29.594955444335938,123.23670959472656
Step-Separation,0.035093619488179684,Q2-CORE,3.1673290729522705,0.97129846,-0.14356413,-3.0113025,50.677886962890625,2.5350968837738037
Step-Separation,0.035093619488179684,Q2-INNERSKIN,3.1684188842773438,0.97120404,-0.16118662,-3.0115876,50.697776794433594,88.4426040649414
Step-Separation,0.035093619488179684,Q2-OUTERSKIN,2.924776077270508,0.9082247,0.3993036,-2.7513633,48.015445709228516,166.75650024414062
Step-Separation,0.037092831917107105,ADAPTER,0.0,0.0,0.0,0.0,0.0,0.0
Step-Separation,0.037092831917107105,Q1-CORE,1.835225224494934,0.8053567,-0.07156436,1.6475227,29.859949111938477,2.9547882080078125
Step-Separation,0.037092831917107105,Q1-INNERSKIN,1.8391563892364502,0.8034324,-0.08383316,1.6522604,26.72142219543457,124.2498779296875
Step-Separation,0.037092831917107105,Q1-OUTERSKIN,1.5960519313812256,0.44491577,0.2630093,1.5100522,25.453292846679688,123.53326416015625
Step-Separation,0.037092831917107105,Q2-CORE,3.172097682952881,0.9752628,-0.13377765,-3.0154881,42.88715744018555,2.552338123321533
Step-Separation,0.037092831917107105,Q2-INNERSKIN,3.1731324195861816,0.97516036,-0.15141451,-3.0157762,39.324947357177734,88.25529479980469
Step-Separation,0.037092831917107105,Q2-OUTERSKIN,2.927560806274414,0.90938824,0.40774727,-2.7527018,39.4245491027832,167.4109344482422
Step-Separation,0.039092046208679676,ADAPTER,0.0,0.0,0.0,0.0,0.0,0.0
Step-Separation,0.039092046208679676,Q1-CORE,1.866829752922058,0.80943966,-0.06993972,1.6807646,27.340648651123047,2.941638231277466
Step-Separation,0.039092046208679676,Q1-INNERSKIN,1.8709555864334106,0.8074843,-0.082245305,1.6857282,24.026639938354492,127.75315856933594
Step-Separation,0.039092046208679676,Q1-OUTERSKIN,1.6267105340957642,0.68479276,0.26806635,1.450995,22.847139358520508,121.82125854492188
Step-Separation,0.039092046208679676,Q2-CORE,3.1667487621307373,0.9766178,-0.122103125,-3.009918,38.13644027709961,2.5523462295532227
Step-Separation,0.039092046208679676,Q2-INNERSKIN,3.167712688446045,0.97662586,-0.13963574,-3.0101674,38.13157272338867,91.00593566894531
Step-Separation,0.039092046208679676,Q2-OUTERSKIN,2.931443214416504,0.9094957,0.41483068,-2.755738,36.48830795288086,165.2823028564453
Step-Separation,0.04109126050025225,ADAPTER,0.0,0.0,0.0,0.0,0.0,0.0
Step-Separation,0.04109126050025225,Q1-CORE,1.8889915943145752,0.8098014,-0.06744711,1.7052747,23.214557647705078,2.9829559326171875
Step-Separation,0.04109126050025225,Q1-INNERSKIN,1.8932840824127197,0.8078812,-0.07970655,1.710409,23.21181869506836,127.66332244873047
Step-Separation,0.04109126050025225,Q1-OUTERSKIN,1.6465641260147095,0.681344,0.26756635,1.4749075,19.855573654174805,123.13069915771484
Step-Separation,0.04109126050025225,Q2-CORE,3.1777148246765137,0.9818351,-0.11321126,-3.0201085,39.876495361328125,2.521094799041748
Step-Separation,0.04109126050025225,Q2-INNERSKIN,3.178628444671631,0.98180634,-0.13074903,-3.0203707,39.879783630371094,88.66831970214844
Step-Separation,0.04109126050025225,Q2-OUTERSKIN,2.941814661026001,0.9121388,0.42172775,-2.764855,36.227943420410156,164.92514038085938
Step-Separation,0.04309047479182482,ADAPTER,0.0,0.0,0.0,0.0,0.0,0.0
Step-Separation,0.04309047479182482,Q1-CORE,1.9097520112991333,0.80849254,-0.06599486,1.7289122,22.16362953186035,2.954272985458374
Step-Separation,0.04309047479182482,Q1-INNERSKIN,1.914228081703186,0.8065865,-0.07820554,1.734235,18.824405670166016,128.6879119873047
Step-Separation,0.04309047479182482,Q1-OUTERSKIN,1.6681419610977173,0.6801179,0.2676937,1.4994924,18.95366096496582,121.3294906616211
Step-Separation,0.04309047479182482,Q2-CORE,3.1967437267303467,0.9903143,-0.104172796,-3.037696,36.05236053466797,2.5422887802124023
Step-Separation,0.04309047479182482,Q2-INNERSKIN,3.197600841522217,0.9903516,-0.1216563,-3.0379357,36.046905517578125,88.03099822998047
Step-Separation,0.04309047479182482,Q2-OUTERSKIN,2.966160774230957,0.91824037,0.43031514,-2.7874312,34.29827880859375,165.9975128173828
Step-Separation,0.04508968908339739,ADAPTER,0.0,0.0,0.0,0.0,0.0,0.0
Step-Separation,0.04508968908339739,Q1-CORE,1.934747338294983,0.81048125,-0.063513175,1.7556576,18.91777801513672,3.0026943683624268
Step-Separation,0.04508968908339739,Q1-INNERSKIN,1.9394023418426514,0.8085609,-0.075650595,1.7611893,18.945650100708008,130.05860900878906
Step-Separation,0.04508968908339739,Q1-OUTERSKIN,1.6920807361602783,0.68107325,0.26832604,1.5255418,17.862688064575195,122.31108856201172
Step-Separation,0.04508968908339739,Q2-CORE,3.208707332611084,0.99680734,-0.09692931,-3.0484066,40.3829231262207,2.5766797065734863
Step-Separation,0.04508968908339739,Q2-INNERSKIN,3.2095258235931396,0.99694055,-0.114430815,-3.0486178,39.111392974853516,86.5160903930664
Step-Separation,0.04508968908339739,Q2-OUTERSKIN,2.985592842102051,0.9222816,0.43687502,-2.8057623,38.72164535522461,165.50315856933594
Step-Separation,0.04708890337496996,ADAPTER,0.0,0.0,0.0,0.0,0.0,0.0
Step-Separation,0.04708890337496996,Q1-CORE,1.9519376754760742,0.8070491,-0.060932815,1.7762374,18.243328094482422,2.981804609298706
Step-Separation,0.04708890337496996,Q1-INNERSKIN,1.956766128540039,0.80515575,-0.07297439,1.7819463,17.61492919921875,131.2746124267578
Step-Separation,0.04708890337496996,Q1-OUTERSKIN,1.7098978757858276,0.6774421,0.2689701,1.5467638,17.974109649658203,121.19849395751953
Step-Separation,0.04708890337496996,Q2-CORE,3.221296548843384,1.0016758,-0.08933635,-3.0602968,37.40930938720703,2.5422654151916504
Step-Separation,0.04708890337496996,Q2-INNERSKIN,3.2220664024353027,1.0018281,-0.106755,-3.0604994,36.5537109375,83.83929443359375
Step-Separation,0.04708890337496996,Q2-OUTERSKIN,3.002040147781372,0.9250373,0.44283208,-2.821427,36.03257369995117,163.84848022460938
Step-Separation,0.04908811766654253,ADAPTER,0.0,0.0,0.0,0.0,0.0,0.0
Step-Separation,0.04908811766654253,Q1-CORE,1.974010944366455,0.80712306,-0.05883691,1.8005027,17.144359588623047,2.9968342781066895
Step-Separation,0.04908811766654253,Q1-INNERSKIN,1.979036808013916,0.80517346,-0.07079581,1.8064525,17.173141479492188,132.15769958496094
Step-Separation,0.04908811766654253,Q1-OUTERSKIN,1.732235074043274,0.6770133,0.27133265,1.5712003,16.5165958404541,121.49968719482422
Step-Separation,0.04908811766654253,Q2-CORE,3.245637893676758,1.0098648,-0.08404487,-3.083387,35.5927734375,2.570040702819824
Step-Separation,0.04908811766654253,Q2-INNERSKIN,3.2463796138763428,1.0100551,-0.1015048,-3.08358,35.067203521728516,83.01380157470703
Step-Separation,0.04908811766654253,Q2-OUTERSKIN,3.028738021850586,0.9311276,0.45063713,-2.8466089,35.407127380371094,164.78012084960938
Step-Separation,0.0510873319581151,ADAPTER,0.0,0.0,0.0,0.0,0.0,0.0
Step-Separation,0.0510873319581151,Q1-CORE,1.9922682046890259,0.8047635,-0.056923546,1.8216058,16.480384826660156,3.0100865364074707
Step-Separation,0.0510873319581151,Q1-INNERSKIN,1.9974989891052246,0.80275023,-0.06879036,1.8278025,16.5188045501709,133.08338928222656
Step-Separation,0.0510873319581151,Q1-OUTERSKIN,1.7504914999008179,0.6748006,0.27226105,1.5920863,16.284982681274414,121.48986053466797
Step-Separation,0.0510873319581151,Q2-CORE,3.264847755432129,1.0163091,-0.077155136,-3.1016757,34.27442169189453,2.5729498863220215
Step-Separation,0.0510873319581151,Q2-INNERSKIN,3.265547275543213,1.0165253,-0.09457204,-3.1018593,34.11784362792969,84.15865325927734
Step-Separation,0.0510873319581151,Q2-OUTERSKIN,3.0534303188323975,0.9363262,0.45716837,-2.8701441,33.344017028808594,163.58700561523438
Step-Separation,0.05308654624968767,ADAPTER,0.0,0.0,0.0,0.0,0.0,0.0
Step-Separation,0.05308654624968767,Q1-CORE,2.0093514919281006,0.8031357,-0.053906426,1.8410759,17.20771026611328,3.0129287242889404
Step-Separation,0.05308654624968767,Q1-INNERSKIN,2.014773368835449,0.8010835,-0.06570359,1.847501,17.21040153503418,133.85047912597656
Step-Separation,0.05308654624968767,Q1-OUTERSKIN,1.7677056789398193,0.6722464,0.27428007,1.6117193,16.86353874206543,120.8156967163086
Step-Separation,0.05308654624968767,Q2-CORE,3.2965445518493652,1.0253612,-0.07239569,-3.1321876,37.68319320678711,2.564023971557617
Step-Separation,0.05308654624968767,Q2-INNERSKIN,3.2972166538238525,1.0255619,-0.08985637,-3.1323771,36.70865249633789,84.15779113769531
Step-Separation,0.05308654624968767,Q2-OUTERSKIN,3.0842838287353516,0.94403166,0.46455902,-2.899275,36.80400466918945,164.3013916015625
Step-Separation,0.05508576054126024,ADAPTER,0.0,0.0,0.0,0.0,0.0,0.0
Step-Separation,0.05508576054126024,Q1-CORE,2.027531862258911,0.80231106,-0.05164902,1.8613207,16.6069393157959,3.0281245708465576
Step-Separation,0.05508576054126024,Q1-INNERSKIN,2.0331382751464844,0.80026114,-0.0634021,1.8679436,16.2653751373291,134.27528381347656
Step-Separation,0.05508576054126024,Q1-OUTERSKIN,1.785730004310608,0.67092085,0.27590242,1.6317399,16.543184280395508,120.90882110595703
Step-Separation,0.05508576054126024,Q2-CORE,3.3281919956207275,1.0345179,-0.06693345,-3.1626184,34.967586517333984,2.562220573425293
Step-Separation,0.05508576054126024,Q2-INNERSKIN,3.328831672668457,1.0347494,-0.084383324,-3.1627984,33.15314483642578,85.16566467285156
Step-Separation,0.05508576054126024,Q2-OUTERSKIN,3.11812162399292,0.9523676,0.4717848,-2.9313986,32.78105926513672,164.88897705078125
Step-Separation,0.05708497483283281,ADAPTER,0.0,0.0,0.0,0.0,0.0,0.0
Step-Separation,0.05708497483283281,Q1-CORE,2.04423451423645,0.80098134,-0.04881972,1.8801438,17.71160125732422,3.020848274230957
Step-Separation,0.05708497483283281,Q1-INNERSKIN,2.0500264167785645,0.7989198,-0.060512938,1.8869748,17.712366104125977,135.23037719726562
Step-Separation,0.05708497483283281,Q1-OUTERSKIN,1.8027215003967285,0.66924506,0.27711356,1.650795,17.263368606567383,120.42935180664062
Step-Separation,0.05708497483283281,Q2-CORE,3.359548807144165,1.0436254,-0.062549055,-3.1927264,32.83562088012695,2.5759546756744385
Step-Separation,0.05708497483283281,Q2-INNERSKIN,3.3601644039154053,1.0438899,-0.08004534,-3.192897,32.581138610839844,86.35498809814453
Step-Separation,0.05708497483283281,Q2-OUTERSKIN,3.1516363620758057,0.9601266,0.4778724,-2.9635463,31.444671630859375,165.32298278808594
Step-Separation,0.059084189124405384,ADAPTER,0.0,0.0,0.0,0.0,0.0,0.0
Step-Separation,0.059084189124405384,Q1-CORE,2.0604166984558105,0.7993775,-0.046323,1.8984644,16.19464683532715,3.0334901809692383
Step-Separation,0.059084189124405384,Q1-INNERSKIN,2.066392660140991,0.79732615,-0.057996802,1.9054885,15.953619956970215,135.57679748535156
Step-Separation,0.059084189124405384,Q1-OUTERSKIN,1.8187395334243774,0.6668612,0.278771,1.6689507,16.194665908813477,120.37992095947266
Step-Separation,0.059084189124405384,Q2-CORE,3.38942551612854,1.0519658,-0.058552373,-3.2215128,33.569244384765625,2.5692083835601807
Step-Separation,0.059084189124405384,Q2-INNERSKIN,3.390017032623291,1.0522422,-0.076051794,-3.2216794,32.10038375854492,86.42938995361328
Step-Separation,0.059084189124405384,Q2-OUTERSKIN,3.1843135356903076,0.9672911,0.4832796,-2.995103,31.70661735534668,165.61627197265625
Step-Separation,0.061083403415977955,ADAPTER,0.0,0.0,0.0,0.0,0.0,0.0
Step-Separation,0.061083403415977955,Q1-CORE,2.0776445865631104,0.79832757,-0.04361922,1.9176489,17.615341186523438,3.0322484970092773
Step-Separation,0.061083403415977955,Q1-INNERSKIN,2.0838072299957275,0.7962689,-0.055245332,1.9248782,17.617734909057617,136.38775634765625
Step-Separation,0.061083403415977955,Q1-OUTERSKIN,1.8363077640533447,0.6655982,0.28034765,1.6883159,17.60121726989746,119.88736724853516
Step-Separation,0.061083403415977955,Q2-CORE,3.4352917671203613,1.4556068,-0.024160847,-3.111568,33.409690856933594,2.5754542350769043
Step-Separation,0.061083403415977955,Q2-INNERSKIN,3.4359800815582275,1.4539298,-0.039484445,-3.1129549,33.414703369140625,85.56217956542969
Step-Separation,0.061083403415977955,Q2-OUTERSKIN,3.233386278152466,1.4039077,0.47659793,-2.8734448,32.479515075683594,166.34469604492188
Step-Separation,0.06308261770755053,ADAPTER,0.0,0.0,0.0,0.0,0.0,0.0
Step-Separation,0.06308261770755053,Q1-CORE,2.0944504737854004,0.7970775,-0.0415012,1.9364059,15.869616508483887,3.039205551147461
Step-Separation,0.06308261770755053,Q1-INNERSKIN,2.1008005142211914,0.79502445,-0.05309846,1.9438312,15.69317626953125,136.85133361816406
Step-Separation,0.06308261770755053,Q1-OUTERSKIN,1.853096604347229,0.6635917,0.28170213,1.7071195,15.869627952575684,119.7161636352539
Step-Separation,0.06308261770755053,Q2-CORE,3.4862327575683594,1.4737226,-0.019618908,-3.1593633,31.580533981323242,2.571369171142578
Step-Separation,0.06308261770755053,Q2-INNERSKIN,3.486896276473999,1.4720709,-0.034952883,-3.1607327,30.81952667236328,85.66984558105469
Step-Separation,0.06308261770755053,Q2-OUTERSKIN,3.28399658203125,1.4204873,0.4817946,-2.9214249,30.805509567260742,165.8771209716797
Step-Separation,0.0650818319991231,ADAPTER,0.0,0.0,0.0,0.0,0.0,0.0
Step-Separation,0.0650818319991231,Q1-CORE,2.1111395359039307,0.7957995,-0.039413203,1.9550089,16.1435546875,3.0332961082458496
Step-Separation,0.0650818319991231,Q1-INNERSKIN,2.1176745891571045,0.7937586,-0.05096376,1.9626245,16.14410400390625,137.55224609375
Step-Separation,0.0650818319991231,Q1-OUTERSKIN,1.8702059984207153,0.66208893,0.2830313,1.7260365,15.643597602844238,119.22048950195312
Step-Separation,0.0650818319991231,Q2-CORE,3.543393850326538,1.4953645,-0.015765643,-3.212363,28.858572006225586,2.5932252407073975
Step-Separation,0.0650818319991231,Q2-INNERSKIN,3.544039249420166,1.4937264,-0.031134844,-3.2137246,28.089813232421875,85.25592803955078
Step-Separation,0.0650818319991231,Q2-OUTERSKIN,3.340813636779785,1.4409603,0.48785666,-2.9743345,28.018627166748047,167.15357971191406
Step-Separation,0.06708104629069567,ADAPTER,0.0,0.0,0.0,0.0,0.0,0.0
Step-Separation,0.06708104629069567,Q1-CORE,2.129375696182251,0.79545885,-0.038155682,1.9748493,14.42418098449707,3.042776107788086
Step-Separation,0.06708104629069567,Q1-INNERSKIN,2.136106014251709,0.7934135,-0.04967943,1.9826688,14.425540924072266,138.0657501220703
Step-Separation,0.06708104629069567,Q1-OUTERSKIN,1.8881793022155762,0.66093326,0.28414822,1.7457515,14.42174243927002,119.13623046875
Step-Separation,0.06708104629069567,Q2-CORE,3.5954363346099854,1.5136434,-0.011774125,-3.2612739,28.21657371520996,2.582568883895874
Step-Separation,0.06708104629069567,Q2-INNERSKIN,3.5960662364959717,1.5120065,-0.027150558,-3.2626357,27.83963394165039,85.20067596435547
Step-Separation,0.06708104629069567,Q2-OUTERSKIN,3.3932204246520996,1.4592496,0.49322954,-3.0234516,27.084951400756836,167.1884307861328
Step-Separation,0.06908020097762346,ADAPTER,0.0,0.0,0.0,0.0,0.0,0.0
Step-Separation,0.06908020097762346,Q1-CORE,2.1459803581237793,0.7939347,-0.036699593,1.9933771,15.173271179199219,3.0398190021514893
Step-Separation,0.06908020097762346,Q1-INNERSKIN,2.152904748916626,0.7918888,-0.048174948,2.0013971,14.877925872802734,138.66209411621094
Step-Separation,0.06908020097762346,Q1-OUTERSKIN,1.9048932790756226,0.6592455,0.28511178,1.7642916,15.17329216003418,118.65845489501953
Step-Separation,0.06908020097762346,Q2-CORE,3.644284248352051,1.530144,-0.007322736,-3.3074784,25.97382354736328,2.586965560913086
Step-Separation,0.06908020097762346,Q2-INNERSKIN,3.6448941230773926,1.5285175,-0.022701588,-3.3088324,25.26080322265625,85.6937026977539
Step-Separation,0.06908020097762346,Q2-OUTERSKIN,3.44189453125,1.4753603,0.49822482,-3.0694823,25.480113983154297,167.4088592529297
Step-Separation,0.07107934076339006,ADAPTER,0.0,0.0,0.0,0.0,0.0,0.0
Step-Separation,0.07107934076339006,Q1-CORE,2.1631362438201904,0.79297125,-0.03550992,2.012236,14.163980484008789,3.0493404865264893
Step-Separation,0.07107934076339006,Q1-INNERSKIN,2.1702539920806885,0.79093075,-0.046951294,2.020452,13.935900688171387,139.22134399414062
Step-Separation,0.07107934076339006,Q1-OUTERSKIN,1.921952724456787,0.657626,0.2860705,1.7831416,14.151627540588379,118.49295043945312
Step-Separation,0.07107934076339006,Q2-CORE,3.6936581134796143,1.5469635,-0.003065981,-3.3541026,25.345233917236328,2.5918338298797607
Step-Separation,0.07107934076339006,Q2-INNERSKIN,3.6942527294158936,1.5453304,-0.018463355,-3.3554606,25.343904495239258,86.16626739501953
Step-Separation,0.07107934076339006,Q2-OUTERSKIN,3.4911048412323,1.4918123,0.5035335,-3.1158886,25.095081329345703,167.88021850585938
Step-Separation,0.07307848054915667,ADAPTER,0.0,0.0,0.0,0.0,0.0,0.0
Step-Separation,0.07307848054915667,Q1-CORE,2.1794826984405518,0.7913558,-0.034453362,2.0304468,14.118165016174316,3.0467264652252197
Step-Separation,0.07307848054915667,Q1-INNERSKIN,2.186790704727173,0.7893343,-0.045862112,2.0388482,14.116533279418945,139.82955932617188
Step-Separation,0.07307848054915667,Q1-OUTERSKIN,1.9383066892623901,0.6555322,0.28669968,1.80142,13.861653327941895,118.03358459472656
Step-Separation,0.07307848054915667,Q2-CORE,3.737670660018921,1.5605651,0.0013727508,-3.3962944,25.25832176208496,2.5855588912963867
Step-Separation,0.07307848054915667,Q2-INNERSKIN,3.738252639770508,1.5589185,-0.0140325595,-3.3976622,24.90509605407715,85.52999114990234
Step-Separation,0.07307848054915667,Q2-OUTERSKIN,3.535710334777832,1.505853,0.508379,-3.1583548,24.293907165527344,167.5433807373047
Step-Separation,0.07507762033492327,ADAPTER,0.0,0.0,0.0,0.0,0.0,0.0
Step-Separation,0.07507762033492327,Q1-CORE,2.196120023727417,0.7898767,-0.033357956,2.048884,13.965849876403809,3.051210641860962
Step-Separation,0.07507762033492327,Q1-INNERSKIN,2.2036211490631104,0.7878644,-0.044720627,2.0574782,13.731732368469238,140.3688201904297
Step-Separation,0.07507762033492327,Q1-OUTERSKIN,1.9548087120056152,0.6533479,0.2872985,1.8198552,13.959145545959473,117.70113372802734
Step-Separation,0.07507762033492327,Q2-CORE,3.779121160507202,1.5731857,0.0056154244,-3.4361043,24.563581466674805,2.5849645137786865
Step-Separation,0.07507762033492327,Q2-INNERSKIN,3.779684543609619,1.5715537,-0.009784808,-3.437461,23.5410099029541,85.56563568115234
Step-Separation,0.07507762033492327,Q2-OUTERSKIN,3.576970100402832,1.5177627,0.5125016,-3.1981955,23.49211311340332,167.0086212158203
Step-Separation,0.07707676012068987,ADAPTER,0.0,0.0,0.0,0.0,0.0,0.0
Step-Separation,0.07707676012068987,Q1-CORE,2.21254301071167,0.7883413,-0.032262404,2.067081,13.888615608215332,3.053553581237793
Step-Separation,0.07707676012068987,Q1-INNERSKIN,2.2202401161193848,0.78633404,-0.04359567,2.075872,13.667016983032227,141.04859924316406
Step-Separation,0.07707676012068987,Q1-OUTERSKIN,1.9714806079864502,0.651341,0.28808185,1.8383415,13.88376235961914,117.3335189819336
Step-Separation,0.07707676012068987,Q2-CORE,3.823451042175293,1.5878772,0.009413578,-3.4781225,23.560501098632812,2.590238332748413
Step-Separation,0.07707676012068987,Q2-INNERSKIN,3.823997735977173,1.5862598,-0.0060051866,-3.4794686,23.28655242919922,85.24552154541016
Step-Separation,0.07707676012068987,Q2-OUTERSKIN,3.6208701133728027,1.5312172,0.5173228,-3.2401311,23.1247615814209,167.1624755859375
Step-Separation,0.07907589990645647,ADAPTER,0.0,0.0,0.0,0.0,0.0,0.0
Step-Separation,0.07907589990645647,Q1-CORE,2.229250192642212,0.7868666,-0.031170413,2.0855277,14.149908065795898,3.0563085079193115
Step-Separation,0.07907589990645647,Q1-INNERSKIN,2.237140417098999,0.78486854,-0.042458817,2.094511,14.016889572143555,141.64938354492188
Step-Separation,0.07907589990645647,Q1-OUTERSKIN,1.9880467653274536,0.64934266,0.28883272,1.8566798,14.14703369140625,117.04357147216797
Step-Separation,0.07907589990645647,Q2-CORE,3.865139961242676,1.6008235,0.0134236775,-3.5180235,23.582584381103516,2.5884504318237305
Step-Separation,0.07907589990645647,Q2-INNERSKIN,3.8656716346740723,1.5992134,-0.0019938536,-3.519365,23.312166213989258,84.90875244140625
Step-Separation,0.07907589990645647,Q2-OUTERSKIN,3.6626312732696533,1.5437553,0.5215353,-3.2801964,23.18318748474121,166.7194366455078
Step-Separation,0.08107503969222307,ADAPTER,0.0,0.0,0.0,0.0,0.0,0.0
Step-Separation,0.08107503969222307,Q1-CORE,2.2459490299224854,0.7854024,-0.030224696,2.1039288,14.337279319763184,3.056952476501465
Step-Separation,0.08107503969222307,Q1-INNERSKIN,2.2540392875671387,0.7834029,-0.041483633,2.1131144,14.232964515686035,142.32516479492188
Step-Separation,0.08107503969222307,Q1-OUTERSKIN,2.004838705062866,0.6476046,0.28961405,1.8751295,14.337291717529297,116.84494018554688
Step-Separation,0.08107503969222307,Q2-CORE,3.9070162773132324,1.6139526,0.01706642,-3.558039,22.943124771118164,2.592012405395508
Step-Separation,0.08107503969222307,Q2-INNERSKIN,3.907534599304199,1.6123456,0.0016412511,-3.5593772,22.4525089263916,84.69859313964844
Step-Separation,0.08107503969222307,Q2-OUTERSKIN,3.7043709754943848,1.5562419,0.5257629,-3.3202481,22.55364227294922,166.51272583007812
Step-Separation,0.08307417947798967,ADAPTER,0.0,0.0,0.0,0.0,0.0,0.0
Step-Separation,0.08307417947798967,Q1-CORE,2.2625572681427,0.7839863,-0.02927618,2.1221862,14.448420524597168,3.064199686050415
Step-Separation,0.08307417947798967,Q1-INNERSKIN,2.270846366882324,0.7819847,-0.040494997,2.131573,14.33395004272461,142.9690399169922
Step-Separation,0.08307417947798967,Q1-OUTERSKIN,2.0214316844940186,0.6457031,0.29021856,1.8934168,14.444597244262695,116.64840698242188
Step-Separation,0.08307417947798967,Q2-CORE,3.9495630264282227,1.6275119,0.020591203,-3.598587,22.80030632019043,2.595848798751831
Step-Separation,0.08307417947798967,Q2-INNERSKIN,3.9500677585601807,1.6259158,0.0051586404,-3.5999177,22.272884368896484,84.47358703613281
Step-Separation,0.08307417947798967,Q2-OUTERSKIN,3.746823310852051,1.5690908,0.5299703,-3.360918,22.085994720458984,167.0345458984375
Step-Separation,0.08507331926375628,ADAPTER,0.0,0.0,0.0,0.0,0.0,0.0
Step-Separation,0.08507331926375628,Q1-CORE,2.278402805328369,0.7821281,-0.028174477,2.1397667,14.808558464050293,3.0680510997772217
Step-Separation,0.08507331926375628,Q1-INNERSKIN,2.286888599395752,0.78013206,-0.039360635,2.1493497,14.721221923828125,143.58197021484375
Step-Separation,0.08507331926375628,Q1-OUTERSKIN,2.037466049194336,0.6435647,0.29102844,1.9111239,14.808566093444824,116.36791229248047
Step-Separation,0.08507331926375628,Q2-CORE,3.9908740520477295,1.6403549,0.024187382,-3.638094,22.399883270263672,2.5918030738830566
Step-Separation,0.08507331926375628,Q2-INNERSKIN,3.9913673400878906,1.6387633,0.008749247,-3.639422,22.144914627075195,84.33436584472656
Step-Separation,0.08507331926375628,Q2-OUTERSKIN,3.7880232334136963,1.5812877,0.5340507,-3.4005058,22.24871826171875,166.86729431152344
Step-Separation,0.08707245904952288,ADAPTER,0.0,0.0,0.0,0.0,0.0,0.0
Step-Separation,0.08707245904952288,Q1-CORE,2.2943472862243652,0.7805047,-0.027009178,2.1573393,14.608546257019043,3.0702085494995117
Step-Separation,0.08707245904952288,Q1-INNERSKIN,2.3030285835266113,0.77851444,-0.03815681,2.1671178,14.52806568145752,144.30154418945312
Step-Separation,0.08707245904952288,Q1-OUTERSKIN,2.0533947944641113,0.6414621,0.29176083,1.9286869,14.608550071716309,116.14278411865234
Step-Separation,0.08707245904952288,Q2-CORE,4.032180309295654,1.6532416,0.02765631,-3.677568,22.055713653564453,2.592226982116699
Step-Separation,0.08707245904952288,Q2-INNERSKIN,4.032660961151123,1.6516613,0.012211107,-3.6788883,22.055274963378906,84.31975555419922
Step-Separation,0.08707245904952288,Q2-OUTERSKIN,3.8290762901306152,1.5934536,0.5381069,-3.4399378,21.766719818115234,166.62013244628906
Step-Separation,0.08907159883528948,ADAPTER,0.0,0.0,0.0,0.0,0.0,0.0
Step-Separation,0.08907159883528948,Q1-CORE,2.3100059032440186,0.7789112,-0.025972888,2.1745691,14.709152221679688,3.0723955631256104
Step-Separation,0.08907159883528948,Q1-INNERSKIN,2.318885326385498,0.7769216,-0.037082978,2.1845472,14.484366416931152,144.90750122070312
Step-Separation,0.08907159883528948,Q1-OUTERSKIN,2.069091558456421,0.63924074,0.29250073,1.9460099,14.709158897399902,115.87268829345703
Step-Separation,0.08907159883528948,Q2-CORE,4.0734992027282715,1.666197,0.030923404,-3.7170186,22.23108673095703,2.5956692695617676
Step-Separation,0.08907159883528948,Q2-INNERSKIN,4.073969841003418,1.6646184,0.015468817,-3.718338,21.680322647094727,84.21233367919922
Step-Separation,0.08907159883528948,Q2-OUTERSKIN,3.8702232837677,1.6057463,0.5421324,-3.479411,21.735061645507812,166.79843139648438
Step-Separation,0.09107073862105608,ADAPTER,0.0,0.0,0.0,0.0,0.0,0.0
Step-Separation,0.09107073862105608,Q1-CORE,2.325516939163208,0.77705,-0.024893392,2.1917124,14.559479713439941,3.0762381553649902
Step-Separation,0.09107073862105608,Q1-INNERSKIN,2.3345935344696045,0.77506685,-0.035967465,2.2018867,14.559184074401855,145.5493621826172
Step-Separation,0.09107073862105608,Q1-OUTERSKIN,2.084583282470703,0.6370231,0.29324606,1.9630833,14.398130416870117,115.6382064819336
Step-Separation,0.09107073862105608,Q2-CORE,4.112611293792725,1.6777735,0.034171164,-3.7546608,21.86638069152832,2.5962843894958496
Step-Separation,0.09107073862105608,Q2-INNERSKIN,4.113071918487549,1.6761996,0.018711235,-3.7559776,21.86794090270996,84.00044250488281
Step-Separation,0.09107073862105608,Q2-OUTERSKIN,3.90933895111084,1.61693,0.54586947,-3.5171714,21.586162567138672,166.5261993408203
Step-Separation,0.09306987840682268,ADAPTER,0.0,0.0,0.0,0.0,0.0,0.0
Step-Separation,0.09306987840682268,Q1-CORE,2.3409950733184814,0.7751904,-0.023699354,2.2087953,14.420512199401855,3.0811126232147217
Step-Separation,0.09306987840682268,Q1-INNERSKIN,2.350268840789795,0.7732108,-0.034736123,2.219167,14.397921562194824,146.11766052246094
Step-Separation,0.09306987840682268,Q1-OUTERSKIN,2.100161075592041,0.6348356,0.29408956,1.9801949,14.42011833190918,115.41860961914062
Step-Separation,0.09306987840682268,Q2-CORE,4.152105808258057,1.6896335,0.037478246,-3.792587,21.695749282836914,2.593836545944214
Step-Separation,0.09306987840682268,Q2-INNERSKIN,4.152556896209717,1.6880635,0.022011474,-3.7939014,21.538570404052734,83.85436248779297
Step-Separation,0.09306987840682268,Q2-OUTERSKIN,3.948620557785034,1.6281174,0.54976416,-3.5550807,21.504640579223633,166.29754638671875
Step-Separation,0.09506901819258928,ADAPTER,0.0,0.0,0.0,0.0,0.0,0.0
Step-Separation,0.09506901819258928,Q1-CORE,2.3562912940979004,0.77335757,-0.022630133,2.225649,14.461308479309082,3.0833375453948975
Step-Separation,0.09506901819258928,Q1-INNERSKIN,2.365762948989868,0.7713827,-0.033632394,2.2362182,14.385313034057617,146.687255859375
Step-Separation,0.09506901819258928,Q1-OUTERSKIN,2.1155853271484375,0.6324879,0.2948702,1.997176,14.461315155029297,115.1644058227539
Step-Separation,0.09506901819258928,Q2-CORE,4.192451000213623,1.7019714,0.040683363,-3.8312247,21.700849533081055,2.5961239337921143
Step-Separation,0.09506901819258928,Q2-INNERSKIN,4.192892074584961,1.7004073,0.025203738,-3.832535,21.42389488220215,83.74503326416016
Step-Separation,0.09506901819258928,Q2-OUTERSKIN,3.9889371395111084,1.6398703,0.55383635,-3.5938432,21.339025497436523,166.41160583496094
Step-Separation,0.09706815797835588,ADAPTER,0.0,0.0,0.0,0.0,0.0,0.0
Step-Separation,0.09706815797835588,Q1-CORE,2.3715481758117676,0.77133,-0.021440316,2.2425056,14.506855964660645,3.08474063873291
Step-Separation,0.09706815797835588,Q1-INNERSKIN,2.381218671798706,0.7693589,-0.032406442,2.253273,14.467782020568848,147.28118896484375
Step-Separation,0.09706815797835588,Q1-OUTERSKIN,2.130934953689575,0.6301617,0.29567704,2.0140395,14.506861686706543,114.87434387207031
Step-Separation,0.09706815797835588,Q2-CORE,4.231888294219971,1.7136357,0.044036034,-3.869159,21.39969253540039,2.5953524112701416
Step-Separation,0.09706815797835588,Q2-INNERSKIN,4.232319355010986,1.7120765,0.0285501,-3.870466,21.22059440612793,83.60892486572266
Step-Separation,0.09706815797835588,Q2-OUTERSKIN,4.028250217437744,1.65109,0.55775964,-3.6317494,21.180429458618164,166.17822265625
Step-Separation,0.09906729776412249,ADAPTER,0.0,0.0,0.0,0.0,0.0,0.0
Step-Separation,0.09906729776412249,Q1-CORE,2.386906862258911,0.7692963,-0.020469107,2.2594445,14.389883041381836,3.088301181793213
Step-Separation,0.09906729776412249,Q1-INNERSKIN,2.3967769145965576,0.7673311,-0.03140134,2.2704089,14.314916610717773,147.77854919433594
Step-Separation,0.09906729776412249,Q1-OUTERSKIN,2.1463959217071533,0.6277293,0.29637772,2.0310419,14.389888763427734,114.59689331054688
Step-Separation,0.09906729776412249,Q2-CORE,4.271750450134277,1.7255063,0.04721203,-3.907461,21.262975692749023,2.596421003341675
Step-Separation,0.09906729776412249,Q2-INNERSKIN,4.272172451019287,1.723952,0.031714965,-3.9087646,21.155921936035156,83.55070495605469
Step-Separation,0.09906729776412249,Q2-OUTERSKIN,4.068061351776123,1.6623831,0.5616485,-3.6701713,20.97873878479004,166.24050903320312
Step-Separation,0.10106643754988909,ADAPTER,0.0,0.0,0.0,0.0,0.0,0.0
Step-Separation,0.10106643754988909,Q1-CORE,2.402407169342041,0.7673397,-0.019486114,2.276482,14.350706100463867,3.091353178024292
Step-Separation,0.10106643754988909,Q1-INNERSKIN,2.412475824356079,0.76537967,-0.0303828,2.287643,14.281193733215332,148.31600952148438
Step-Separation,0.10106643754988909,Q1-OUTERSKIN,2.1619620323181152,0.6253478,0.29704627,2.0481172,14.350711822509766,114.29954528808594
Step-Separation,0.10106643754988909,Q2-CORE,4.312272548675537,1.7377739,0.050382134,-3.9463017,21.06591796875,2.5970585346221924
Step-Separation,0.10106643754988909,Q2-INNERSKIN,4.312685489654541,1.7362238,0.03487463,-3.9476025,21.0284481048584,83.61609649658203
Step-Separation,0.10106643754988909,Q2-OUTERSKIN,4.108386516571045,1.6739866,0.56557006,-3.7090082,20.965755462646484,166.44515991210938
Step-Separation,0.10306557733565569,ADAPTER,0.0,0.0,0.0,0.0,0.0,0.0
Step-Separation,0.10306557733565569,Q1-CORE,2.417848825454712,0.76524556,-0.018565066,2.2934794,14.373066902160645,3.0945844650268555
Step-Separation,0.10306557733565569,Q1-INNERSKIN,2.4281158447265625,0.76329416,-0.029428333,2.3048346,14.21967887878418,148.88668823242188
Step-Separation,0.10306557733565569,Q1-OUTERSKIN,2.177549362182617,0.62298614,0.29777536,2.065173,14.37307357788086,114.02751922607422
Step-Separation,0.10306557733565569,Q2-CORE,4.351193428039551,1.7490077,0.053566035,-3.9838405,21.398151397705078,2.5976181030273438
Step-Separation,0.10306557733565569,Q2-INNERSKIN,4.351596832275391,1.7474627,0.038049486,-3.9851375,21.052839279174805,83.51093292236328
Step-Separation,0.10306557733565569,Q2-OUTERSKIN,4.147278785705566,1.6848264,0.5693705,-3.7466114,20.963022232055664,166.38624572753906
Step-Separation,0.10506471712142229,ADAPTER,0.0,0.0,0.0,0.0,0.0,0.0
Step-Separation,0.10506471712142229,Q1-CORE,2.4335739612579346,0.7634956,-0.017666608,2.3106372,14.39879322052002,3.097302198410034
Step-Separation,0.10506471712142229,Q1-INNERSKIN,2.4440407752990723,0.761548,-0.028495012,2.3221903,14.257205963134766,149.47341918945312
Step-Separation,0.10506471712142229,Q1-OUTERSKIN,2.1933741569519043,0.62080616,0.29850924,2.0823982,14.398794174194336,113.77998352050781
Step-Separation,0.10506471712142229,Q2-CORE,4.389554977416992,1.7601435,0.056744177,-4.0208044,21.441450119018555,2.5979115962982178
Step-Separation,0.10506471712142229,Q2-INNERSKIN,4.389949321746826,1.7586033,0.041221824,-4.0220976,21.09545135498047,83.43550109863281
Step-Separation,0.10506471712142229,Q2-OUTERSKIN,4.185605049133301,1.6954167,0.57309633,-3.7837033,21.052461624145508,166.33787536621094
Step-Separation,0.10706385690718889,ADAPTER,0.0,0.0,0.0,0.0,0.0,0.0
Step-Separation,0.10706385690718889,Q1-CORE,2.4491426944732666,0.76160437,-0.016800258,2.3276546,14.414595603942871,3.1007397174835205
Step-Separation,0.10706385690718889,Q1-INNERSKIN,2.459808826446533,0.7596625,-0.027596164,2.3394039,14.264904975891113,150.04396057128906
Step-Separation,0.10706385690718889,Q1-OUTERSKIN,2.209102153778076,0.61849195,0.2992298,2.0995386,14.414603233337402,113.71671295166016
Step-Separation,0.10706385690718889,Q2-CORE,4.42835807800293,1.7714268,0.059820127,-4.05818,21.037424087524414,2.599928379058838
Step-Separation,0.10706385690718889,Q2-INNERSKIN,4.428743839263916,1.7698933,0.04428618,-4.059469,20.876728057861328,83.35010528564453
Step-Separation,0.10706385690718889,Q2-OUTERSKIN,4.224190711975098,1.7059798,0.57695365,-3.821066,20.836673736572266,166.443603515625
Step-Separation,0.1090629966929555,ADAPTER,0.0,0.0,0.0,0.0,0.0,0.0
Step-Separation,0.1090629966929555,Q1-CORE,2.464901924133301,0.75975335,-0.015891839,2.3448377,14.357133865356445,3.103070020675659
Step-Separation,0.1090629966929555,Q1-INNERSKIN,2.4757678508758545,0.7578165,-0.026653301,2.3567839,14.29946517944336,150.6329345703125
Step-Separation,0.1090629966929555,Q1-OUTERSKIN,2.224853277206421,0.61623514,0.29997993,2.1166575,14.357137680053711,113.71251678466797
Step-Separation,0.1090629966929555,Q2-CORE,4.465806007385254,1.7817767,0.06299429,-4.0944753,20.96272087097168,2.5991899967193604
Step-Separation,0.1090629966929555,Q2-INNERSKIN,4.466183185577393,1.7802484,0.04745541,-4.095761,20.96293067932129,83.19696807861328
Step-Separation,0.1090629966929555,Q2-OUTERSKIN,4.261593341827393,1.7158709,0.58064914,-3.8574357,20.66933822631836,166.3052978515625
Step-Separation,0.1110621364787221,ADAPTER,0.0,0.0,0.0,0.0,0.0,0.0
Step-Separation,0.1110621364787221,Q1-CORE,2.480494737625122,0.75789595,-0.015057847,2.3618257,14.439183235168457,3.1067721843719482
Step-Separation,0.1110621364787221,Q1-INNERSKIN,2.491560220718384,0.7559654,-0.025785185,2.373968,14.35462474822998,151.2142791748047
Step-Separation,0.1110621364787221,Q1-OUTERSKIN,2.2405757904052734,0.6139493,0.30062672,2.1337454,14.439184188842773,113.67577362060547
Step-Separation,0.1110621364787221,Q2-CORE,4.503554344177246,1.7923781,0.066090435,-4.1309824,20.674869537353516,2.599047899246216
Step-Separation,0.1110621364787221,Q2-INNERSKIN,4.503923416137695,1.7908553,0.05054458,-4.1322646,20.60724639892578,83.08427429199219
Step-Separation,0.1110621364787221,Q2-OUTERSKIN,4.29923677444458,1.7258356,0.5843209,-3.894034,20.577407836914062,166.27256774902344
Step-Separation,0.1130612762644887,ADAPTER,0.0,0.0,0.0,0.0,0.0,0.0
Step-Separation,0.1130612762644887,Q1-CORE,2.4961445331573486,0.75608873,-0.014198098,2.378837,14.552623748779297,3.109691858291626
Step-Separation,0.1130612762644887,Q1-INNERSKIN,2.5074105262756348,0.7541637,-0.024892494,2.3911765,14.551271438598633,151.8168182373047
Step-Separation,0.1130612762644887,Q1-OUTERSKIN,2.2563412189483643,0.61174124,0.30129656,2.1508298,14.55262279510498,113.64012908935547
Step-Separation,0.1130612762644887,Q2-CORE,4.541940212249756,1.8032743,0.06909491,-4.168051,20.571853637695312,2.6008620262145996
Step-Separation,0.1130612762644887,Q2-INNERSKIN,4.542301654815674,1.801757,0.053539265,-4.1693296,20.254507064819336,83.03539276123047
Step-Separation,0.1130612762644887,Q2-OUTERSKIN,4.337469100952148,1.736126,0.5880549,-3.931119,20.202919006347656,166.3220672607422
Step-Separation,0.1150604160502553,ADAPTER,0.0,0.0,0.0,0.0,0.0,0.0
Step-Separation,0.1150604160502553,Q1-CORE,2.5116689205169678,0.7540978,-0.013249364,2.3957548,14.533123016357422,3.1135623455047607
Step-Separation,0.1150604160502553,Q1-INNERSKIN,2.523134469985962,0.75217843,-0.023909453,2.4082906,14.466967582702637,152.39149475097656
Step-Separation,0.1150604160502553,Q1-OUTERSKIN,2.2720093727111816,0.6094438,0.30204228,2.1678042,14.533124923706055,113.58610534667969
Step-Separation,0.1150604160502553,Q2-CORE,4.579398155212402,1.8135756,0.072234794,-4.204356,20.18471908569336,2.600889205932617
Step-Separation,0.1150604160502553,Q2-INNERSKIN,4.579751968383789,1.8120638,0.05667333,-4.205632,20.151052474975586,82.95939636230469
Step-Separation,0.1150604160502553,Q2-OUTERSKIN,4.374855041503906,1.7459028,0.5916979,-3.967502,20.087461471557617,166.25949096679688
Step-Separation,0.1170595558360219,ADAPTER,0.0,0.0,0.0,0.0,0.0,0.0
Step-Separation,0.1170595558360219,Q1-CORE,2.5271880626678467,0.7521621,-0.0123207085,2.4126294,14.556856155395508,3.1156530380249023
Step-Separation,0.1170595558360219,Q1-INNERSKIN,2.538853645324707,0.750249,-0.022946388,2.4253614,14.489304542541504,152.9503631591797
Step-Separation,0.1170595558360219,Q1-OUTERSKIN,2.2876088619232178,0.60709953,0.3027693,2.1847003,14.55665111541748,113.5560302734375
Step-Separation,0.1170595558360219,Q2-CORE,4.616861343383789,1.8238719,0.07532892,-4.240663,20.313034057617188,2.600719928741455
Step-Separation,0.1170595558360219,Q2-INNERSKIN,4.61720609664917,1.8223671,0.059759837,-4.2419333,20.100671768188477,82.85763549804688
Step-Separation,0.1170595558360219,Q2-OUTERSKIN,4.412235260009766,1.7555956,0.59536475,-4.003904,20.089235305786133,166.2490997314453
Step-Separation,0.1190586956217885,ADAPTER,0.0,0.0,0.0,0.0,0.0,0.0
Step-Separation,0.1190586956217885,Q1-CORE,2.5426039695739746,0.7501286,-0.011390362,2.4294057,14.612486839294434,3.1190097332000732
Step-Separation,0.1190586956217885,Q1-INNERSKIN,2.5544705390930176,0.7482214,-0.021982156,2.4423351,14.549500465393066,153.52764892578125
Step-Separation,0.1190586956217885,Q1-OUTERSKIN,2.3031444549560547,0.6046775,0.30351985,2.2015257,14.612485885620117,113.50359344482422
Step-Separation,0.1190586956217885,Q2-CORE,4.654364585876465,1.8341053,0.07837182,-4.2770348,20.318899154663086,2.6015450954437256
Step-Separation,0.1190586956217885,Q2-INNERSKIN,4.654702186584473,1.832605,0.06279534,-4.278302,20.055953979492188,82.75511932373047
Step-Separation,0.1190586956217885,Q2-OUTERSKIN,4.449582099914551,1.765267,0.59902674,-4.04027,19.947145462036133,166.3139190673828
Step-Separation,0.1210578354075551,ADAPTER,0.0,0.0,0.0,0.0,0.0,0.0
Step-Separation,0.1210578354075551,Q1-CORE,2.558074474334717,0.7480969,-0.010459088,2.446219,14.604305267333984,3.125701665878296
Step-Separation,0.1210578354075551,Q1-INNERSKIN,2.570141315460205,0.7461961,-0.021017056,2.4593446,14.59662914276123,154.09408569335938
Step-Separation,0.1210578354075551,Q1-OUTERSKIN,2.318694829940796,0.6022384,0.30427802,2.2183485,14.604304313659668,113.47176361083984
Step-Separation,0.1210578354075551,Q2-CORE,4.691193103790283,1.8439107,0.08143382,-4.3128476,19.98469352722168,2.6010138988494873
Step-Separation,0.1210578354075551,Q2-INNERSKIN,4.691525459289551,1.8424164,0.06585191,-4.3141136,19.984880447387695,82.6609878540039
Step-Separation,0.1210578354075551,Q2-OUTERSKIN,4.486265659332275,1.7744987,0.602572,-4.076106,19.774662017822266,166.21542358398438
Step-Separation,0.1230569751933217,ADAPTER,0.0,0.0,0.0,0.0,0.0,0.0
Step-Separation,0.1230569751933217,Q1-CORE,2.573486804962158,0.74606305,-0.009536859,2.4629521,14.612804412841797,3.1353321075439453
Step-Separation,0.1230569751933217,Q1-INNERSKIN,2.585754871368408,0.744168,-0.02006039,2.4762754,14.582685470581055,154.6550750732422
Step-Separation,0.1230569751933217,Q1-OUTERSKIN,2.334247350692749,0.5997898,0.30502862,2.2351556,14.612804412841797,113.4142837524414
Step-Separation,0.1230569751933217,Q2-CORE,4.727996826171875,1.8537235,0.084473595,-4.3486238,19.998226165771484,2.602163791656494
Step-Separation,0.1230569751933217,Q2-INNERSKIN,4.728321075439453,1.8522339,0.06888436,-4.349886,19.802799224853516,82.54966735839844
Step-Separation,0.1230569751933217,Q2-OUTERSKIN,4.522967338562012,1.7836883,0.6061769,-4.111963,19.82597541809082,166.1809539794922
Step-Separation,0.1250561149790883,ADAPTER,0.0,0.0,0.0,0.0,0.0,0.0
Step-Separation,0.1250561149790883,Q1-CORE,2.5888783931732178,0.743977,-0.008620568,2.4796603,14.597245216369629,3.145648717880249
Step-Separation,0.1250561149790883,Q1-INNERSKIN,2.6013481616973877,0.74208736,-0.019110888,2.4931815,14.529727935791016,155.22850036621094
Step-Separation,0.1250561149790883,Q1-OUTERSKIN,2.3498048782348633,0.5973476,0.3057778,2.2519455,14.59673023223877,113.35499572753906
Step-Separation,0.1250561149790883,Q2-CORE,4.764529228210449,1.8633003,0.08751485,-4.384198,19.8664493560791,2.6027684211730957
Step-Separation,0.1250561149790883,Q2-INNERSKIN,4.764846324920654,1.8618171,0.07191837,-4.385456,19.833484649658203,82.46685791015625
Step-Separation,0.1250561149790883,Q2-OUTERSKIN,4.5594072341918945,1.792709,0.60974336,-4.147602,19.671117782592773,166.16734313964844
Step-Separation,0.1270552547648549,ADAPTER,0.0,0.0,0.0,0.0,0.0,0.0
Step-Separation,0.1270552547648549,Q1-CORE,2.604308843612671,0.74185944,-0.0077173337,2.4963994,14.67885971069336,3.1556835174560547
Step-Separation,0.1270552547648549,Q1-INNERSKIN,2.6169793605804443,0.7399753,-0.018173948,2.510117,14.57062816619873,155.79562377929688
Step-Separation,0.1270552547648549,Q1-OUTERSKIN,2.365370512008667,0.594923,0.30650905,2.2687213,14.678854942321777,113.30906677246094
Step-Separation,0.1270552547648549,Q2-CORE,4.800740718841553,1.8726295,0.09054093,-4.419522,19.715505599975586,2.6023335456848145
Step-Separation,0.1270552547648549,Q2-INNERSKIN,4.801050662994385,1.8711512,0.07493812,-4.4207764,19.715524673461914,82.34182739257812
Step-Separation,0.1270552547648549,Q2-OUTERSKIN,4.595516681671143,1.801529,0.6132658,-4.182962,19.557804107666016,166.06211853027344
Step-Separation,0.1290543945506215,ADAPTER,0.0,0.0,0.0,0.0,0.0,0.0
Step-Separation,0.1290543945506215,Q1-CORE,2.6197376251220703,0.7397678,-0.0068143755,2.5131102,14.714546203613281,3.1660985946655273
Step-Separation,0.1290543945506215,Q1-INNERSKIN,2.6326088905334473,0.7378893,-0.017238148,2.5270243,14.621700286865234,156.349365234375
Step-Separation,0.1290543945506215,Q1-OUTERSKIN,2.380953311920166,0.59247726,0.30726126,2.2854977,14.714543342590332,113.25869750976562
Step-Separation,0.1290543945506215,Q2-CORE,4.836970806121826,1.8819581,0.09352431,-4.4548593,19.673181533813477,2.6030282974243164
Step-Separation,0.1290543945506215,Q2-INNERSKIN,4.837273597717285,1.8804852,0.0779147,-4.4561105,19.570085525512695,82.24919128417969
Step-Separation,0.1290543945506215,Q2-OUTERSKIN,4.631699562072754,1.8103417,0.61677456,-4.2183995,19.522619247436523,166.03370666503906
Step-Separation,0.1310535417869687,ADAPTER,0.0,0.0,0.0,0.0,0.0,0.0
Step-Separation,0.1310535417869687,Q1-CORE,2.635284900665283,0.737736,-0.0059501603,2.5299084,14.74571704864502,3.1760919094085693
Step-Separation,0.1310535417869687,Q1-INNERSKIN,2.648357391357422,0.73586303,-0.016340554,2.5440195,14.718923568725586,156.8935089111328
Step-Separation,0.1310535417869687,Q1-OUTERSKIN,2.396610975265503,0.5900644,0.30799815,2.302326,14.745712280273438,113.24189758300781
Step-Separation,0.1310535417869687,Q2-CORE,4.873227596282959,1.8912417,0.09651445,-4.490238,19.47313690185547,2.603454351425171
Step-Separation,0.1310535417869687,Q2-INNERSKIN,4.873523235321045,1.889774,0.080898196,-4.491485,19.404373168945312,82.18180084228516
Step-Separation,0.1310535417869687,Q2-OUTERSKIN,4.667806148529053,1.8190746,0.6203129,-4.253774,19.418766021728516,166.0275421142578
Step-Separation,0.1330526815727353,ADAPTER,0.0,0.0,0.0,0.0,0.0,0.0
Step-Separation,0.1330526815727353,Q1-CORE,2.6507811546325684,0.73566574,-0.005085066,2.546647,14.656128883361816,3.1857059001922607
Step-Separation,0.1330526815727353,Q1-INNERSKIN,2.664055347442627,0.73379904,-0.015442513,2.560955,14.633401870727539,157.44532775878906
Step-Separation,0.1330526815727353,Q1-OUTERSKIN,2.4122474193573,0.58763254,0.30873317,2.3191183,14.656126022338867,113.19966888427734
Step-Separation,0.1330526815727353,Q2-CORE,4.9091644287109375,1.9003065,0.09951374,-4.525354,19.4351749420166,2.6037890911102295
Step-Separation,0.1330526815727353,Q2-INNERSKIN,4.909451961517334,1.8988435,0.08389118,-4.5265965,19.36019515991211,82.10199737548828
Step-Separation,0.1330526815727353,Q2-OUTERSKIN,4.703686714172363,1.827646,0.62382853,-4.2889647,19.3358097076416,165.97898864746094
Step-Separation,0.1350518213585019,ADAPTER,0.0,0.0,0.0,0.0,0.0,0.0
Step-Separation,0.1350518213585019,Q1-CORE,2.666299819946289,0.7336425,-0.004216589,2.5633779,14.716007232666016,3.1961209774017334
Step-Separation,0.1350518213585019,Q1-INNERSKIN,2.6797752380371094,0.73178136,-0.014540829,2.5778828,14.646800994873047,158.01161193847656
Step-Separation,0.1350518213585019,Q1-OUTERSKIN,2.427903175354004,0.58522224,0.30948398,2.3359041,14.7160005569458,113.15571594238281
Step-Separation,0.1350518213585019,Q2-CORE,4.945120334625244,1.9093798,0.10249823,-4.56048,19.35959243774414,2.604048013687134
Step-Separation,0.1350518213585019,Q2-INNERSKIN,4.945401668548584,1.9079218,0.0868693,-4.5617194,19.347442626953125,82.00633239746094
Step-Separation,0.1350518213585019,Q2-OUTERSKIN,4.7395405769348145,1.8361441,0.6273555,-4.3241467,19.29806900024414,165.95411682128906
Step-Separation,0.1370509611442685,ADAPTER,0.0,0.0,0.0,0.0,0.0,0.0
Step-Separation,0.1370509611442685,Q1-CORE,2.6817784309387207,0.73158056,-0.003342852,2.580061,14.687617301940918,3.206789255142212
Step-Separation,0.1370509611442685,Q1-INNERSKIN,2.6954548358917236,0.7297256,-0.013634343,2.5947623,14.661498069763184,158.57154846191406
Step-Separation,0.1370509611442685,Q1-OUTERSKIN,2.443540334701538,0.58279896,0.31024334,2.3526547,14.687376976013184,113.11016082763672
Step-Separation,0.1370509611442685,Q2-CORE,4.980875492095947,1.9182838,0.10546066,-4.595453,19.29794692993164,2.6045548915863037
Step-Separation,0.1370509611442685,Q2-INNERSKIN,4.981150150299072,1.9168317,0.08982527,-4.5966887,19.204261779785156,81.91637420654297
Step-Separation,0.1370509611442685,Q2-OUTERSKIN,4.775201320648193,1.8445123,0.6308516,-4.359168,19.199941635131836,165.94027709960938
Step-Separation,0.13905010093003511,ADAPTER,0.0,0.0,0.0,0.0,0.0,0.0
Step-Separation,0.13905010093003511,Q1-CORE,2.6973040103912354,0.7295392,-0.0024732426,2.59677,14.717443466186523,3.216974973678589
Step-Separation,0.13905010093003511,Q1-INNERSKIN,2.711181879043579,0.7276899,-0.012731314,2.6116686,14.693076133728027,159.1348114013672
Step-Separation,0.13905010093003511,Q1-OUTERSKIN,2.45917010307312,0.5803529,0.31099054,2.3693867,14.717288970947266,113.086669921875
Step-Separation,0.13905010093003511,Q2-CORE,5.016440391540527,1.9270171,0.108422875,-4.6302834,19.253095626831055,2.604661464691162
Step-Separation,0.13905010093003511,Q2-INNERSKIN,5.016709327697754,1.9255698,0.09278163,-4.6315165,19.169994354248047,81.83401489257812
Step-Separation,0.13905010093003511,Q2-OUTERSKIN,4.8106513023376465,1.8527304,0.6343145,-4.3940187,19.158105850219727,165.88995361328125
Step-Separation,0.14104924071580172,ADAPTER,0.0,0.0,0.0,0.0,0.0,0.0
Step-Separation,0.14104924071580172,Q1-CORE,2.712789535522461,0.7274776,-0.0016098991,2.6134272,14.716622352600098,3.2269444465637207
Step-Separation,0.14104924071580172,Q1-INNERSKIN,2.7268693447113037,0.7256346,-0.011835299,2.6285224,14.656892776489258,159.69284057617188
Step-Separation,0.14104924071580172,Q1-OUTERSKIN,2.4748058319091797,0.5779279,0.311741,2.3861015,14.7166166305542,113.0599136352539
Step-Separation,0.14104924071580172,Q2-CORE,5.051962852478027,1.9357018,0.111359775,-4.6650815,19.16370964050293,2.60477614402771
Step-Separation,0.14104924071580172,Q2-INNERSKIN,5.052227020263672,1.9342589,0.09571208,-4.666313,19.159908294677734,81.74520874023438
Step-Separation,0.14104924071580172,Q2-OUTERSKIN,4.846102237701416,1.8609185,0.63777953,-4.428874,19.114290237426758,165.85694885253906
Step-Separation,0.14304838050156832,ADAPTER,0.0,0.0,0.0,0.0,0.0,0.0
Step-Separation,0.14304838050156832,Q1-CORE,2.7282731533050537,0.72540814,-0.00074150413,2.6300678,14.811172485351562,3.237015724182129
Step-Separation,0.14304838050156832,Q1-INNERSKIN,2.7425537109375,0.7235712,-0.010934129,2.6453593,14.728168487548828,160.2513885498047
Step-Separation,0.14304838050156832,Q1-OUTERSKIN,2.490441083908081,0.5754962,0.31249383,2.4028,14.811163902282715,113.0216064453125
Step-Separation,0.14304838050156832,Q2-CORE,5.087341785430908,1.9442792,0.11429994,-4.699762,19.112207412719727,2.6056137084960938
Step-Separation,0.14304838050156832,Q2-INNERSKIN,5.087600231170654,1.942841,0.09864597,-4.7009907,19.047700881958008,81.6782455444336
Step-Separation,0.14304838050156832,Q2-OUTERSKIN,4.881404399871826,1.8689865,0.6412297,-4.463611,19.041671752929688,165.8404083251953
Step-Separation,0.14504752028733492,ADAPTER,0.0,0.0,0.0,0.0,0.0,0.0
Step-Separation,0.14504752028733492,Q1-CORE,2.743736505508423,0.7233208,0.0001289174,2.6466765,14.780122756958008,3.247244358062744
Step-Separation,0.14504752028733492,Q1-INNERSKIN,2.75821852684021,0.7214902,-0.010030977,2.6621647,14.738150596618652,160.79403686523438
Step-Separation,0.14504752028733492,Q1-OUTERSKIN,2.506063938140869,0.5730604,0.31325763,2.4194686,14.780117988586426,112.98027801513672
Step-Separation,0.14504752028733492,Q2-CORE,5.12256383895874,1.9527375,0.11723137,-4.7343144,19.02613639831543,2.6059417724609375
Step-Separation,0.14504752028733492,Q2-INNERSKIN,5.12281608581543,1.9513042,0.1015711,-4.73554,18.989625930786133,81.60523223876953
Step-Separation,0.14504752028733492,Q2-OUTERSKIN,4.9165544509887695,1.8769363,0.6446742,-4.4982233,18.990936279296875,165.7968292236328
Step-Separation,0.14704666007310152,ADAPTER,0.0,0.0,0.0,0.0,0.0,0.0
Step-Separation,0.14704666007310152,Q1-CORE,2.7591936588287354,0.72121394,0.0009870455,2.6632686,14.745390892028809,3.2572667598724365
Step-Separation,0.14704666007310152,Q1-INNERSKIN,2.7738776206970215,0.7193898,-0.009140201,2.6789534,14.690988540649414,161.34970092773438
Step-Separation,0.14704666007310152,Q1-OUTERSKIN,2.5216548442840576,0.5706224,0.31401908,2.436088,14.744874000549316,112.93035888671875
Step-Separation,0.14704666007310152,Q2-CORE,5.157717227935791,1.9611096,0.12015168,-4.7688217,19.014450073242188,2.6059682369232178
Step-Separation,0.14704666007310152,Q2-INNERSKIN,5.157961845397949,1.9596812,0.10448514,-4.7700424,18.971019744873047,81.52372741699219
Step-Separation,0.14704666007310152,Q2-OUTERSKIN,4.951645851135254,1.8848349,0.6481054,-4.532787,18.92886734008789,165.77781677246094
Step-Separation,0.14904579985886812,ADAPTER,0.0,0.0,0.0,0.0,0.0,0.0
Step-Separation,0.14904579985886812,Q1-CORE,2.7746450901031494,0.71911806,0.0018378869,2.679836,14.76055908203125,3.2672274112701416
Step-Separation,0.14904579985886812,Q1-INNERSKIN,2.7895309925079346,0.7173001,-0.008257106,2.695718,14.71298599243164,161.89276123046875
Step-Separation,0.14904579985886812,Q1-OUTERSKIN,2.5372519493103027,0.5681815,0.31477642,2.452699,14.760008811950684,112.9037094116211
Step-Separation,0.14904579985886812,Q2-CORE,5.192789077758789,1.969397,0.12305263,-4.803269,18.960895538330078,2.6062850952148438
Step-Separation,0.14904579985886812,Q2-INNERSKIN,5.193028926849365,1.9679731,0.10737988,-4.8044877,18.86790657043457,81.45568084716797
Step-Separation,0.14904579985886812,Q2-OUTERSKIN,4.986621856689453,1.8926322,0.6515212,-4.56726,18.86445426940918,165.7627716064453
Step-Separation,0.15104493964463472,ADAPTER,0.0,0.0,0.0,0.0,0.0,0.0
Step-Separation,0.15104493964463472,Q1-CORE,2.7900888919830322,0.71704984,0.002688773,2.6963732,14.75634479522705,3.2769739627838135
Step-Separation,0.15104493964463472,Q1-INNERSKIN,2.805176019668579,0.7152384,-0.0073737428,2.7124512,14.707703590393066,162.45152282714844
Step-Separation,0.15104493964463472,Q1-OUTERSKIN,2.552854061126709,0.5657183,0.31553042,2.469305,14.756293296813965,112.8735122680664
Step-Separation,0.15104493964463472,Q2-CORE,5.227668762207031,1.9775708,0.12595218,-4.8375483,18.88444709777832,2.6065568923950195
Step-Separation,0.15104493964463472,Q2-INNERSKIN,5.227903842926025,1.9761521,0.11027357,-4.838764,18.798799514770508,81.38610076904297
Step-Separation,0.15104493964463472,Q2-OUTERSKIN,5.021422863006592,1.9002895,0.65491414,-4.601595,18.798574447631836,165.73097229003906
Step-Separation,0.15304407943040133,ADAPTER,0.0,0.0,0.0,0.0,0.0,0.0
Step-Separation,0.15304407943040133,Q1-CORE,2.8055191040039062,0.71498054,0.0035320967,2.7128818,14.7806396484375,3.286972761154175
Step-Separation,0.15304407943040133,Q1-INNERSKIN,2.820807933807373,0.7131752,-0.0064981133,2.7291567,14.700003623962402,163.00367736816406
Step-Separation,0.15304407943040133,Q1-OUTERSKIN,2.5684635639190674,0.5632697,0.3162779,2.4859004,14.780628204345703,112.84611511230469
Step-Separation,0.15304407943040133,Q2-CORE,5.262460708618164,1.9856695,0.12883455,-4.8717566,18.863426208496094,2.6069416999816895
Step-Separation,0.15304407943040133,Q2-INNERSKIN,5.262689590454102,1.9842551,0.113149896,-4.8729696,18.800355911254883,81.30757141113281
Step-Separation,0.15304407943040133,Q2-OUTERSKIN,5.056158542633057,1.9078858,0.65830445,-4.6358757,18.765222549438477,165.71511840820312
Step-Separation,0.15504321921616793,ADAPTER,0.0,0.0,0.0,0.0,0.0,0.0
Step-Separation,0.15504321921616793,Q1-CORE,2.8209657669067383,0.7128738,0.0043645874,2.7294028,14.803070068359375,3.297119379043579
Step-Separation,0.15504321921616793,Q1-INNERSKIN,2.836456775665283,0.71107453,-0.005633272,2.7458746,14.725455284118652,163.5703582763672
Step-Separation,0.15504321921616793,Q1-OUTERSKIN,2.5840413570404053,0.560841,0.31702095,2.5024438,14.803058624267578,112.80765533447266
Step-Separation,0.15504321921616793,Q2-CORE,5.297094345092773,1.9936265,0.13171646,-4.9058447,18.765382766723633,2.6072866916656494
Step-Separation,0.15504321921616793,Q2-INNERSKIN,5.297317028045654,1.992217,0.11602586,-4.9070535,18.765417098999023,81.23353576660156
Step-Separation,0.15504321921616793,Q2-OUTERSKIN,5.0907158851623535,1.9153758,0.66166884,-4.670002,18.70144271850586,165.68943786621094
Step-Separation,0.15704235900193453,ADAPTER,0.0,0.0,0.0,0.0,0.0,0.0
Step-Separation,0.15704235900193453,Q1-CORE,2.83640193939209,0.7107645,0.00519979,2.7458992,14.824522972106934,3.3072617053985596
Step-Separation,0.15704235900193453,Q1-INNERSKIN,2.852095127105713,0.7089716,-0.004765868,2.7625682,14.766047477722168,164.0996551513672
Step-Separation,0.15704235900193453,Q1-OUTERSKIN,2.599613904953003,0.55840194,0.31777284,2.518968,14.824512481689453,112.76943969726562
Step-Separation,0.15704235900193453,Q2-CORE,5.331605911254883,2.0014832,0.13458952,-4.939835,18.716154098510742,2.6075315475463867
Step-Separation,0.15704235900193453,Q2-INNERSKIN,5.331823825836182,2.0000782,0.11889329,-4.941042,18.64059066772461,81.1642837524414
Step-Separation,0.15704235900193453,Q2-OUTERSKIN,5.125126838684082,1.9227515,0.66502815,-4.7040076,18.640562057495117,165.66424560546875
Step-Separation,0.15904149878770113,ADAPTER,0.0,0.0,0.0,0.0,0.0,0.0
Step-Separation,0.15904149878770113,Q1-CORE,2.851807117462158,0.708697,0.006028749,2.7623389,14.786576271057129,3.3169727325439453
Step-Separation,0.15904149878770113,Q1-INNERSKIN,2.8677024841308594,0.7069108,-0.0039052144,2.7792048,14.71622085571289,164.66000366210938
Step-Separation,0.15904149878770113,Q1-OUTERSKIN,2.6151983737945557,0.5559442,0.31853738,2.5354924,14.786565780639648,112.7442626953125
Step-Separation,0.15904149878770113,Q2-CORE,5.3660478591918945,2.0093029,0.13744718,-4.973759,18.64938735961914,2.607853651046753
Step-Separation,0.15904149878770113,Q2-INNERSKIN,5.366260051727295,2.0079024,0.12174494,-4.9749627,18.607770919799805,81.09599304199219
Step-Separation,0.15904149878770113,Q2-OUTERSKIN,5.159511566162109,1.9300646,0.6683809,-4.7380037,18.601032257080078,165.6459197998047
Step-Separation,0.16104063857346773,ADAPTER,0.0,0.0,0.0,0.0,0.0,0.0
Step-Separation,0.16104063857346773,Q1-CORE,2.8672266006469727,0.7066385,0.006849058,2.7787774,14.741806030273438,3.3267951011657715
Step-Separation,0.16104063857346773,Q1-INNERSKIN,2.883324146270752,0.7048592,-0.0030528381,2.7958403,14.6657075881958,165.21348571777344
Step-Separation,0.16104063857346773,Q1-OUTERSKIN,2.6307778358459473,0.55349404,0.31930164,2.551996,14.74179458618164,112.7225570678711
Step-Separation,0.16104063857346773,Q2-CORE,5.400356769561768,2.017016,0.14029637,-5.007576,18.558937072753906,2.6080822944641113
Step-Separation,0.16104063857346773,Q2-INNERSKIN,5.400563716888428,2.0156202,0.12458847,-5.0087767,18.55862045288086,81.02959442138672
Step-Separation,0.16104063857346773,Q2-OUTERSKIN,5.193749904632568,1.9372749,0.67172205,-4.7718754,18.52812957763672,165.62123107910156
Step-Separation,0.16303977835923433,ADAPTER,0.0,0.0,0.0,0.0,0.0,0.0
Step-Separation,0.16303977835923433,Q1-CORE,2.882652521133423,0.7045304,0.0076696128,2.7952216,14.737061500549316,3.336433172225952
Step-Separation,0.16303977835923433,Q1-INNERSKIN,2.8989524841308594,0.7027584,-0.0021998286,2.8124814,14.689737319946289,165.76681518554688
Step-Separation,0.16303977835923433,Q1-OUTERSKIN,2.6463353633880615,0.55106264,0.32005602,2.5684597,14.737049102783203,112.69110107421875
Step-Separation,0.16303977835923433,Q2-CORE,5.434531211853027,2.0245893,0.14315277,-5.041297,18.575342178344727,2.6084213256835938
Step-Separation,0.16303977835923433,Q2-INNERSKIN,5.434732913970947,2.0231981,0.12743923,-5.0424943,18.491519927978516,80.96368408203125
Step-Separation,0.16303977835923433,Q2-OUTERSKIN,5.2278594970703125,1.9444149,0.6750555,-4.8056283,18.50290298461914,165.59677124023438
Step-Separation,0.16503891814500093,ADAPTER,0.0,0.0,0.0,0.0,0.0,0.0
Step-Separation,0.16503891814500093,Q1-CORE,2.8980324268341064,0.7024124,0.008496441,2.8116076,14.80272388458252,3.3463616371154785
Step-Separation,0.16503891814500093,Q1-INNERSKIN,2.914534568786621,0.7006476,-0.0013404861,2.829064,14.723133087158203,166.307861328125
Step-Separation,0.16503891814500093,Q1-OUTERSKIN,2.661871910095215,0.5486236,0.32081497,2.5848892,14.802708625793457,112.6506576538086
Step-Separation,0.16503891814500093,Q2-CORE,5.468624114990234,2.032097,0.1459986,-5.0749497,18.485441207885742,2.6086411476135254
Step-Separation,0.16503891814500093,Q2-INNERSKIN,5.468820571899414,2.0307105,0.13027933,-5.076144,18.470848083496094,80.89187622070312
Step-Separation,0.16503891814500093,Q2-OUTERSKIN,5.2618865966796875,1.9514799,0.6783815,-4.839316,18.427656173706055,165.5760498046875
Step-Separation,0.16703805793076754,ADAPTER,0.0,0.0,0.0,0.0,0.0,0.0
Step-Separation,0.16703805793076754,Q1-CORE,2.9133853912353516,0.7003206,0.0093199015,2.827946,14.779272079467773,3.356235980987549
Step-Separation,0.16703805793076754,Q1-INNERSKIN,2.9300882816314697,0.69856316,-0.00048532337,2.8455977,14.722552299499512,166.86412048339844
Step-Separation,0.16703805793076754,Q1-OUTERSKIN,2.6774075031280518,0.54616886,0.32157177,2.6013079,14.77925968170166,112.61646270751953
Step-Separation,0.16703805793076754,Q2-CORE,5.502572536468506,2.0395222,0.14883402,-5.1084733,18.454137802124023,2.608847141265869
Step-Separation,0.16703805793076754,Q2-INNERSKIN,5.5027618408203125,2.0381398,0.13310906,-5.109663,18.454145431518555,80.82391357421875
Step-Separation,0.16703805793076754,Q2-OUTERSKIN,5.295780181884766,1.9584204,0.6816885,-4.8729024,18.38985252380371,165.5480499267578
Step-Separation,0.16903719771653414,ADAPTER,0.0,0.0,0.0,0.0,0.0,0.0
Step-Separation,0.16903719771653414,Q1-CORE,2.9287502765655518,0.69822294,0.010140054,2.8442855,14.707534790039062,3.365968942642212
Step-Separation,0.16903719771653414,Q1-INNERSKIN,2.945655107498169,0.6964725,0.0003668666,2.8621337,14.680903434753418,167.42117309570312
Step-Separation,0.16903719771653414,Q1-OUTERSKIN,2.692929983139038,0.54370767,0.32232404,2.6177015,14.707419395446777,112.59243774414062
Step-Separation,0.16903719771653414,Q2-CORE,5.536452293395996,2.0468812,0.151658,-5.1419435,18.37291717529297,2.609140634536743
Step-Separation,0.16903719771653414,Q2-INNERSKIN,5.536637306213379,2.0455034,0.13592759,-5.1431303,18.352394104003906,80.76348114013672
Step-Separation,0.16903719771653414,Q2-OUTERSKIN,5.329586029052734,1.9652835,0.6849833,-4.906419,18.339811325073242,165.5228729248047
Step-Separation,0.17103633750230074,ADAPTER,0.0,0.0,0.0,0.0,0.0,0.0
Step-Separation,0.17103633750230074,Q1-CORE,2.944112539291382,0.69610524,0.010953106,2.8606148,14.693032264709473,3.3755805492401123
Step-Separation,0.17103633750230074,Q1-INNERSKIN,2.961219072341919,0.6943622,0.001211293,2.878659,14.630616188049316,167.97940063476562
Step-Separation,0.17103633750230074,Q1-OUTERSKIN,2.7084460258483887,0.5412678,0.32308173,2.6340704,14.693017959594727,112.56481170654297
Step-Separation,0.17103633750230074,Q2-CORE,5.570250988006592,2.0541503,0.15447554,-5.175355,18.323898315429688,2.6094319820404053
Step-Separation,0.17103633750230074,Q2-INNERSKIN,5.570431232452393,2.0527773,0.1387395,-5.1765394,18.323837280273438,80.69921875
Step-Separation,0.17103633750230074,Q2-OUTERSKIN,5.363319396972656,1.9721087,0.68827313,-4.9398646,18.28433609008789,165.5011444091797
Step-Separation,0.17303547728806734,ADAPTER,0.0,0.0,0.0,0.0,0.0,0.0
Step-Separation,0.17303547728806734,Q1-CORE,2.9594883918762207,0.6940257,0.011761226,2.8769362,14.728372573852539,3.3851771354675293
Step-Separation,0.17303547728806734,Q1-INNERSKIN,2.976797103881836,0.6922904,0.0020509437,2.8951771,14.649810791015625,168.566162109375
Step-Separation,0.17303547728806734,Q1-OUTERSKIN,2.7239725589752197,0.5388307,0.32384205,2.6504366,14.728358268737793,112.53594970703125
Step-Separation,0.17303547728806734,Q2-CORE,5.603925704956055,2.0613363,0.15729368,-5.2086596,18.3004207611084,2.6097030639648438
Step-Separation,0.17303547728806734,Q2-INNERSKIN,5.604102611541748,2.059967,0.14155224,-5.209843,18.300172805786133,80.6313247680664
Step-Separation,0.17303547728806734,Q2-OUTERSKIN,5.396932125091553,1.9788355,0.691554,-4.9732122,18.242795944213867,165.4757080078125
Step-Separation,0.17503461707383394,ADAPTER,0.0,0.0,0.0,0.0,0.0,0.0
Step-Separation,0.17503461707383394,Q1-CORE,2.9748315811157227,0.6919454,0.012562372,2.893212,14.72240161895752,3.3951714038848877
Step-Separation,0.17503461707383394,Q1-INNERSKIN,2.9923417568206787,0.6902175,0.0028834194,2.911649,14.636598587036133,169.49195861816406
Step-Separation,0.17503461707383394,Q1-OUTERSKIN,2.7396271228790283,0.5817249,0.2958308,2.6607587,14.722386360168457,112.50537872314453
Step-Separation,0.17503461707383394,Q2-CORE,5.637512683868408,2.0684543,0.16010058,-5.2418904,18.236127853393555,2.609959363937378
Step-Separation,0.17503461707383394,Q2-INNERSKIN,5.637684345245361,2.0670898,0.14435363,-5.2430706,18.191068649291992,80.56726837158203
Step-Separation,0.17503461707383394,Q2-OUTERSKIN,5.430469989776611,1.985486,0.6948285,-5.006502,18.198755264282227,165.45263671875
Step-Separation,0.17703375685960054,ADAPTER,0.0,0.0,0.0,0.0,0.0,0.0
Step-Separation,0.17703375685960054,Q1-CORE,2.9901835918426514,0.68985754,0.0133636,2.9094872,14.708850860595703,3.4047045707702637
Step-Separation,0.17703375685960054,Q1-INNERSKIN,3.0078954696655273,0.6881371,0.003716074,2.9281204,14.614019393920898,170.38392639160156
Step-Separation,0.17703375685960054,Q1-OUTERSKIN,2.755333423614502,0.57948816,0.29645833,2.6773434,14.708833694458008,112.47527313232422
Step-Separation,0.17703375685960054,Q2-CORE,5.671042442321777,2.0754976,0.16289744,-5.2750826,18.166013717651367,2.6102163791656494
Step-Separation,0.17703375685960054,Q2-INNERSKIN,5.671207904815674,2.0741372,0.14714482,-5.2762585,18.15865135192871,80.50323486328125
Step-Separation,0.17703375685960054,Q2-OUTERSKIN,5.463932514190674,1.9920852,0.69809574,-5.039724,18.14820671081543,165.43246459960938
Step-Separation,0.17903289664536715,ADAPTER,0.0,0.0,0.0,0.0,0.0,0.0
Step-Separation,0.17903289664536715,Q1-CORE,3.0055177211761475,0.68776053,0.014163472,2.9257345,14.701868057250977,3.4144198894500732
Step-Separation,0.17903289664536715,Q1-INNERSKIN,3.0234313011169434,0.6860478,0.0045473725,2.9445636,14.607916831970215,171.29925537109375
Step-Separation,0.17903289664536715,Q1-OUTERSKIN,2.771029233932495,0.5772472,0.29709178,2.693905,14.701850891113281,112.45011901855469
Step-Separation,0.17903289664536715,Q2-CORE,5.704466819763184,2.0824566,0.16569063,-5.308188,18.15981101989746,2.610365867614746
Step-Separation,0.17903289664536715,Q2-INNERSKIN,5.70462703704834,2.0811,0.14993286,-5.309361,18.12055778503418,80.44132232666016
Step-Separation,0.17903289664536715,Q2-OUTERSKIN,5.4972944259643555,1.9986056,0.7013493,-5.072862,18.114011764526367,165.40699768066406
Step-Separation,0.18103203643113375,ADAPTER,0.0,0.0,0.0,0.0,0.0,0.0
Step-Separation,0.18103203643113375,Q1-CORE,3.020846128463745,0.685693,0.014959082,2.9419572,14.669790267944336,3.4242103099823
Step-Separation,0.18103203643113375,Q1-INNERSKIN,3.0389621257781982,0.6839876,0.00537429,2.9609835,14.602782249450684,172.22232055664062
Step-Separation,0.18103203643113375,Q1-OUTERSKIN,2.786702871322632,0.57500845,0.29772356,2.7104316,14.66977310180664,112.42451477050781
Step-Separation,0.18103203643113375,Q2-CORE,5.737807750701904,2.0893693,0.16847792,-5.341216,18.125741958618164,2.610640287399292
Step-Separation,0.18103203643113375,Q2-INNERSKIN,5.737963676452637,2.0880167,0.15271485,-5.3423862,18.113168716430664,80.3861083984375
Step-Separation,0.18103203643113375,Q2-OUTERSKIN,5.53058385848999,2.0050507,0.7045947,-5.105945,18.07430648803711,165.38356018066406
Step-Separation,0.18303117621690035,ADAPTER,0.0,0.0,0.0,0.0,0.0,0.0
Step-Separation,0.18303117621690035,Q1-CORE,3.03615140914917,0.6836088,0.01575014,2.9581492,14.646384239196777,3.4336228370666504
Step-Separation,0.18303117621690035,Q1-INNERSKIN,3.054469347000122,0.68191123,0.0061966777,2.9773717,14.595322608947754,173.11460876464844
Step-Separation,0.18303117621690035,Q1-OUTERSKIN,2.802353620529175,0.5727706,0.29836053,2.7269213,14.646366119384766,112.82804107666016
Step-Separation,0.18303117621690035,Q2-CORE,5.771061897277832,2.0962036,0.17126024,-5.3741746,18.0903263092041,2.610947370529175
Step-Separation,0.18303117621690035,Q2-INNERSKIN,5.771213531494141,2.0948546,0.15549174,-5.3753433,18.06462287902832,80.3286361694336
Step-Separation,0.18303117621690035,Q2-OUTERSKIN,5.563798427581787,2.0114334,0.70783645,-5.1389647,18.028156280517578,165.36126708984375
Step-Separation,0.18503031600266695,ADAPTER,0.0,0.0,0.0,0.0,0.0,0.0
Step-Separation,0.18503031600266695,Q1-CORE,3.051466703414917,0.68151534,0.016540721,2.9743423,14.661907196044922,3.443291187286377
Step-Separation,0.18503031600266695,Q1-INNERSKIN,3.06998610496521,0.6798254,0.007018462,2.9937606,14.606980323791504,174.03187561035156
Step-Separation,0.18503031600266695,Q1-OUTERSKIN,2.8180134296417236,0.57052684,0.2989925,2.7434108,14.66188907623291,113.44210052490234
Step-Separation,0.18503031600266695,Q2-CORE,5.804221153259277,2.1029372,0.17403695,-5.407065,18.072250366210938,2.6112172603607178
Step-Separation,0.18503031600266695,Q2-INNERSKIN,5.804369926452637,2.1015928,0.15826303,-5.4082317,18.06145668029785,80.2638168334961
Step-Separation,0.18503031600266695,Q2-OUTERSKIN,5.596902370452881,2.01775,0.711069,-5.1718836,18.001354217529297,165.3367462158203
Step-Separation,0.18702945578843355,ADAPTER,0.0,0.0,0.0,0.0,0.0,0.0
Step-Separation,0.18702945578843355,Q1-CORE,3.066762685775757,0.67943233,0.01733023,2.9905026,14.646860122680664,3.4526846408843994
Step-Separation,0.18702945578843355,Q1-INNERSKIN,3.0854835510253906,0.6777506,0.007839143,3.0101166,14.592742919921875,174.95260620117188
Step-Separation,0.18702945578843355,Q1-OUTERSKIN,2.8336753845214844,0.5682973,0.29962286,2.7598877,14.646842002868652,114.05724334716797
Step-Separation,0.18702945578843355,Q2-CORE,5.837313175201416,2.1096232,0.17680576,-5.4398947,17.99469566345215,2.6113994121551514
Step-Separation,0.18702945578843355,Q2-INNERSKIN,5.837456703186035,2.1082833,0.16102654,-5.441058,17.994815826416016,80.20187377929688
Step-Separation,0.18702945578843355,Q2-OUTERSKIN,5.629941463470459,2.0239992,0.714291,-5.2047534,17.953203201293945,165.3139190673828
Step-Separation,0.18902859557420015,ADAPTER,0.0,0.0,0.0,0.0,0.0,0.0
Step-Separation,0.18902859557420015,Q1-CORE,3.0820472240448,0.6773666,0.018117875,3.0066361,14.632893562316895,3.462458848953247
Step-Separation,0.18902859557420015,Q1-INNERSKIN,3.1009695529937744,0.67569315,0.008657873,3.026446,14.587997436523438,175.85794067382812
Step-Separation,0.18902859557420015,Q1-OUTERSKIN,2.849309206008911,0.56607234,0.30025157,2.7763238,14.632875442504883,114.66234588623047
Step-Separation,0.18902859557420015,Q2-CORE,5.87033224105835,2.1162605,0.17956606,-5.472659,18.007488250732422,2.6115469932556152
Step-Separation,0.18902859557420015,Q2-INNERSKIN,5.870472431182861,2.1149254,0.16378134,-5.4738207,17.92475128173828,80.14555358886719
Step-Separation,0.18902859557420015,Q2-OUTERSKIN,5.66292142868042,2.0301862,0.71750414,-5.237577,17.914716720581055,165.29208374023438
Step-Separation,0.19102773535996675,ADAPTER,0.0,0.0,0.0,0.0,0.0,0.0
Step-Separation,0.19102773535996675,Q1-CORE,3.0973331928253174,0.6752871,0.018903822,3.0227642,14.561906814575195,3.4721322059631348
Step-Separation,0.19102773535996675,Q1-INNERSKIN,3.116457223892212,0.6736222,0.0094753355,3.04277,14.526183128356934,176.7691192626953
Step-Separation,0.19102773535996675,Q1-OUTERSKIN,2.864933490753174,0.56384003,0.3008856,2.7927399,14.561748504638672,115.27143859863281
Step-Separation,0.19102773535996675,Q2-CORE,5.903283596038818,2.1228178,0.18232483,-5.5053754,17.911361694335938,2.611717462539673
Step-Separation,0.19102773535996675,Q2-INNERSKIN,5.903419017791748,2.1214864,0.16653502,-5.506534,17.874902725219727,80.09036254882812
Step-Separation,0.19102773535996675,Q2-OUTERSKIN,5.695816993713379,2.0363162,0.72071075,-5.2703247,17.880109786987305,165.26980590820312
Step-Separation,0.19302687514573336,ADAPTER,0.0,0.0,0.0,0.0,0.0,0.0
Step-Separation,0.19302687514573336,Q1-CORE,3.112607002258301,0.6732108,0.01968287,3.0388687,14.545647621154785,3.4816322326660156
Step-Separation,0.19302687514573336,Q1-INNERSKIN,3.1319327354431152,0.67155385,0.010285385,3.0590703,14.496589660644531,177.68795776367188
Step-Separation,0.19302687514573336,Q1-OUTERSKIN,2.880557060241699,0.56160796,0.3015206,2.8091443,14.54562759399414,115.86919403076172
Step-Separation,0.19302687514573336,Q2-CORE,5.936156272888184,2.1293123,0.18507841,-5.5380254,17.872180938720703,2.6120376586914062
Step-Separation,0.19302687514573336,Q2-INNERSKIN,5.936288833618164,2.1279852,0.16928357,-5.5391827,17.845191955566406,80.03350067138672
Step-Separation,0.19302687514573336,Q2-OUTERSKIN,5.728649616241455,2.0423903,0.72391355,-5.30302,17.837255477905273,165.25009155273438
Step-Separation,0.19502601493149996,ADAPTER,0.0,0.0,0.0,0.0,0.0,0.0
Step-Separation,0.19502601493149996,Q1-CORE,3.127842664718628,0.67115617,0.020458862,3.054919,14.552425384521484,3.4914090633392334
Step-Separation,0.19502601493149996,Q1-INNERSKIN,3.147369861602783,0.6695076,0.011092335,3.075317,14.496429443359375,178.5813446044922
Step-Separation,0.19502601493149996,Q1-OUTERSKIN,2.896164894104004,0.5593902,0.3021511,2.825519,14.55240249633789,116.47708892822266
Step-Separation,0.19502601493149996,Q2-CORE,5.968952655792236,2.1357536,0.18782389,-5.570608,17.86285400390625,2.6123108863830566
Step-Separation,0.19502601493149996,Q2-INNERSKIN,5.969079971313477,2.1344304,0.17202386,-5.571762,17.855377197265625,79.97645568847656
Step-Separation,0.19502601493149996,Q2-OUTERSKIN,5.761410713195801,2.048395,0.72710526,-5.335658,17.80489158630371,165.22930908203125
Step-Separation,0.19702515471726656,ADAPTER,0.0,0.0,0.0,0.0,0.0,0.0
Step-Separation,0.19702515471726656,Q1-CORE,3.1431169509887695,0.66906345,0.021225795,3.0710077,14.573141098022461,3.500797748565674
Step-Separation,0.19702515471726656,Q1-INNERSKIN,3.162846326828003,0.66742337,0.01188989,3.0916016,14.533196449279785,179.5198211669922
Step-Separation,0.19702515471726656,Q1-OUTERSKIN,2.9117677211761475,0.557181,0.3027966,2.8418753,14.5731201171875,117.10340881347656
Step-Separation,0.19702515471726656,Q2-CORE,6.001676082611084,2.1421177,0.1905627,-5.603136,17.778892517089844,2.612488031387329
Step-Separation,0.19702515471726656,Q2-INNERSKIN,6.001800060272217,2.1407988,0.17475745,-5.604288,17.775360107421875,79.9217758178711
Step-Separation,0.19702515471726656,Q2-OUTERSKIN,5.7940874099731445,2.0543416,0.73028684,-5.368222,17.77385902404785,165.2059326171875
Step-Separation,0.19902429450303316,ADAPTER,0.0,0.0,0.0,0.0,0.0,0.0
Step-Separation,0.19902429450303316,Q1-CORE,3.1583499908447266,0.66701186,0.022002622,3.087035,14.557944297790527,3.510387420654297
Step-Separation,0.19902429450303316,Q1-INNERSKIN,3.1782805919647217,0.6653799,0.012697622,3.1078248,14.486166000366211,180.4407196044922
Step-Separation,0.19902429450303316,Q1-OUTERSKIN,2.927373170852661,0.5549469,0.3034289,2.85823,14.55792236328125,117.67906951904297
Step-Separation,0.19902429450303316,Q2-CORE,6.034343242645264,2.1484318,0.19329444,-5.635617,17.76549530029297,2.612609386444092
Step-Separation,0.19902429450303316,Q2-INNERSKIN,6.034461498260498,2.147117,0.177484,-5.6367645,17.74959945678711,79.92033386230469
Step-Separation,0.19902429450303316,Q2-OUTERSKIN,5.826704025268555,2.0602343,0.7334633,-5.4007354,17.734485626220703,165.18270874023438
Step-Separation,0.2010233448818326,ADAPTER,0.0,0.0,0.0,0.0,0.0,0.0
Step-Separation,0.2010233448818326,Q1-CORE,3.1735739707946777,0.6649331,0.02277486,3.1030498,14.506868362426758,3.519150972366333
Step-Separation,0.2010233448818326,Q1-INNERSKIN,3.1937062740325928,0.6633097,0.013500676,3.1240356,14.458925247192383,181.34007263183594
Step-Separation,0.2010233448818326,Q1-OUTERSKIN,2.942920207977295,0.55273813,0.30404803,2.8745112,14.506844520568848,118.29180145263672
Step-Separation,0.2010233448818326,Q2-CORE,6.066927909851074,2.1546924,0.19602385,-5.668023,17.704273223876953,2.6128432750701904
Step-Separation,0.2010233448818326,Q2-INNERSKIN,6.067040920257568,2.153382,0.18020844,-5.669167,17.69830894470215,79.98953247070312
Step-Separation,0.2010233448818326,Q2-OUTERSKIN,5.859254360198975,2.0660615,0.7366332,-5.4331965,17.701297760009766,165.16192626953125
Step-Separation,0.2030222313478589,ADAPTER,0.0,0.0,0.0,0.0,0.0,0.0
Step-Separation,0.2030222313478589,Q1-CORE,3.188800573348999,0.66289884,0.023536563,3.1190479,14.494163513183594,3.52840518951416
Step-Separation,0.2030222313478589,Q1-INNERSKIN,3.209134101867676,0.6612846,0.014293283,3.1402292,14.443523406982422,182.24940490722656
Step-Separation,0.2030222313478589,Q1-OUTERSKIN,2.958505630493164,0.5505197,0.30467847,2.8908224,14.494139671325684,118.88337707519531
Step-Separation,0.2030222313478589,Q2-CORE,6.099453926086426,2.1608891,0.19874656,-5.7003856,17.6871280670166,2.6130268573760986
Step-Separation,0.2030222313478589,Q2-INNERSKIN,6.099562168121338,2.1595826,0.18292591,-5.701526,17.66561508178711,80.05754852294922
Step-Separation,0.2030222313478589,Q2-OUTERSKIN,5.891730785369873,2.0718327,0.73980236,-5.465592,17.671865463256836,165.14016723632812
Step-Separation,0.20500000286847353,ADAPTER,0.0,0.0,0.0,0.0,0.0,0.0
Step-Separation,0.20500000286847353,Q1-CORE,3.2038376331329346,0.6608163,0.024297312,3.1348536,14.47989273071289,3.537307024002075
Step-Separation,0.20500000286847353,Q1-INNERSKIN,3.224371910095215,0.659212,0.015085131,3.1562297,14.431445121765137,183.14340209960938
Step-Separation,0.20500000286847353,Q1-OUTERSKIN,2.9738738536834717,0.54833966,0.30529574,2.9068959,14.479597091674805,119.46893310546875
Step-Separation,0.20500000286847353,Q2-CORE,6.131546497344971,2.166947,0.20143831,-5.7323318,17.659955978393555,2.6132571697235107
Step-Separation,0.20500000286847353,Q2-INNERSKIN,6.131650924682617,2.1656444,0.18561283,-5.73347,17.649581909179688,80.12532806396484
Step-Separation,0.20500000286847353,Q2-OUTERSKIN,5.923780918121338,2.0774813,0.74291515,-5.497575,17.644744873046875,165.11740112304688
