{
  "data_dir": "/home/nishioka/Payload2026/dataset_multitype_100",
  "global": {
    "n_samples": 100,
    "defect_types": 3,
    "total_nodes": 2977741,
    "total_defect_nodes": 33501,
    "overall_defect_ratio": 0.011250474772654841,
    "smises_healthy_global_mean": 3.480512498860425e-08,
    "smises_defect_global_mean": 1.5391738477715722e-08,
    "smises_global_ratio": 0.44221350359326345,
    "u_healthy_global_mean": 6.541893596239349,
    "u_defect_global_mean": 5.513028343903811,
    "u_global_ratio": 0.8427266911024307
  },
  "by_defect_type": [
    {
      "defect_type": "debonding",
      "n_samples": 40,
      "n_defect_mean": 295.275,
      "n_defect_std": 286.986553,
      "n_defect_min": 32,
      "n_defect_max": 1436,
      "smises_mean": 0.0,
      "smises_ratio": 0.015931,
      "u_mag_mean": 7.193696,
      "u_ratio": 0.862091,
      "temp_mean": 120.0
    },
    {
      "defect_type": "fod",
      "n_samples": 30,
      "n_defect_mean": 360.066667,
      "n_defect_std": 300.274694,
      "n_defect_min": 32,
      "n_defect_max": 1372,
      "smises_mean": 0.0,
      "smises_ratio": 0.965926,
      "u_mag_mean": 3.284598,
      "u_ratio": 0.866886,
      "temp_mean": 120.0
    },
    {
      "defect_type": "impact",
      "n_samples": 30,
      "n_defect_mean": 362.933333,
      "n_defect_std": 339.07846,
      "n_defect_min": 74,
      "n_defect_max": 1515,
      "smises_mean": 0.0,
      "smises_ratio": 0.814774,
      "u_mag_mean": 8.835554,
      "u_ratio": 0.807292,
      "temp_mean": 120.0
    }
  ],
  "type_counts": {
    "debonding": 40,
    "impact": 30,
    "fod": 30
  },
  "sample_details": [
    {
      "sample": "sample_0000",
      "defect_type": "debonding",
      "n_nodes": 29485,
      "n_defect": 60,
      "defect_ratio": 0.002034933016788197,
      "smises_mean": 4.675269073826403e-09,
      "smises_std": 3.111967214115185e-09,
      "smises_healthy_mean": 4.6846583395433416e-09,
      "smises_defect_mean": 7.061667847696463e-11,
      "smises_ratio_defect_healthy": 0.01507081254324805,
      "temp_mean": 120.0,
      "temp_min": 120.0,
      "temp_max": 120.0,
      "u_mag_mean": 1.7924282826424465,
      "u_mag_healthy_mean": 1.7948850517533912,
      "u_mag_defect_mean": 0.5875877644833376,
      "u_ratio_defect_healthy": 0.32736790799444576
    },
    {
      "sample": "sample_0001",
      "defect_type": "debonding",
      "n_nodes": 27991,
      "n_defect": 124,
      "defect_ratio": 0.00442999535565003,
      "smises_mean": 1.9176107448853516e-08,
      "smises_std": 4.904261134008173e-09,
      "smises_healthy_mean": 1.9260103714768046e-08,
      "smises_defect_mean": 2.9930146304497114e-10,
      "smises_ratio_defect_healthy": 0.015539164706095633,
      "temp_mean": 120.0,
      "temp_min": 120.0,
      "temp_max": 120.0,
      "u_mag_mean": 7.395835515096479,
      "u_mag_healthy_mean": 7.400205080372639,
      "u_mag_defect_mean": 6.4138461961390645,
      "u_ratio_defect_healthy": 0.8667119527740476
    },
    {
      "sample": "sample_0002",
      "defect_type": "impact",
      "n_nodes": 30238,
      "n_defect": 111,
      "defect_ratio": 0.003670877703551822,
      "smises_mean": 2.8212336363071365e-08,
      "smises_std": 8.913205309980086e-09,
      "smises_healthy_mean": 2.8246321718069514e-08,
      "smises_defect_mean": 1.8988221137581284e-08,
      "smises_ratio_defect_healthy": 0.6722131509351104,
      "temp_mean": 120.0,
      "temp_min": 120.0,
      "temp_max": 120.0,
      "u_mag_mean": 3.6403155438325165,
      "u_mag_healthy_mean": 3.630734275585341,
      "u_mag_defect_mean": 6.240809854487138,
      "u_ratio_defect_healthy": 1.7188836694691147
    },
    {
      "sample": "sample_0003",
      "defect_type": "impact",
      "n_nodes": 29112,
      "n_defect": 88,
      "defect_ratio": 0.003022808463863699,
      "smises_mean": 6.316380193216095e-09,
      "smises_std": 4.109139070156374e-09,
      "smises_healthy_mean": 6.322016823274468e-09,
      "smises_defect_mean": 4.4573171157812445e-09,
      "smises_ratio_defect_healthy": 0.7049351979223356,
      "temp_mean": 120.0,
      "temp_min": 120.0,
      "temp_max": 120.0,
      "u_mag_mean": 1.7354436263691102,
      "u_mag_healthy_mean": 1.7366904316849792,
      "u_mag_defect_mean": 1.324224564007985,
      "u_ratio_defect_healthy": 0.7624989116352923
    },
    {
      "sample": "sample_0004",
      "defect_type": "debonding",
      "n_nodes": 28259,
      "n_defect": 46,
      "defect_ratio": 0.0016277999929226088,
      "smises_mean": 1.3196981030227401e-08,
      "smises_std": 4.95457681127134e-09,
      "smises_healthy_mean": 1.3217992394523663e-08,
      "smises_defect_mean": 3.101631847832127e-10,
      "smises_ratio_defect_healthy": 0.023463451337766596,
      "temp_mean": 120.0,
      "temp_min": 120.0,
      "temp_max": 120.0,
      "u_mag_mean": 3.688361621096784,
      "u_mag_healthy_mean": 3.6847815862225524,
      "u_mag_defect_mean": 5.884090401677395,
      "u_ratio_defect_healthy": 1.5968627350061917
    },
    {
      "sample": "sample_0005",
      "defect_type": "debonding",
      "n_nodes": 28893,
      "n_defect": 46,
      "defect_ratio": 0.0015920811269165543,
      "smises_mean": 3.986719393444882e-08,
      "smises_std": 1.1688532969342691e-08,
      "smises_healthy_mean": 3.99291934503953e-08,
      "smises_defect_mean": 9.867583581832373e-10,
      "smises_ratio_defect_healthy": 0.024712085590295797,
      "temp_mean": 120.0,
      "temp_min": 120.0,
      "temp_max": 120.0,
      "u_mag_mean": 3.411227532938157,
      "u_mag_healthy_mean": 3.4078194514170694,
      "u_mag_defect_mean": 5.548465090303517,
      "u_ratio_defect_healthy": 1.6281569987502351
    },
    {
      "sample": "sample_0006",
      "defect_type": "debonding",
      "n_nodes": 29290,
      "n_defect": 32,
      "defect_ratio": 0.001092523045407989,
      "smises_mean": 1.1488384862603733e-09,
      "smises_std": 1.2311803418924748e-09,
      "smises_healthy_mean": 1.1500845657661868e-09,
      "smises_defect_mean": 9.532418101029156e-12,
      "smises_ratio_defect_healthy": 0.008281249166679749,
      "temp_mean": 120.0,
      "temp_min": 120.0,
      "temp_max": 120.0,
      "u_mag_mean": 2.7137025698765713,
      "u_mag_healthy_mean": 2.7116059019119794,
      "u_mag_defect_mean": 4.630712298252718,
      "u_ratio_defect_healthy": 1.7077379478285728
    },
    {
      "sample": "sample_0007",
      "defect_type": "impact",
      "n_nodes": 28645,
      "n_defect": 112,
      "defect_ratio": 0.003909931925292372,
      "smises_mean": 4.6530063717665556e-08,
      "smises_std": 1.5654459023530618e-08,
      "smises_healthy_mean": 4.6547106600582465e-08,
      "smises_defect_mean": 4.2188237125984074e-08,
      "smises_ratio_defect_healthy": 0.9063362660052033,
      "temp_mean": 120.0,
      "temp_min": 120.0,
      "temp_max": 120.0,
      "u_mag_mean": 5.6377324787683945,
      "u_mag_healthy_mean": 5.638312062891152,
      "u_mag_defect_mean": 5.490078248637682,
      "u_ratio_defect_healthy": 0.9737095406211989
    },
    {
      "sample": "sample_0008",
      "defect_type": "debonding",
      "n_nodes": 28351,
      "n_defect": 88,
      "defect_ratio": 0.003103946950724842,
      "smises_mean": 3.4888799658201423e-09,
      "smises_std": 1.6071199414518737e-09,
      "smises_healthy_mean": 3.4995651702728992e-09,
      "smises_defect_mean": 5.710799481714176e-11,
      "smises_ratio_defect_healthy": 0.016313935618770297,
      "temp_mean": 120.0,
      "temp_min": 120.0,
      "temp_max": 120.0,
      "u_mag_mean": 1.7587779621988746,
      "u_mag_healthy_mean": 1.760456877997669,
      "u_mag_defect_mean": 1.2195598119565423,
      "u_ratio_defect_healthy": 0.6927518800363733
    },
    {
      "sample": "sample_0009",
      "defect_type": "impact",
      "n_nodes": 29218,
      "n_defect": 88,
      "defect_ratio": 0.003011842015196112,
      "smises_mean": 2.383373582096187e-08,